{"type":"FeatureCollection","features":[{"type":"Feature","properties":{"NAME":"Newtown","state_abbr":"IN","state_name":"Indiana","ALAND":1305865},"geometry":{"type":"Polygon","coordinates":[[[-87.155276,40.199472],[-87.155255,40.209347],[-87.141474,40.209681],[-87.141458,40.19953],[-87.155276,40.199472]]]}},{"type":"Feature","properties":{"NAME":"Burnettsville","state_abbr":"IN","state_name":"Indiana","ALAND":1931029},"geometry":{"type":"Polygon","coordinates":[[[-86.60161,40.75093],[-86.597096,40.752805],[-86.596922,40.754506],[-86.598834,40.754504],[-86.59875,40.75753],[-86.600862,40.757887],[-86.600842,40.759433],[-86.598446,40.758909],[-86.598463,40.761513],[-86.600931,40.761307],[-86.600806,40.77243],[-86.59104,40.77243],[-86.591225,40.757147],[-86.595156,40.756872],[-86.593862,40.754109],[-86.591249,40.75405],[-86.59125,40.752395],[-86.58423,40.752266],[-86.584172,40.754101],[-86.581573,40.754091],[-86.581616,40.750387],[-86.60161,40.75093]]]}},{"type":"Feature","properties":{"NAME":"Greencastle","state_abbr":"IN","state_name":"Indiana","ALAND":13500108},"geometry":{"type":"Polygon","coordinates":[[[-86.879278,39.62453],[-86.879615,39.629423],[-86.871106,39.632246],[-86.870623,39.633589],[-86.870894,39.641939],[-86.869374,39.645575],[-86.871983,39.647522],[-86.872077,39.650331],[-86.867995,39.65113],[-86.867942,39.654115],[-86.860302,39.656203],[-86.845418,39.658618],[-86.845584,39.655566],[-86.836125,39.658058],[-86.836159,39.655992],[-86.831626,39.655974],[-86.83174,39.64855],[-86.822034,39.648174],[-86.822042,39.647039],[-86.806527,39.65344],[-86.800678,39.653108],[-86.799714,39.645913],[-86.79803,39.645307],[-86.799043,39.638541],[-86.826963,39.63873],[-86.826949,39.63441],[-86.83654,39.634862],[-86.836497,39.63167],[-86.845129,39.631696],[-86.845247,39.626972],[-86.855147,39.627649],[-86.855193,39.631015],[-86.85988,39.631697],[-86.864555,39.630323],[-86.871469,39.630797],[-86.875658,39.624512],[-86.879278,39.62453]]]}},{"type":"Feature","properties":{"NAME":"Roachdale","state_abbr":"IN","state_name":"Indiana","ALAND":1312347},"geometry":{"type":"Polygon","coordinates":[[[-86.808205,39.852212],[-86.80732,39.853691],[-86.80366,39.853603],[-86.803136,39.857372],[-86.801364,39.85738],[-86.800902,39.853753],[-86.793251,39.853055],[-86.792453,39.848122],[-86.794623,39.848136],[-86.794634,39.84632],[-86.797485,39.844762],[-86.797408,39.842532],[-86.804974,39.842504],[-86.804719,39.845929],[-86.806828,39.845951],[-86.805732,39.851185],[-86.808205,39.852212]]]}},{"type":"Feature","properties":{"NAME":"Warren Park","state_abbr":"IN","state_name":"Indiana","ALAND":1171936},"geometry":{"type":"Polygon","coordinates":[[[-86.057573,39.789014],[-86.046798,39.789096],[-86.046782,39.787168],[-86.04543,39.787175],[-86.045407,39.781756],[-86.048994,39.781731],[-86.048143,39.778719],[-86.050038,39.778591],[-86.049982,39.774009],[-86.054632,39.775628],[-86.055052,39.781691],[-86.057492,39.781674],[-86.057573,39.789014]]]}},{"type":"Feature","properties":{"NAME":"Liberty","state_abbr":"IN","state_name":"Indiana","ALAND":2038916},"geometry":{"type":"Polygon","coordinates":[[[-84.941932,39.638001],[-84.936919,39.638689],[-84.936973,39.639999],[-84.929085,39.640006],[-84.927385,39.642356],[-84.924217,39.64236],[-84.924205,39.640635],[-84.92202,39.640635],[-84.921987,39.636888],[-84.91838,39.637173],[-84.918345,39.633425],[-84.913994,39.633322],[-84.91313,39.628873],[-84.917709,39.631353],[-84.918719,39.628766],[-84.9346,39.630116],[-84.93683,39.635382],[-84.940175,39.635677],[-84.941932,39.638001]]]}},{"type":"Feature","properties":{"NAME":"Clayton","state_abbr":"IN","state_name":"Indiana","ALAND":1682796},"geometry":{"type":"Polygon","coordinates":[[[-86.532884,39.687556],[-86.532987,39.693775],[-86.527902,39.693786],[-86.527468,39.695224],[-86.521273,39.696458],[-86.521246,39.694827],[-86.518288,39.694767],[-86.517187,39.690447],[-86.518886,39.690236],[-86.516995,39.689569],[-86.516812,39.686431],[-86.513435,39.685472],[-86.512801,39.67986],[-86.52129,39.681298],[-86.522913,39.682341],[-86.522941,39.685045],[-86.525992,39.685079],[-86.526001,39.687549],[-86.532884,39.687556]]]}},{"type":"Feature","properties":{"NAME":"Jamestown","state_abbr":"IN","state_name":"Indiana","ALAND":2318935},"geometry":{"type":"Polygon","coordinates":[[[-86.638562,39.922806],[-86.638561,39.930232],[-86.63616,39.929266],[-86.633839,39.930123],[-86.633865,39.932164],[-86.631239,39.932171],[-86.629175,39.9362],[-86.626766,39.936101],[-86.626645,39.932053],[-86.62915,39.932032],[-86.628512,39.930634],[-86.624951,39.930537],[-86.624325,39.940891],[-86.619701,39.940812],[-86.61958,39.93028],[-86.623331,39.92858],[-86.614892,39.928565],[-86.614815,39.924207],[-86.61604,39.922682],[-86.619427,39.922647],[-86.619832,39.920681],[-86.626541,39.920681],[-86.62656,39.922208],[-86.632246,39.9228],[-86.632319,39.925605],[-86.633968,39.925626],[-86.634007,39.92779],[-86.63498,39.928152],[-86.634412,39.9228],[-86.638562,39.922806]],[[-86.624385,39.925367],[-86.62248,39.924481],[-86.621773,39.924153],[-86.621815,39.92598],[-86.624385,39.925367]]]}},{"type":"Feature","properties":{"NAME":"Remington","state_abbr":"IN","state_name":"Indiana","ALAND":9879354},"geometry":{"type":"Polygon","coordinates":[[[-87.172799,40.761626],[-87.172784,40.765776],[-87.169489,40.765782],[-87.169457,40.767889],[-87.163265,40.767943],[-87.163318,40.778233],[-87.160193,40.778238],[-87.160199,40.780358],[-87.153804,40.780378],[-87.153865,40.787604],[-87.150807,40.787591],[-87.15068,40.780384],[-87.150658,40.776672],[-87.153778,40.776672],[-87.153729,40.769478],[-87.146635,40.769609],[-87.146762,40.773212],[-87.099049,40.774745],[-87.098689,40.765577],[-87.102272,40.766687],[-87.104464,40.765622],[-87.104442,40.759593],[-87.136883,40.760399],[-87.136866,40.756136],[-87.157889,40.75504],[-87.158,40.761335],[-87.172799,40.761626]]]}},{"type":"Feature","properties":{"NAME":"Rensselaer","state_abbr":"IN","state_name":"Indiana","ALAND":17426103},"geometry":{"type":"MultiPolygon","coordinates":[[[[-87.166085,40.934026],[-87.167149,40.93517],[-87.166071,40.935597],[-87.166085,40.934026]]],[[[-87.182535,40.926204],[-87.175766,40.926207],[-87.175344,40.922769],[-87.179541,40.923564],[-87.180484,40.920013],[-87.181764,40.919988],[-87.182535,40.926204]]],[[[-87.222414,40.948026],[-87.163977,40.94814],[-87.163939,40.943096],[-87.162135,40.943077],[-87.161277,40.95529],[-87.1583,40.955301],[-87.158654,40.957456],[-87.157872,40.957487],[-87.15819,40.955302],[-87.151365,40.955362],[-87.151345,40.960771],[-87.14657,40.960832],[-87.146542,40.955396],[-87.141781,40.955425],[-87.141744,40.948146],[-87.132132,40.948146],[-87.132165,40.943216],[-87.134715,40.943202],[-87.132582,40.931839],[-87.141721,40.931068],[-87.141717,40.926316],[-87.136893,40.92616],[-87.136707,40.919127],[-87.141655,40.919039],[-87.141614,40.913573],[-87.151873,40.913582],[-87.151863,40.911753],[-87.153749,40.911737],[-87.154865,40.906452],[-87.164559,40.906329],[-87.164477,40.911695],[-87.154923,40.911693],[-87.155031,40.921031],[-87.155998,40.926253],[-87.161196,40.926248],[-87.161205,40.9291],[-87.165295,40.9303],[-87.163597,40.933493],[-87.166082,40.933492],[-87.164244,40.933937],[-87.164272,40.936232],[-87.166071,40.935597],[-87.166051,40.939258],[-87.167242,40.939276],[-87.167211,40.93725],[-87.175671,40.93728],[-87.175736,40.933675],[-87.17866,40.933714],[-87.178673,40.932483],[-87.187637,40.932521],[-87.187688,40.933765],[-87.219434,40.933596],[-87.219497,40.94137],[-87.222414,40.948026]],[[-87.141047,40.94794],[-87.141743,40.947237],[-87.141033,40.947235],[-87.141047,40.94794]],[[-87.166011,40.940322],[-87.165213,40.939251],[-87.165232,40.940297],[-87.166011,40.940322]]]]}},{"type":"Feature","properties":{"NAME":"Kingsford Heights","state_abbr":"IN","state_name":"Indiana","ALAND":2300706},"geometry":{"type":"Polygon","coordinates":[[[-86.700605,41.483678],[-86.698024,41.48766],[-86.693061,41.487298],[-86.68755,41.483897],[-86.683314,41.486044],[-86.681823,41.483766],[-86.685804,41.483743],[-86.683539,41.481302],[-86.683565,41.476409],[-86.688224,41.476424],[-86.688214,41.469274],[-86.700069,41.469245],[-86.700605,41.483678]]]}},{"type":"Feature","properties":{"NAME":"North Judson","state_abbr":"IN","state_name":"Indiana","ALAND":2869348},"geometry":{"type":"Polygon","coordinates":[[[-86.795473,41.211531],[-86.795504,41.215078],[-86.787908,41.215155],[-86.787952,41.218175],[-86.775823,41.222404],[-86.775827,41.225729],[-86.766362,41.225792],[-86.766858,41.217315],[-86.765474,41.21153],[-86.770977,41.210466],[-86.770942,41.205897],[-86.775797,41.205831],[-86.77583,41.211198],[-86.789772,41.210821],[-86.795473,41.211531]]]}},{"type":"Feature","properties":{"NAME":"Bruceville","state_abbr":"IN","state_name":"Indiana","ALAND":888034},"geometry":{"type":"Polygon","coordinates":[[[-87.424081,38.763228],[-87.417171,38.760978],[-87.416023,38.762894],[-87.410636,38.760047],[-87.408727,38.76132],[-87.406842,38.759523],[-87.41075,38.758014],[-87.409111,38.755804],[-87.415825,38.751626],[-87.417953,38.754428],[-87.420257,38.75329],[-87.418522,38.75948],[-87.424734,38.761959],[-87.424081,38.763228]]]}},{"type":"Feature","properties":{"NAME":"Decker","state_abbr":"IN","state_name":"Indiana","ALAND":488033},"geometry":{"type":"Polygon","coordinates":[[[-87.530107,38.515649],[-87.528406,38.517363],[-87.52792,38.521823],[-87.524114,38.521839],[-87.524123,38.520306],[-87.517263,38.520471],[-87.517213,38.518597],[-87.519293,38.518587],[-87.519256,38.51634],[-87.527759,38.516302],[-87.528339,38.513261],[-87.530107,38.515649]]]}},{"type":"Feature","properties":{"NAME":"Oaktown","state_abbr":"IN","state_name":"Indiana","ALAND":704022},"geometry":{"type":"Polygon","coordinates":[[[-87.446455,38.878096],[-87.442959,38.876099],[-87.44367,38.873593],[-87.431602,38.873376],[-87.431598,38.872319],[-87.434732,38.872273],[-87.434527,38.869274],[-87.44148,38.86853],[-87.442361,38.866842],[-87.446384,38.867251],[-87.445331,38.87009],[-87.446455,38.878096]]]}},{"type":"Feature","properties":{"NAME":"Wheatland","state_abbr":"IN","state_name":"Indiana","ALAND":1060804},"geometry":{"type":"Polygon","coordinates":[[[-87.316751,38.664201],[-87.313021,38.667068],[-87.30908,38.667779],[-87.296692,38.664615],[-87.30243,38.657524],[-87.316751,38.664201]]]}},{"type":"Feature","properties":{"NAME":"Westville","state_abbr":"IN","state_name":"Indiana","ALAND":8420119},"geometry":{"type":"Polygon","coordinates":[[[-86.923852,41.540502],[-86.923808,41.544234],[-86.917444,41.544213],[-86.909222,41.54158],[-86.906143,41.544394],[-86.906077,41.547633],[-86.902738,41.547594],[-86.904445,41.57022],[-86.896911,41.570351],[-86.896892,41.56439],[-86.89486,41.564384],[-86.895279,41.561927],[-86.890217,41.562917],[-86.890238,41.559018],[-86.896967,41.559004],[-86.896992,41.554853],[-86.901435,41.554856],[-86.901367,41.547572],[-86.887125,41.548269],[-86.887324,41.54456],[-86.889982,41.54458],[-86.889993,41.542904],[-86.887331,41.542847],[-86.887529,41.540794],[-86.892389,41.538532],[-86.891374,41.532831],[-86.89619,41.532933],[-86.894122,41.518409],[-86.916874,41.518704],[-86.917008,41.52116],[-86.921279,41.521224],[-86.921025,41.540501],[-86.923852,41.540502]]]}},{"type":"Feature","properties":{"NAME":"Patriot","state_abbr":"IN","state_name":"Indiana","ALAND":731800},"geometry":{"type":"Polygon","coordinates":[[[-84.835507,38.832971],[-84.829776,38.841319],[-84.824797,38.841729],[-84.822685,38.839619],[-84.829959,38.830424],[-84.831188,38.830983],[-84.832014,38.826531],[-84.834013,38.826308],[-84.835507,38.832971]]]}},{"type":"Feature","properties":{"NAME":"Vevay","state_abbr":"IN","state_name":"Indiana","ALAND":3757250},"geometry":{"type":"Polygon","coordinates":[[[-85.099338,38.733342],[-85.099191,38.743106],[-85.096416,38.740971],[-85.09471,38.744613],[-85.093299,38.744041],[-85.091537,38.739165],[-85.067185,38.754093],[-85.06489,38.751784],[-85.058586,38.754536],[-85.057402,38.753319],[-85.054962,38.754919],[-85.052922,38.753113],[-85.058152,38.749514],[-85.055923,38.747221],[-85.073036,38.74104],[-85.094557,38.729479],[-85.099338,38.733342]]]}},{"type":"Feature","properties":{"NAME":"Amboy","state_abbr":"IN","state_name":"Indiana","ALAND":870341},"geometry":{"type":"Polygon","coordinates":[[[-85.932631,40.600921],[-85.929244,40.60422],[-85.932105,40.604766],[-85.932001,40.608467],[-85.928598,40.608514],[-85.928661,40.604997],[-85.926496,40.606151],[-85.921314,40.603719],[-85.921255,40.601245],[-85.919801,40.601254],[-85.92169,40.600826],[-85.921681,40.597739],[-85.926942,40.597766],[-85.926952,40.595957],[-85.929207,40.595744],[-85.93044,40.595735],[-85.930402,40.597792],[-85.932213,40.597757],[-85.932631,40.600921]]]}},{"type":"Feature","properties":{"NAME":"Bunker Hill","state_abbr":"IN","state_name":"Indiana","ALAND":1006847},"geometry":{"type":"Polygon","coordinates":[[[-86.107828,40.660829],[-86.10642,40.662622],[-86.104243,40.661846],[-86.103269,40.670534],[-86.10145,40.666555],[-86.100769,40.669242],[-86.098818,40.66871],[-86.098934,40.661568],[-86.095372,40.661577],[-86.095352,40.658996],[-86.092911,40.657402],[-86.100366,40.657374],[-86.099907,40.653778],[-86.102329,40.653751],[-86.102189,40.650076],[-86.104579,40.650064],[-86.104692,40.65397],[-86.102382,40.655241],[-86.102472,40.657181],[-86.106403,40.656218],[-86.105826,40.659405],[-86.107828,40.660829]]]}},{"type":"Feature","properties":{"NAME":"Denver","state_abbr":"IN","state_name":"Indiana","ALAND":621375},"geometry":{"type":"Polygon","coordinates":[[[-86.084246,40.866287],[-86.082233,40.867635],[-86.075651,40.867378],[-86.075544,40.869306],[-86.072252,40.869305],[-86.07293,40.861255],[-86.078473,40.860325],[-86.078504,40.861453],[-86.081077,40.861396],[-86.081225,40.865532],[-86.084246,40.866287]]]}},{"type":"Feature","properties":{"NAME":"Peru","state_abbr":"IN","state_name":"Indiana","ALAND":13094438},"geometry":{"type":"Polygon","coordinates":[[[-86.135484,40.77236],[-86.132752,40.77275],[-86.129122,40.776501],[-86.129446,40.78698],[-86.128911,40.780401],[-86.125863,40.779839],[-86.12661,40.776639],[-86.123567,40.773175],[-86.081614,40.77371],[-86.082366,40.777869],[-86.085978,40.782922],[-86.078552,40.783762],[-86.078351,40.77456],[-86.077338,40.77313],[-86.070206,40.7739],[-86.067054,40.766756],[-86.068815,40.771144],[-86.058459,40.771279],[-86.059017,40.779798],[-86.048656,40.786978],[-86.048993,40.779931],[-86.050955,40.78032],[-86.051024,40.782429],[-86.052439,40.782412],[-86.052394,40.780611],[-86.054035,40.781177],[-86.053872,40.771549],[-86.047484,40.771628],[-86.047127,40.764452],[-86.042211,40.765737],[-86.047048,40.762195],[-86.043706,40.762614],[-86.042983,40.760357],[-86.047221,40.760328],[-86.052682,40.754399],[-86.05689,40.753544],[-86.051509,40.742988],[-86.043876,40.739844],[-86.043843,40.736383],[-86.053465,40.736446],[-86.054336,40.740375],[-86.056587,40.739784],[-86.056546,40.734736],[-86.063402,40.734742],[-86.062899,40.739669],[-86.064733,40.744198],[-86.067522,40.744012],[-86.067444,40.745551],[-86.071482,40.742844],[-86.074666,40.747043],[-86.088433,40.740173],[-86.09794,40.743162],[-86.098064,40.747771],[-86.0849,40.751778],[-86.087254,40.753713],[-86.092818,40.751812],[-86.092921,40.758061],[-86.077649,40.75938],[-86.078605,40.763926],[-86.083353,40.763914],[-86.083608,40.773111],[-86.12086,40.772574],[-86.125779,40.769747],[-86.127034,40.763826],[-86.128173,40.763836],[-86.129196,40.768715],[-86.135484,40.77236]]]}},{"type":"Feature","properties":{"NAME":"Clarks Hill","state_abbr":"IN","state_name":"Indiana","ALAND":705650},"geometry":{"type":"Polygon","coordinates":[[[-86.729962,40.243589],[-86.729088,40.250934],[-86.719413,40.25104],[-86.719547,40.244359],[-86.718371,40.243648],[-86.729962,40.243589]]]}},{"type":"Feature","properties":{"NAME":"West Lafayette","state_abbr":"IN","state_name":"Indiana","ALAND":35118257},"geometry":{"type":"Polygon","coordinates":[[[-86.962388,40.472602],[-86.955332,40.472732],[-86.955339,40.471147],[-86.952634,40.471194],[-86.954821,40.471042],[-86.954819,40.469566],[-86.952644,40.469612],[-86.952564,40.460365],[-86.943229,40.460425],[-86.943229,40.464765],[-86.937427,40.465245],[-86.935495,40.462941],[-86.936405,40.464977],[-86.933866,40.464996],[-86.93405,40.476208],[-86.915689,40.476183],[-86.915724,40.479003],[-86.906206,40.47898],[-86.906253,40.482365],[-86.911015,40.482376],[-86.91114,40.489602],[-86.898728,40.489575],[-86.897956,40.486097],[-86.887288,40.487499],[-86.887203,40.474916],[-86.895086,40.47492],[-86.896676,40.470948],[-86.899254,40.470512],[-86.899529,40.467829],[-86.901306,40.467819],[-86.901442,40.459896],[-86.898818,40.460595],[-86.90075,40.45844],[-86.897369,40.458427],[-86.900213,40.451203],[-86.898642,40.444704],[-86.896244,40.444453],[-86.898809,40.443342],[-86.898576,40.440141],[-86.896559,40.43982],[-86.896509,40.435135],[-86.897999,40.43442],[-86.896312,40.434137],[-86.897663,40.425684],[-86.901103,40.426698],[-86.902579,40.424297],[-86.897681,40.424819],[-86.897133,40.421697],[-86.899929,40.416899],[-86.908607,40.415782],[-86.919036,40.407513],[-86.931986,40.402603],[-86.938317,40.402378],[-86.938276,40.40002],[-86.943377,40.400056],[-86.943384,40.402392],[-86.947824,40.40238],[-86.947781,40.40728],[-86.957126,40.407884],[-86.95708,40.409961],[-86.960542,40.409779],[-86.961766,40.415791],[-86.960515,40.41623],[-86.961779,40.416865],[-86.952343,40.416907],[-86.952413,40.421878],[-86.942444,40.42333],[-86.947967,40.434985],[-86.957656,40.445803],[-86.950914,40.445926],[-86.950912,40.448237],[-86.947957,40.448273],[-86.947967,40.450616],[-86.949882,40.453111],[-86.957311,40.452637],[-86.957325,40.460273],[-86.954056,40.46032],[-86.954153,40.465611],[-86.956805,40.46737],[-86.962088,40.467293],[-86.962388,40.472602]],[[-86.94327,40.450884],[-86.942021,40.446048],[-86.938597,40.446055],[-86.938642,40.45093],[-86.94327,40.450884]]]}},{"type":"Feature","properties":{"NAME":"Cambridge City","state_abbr":"IN","state_name":"Indiana","ALAND":2611148},"geometry":{"type":"MultiPolygon","coordinates":[[[[-85.16333,39.818099],[-85.163886,39.821455],[-85.163306,39.821446],[-85.16333,39.818099]]],[[[-85.183244,39.808431],[-85.183242,39.81733],[-85.170455,39.817114],[-85.170683,39.81861],[-85.154708,39.816862],[-85.154901,39.809618],[-85.16936,39.809182],[-85.16787,39.806443],[-85.171517,39.806445],[-85.171529,39.805064],[-85.174966,39.805082],[-85.174923,39.806466],[-85.183248,39.806144],[-85.181586,39.808431],[-85.183244,39.808431]]]]}},{"type":"Feature","properties":{"NAME":"Centerville","state_abbr":"IN","state_name":"Indiana","ALAND":9074699},"geometry":{"type":"Polygon","coordinates":[[[-85.006793,39.817169],[-85.005276,39.817254],[-85.005303,39.84169],[-84.995788,39.841709],[-84.995824,39.851101],[-85.000265,39.851035],[-84.999614,39.859863],[-84.995126,39.862493],[-84.994613,39.861236],[-84.989807,39.862289],[-84.989987,39.859959],[-84.986385,39.859949],[-84.986389,39.851965],[-84.976956,39.852717],[-84.976944,39.845452],[-84.981661,39.845425],[-84.981661,39.838191],[-84.98638,39.83815],[-84.986429,39.845396],[-84.994335,39.845359],[-84.995598,39.830833],[-84.976941,39.83096],[-84.976903,39.819178],[-84.975606,39.8193],[-84.975607,39.817758],[-84.979831,39.816458],[-84.979872,39.818863],[-84.983572,39.81847],[-84.983506,39.816442],[-84.986374,39.816428],[-84.986392,39.814666],[-84.981665,39.815044],[-84.98171,39.810178],[-84.98644,39.811271],[-84.986453,39.809184],[-84.991635,39.809153],[-84.991614,39.81119],[-84.995821,39.81114],[-84.995773,39.809106],[-85.001465,39.808102],[-85.005297,39.808085],[-85.005358,39.816497],[-85.006793,39.817169]],[[-84.993177,39.812269],[-84.991588,39.812862],[-84.991571,39.813851],[-84.993146,39.813838],[-84.993177,39.812269]],[[-84.986422,39.812593],[-84.983831,39.812605],[-84.98385,39.814141],[-84.986399,39.814128],[-84.986422,39.812593]],[[-84.976891,39.81792],[-84.978359,39.819023],[-84.978361,39.818524],[-84.976891,39.81792]]]}},{"type":"Feature","properties":{"NAME":"Mooresville","state_abbr":"IN","state_name":"Indiana","ALAND":17367203},"geometry":{"type":"Polygon","coordinates":[[[-86.398687,39.616034],[-86.385267,39.613142],[-86.38663,39.615949],[-86.385227,39.618701],[-86.382895,39.618153],[-86.383819,39.620586],[-86.381923,39.622578],[-86.375021,39.622585],[-86.382602,39.625067],[-86.384392,39.624256],[-86.384977,39.628822],[-86.376971,39.628951],[-86.375527,39.630787],[-86.354758,39.629358],[-86.354799,39.626359],[-86.346362,39.63103],[-86.34636,39.627707],[-86.349409,39.627598],[-86.349408,39.624326],[-86.351802,39.622969],[-86.351114,39.621287],[-86.346612,39.621368],[-86.346791,39.624406],[-86.342542,39.624551],[-86.335606,39.620346],[-86.336537,39.617257],[-86.340576,39.617379],[-86.340461,39.611733],[-86.335776,39.611795],[-86.335778,39.61008],[-86.339224,39.610027],[-86.339234,39.602571],[-86.354598,39.601572],[-86.35454,39.595566],[-86.366464,39.596339],[-86.367545,39.601271],[-86.371397,39.601238],[-86.371428,39.598229],[-86.375908,39.598208],[-86.377325,39.588947],[-86.376453,39.582838],[-86.371454,39.583132],[-86.371428,39.578861],[-86.369447,39.578851],[-86.369083,39.582774],[-86.368119,39.581205],[-86.360862,39.581096],[-86.360784,39.573947],[-86.367199,39.573074],[-86.363934,39.572162],[-86.363885,39.573239],[-86.360714,39.573277],[-86.360719,39.569404],[-86.371549,39.56873],[-86.371555,39.565594],[-86.375735,39.565431],[-86.375728,39.563927],[-86.375016,39.561822],[-86.371533,39.561833],[-86.371505,39.559776],[-86.380824,39.559404],[-86.380832,39.557912],[-86.38562,39.557676],[-86.385657,39.562212],[-86.388991,39.563275],[-86.386807,39.565145],[-86.387014,39.581135],[-86.386071,39.582979],[-86.382701,39.582938],[-86.382712,39.57971],[-86.379601,39.579759],[-86.379207,39.586563],[-86.37959,39.588489],[-86.387053,39.589125],[-86.38722,39.594484],[-86.385721,39.595121],[-86.387147,39.599575],[-86.386455,39.601261],[-86.38124,39.601424],[-86.380499,39.602728],[-86.382227,39.603582],[-86.379359,39.605615],[-86.382711,39.609551],[-86.393989,39.60969],[-86.393891,39.611967],[-86.398665,39.611938],[-86.397511,39.614499],[-86.398687,39.616034]],[[-86.374896,39.57567],[-86.372303,39.572842],[-86.371369,39.571549],[-86.371289,39.57573],[-86.374896,39.57567]],[[-86.365661,39.625167],[-86.365094,39.620581],[-86.363688,39.623644],[-86.358167,39.623621],[-86.36093,39.621452],[-86.359666,39.620339],[-86.356581,39.624859],[-86.365661,39.625167]],[[-86.365574,39.620333],[-86.365529,39.617818],[-86.363058,39.619779],[-86.36424,39.620563],[-86.365574,39.620333]],[[-86.362003,39.609593],[-86.359287,39.609169],[-86.354829,39.612255],[-86.355092,39.614091],[-86.360622,39.614271],[-86.362003,39.609593]],[[-86.36067,39.601651],[-86.356321,39.602245],[-86.360578,39.604452],[-86.36067,39.601651]],[[-86.358894,39.618565],[-86.360089,39.616424],[-86.358939,39.616635],[-86.358894,39.618565]],[[-86.358039,39.620355],[-86.358466,39.619928],[-86.358015,39.619922],[-86.358039,39.620355]],[[-86.354463,39.604044],[-86.353627,39.601885],[-86.353627,39.604049],[-86.354463,39.604044]],[[-86.354438,39.605129],[-86.353626,39.604357],[-86.353624,39.605126],[-86.354438,39.605129]],[[-86.354442,39.606012],[-86.353623,39.605546],[-86.353621,39.606046],[-86.354442,39.606012]],[[-86.354387,39.609434],[-86.35363,39.608717],[-86.353654,39.609479],[-86.354387,39.609434]],[[-86.349638,39.609514],[-86.347393,39.607105],[-86.342786,39.608428],[-86.342742,39.609965],[-86.349638,39.609514]]]}},{"type":"Feature","properties":{"NAME":"Bethany","state_abbr":"IN","state_name":"Indiana","ALAND":245040},"geometry":{"type":"Polygon","coordinates":[[[-86.380712,39.531183],[-86.380607,39.536015],[-86.373247,39.534265],[-86.378418,39.53076],[-86.380712,39.531183]]]}},{"type":"Feature","properties":{"NAME":"Hamlet","state_abbr":"IN","state_name":"Indiana","ALAND":2499884},"geometry":{"type":"Polygon","coordinates":[[[-86.591964,41.371032],[-86.592176,41.384564],[-86.586864,41.384821],[-86.586842,41.389688],[-86.582591,41.3886],[-86.581255,41.389721],[-86.582253,41.388106],[-86.576707,41.384935],[-86.57201,41.38604],[-86.572088,41.380261],[-86.578981,41.38122],[-86.578719,41.3751],[-86.572465,41.375081],[-86.572564,41.371332],[-86.591964,41.371032]]]}},{"type":"Feature","properties":{"NAME":"Crows Nest","state_abbr":"IN","state_name":"Indiana","ALAND":1111854},"geometry":{"type":"Polygon","coordinates":[[[-86.178602,39.853877],[-86.172905,39.85385],[-86.174238,39.855058],[-86.173393,39.858939],[-86.169408,39.862623],[-86.16219,39.862202],[-86.162951,39.854603],[-86.165221,39.852826],[-86.178518,39.850416],[-86.178602,39.853877]]]}},{"type":"Feature","properties":{"NAME":"Meridian Hills","state_abbr":"IN","state_name":"Indiana","ALAND":3825480},"geometry":{"type":"Polygon","coordinates":[[[-86.165058,39.899772],[-86.155476,39.90144],[-86.155474,39.897802],[-86.150118,39.896078],[-86.148689,39.893702],[-86.145832,39.893752],[-86.145814,39.886689],[-86.142247,39.886711],[-86.141256,39.885181],[-86.141625,39.883295],[-86.155446,39.883083],[-86.155444,39.876771],[-86.152576,39.874486],[-86.15393,39.872655],[-86.165014,39.873137],[-86.165058,39.899772]]]}},{"type":"Feature","properties":{"NAME":"North Crows Nest","state_abbr":"IN","state_name":"Indiana","ALAND":167262},"geometry":{"type":"Polygon","coordinates":[[[-86.16219,39.862202],[-86.165009,39.868263],[-86.159827,39.868406],[-86.16219,39.862202]]]}},{"type":"Feature","properties":{"NAME":"Rocky Ripple","state_abbr":"IN","state_name":"Indiana","ALAND":784484},"geometry":{"type":"Polygon","coordinates":[[[-86.179851,39.848065],[-86.177017,39.851118],[-86.162344,39.853436],[-86.171374,39.844775],[-86.178462,39.84481],[-86.178498,39.839104],[-86.179851,39.848065]]]}},{"type":"Feature","properties":{"NAME":"Southport","state_abbr":"IN","state_name":"Indiana","ALAND":1625460},"geometry":{"type":"Polygon","coordinates":[[[-86.127669,39.666462],[-86.123668,39.667504],[-86.111089,39.666017],[-86.110924,39.650374],[-86.116934,39.650293],[-86.121248,39.661337],[-86.125764,39.661241],[-86.127669,39.666462]]]}},{"type":"Feature","properties":{"NAME":"Speedway","state_abbr":"IN","state_name":"Indiana","ALAND":12395665},"geometry":{"type":"Polygon","coordinates":[[[-86.275286,39.809278],[-86.260272,39.810778],[-86.260259,39.808976],[-86.241085,39.809242],[-86.239864,39.808682],[-86.239798,39.805022],[-86.235014,39.805027],[-86.235052,39.808888],[-86.23258,39.808938],[-86.232751,39.802209],[-86.225647,39.801965],[-86.225423,39.780358],[-86.234068,39.780226],[-86.233706,39.771672],[-86.228391,39.771717],[-86.228068,39.765047],[-86.234351,39.765105],[-86.23446,39.775892],[-86.243209,39.776193],[-86.250564,39.778231],[-86.250598,39.779969],[-86.260134,39.779787],[-86.260174,39.782091],[-86.258436,39.782113],[-86.258226,39.779942],[-86.255272,39.780113],[-86.255411,39.784727],[-86.26968,39.78747],[-86.27073,39.797905],[-86.27465,39.799254],[-86.274532,39.800751],[-86.272975,39.800542],[-86.270757,39.801217],[-86.275142,39.801249],[-86.275286,39.809278]]]}},{"type":"Feature","properties":{"NAME":"Williams Creek","state_abbr":"IN","state_name":"Indiana","ALAND":860287},"geometry":{"type":"Polygon","coordinates":[[[-86.15548,39.904875],[-86.145808,39.905239],[-86.145832,39.893752],[-86.148689,39.893702],[-86.150118,39.896078],[-86.155474,39.897802],[-86.15548,39.904875]]]}},{"type":"Feature","properties":{"NAME":"Indianapolis city (balance)","state_abbr":"IN","state_name":"Indiana","ALAND":935028527},"geometry":{"type":"Polygon","coordinates":[[[-86.328121,39.866125],[-86.325373,39.866176],[-86.326289,39.924042],[-86.145883,39.927168],[-85.937587,39.927137],[-85.938099,39.913028],[-85.957006,39.912808],[-85.957157,39.902547],[-85.97529,39.901839],[-85.976131,39.898257],[-85.992186,39.898167],[-85.994605,39.899945],[-86.00057,39.890118],[-86.001241,39.88615],[-86.004538,39.884345],[-86.002974,39.88167],[-86.004497,39.88046],[-86.00378,39.879373],[-86.010687,39.879488],[-86.013642,39.877747],[-86.013291,39.875943],[-86.016294,39.875897],[-86.016376,39.879955],[-86.0207,39.878748],[-86.021092,39.876254],[-86.035477,39.876218],[-86.039141,39.872929],[-86.038999,39.869238],[-86.045874,39.865984],[-86.04713,39.855043],[-86.051035,39.855052],[-86.050923,39.847719],[-86.055664,39.84771],[-86.055535,39.840385],[-86.046064,39.840397],[-86.045862,39.827336],[-86.033535,39.833324],[-86.023296,39.83327],[-86.023344,39.836228],[-86.01966,39.837992],[-86.016174,39.838025],[-86.016104,39.833325],[-86.01008,39.833361],[-86.010118,39.835677],[-86.005502,39.836237],[-86.00537,39.838225],[-85.991266,39.838306],[-85.991319,39.841002],[-85.953489,39.841465],[-85.952379,39.782704],[-85.971329,39.781695],[-85.971151,39.77],[-85.966466,39.770044],[-85.966498,39.773384],[-85.956004,39.773929],[-85.955786,39.771052],[-85.952312,39.771969],[-85.95208,39.638345],[-86.326341,39.632177],[-86.327005,39.808008],[-86.312706,39.808297],[-86.316612,39.811421],[-86.317536,39.813421],[-86.315959,39.813489],[-86.318411,39.817355],[-86.317981,39.822808],[-86.313201,39.822864],[-86.313284,39.826493],[-86.316803,39.827883],[-86.322617,39.826678],[-86.322422,39.819865],[-86.327227,39.81971],[-86.328121,39.866125]],[[-86.275279,39.808863],[-86.275142,39.801249],[-86.270757,39.801217],[-86.274532,39.800751],[-86.27465,39.799254],[-86.27073,39.797905],[-86.26968,39.78747],[-86.255411,39.784727],[-86.255272,39.780113],[-86.258226,39.779942],[-86.258436,39.782113],[-86.260174,39.782091],[-86.260134,39.779787],[-86.250598,39.779969],[-86.250564,39.778231],[-86.243209,39.776193],[-86.23446,39.775892],[-86.234351,39.765105],[-86.228068,39.765047],[-86.228391,39.771717],[-86.233706,39.771672],[-86.234068,39.780226],[-86.225423,39.780358],[-86.225647,39.801965],[-86.232751,39.802209],[-86.23258,39.808938],[-86.235052,39.808888],[-86.235014,39.805027],[-86.237487,39.805008],[-86.239798,39.805022],[-86.239864,39.808682],[-86.241085,39.809242],[-86.260259,39.808976],[-86.260272,39.810778],[-86.261801,39.810769],[-86.270036,39.810677],[-86.270008,39.809263],[-86.275279,39.808863]],[[-86.204367,39.835374],[-86.203899,39.829916],[-86.195591,39.829674],[-86.194549,39.832153],[-86.1895,39.831519],[-86.189453,39.836154],[-86.190453,39.838175],[-86.195291,39.836244],[-86.195622,39.833143],[-86.197449,39.833088],[-86.197463,39.835484],[-86.204367,39.835374]],[[-86.179929,39.84666],[-86.178498,39.839104],[-86.178462,39.84481],[-86.171374,39.844775],[-86.162344,39.853436],[-86.164296,39.853171],[-86.159827,39.868406],[-86.165009,39.868263],[-86.163198,39.865763],[-86.163178,39.86224],[-86.169408,39.862623],[-86.173393,39.858939],[-86.174238,39.855058],[-86.172905,39.85385],[-86.178602,39.853877],[-86.179929,39.84666]],[[-86.165056,39.899402],[-86.165014,39.873137],[-86.15393,39.872655],[-86.152576,39.874486],[-86.155444,39.876771],[-86.155446,39.883083],[-86.141591,39.883381],[-86.142247,39.886711],[-86.145814,39.886689],[-86.145808,39.905239],[-86.15548,39.904875],[-86.155476,39.90144],[-86.165056,39.899402]],[[-86.139473,39.667683],[-86.130989,39.668589],[-86.131005,39.666841],[-86.124596,39.667228],[-86.127669,39.666462],[-86.125764,39.661241],[-86.121248,39.661337],[-86.116934,39.650293],[-86.110924,39.650374],[-86.111089,39.666017],[-86.123307,39.666587],[-86.125549,39.672285],[-86.139462,39.670893],[-86.139473,39.667683]],[[-86.113115,39.722093],[-86.111293,39.72211],[-86.111204,39.715947],[-86.10081,39.71606],[-86.101125,39.712035],[-86.099284,39.708932],[-86.101834,39.706043],[-86.096502,39.706625],[-86.095129,39.704759],[-86.096734,39.703923],[-86.096454,39.698083],[-86.099041,39.698002],[-86.099023,39.695359],[-86.096324,39.695399],[-86.096315,39.694306],[-86.082542,39.694587],[-86.082449,39.704456],[-86.069744,39.704814],[-86.058658,39.71092],[-86.052267,39.709845],[-86.08235,39.730769],[-86.082728,39.729501],[-86.088089,39.732589],[-86.090227,39.730144],[-86.092194,39.73142],[-86.092366,39.734507],[-86.101773,39.734284],[-86.101742,39.730736],[-86.111309,39.730625],[-86.111265,39.723281],[-86.113115,39.722093]],[[-86.057573,39.789014],[-86.057492,39.781674],[-86.055052,39.781691],[-86.054632,39.775628],[-86.049982,39.774009],[-86.050038,39.778591],[-86.048143,39.778719],[-86.048994,39.781731],[-86.045407,39.781756],[-86.04543,39.787175],[-86.046782,39.787168],[-86.046798,39.789096],[-86.057573,39.789014]]]}},{"type":"Feature","properties":{"NAME":"Little York","state_abbr":"IN","state_name":"Indiana","ALAND":2535992},"geometry":{"type":"Polygon","coordinates":[[[-85.913751,38.692231],[-85.913496,38.706591],[-85.895422,38.706527],[-85.895628,38.691861],[-85.913751,38.692231]]]}},{"type":"Feature","properties":{"NAME":"Millhousen","state_abbr":"IN","state_name":"Indiana","ALAND":2332382},"geometry":{"type":"Polygon","coordinates":[[[-85.444221,39.210494],[-85.444079,39.218737],[-85.425484,39.218884],[-85.426179,39.203992],[-85.439825,39.204083],[-85.43955,39.210293],[-85.444221,39.210494]]]}},{"type":"Feature","properties":{"NAME":"Blountsville","state_abbr":"IN","state_name":"Indiana","ALAND":293344},"geometry":{"type":"Polygon","coordinates":[[[-85.240712,40.058073],[-85.242809,40.062207],[-85.237402,40.062189],[-85.237382,40.060383],[-85.23279,40.059827],[-85.232766,40.057146],[-85.240712,40.058073]]]}},{"type":"Feature","properties":{"NAME":"Hazleton","state_abbr":"IN","state_name":"Indiana","ALAND":896898},"geometry":{"type":"Polygon","coordinates":[[[-87.551375,38.488745],[-87.540705,38.49142],[-87.539111,38.493483],[-87.530682,38.492306],[-87.531036,38.488059],[-87.538908,38.487977],[-87.539227,38.485338],[-87.544343,38.486726],[-87.546436,38.48526],[-87.55006,38.485556],[-87.551375,38.488745]]]}},{"type":"Feature","properties":{"NAME":"Mackey","state_abbr":"IN","state_name":"Indiana","ALAND":234876},"geometry":{"type":"Polygon","coordinates":[[[-87.396198,38.252936],[-87.392938,38.252962],[-87.392752,38.256039],[-87.390002,38.256057],[-87.390803,38.252955],[-87.387543,38.252962],[-87.386456,38.254424],[-87.387034,38.251914],[-87.391037,38.251894],[-87.390456,38.245769],[-87.39164,38.24577],[-87.391608,38.251096],[-87.396198,38.252936]]]}},{"type":"Feature","properties":{"NAME":"Bluffton","state_abbr":"IN","state_name":"Indiana","ALAND":22086150},"geometry":{"type":"Polygon","coordinates":[[[-85.213654,40.72099],[-85.203132,40.724727],[-85.203159,40.729493],[-85.207877,40.727896],[-85.207918,40.731503],[-85.20316,40.731527],[-85.204124,40.746183],[-85.196523,40.746226],[-85.198036,40.748553],[-85.194785,40.74851],[-85.191948,40.746377],[-85.185247,40.746314],[-85.185208,40.749275],[-85.175839,40.748999],[-85.175517,40.759836],[-85.173664,40.759851],[-85.173635,40.757747],[-85.170924,40.757762],[-85.170809,40.764225],[-85.170999,40.771467],[-85.175691,40.771434],[-85.17573,40.773718],[-85.165864,40.775074],[-85.165958,40.78766],[-85.164176,40.787723],[-85.162482,40.79326],[-85.158944,40.793279],[-85.158874,40.786146],[-85.156349,40.786192],[-85.156832,40.769483],[-85.155321,40.767917],[-85.155279,40.771563],[-85.152901,40.771584],[-85.151403,40.767914],[-85.146883,40.767882],[-85.146938,40.753968],[-85.153727,40.751232],[-85.15379,40.754684],[-85.155698,40.754003],[-85.154546,40.750239],[-85.15078,40.750329],[-85.150714,40.742409],[-85.155016,40.742402],[-85.155152,40.740177],[-85.148931,40.739575],[-85.150833,40.737071],[-85.149002,40.735068],[-85.155008,40.733487],[-85.148126,40.730863],[-85.146594,40.726047],[-85.150376,40.725381],[-85.150417,40.721047],[-85.164883,40.720971],[-85.165831,40.715075],[-85.174206,40.716719],[-85.174283,40.720889],[-85.184841,40.720607],[-85.183842,40.716434],[-85.189087,40.715475],[-85.186505,40.720551],[-85.189719,40.720634],[-85.19365,40.713166],[-85.203059,40.713167],[-85.203098,40.720117],[-85.213603,40.719709],[-85.213654,40.72099]]]}},{"type":"Feature","properties":{"NAME":"Vera Cruz","state_abbr":"IN","state_name":"Indiana","ALAND":262761},"geometry":{"type":"MultiPolygon","coordinates":[[[[-85.076907,40.702495],[-85.073853,40.703384],[-85.073853,40.702426],[-85.076907,40.702495]]],[[[-85.083176,40.703252],[-85.07941,40.704995],[-85.07936,40.702628],[-85.076907,40.702495],[-85.078117,40.701495],[-85.074976,40.699015],[-85.082492,40.699115],[-85.081342,40.700416],[-85.083176,40.703252]]]]}},{"type":"Feature","properties":{"NAME":"Thorntown","state_abbr":"IN","state_name":"Indiana","ALAND":1587901},"geometry":{"type":"Polygon","coordinates":[[[-86.62285,40.12962],[-86.619939,40.130632],[-86.6175,40.12957],[-86.617479,40.131155],[-86.611304,40.132239],[-86.609659,40.133267],[-86.609663,40.136753],[-86.604912,40.13758],[-86.604062,40.134062],[-86.602627,40.134194],[-86.601779,40.126438],[-86.603531,40.125475],[-86.603165,40.124089],[-86.604858,40.124095],[-86.60483,40.122051],[-86.606517,40.122069],[-86.611227,40.123773],[-86.611176,40.1255],[-86.615967,40.12551],[-86.616207,40.128833],[-86.618426,40.128322],[-86.619144,40.12456],[-86.622879,40.124547],[-86.62285,40.12962]]]}},{"type":"Feature","properties":{"NAME":"Whitestown","state_abbr":"IN","state_name":"Indiana","ALAND":40483538},"geometry":{"type":"Polygon","coordinates":[[[-86.411679,39.971706],[-86.41281,39.97462],[-86.39853,39.9747],[-86.39854,39.977891],[-86.402896,39.978341],[-86.40288,39.98077],[-86.40001,39.98209],[-86.402437,39.984024],[-86.403363,39.987462],[-86.396059,39.980228],[-86.389094,39.978533],[-86.389134,39.989422],[-86.39385,39.98935],[-86.39393,39.99671],[-86.3892,39.99678],[-86.389148,39.990775],[-86.370222,39.989665],[-86.370981,39.995871],[-86.37233,39.995844],[-86.372324,39.996991],[-86.368254,39.997],[-86.370229,39.997474],[-86.370251,40.005093],[-86.37501,40.007133],[-86.360681,40.001706],[-86.360737,40.0078],[-86.349384,40.007883],[-86.349396,40.011522],[-86.329978,40.011916],[-86.330003,40.006843],[-86.321868,40.006986],[-86.322261,40.003489],[-86.327075,40.003393],[-86.327035,39.982994],[-86.331826,39.981127],[-86.331727,39.975668],[-86.327158,39.975688],[-86.326992,39.973488],[-86.336492,39.974226],[-86.336494,39.971287],[-86.338133,39.971262],[-86.33648,39.968996],[-86.34819,39.96826],[-86.348273,39.964611],[-86.346021,39.964235],[-86.350686,39.964404],[-86.350681,39.960907],[-86.341369,39.95953],[-86.341417,39.955565],[-86.337558,39.955619],[-86.338173,39.953791],[-86.33566,39.95381],[-86.335607,39.951678],[-86.332811,39.951711],[-86.33283,39.94953],[-86.328531,39.949563],[-86.328519,39.945963],[-86.335395,39.94592],[-86.335426,39.949512],[-86.340557,39.949396],[-86.340524,39.945941],[-86.34512,39.94599],[-86.34514,39.949053],[-86.352505,39.947372],[-86.344999,39.938459],[-86.345049,39.931388],[-86.34229,39.93145],[-86.337959,39.927527],[-86.34027,39.927727],[-86.3402,39.92411],[-86.351833,39.924069],[-86.351906,39.927793],[-86.355214,39.927785],[-86.35998,39.927712],[-86.359962,39.923999],[-86.390565,39.923793],[-86.390656,39.931055],[-86.374066,39.931082],[-86.374079,39.938313],[-86.378981,39.940147],[-86.374083,39.940143],[-86.374082,39.945646],[-86.393127,39.94564],[-86.39374,39.955286],[-86.39846,39.95594],[-86.396634,39.956623],[-86.39847,39.957273],[-86.39764,39.959554],[-86.393825,39.958949],[-86.393978,39.967507],[-86.400298,39.968499],[-86.400302,39.967432],[-86.41279,39.96733],[-86.411679,39.971706]],[[-86.38284,39.988031],[-86.384369,39.986858],[-86.382838,39.987585],[-86.38284,39.988031]]]}},{"type":"Feature","properties":{"NAME":"Columbia City","state_abbr":"IN","state_name":"Indiana","ALAND":14219024},"geometry":{"type":"MultiPolygon","coordinates":[[[[-85.489312,41.140512],[-85.486426,41.144118],[-85.482149,41.140503],[-85.483097,41.140506],[-85.489312,41.140512]]],[[[-85.524955,41.162439],[-85.520164,41.162429],[-85.520312,41.169301],[-85.509921,41.169924],[-85.510444,41.17534],[-85.506419,41.175345],[-85.506507,41.17785],[-85.501394,41.177898],[-85.501319,41.174709],[-85.492496,41.174747],[-85.490452,41.175123],[-85.491546,41.177949],[-85.482791,41.177994],[-85.481633,41.173608],[-85.477305,41.17622],[-85.473956,41.175237],[-85.47493,41.172135],[-85.473835,41.172124],[-85.473903,41.168033],[-85.472073,41.167283],[-85.467679,41.171891],[-85.467541,41.165417],[-85.462711,41.165316],[-85.462613,41.161963],[-85.449182,41.164569],[-85.449119,41.161471],[-85.444257,41.161539],[-85.444186,41.154302],[-85.448908,41.154234],[-85.450359,41.148449],[-85.454012,41.151766],[-85.454017,41.154184],[-85.465548,41.154298],[-85.465465,41.150258],[-85.462476,41.150235],[-85.462364,41.146998],[-85.476861,41.14727],[-85.478236,41.145542],[-85.484469,41.147026],[-85.487091,41.145637],[-85.487087,41.146976],[-85.488793,41.146996],[-85.488292,41.14415],[-85.489835,41.143372],[-85.496668,41.152137],[-85.524912,41.159042],[-85.524955,41.162439]]]]}},{"type":"Feature","properties":{"NAME":"South Whitley","state_abbr":"IN","state_name":"Indiana","ALAND":2206383},"geometry":{"type":"MultiPolygon","coordinates":[[[[-85.634974,41.077897],[-85.629274,41.07815],[-85.62776,41.079678],[-85.627327,41.082619],[-85.620862,41.08106],[-85.61413,41.076793],[-85.620524,41.07401],[-85.621569,41.075358],[-85.620423,41.076093],[-85.622638,41.076785],[-85.624654,41.075415],[-85.627488,41.075433],[-85.628317,41.07702],[-85.634968,41.075464],[-85.634974,41.077897]]],[[[-85.638005,41.078496],[-85.637737,41.084223],[-85.635364,41.08534],[-85.635369,41.084123],[-85.631604,41.084605],[-85.632315,41.086594],[-85.635936,41.085467],[-85.635109,41.08933],[-85.637411,41.093328],[-85.627929,41.092137],[-85.627961,41.094885],[-85.626666,41.094911],[-85.626684,41.093082],[-85.620872,41.092774],[-85.62541,41.090356],[-85.623718,41.089984],[-85.624744,41.088303],[-85.620642,41.088578],[-85.620591,41.083459],[-85.624519,41.084151],[-85.627618,41.08284],[-85.628409,41.079258],[-85.630662,41.078101],[-85.630657,41.079814],[-85.632595,41.079461],[-85.633006,41.080805],[-85.637779,41.08071],[-85.638005,41.078496]]]]}},{"type":"Feature","properties":{"NAME":"Petersburg","state_abbr":"IN","state_name":"Indiana","ALAND":3802521},"geometry":{"type":"MultiPolygon","coordinates":[[[[-87.292646,38.492671],[-87.292623,38.49414],[-87.291407,38.493734],[-87.292646,38.492671]]],[[[-87.305588,38.487618],[-87.301304,38.487789],[-87.301431,38.488893],[-87.28659,38.488835],[-87.286541,38.500049],[-87.291105,38.50073],[-87.291108,38.502514],[-87.286524,38.50282],[-87.286786,38.505386],[-87.285132,38.505195],[-87.284757,38.502484],[-87.282261,38.502367],[-87.280409,38.497759],[-87.260102,38.498706],[-87.260068,38.496431],[-87.26244,38.495756],[-87.262343,38.490441],[-87.271763,38.490233],[-87.272203,38.4878],[-87.277353,38.485167],[-87.287036,38.485515],[-87.291925,38.479652],[-87.293786,38.479487],[-87.293884,38.486563],[-87.30138,38.486468],[-87.301309,38.482297],[-87.305456,38.482225],[-87.305588,38.487618]]]]}},{"type":"Feature","properties":{"NAME":"Winslow","state_abbr":"IN","state_name":"Indiana","ALAND":1780259},"geometry":{"type":"Polygon","coordinates":[[[-87.22049,38.37747],[-87.220053,38.38874],[-87.21547,38.388808],[-87.215506,38.392466],[-87.21018,38.392499],[-87.210209,38.387379],[-87.206284,38.387344],[-87.206265,38.385297],[-87.20504,38.385309],[-87.206242,38.376726],[-87.22049,38.37747]]]}},{"type":"Feature","properties":{"NAME":"Bicknell","state_abbr":"IN","state_name":"Indiana","ALAND":3504262},"geometry":{"type":"Polygon","coordinates":[[[-87.331176,38.774356],[-87.326747,38.770111],[-87.317278,38.770895],[-87.317289,38.772921],[-87.31966,38.772916],[-87.320314,38.778495],[-87.320309,38.780269],[-87.318397,38.78027],[-87.318365,38.782928],[-87.314878,38.783579],[-87.315458,38.781351],[-87.312681,38.782685],[-87.297313,38.781252],[-87.297434,38.777628],[-87.285642,38.783567],[-87.286722,38.780128],[-87.295995,38.777646],[-87.296005,38.77284],[-87.300785,38.772899],[-87.300776,38.769101],[-87.29618,38.76908],[-87.296163,38.765276],[-87.312147,38.764054],[-87.31222,38.765633],[-87.310481,38.765614],[-87.311631,38.769344],[-87.317151,38.769289],[-87.318519,38.767999],[-87.318269,38.770622],[-87.329201,38.769728],[-87.332659,38.773419],[-87.331176,38.774356]]]}},{"type":"Feature","properties":{"NAME":"Francisco","state_abbr":"IN","state_name":"Indiana","ALAND":1580629},"geometry":{"type":"Polygon","coordinates":[[[-87.464729,38.332931],[-87.454616,38.335316],[-87.454659,38.337962],[-87.440507,38.337856],[-87.440548,38.332477],[-87.437865,38.330698],[-87.440337,38.330621],[-87.44036,38.326895],[-87.444873,38.326926],[-87.445454,38.323782],[-87.447879,38.328804],[-87.454593,38.328869],[-87.455746,38.332651],[-87.454596,38.333708],[-87.464729,38.332931]]]}},{"type":"Feature","properties":{"NAME":"Princeton","state_abbr":"IN","state_name":"Indiana","ALAND":14180193},"geometry":{"type":"Polygon","coordinates":[[[-87.617168,38.348265],[-87.617003,38.360255],[-87.611765,38.359872],[-87.603231,38.36271],[-87.585173,38.362061],[-87.587157,38.365601],[-87.581861,38.365207],[-87.584123,38.370181],[-87.574955,38.370096],[-87.574951,38.366006],[-87.571404,38.365654],[-87.570982,38.372476],[-87.569279,38.373379],[-87.556337,38.37231],[-87.555595,38.370247],[-87.557426,38.368959],[-87.557427,38.366463],[-87.564251,38.366449],[-87.564268,38.364555],[-87.557228,38.364549],[-87.557386,38.361654],[-87.555917,38.361666],[-87.556829,38.358577],[-87.548092,38.357427],[-87.547451,38.362649],[-87.547489,38.359213],[-87.542001,38.359116],[-87.54366,38.356966],[-87.539642,38.358151],[-87.538801,38.357033],[-87.540721,38.355834],[-87.540534,38.350648],[-87.552099,38.355314],[-87.553353,38.352182],[-87.55735,38.35218],[-87.557577,38.347231],[-87.555302,38.347238],[-87.555264,38.344743],[-87.547888,38.34391],[-87.553449,38.343357],[-87.552284,38.341905],[-87.564492,38.342015],[-87.566903,38.336646],[-87.563215,38.335853],[-87.566969,38.335198],[-87.56711,38.333561],[-87.572109,38.333789],[-87.569153,38.339023],[-87.574464,38.339021],[-87.574081,38.340738],[-87.577475,38.34071],[-87.577481,38.344267],[-87.575114,38.344276],[-87.575083,38.349139],[-87.577203,38.349887],[-87.582423,38.350022],[-87.58244,38.348036],[-87.5795,38.348009],[-87.579376,38.341653],[-87.580775,38.340739],[-87.589191,38.340776],[-87.589128,38.344576],[-87.592225,38.34462],[-87.593819,38.347149],[-87.593856,38.340822],[-87.598553,38.34087],[-87.598986,38.348022],[-87.617168,38.348265]]]}},{"type":"Feature","properties":{"NAME":"Somerville","state_abbr":"IN","state_name":"Indiana","ALAND":925498},"geometry":{"type":"Polygon","coordinates":[[[-87.382388,38.279066],[-87.379792,38.279123],[-87.378917,38.281631],[-87.379494,38.284532],[-87.378819,38.287614],[-87.378175,38.289334],[-87.38089,38.290249],[-87.378645,38.290208],[-87.377884,38.289686],[-87.37932,38.284666],[-87.373031,38.284556],[-87.373196,38.278126],[-87.370904,38.278221],[-87.370915,38.276347],[-87.373169,38.276263],[-87.374527,38.272557],[-87.380926,38.272544],[-87.379902,38.274336],[-87.382355,38.274304],[-87.382388,38.279066]]]}},{"type":"Feature","properties":{"NAME":"Whiteland","state_abbr":"IN","state_name":"Indiana","ALAND":14171198},"geometry":{"type":"Polygon","coordinates":[[[-86.113312,39.538596],[-86.111034,39.543853],[-86.101565,39.543086],[-86.10167,39.54958],[-86.09388,39.549768],[-86.095387,39.555287],[-86.092245,39.5553],[-86.092285,39.556814],[-86.090605,39.556949],[-86.08821,39.55294],[-86.086577,39.553041],[-86.09272,39.56453],[-86.08363,39.56478],[-86.087564,39.575836],[-86.082883,39.575917],[-86.08289,39.572244],[-86.074667,39.572448],[-86.076605,39.564935],[-86.073564,39.565002],[-86.073515,39.559548],[-86.066427,39.559721],[-86.066424,39.563328],[-86.064366,39.563313],[-86.064457,39.565304],[-86.05166,39.56547],[-86.04294,39.55369],[-86.03975,39.55081],[-86.03569,39.55067],[-86.03545,39.543318],[-86.037004,39.543309],[-86.035545,39.539467],[-86.045139,39.539569],[-86.04508,39.53585],[-86.058358,39.53618],[-86.056779,39.538562],[-86.058413,39.538536],[-86.059154,39.540635],[-86.056804,39.540638],[-86.056823,39.542286],[-86.05919,39.54302],[-86.0752,39.542731],[-86.07232,39.535378],[-86.08125,39.53516],[-86.08416,39.54258],[-86.088835,39.542574],[-86.092092,39.5397],[-86.092117,39.534036],[-86.095379,39.534008],[-86.096209,39.537902],[-86.10147,39.53623],[-86.10152,39.538505],[-86.113312,39.538596]],[[-86.078196,39.557793],[-86.07818,39.554818],[-86.074505,39.55492],[-86.073502,39.558102],[-86.078196,39.557793]],[[-86.070086,39.550902],[-86.071169,39.55025],[-86.070082,39.550262],[-86.070086,39.550902]],[[-86.069806,39.550268],[-86.068778,39.548961],[-86.0688,39.5503],[-86.069806,39.550268]],[[-86.064927,39.550896],[-86.0593,39.55045],[-86.059343,39.553677],[-86.061699,39.553655],[-86.061688,39.551459],[-86.064927,39.550896]],[[-86.061706,39.555441],[-86.061698,39.553794],[-86.059345,39.553818],[-86.059361,39.556023],[-86.061706,39.555441]],[[-86.054653,39.5495],[-86.052064,39.549503],[-86.049805,39.551716],[-86.054225,39.551663],[-86.054653,39.5495]],[[-86.049907,39.554343],[-86.045193,39.554377],[-86.04524,39.55563],[-86.049941,39.555637],[-86.049907,39.554343]]]}},{"type":"Feature","properties":{"NAME":"Rosedale","state_abbr":"IN","state_name":"Indiana","ALAND":1022497},"geometry":{"type":"Polygon","coordinates":[[[-87.287816,39.619638],[-87.287506,39.62653],[-87.284069,39.627812],[-87.275654,39.626322],[-87.274977,39.624005],[-87.271134,39.623978],[-87.271211,39.622314],[-87.278199,39.622283],[-87.278231,39.618064],[-87.281542,39.618163],[-87.281572,39.61666],[-87.286363,39.616614],[-87.286408,39.619133],[-87.287816,39.619638]]]}},{"type":"Feature","properties":{"NAME":"Kempton","state_abbr":"IN","state_name":"Indiana","ALAND":418597},"geometry":{"type":"Polygon","coordinates":[[[-86.232848,40.282775],[-86.23159,40.291495],[-86.22928,40.29149],[-86.229273,40.292644],[-86.22607,40.291661],[-86.228107,40.283634],[-86.232848,40.282775]]]}},{"type":"Feature","properties":{"NAME":"Tipton","state_abbr":"IN","state_name":"Indiana","ALAND":7091958},"geometry":{"type":"Polygon","coordinates":[[[-86.069075,40.290812],[-86.067402,40.290832],[-86.067402,40.294976],[-86.053331,40.294044],[-86.053332,40.297278],[-86.041303,40.297462],[-86.040515,40.295269],[-86.038959,40.296367],[-86.031841,40.295291],[-86.031755,40.288575],[-86.029496,40.288567],[-86.026907,40.282934],[-86.019683,40.28353],[-86.019379,40.280908],[-86.025044,40.280775],[-86.026268,40.27863],[-86.029632,40.281685],[-86.033965,40.280635],[-86.035122,40.279409],[-86.033183,40.275877],[-86.028181,40.275964],[-86.028873,40.272994],[-86.03281,40.272876],[-86.032203,40.267621],[-86.041083,40.26743],[-86.041079,40.261305],[-86.04788,40.261215],[-86.047902,40.268332],[-86.050442,40.268276],[-86.049976,40.280229],[-86.056158,40.27901],[-86.057149,40.28183],[-86.057131,40.28336],[-86.054442,40.283469],[-86.054481,40.290275],[-86.069075,40.290812]],[[-86.053523,40.283031],[-86.053906,40.280961],[-86.052015,40.281959],[-86.053523,40.283031]]]}},{"type":"Feature","properties":{"NAME":"Windfall City","state_abbr":"IN","state_name":"Indiana","ALAND":1049329},"geometry":{"type":"Polygon","coordinates":[[[-85.966298,40.360513],[-85.966039,40.366633],[-85.963576,40.364961],[-85.9572,40.364528],[-85.957126,40.370232],[-85.955552,40.370202],[-85.953805,40.365201],[-85.951595,40.365215],[-85.951489,40.362091],[-85.954421,40.362084],[-85.955735,40.359357],[-85.951671,40.355796],[-85.961053,40.355866],[-85.961137,40.359647],[-85.966298,40.360513]]]}},{"type":"Feature","properties":{"NAME":"Cannelton","state_abbr":"IN","state_name":"Indiana","ALAND":3837728},"geometry":{"type":"Polygon","coordinates":[[[-86.755002,37.919149],[-86.751992,37.918996],[-86.751284,37.917437],[-86.747261,37.920158],[-86.749872,37.92163],[-86.749799,37.923276],[-86.745197,37.928939],[-86.743138,37.928905],[-86.741828,37.931913],[-86.740762,37.929731],[-86.743179,37.92556],[-86.738963,37.925693],[-86.741426,37.921282],[-86.73978,37.921258],[-86.739211,37.914736],[-86.732202,37.911685],[-86.734412,37.911008],[-86.734867,37.909177],[-86.727019,37.90871],[-86.72876,37.9071],[-86.723469,37.901915],[-86.722604,37.898152],[-86.714871,37.897096],[-86.714863,37.899228],[-86.712606,37.899246],[-86.712656,37.897226],[-86.703617,37.901414],[-86.720264,37.892779],[-86.734825,37.903973],[-86.737083,37.903714],[-86.737689,37.899426],[-86.755002,37.919149]]]}},{"type":"Feature","properties":{"NAME":"Clifford","state_abbr":"IN","state_name":"Indiana","ALAND":228983},"geometry":{"type":"Polygon","coordinates":[[[-85.872042,39.284508],[-85.866142,39.284787],[-85.866133,39.280671],[-85.872034,39.280548],[-85.872042,39.284508]]]}},{"type":"Feature","properties":{"NAME":"La Porte","state_abbr":"IN","state_name":"Indiana","ALAND":31859292},"geometry":{"type":"Polygon","coordinates":[[[-86.764498,41.620142],[-86.756358,41.620306],[-86.749648,41.617272],[-86.743526,41.620617],[-86.738469,41.627864],[-86.740209,41.63199],[-86.747577,41.634598],[-86.74804,41.638854],[-86.738269,41.639249],[-86.735099,41.63332],[-86.731426,41.632769],[-86.731626,41.63163],[-86.72525,41.627636],[-86.724456,41.629983],[-86.722486,41.62795],[-86.719691,41.627866],[-86.718607,41.630145],[-86.714381,41.628089],[-86.714674,41.633592],[-86.713419,41.633626],[-86.713435,41.635373],[-86.709492,41.635492],[-86.702824,41.635585],[-86.702841,41.631861],[-86.699166,41.631816],[-86.699126,41.629807],[-86.694168,41.629849],[-86.694125,41.628214],[-86.67513,41.637764],[-86.67559,41.632288],[-86.679804,41.630296],[-86.679796,41.628264],[-86.671735,41.628526],[-86.670371,41.62081],[-86.679831,41.620914],[-86.680019,41.598349],[-86.675952,41.598184],[-86.677053,41.595823],[-86.680041,41.596822],[-86.680396,41.583588],[-86.688022,41.584065],[-86.688085,41.581574],[-86.683741,41.581481],[-86.680442,41.576215],[-86.698179,41.576715],[-86.696359,41.584063],[-86.719767,41.584025],[-86.719797,41.581011],[-86.724678,41.580855],[-86.724657,41.583864],[-86.729528,41.583731],[-86.729689,41.570213],[-86.727246,41.570278],[-86.727202,41.567908],[-86.732226,41.566111],[-86.732179,41.561518],[-86.739426,41.561348],[-86.739431,41.576042],[-86.741903,41.576104],[-86.741855,41.578818],[-86.737085,41.580466],[-86.739323,41.582226],[-86.737545,41.58345],[-86.739286,41.583403],[-86.739178,41.599685],[-86.741093,41.598155],[-86.748946,41.599464],[-86.753579,41.598527],[-86.753516,41.60093],[-86.747682,41.600784],[-86.747626,41.604479],[-86.752912,41.606354],[-86.75289,41.60886],[-86.755395,41.60887],[-86.75539,41.610954],[-86.752777,41.610944],[-86.752301,41.612594],[-86.755398,41.612521],[-86.755417,41.616861],[-86.76355,41.616688],[-86.764498,41.620142]]]}},{"type":"Feature","properties":{"NAME":"Otterbein","state_abbr":"IN","state_name":"Indiana","ALAND":3321787},"geometry":{"type":"MultiPolygon","coordinates":[[[[-87.112847,40.494018],[-87.079703,40.492815],[-87.065178,40.487621],[-87.065082,40.483065],[-87.066638,40.48219],[-87.084028,40.485889],[-87.084167,40.483091],[-87.091334,40.483075],[-87.091316,40.481203],[-87.096314,40.481279],[-87.097286,40.484623],[-87.098538,40.484604],[-87.098534,40.488959],[-87.112831,40.491988],[-87.112847,40.494018]]],[[[-87.114101,40.492254],[-87.113691,40.494016],[-87.113685,40.492167],[-87.114101,40.492254]]]]}},{"type":"Feature","properties":{"NAME":"Shadeland","state_abbr":"IN","state_name":"Indiana","ALAND":70219561},"geometry":{"type":"Polygon","coordinates":[[[-86.999517,40.406418],[-86.982858,40.402083],[-86.960778,40.404099],[-86.953914,40.401219],[-86.948458,40.395635],[-86.943241,40.394115],[-86.932681,40.394899],[-86.923993,40.398483],[-86.925857,40.39728],[-86.92578,40.394802],[-86.923909,40.395335],[-86.923298,40.301333],[-86.999238,40.301213],[-86.999517,40.406418]]]}},{"type":"Feature","properties":{"NAME":"St. Paul","state_abbr":"IN","state_name":"Indiana","ALAND":757752},"geometry":{"type":"Polygon","coordinates":[[[-85.634714,39.433417],[-85.629984,39.433422],[-85.622728,39.429595],[-85.625005,39.428944],[-85.622824,39.428386],[-85.624132,39.427292],[-85.622727,39.423718],[-85.632186,39.424138],[-85.63325,39.42589],[-85.632213,39.429762],[-85.634714,39.433417]]]}},{"type":"Feature","properties":{"NAME":"Hillsboro","state_abbr":"IN","state_name":"Indiana","ALAND":811125},"geometry":{"type":"Polygon","coordinates":[[[-87.162768,40.105694],[-87.162471,40.113104],[-87.153813,40.114271],[-87.15263,40.10249],[-87.154818,40.103013],[-87.154894,40.104859],[-87.162768,40.105694]]]}},{"type":"Feature","properties":{"NAME":"Woodlawn Heights","state_abbr":"IN","state_name":"Indiana","ALAND":275284},"geometry":{"type":"Polygon","coordinates":[[[-85.702466,40.117042],[-85.701334,40.119992],[-85.691697,40.120082],[-85.691736,40.117997],[-85.693925,40.117021],[-85.702466,40.117042]]]}},{"type":"Feature","properties":{"NAME":"Dublin","state_abbr":"IN","state_name":"Indiana","ALAND":1336011},"geometry":{"type":"Polygon","coordinates":[[[-85.214163,39.809423],[-85.211738,39.817586],[-85.196377,39.817654],[-85.195565,39.816194],[-85.19513,39.814617],[-85.201125,39.816318],[-85.201132,39.814371],[-85.196781,39.814326],[-85.196791,39.809984],[-85.202167,39.809857],[-85.202165,39.808449],[-85.20811,39.807994],[-85.208077,39.806629],[-85.211775,39.806553],[-85.214163,39.809423]]]}},{"type":"Feature","properties":{"NAME":"Economy","state_abbr":"IN","state_name":"Indiana","ALAND":232306},"geometry":{"type":"Polygon","coordinates":[[[-85.087366,39.974075],[-85.089181,39.980686],[-85.086173,39.980917],[-85.086358,39.978358],[-85.083971,39.97741],[-85.084973,39.976135],[-85.082689,39.975427],[-85.087366,39.974075]]]}},{"type":"Feature","properties":{"NAME":"Fountain City","state_abbr":"IN","state_name":"Indiana","ALAND":682702},"geometry":{"type":"Polygon","coordinates":[[[-84.924121,39.958853],[-84.914795,39.960693],[-84.916999,39.957119],[-84.915193,39.951959],[-84.912522,39.951936],[-84.912707,39.950378],[-84.918232,39.951105],[-84.922296,39.9492],[-84.924121,39.958853]]]}},{"type":"Feature","properties":{"NAME":"Greens Fork","state_abbr":"IN","state_name":"Indiana","ALAND":362772},"geometry":{"type":"Polygon","coordinates":[[[-85.046352,39.88797],[-85.042519,39.895306],[-85.039221,39.893161],[-85.035526,39.894302],[-85.03676,39.890176],[-85.04187,39.890618],[-85.041847,39.888193],[-85.046352,39.88797]]]}},{"type":"Feature","properties":{"NAME":"Hagerstown","state_abbr":"IN","state_name":"Indiana","ALAND":3414213},"geometry":{"type":"Polygon","coordinates":[[[-85.168894,39.916701],[-85.165285,39.916752],[-85.165306,39.918798],[-85.162348,39.919169],[-85.162359,39.923082],[-85.157645,39.923077],[-85.157629,39.918069],[-85.143267,39.917455],[-85.143506,39.903034],[-85.162983,39.903504],[-85.165013,39.908155],[-85.167402,39.908231],[-85.168894,39.916701]]]}},{"type":"Feature","properties":{"NAME":"Milton","state_abbr":"IN","state_name":"Indiana","ALAND":699526},"geometry":{"type":"Polygon","coordinates":[[[-85.164869,39.786225],[-85.162943,39.786345],[-85.162909,39.788013],[-85.158132,39.787893],[-85.160064,39.791692],[-85.155369,39.791582],[-85.155406,39.790285],[-85.153279,39.790253],[-85.153728,39.78777],[-85.150223,39.787645],[-85.152031,39.786176],[-85.14984,39.783189],[-85.155569,39.783031],[-85.155739,39.78076],[-85.158412,39.780732],[-85.158727,39.785488],[-85.164869,39.786225]]]}},{"type":"Feature","properties":{"NAME":"Spring Grove","state_abbr":"IN","state_name":"Indiana","ALAND":786778},"geometry":{"type":"Polygon","coordinates":[[[-84.897684,39.850287],[-84.890868,39.850207],[-84.884724,39.851529],[-84.885121,39.847022],[-84.888957,39.846025],[-84.889908,39.842028],[-84.895032,39.842002],[-84.894484,39.843678],[-84.897383,39.847208],[-84.897684,39.850287]]]}},{"type":"Feature","properties":{"NAME":"Amo","state_abbr":"IN","state_name":"Indiana","ALAND":1584757},"geometry":{"type":"Polygon","coordinates":[[[-86.619211,39.684764],[-86.619027,39.695092],[-86.615504,39.695027],[-86.615477,39.698655],[-86.609424,39.698732],[-86.609384,39.695025],[-86.61156,39.693966],[-86.608838,39.690849],[-86.608788,39.687996],[-86.604548,39.687697],[-86.605347,39.68086],[-86.61347,39.680839],[-86.613469,39.683674],[-86.619211,39.684764]]]}},{"type":"Feature","properties":{"NAME":"Coatesville","state_abbr":"IN","state_name":"Indiana","ALAND":1692260},"geometry":{"type":"Polygon","coordinates":[[[-86.679289,39.684373],[-86.679154,39.692336],[-86.669903,39.692276],[-86.669882,39.695278],[-86.665738,39.695267],[-86.665737,39.692248],[-86.660483,39.692211],[-86.66056,39.684158],[-86.666619,39.684196],[-86.666742,39.681889],[-86.674166,39.681873],[-86.674274,39.684254],[-86.679289,39.684373]]]}},{"type":"Feature","properties":{"NAME":"Lizton","state_abbr":"IN","state_name":"Indiana","ALAND":1896232},"geometry":{"type":"Polygon","coordinates":[[[-86.552896,39.882771],[-86.546772,39.882765],[-86.547022,39.88533],[-86.551673,39.887394],[-86.548971,39.889483],[-86.545072,39.887984],[-86.548799,39.889628],[-86.545689,39.893624],[-86.539369,39.88993],[-86.533486,39.889242],[-86.536494,39.885911],[-86.53403,39.885261],[-86.534016,39.883101],[-86.539686,39.883536],[-86.542082,39.880579],[-86.536067,39.878304],[-86.536297,39.872002],[-86.544882,39.874436],[-86.545225,39.878351],[-86.543474,39.879643],[-86.545066,39.880862],[-86.552886,39.880894],[-86.552896,39.882771]]]}},{"type":"Feature","properties":{"NAME":"North Salem","state_abbr":"IN","state_name":"Indiana","ALAND":888614},"geometry":{"type":"Polygon","coordinates":[[[-86.652019,39.860258],[-86.647705,39.859907],[-86.647526,39.864825],[-86.638686,39.864671],[-86.640205,39.86204],[-86.635294,39.861928],[-86.640295,39.859168],[-86.637442,39.856341],[-86.646859,39.854525],[-86.648918,39.855117],[-86.649979,39.859395],[-86.652019,39.860258]]]}},{"type":"Feature","properties":{"NAME":"Chalmers","state_abbr":"IN","state_name":"Indiana","ALAND":782028},"geometry":{"type":"Polygon","coordinates":[[[-86.87429,40.664451],[-86.869958,40.665224],[-86.87006,40.667617],[-86.867636,40.667621],[-86.867614,40.664466],[-86.860379,40.665729],[-86.860569,40.660483],[-86.871722,40.659492],[-86.869707,40.658936],[-86.869589,40.656334],[-86.870876,40.656305],[-86.87418,40.659453],[-86.87429,40.664451]]]}},{"type":"Feature","properties":{"NAME":"Clermont","state_abbr":"IN","state_name":"Indiana","ALAND":1729344},"geometry":{"type":"Polygon","coordinates":[[[-86.327227,39.81971],[-86.322422,39.819865],[-86.322617,39.826678],[-86.316803,39.827883],[-86.313284,39.826493],[-86.313201,39.822864],[-86.317981,39.822808],[-86.318411,39.817355],[-86.315959,39.813489],[-86.317536,39.813421],[-86.316612,39.811421],[-86.312746,39.808238],[-86.327005,39.808008],[-86.327227,39.81971]]]}},{"type":"Feature","properties":{"NAME":"Campbellsburg","state_abbr":"IN","state_name":"Indiana","ALAND":2568973},"geometry":{"type":"Polygon","coordinates":[[[-86.270614,38.658762],[-86.252249,38.658591],[-86.252095,38.644088],[-86.270478,38.644205],[-86.270614,38.658762]]]}},{"type":"Feature","properties":{"NAME":"Livonia","state_abbr":"IN","state_name":"Indiana","ALAND":2685324},"geometry":{"type":"Polygon","coordinates":[[[-86.286708,38.550691],[-86.286355,38.564216],[-86.270566,38.564063],[-86.270999,38.542435],[-86.278942,38.54251],[-86.278831,38.550624],[-86.286708,38.550691]]]}},{"type":"Feature","properties":{"NAME":"New Pekin","state_abbr":"IN","state_name":"Indiana","ALAND":6170941},"geometry":{"type":"Polygon","coordinates":[[[-86.031232,38.508061],[-86.02957,38.510406],[-86.026859,38.510443],[-86.026905,38.515625],[-86.003179,38.516162],[-86.002162,38.498006],[-86.006705,38.497936],[-86.002897,38.496277],[-86.00294,38.489644],[-86.006051,38.491099],[-86.006773,38.486769],[-86.019323,38.486555],[-86.019281,38.497673],[-86.029752,38.497553],[-86.029747,38.500226],[-86.031232,38.500242],[-86.031232,38.508061]]]}},{"type":"Feature","properties":{"NAME":"Monticello","state_abbr":"IN","state_name":"Indiana","ALAND":8976425},"geometry":{"type":"Polygon","coordinates":[[[-86.789779,40.7498],[-86.778473,40.749526],[-86.777596,40.76696],[-86.766069,40.770498],[-86.765764,40.762913],[-86.755731,40.760772],[-86.754337,40.758275],[-86.758633,40.742196],[-86.751266,40.742179],[-86.741971,40.745448],[-86.740398,40.742727],[-86.752676,40.733866],[-86.757473,40.72618],[-86.765341,40.725442],[-86.765279,40.72837],[-86.776711,40.728268],[-86.776588,40.729866],[-86.780317,40.729774],[-86.779912,40.737206],[-86.78432,40.737145],[-86.78325,40.745134],[-86.785104,40.745347],[-86.785059,40.749051],[-86.789779,40.7498]]]}},{"type":"Feature","properties":{"NAME":"Kennard","state_abbr":"IN","state_name":"Indiana","ALAND":1096776},"geometry":{"type":"Polygon","coordinates":[[[-85.528165,39.90222],[-85.528698,39.911375],[-85.526302,39.911382],[-85.526334,39.909576],[-85.52039,39.909586],[-85.520393,39.911524],[-85.518203,39.911594],[-85.516914,39.902886],[-85.514568,39.903309],[-85.513875,39.901859],[-85.517099,39.901768],[-85.517112,39.898734],[-85.519379,39.898723],[-85.520889,39.900449],[-85.524084,39.900338],[-85.52408,39.901799],[-85.52114,39.902319],[-85.528165,39.90222]]]}},{"type":"Feature","properties":{"NAME":"Knightstown","state_abbr":"IN","state_name":"Indiana","ALAND":2702260},"geometry":{"type":"MultiPolygon","coordinates":[[[[-85.51334,39.801423],[-85.50858,39.801497],[-85.508588,39.801018],[-85.513321,39.800141],[-85.51334,39.801423]]],[[[-85.54652,39.793691],[-85.534848,39.794616],[-85.532754,39.798208],[-85.532986,39.801357],[-85.536981,39.801276],[-85.536945,39.80559],[-85.532255,39.806535],[-85.532221,39.801428],[-85.529256,39.802685],[-85.528797,39.801421],[-85.528908,39.803853],[-85.518953,39.806305],[-85.521183,39.801433],[-85.519591,39.801431],[-85.520804,39.79629],[-85.52266,39.794715],[-85.522403,39.78926],[-85.525098,39.788135],[-85.524876,39.786852],[-85.526309,39.790061],[-85.532303,39.789508],[-85.53221,39.792158],[-85.537832,39.787799],[-85.546224,39.786993],[-85.54652,39.793691]]]]}},{"type":"Feature","properties":{"NAME":"Mount Summit","state_abbr":"IN","state_name":"Indiana","ALAND":533100},"geometry":{"type":"Polygon","coordinates":[[[-85.390154,40.004975],[-85.388803,40.004964],[-85.389573,40.008336],[-85.388379,40.009233],[-85.384302,40.008527],[-85.384304,40.005862],[-85.382122,40.003913],[-85.382919,39.999935],[-85.384926,39.999932],[-85.384945,39.996385],[-85.386302,39.996384],[-85.388095,40.003155],[-85.389726,40.001977],[-85.390154,40.004975]]]}},{"type":"Feature","properties":{"NAME":"New Castle","state_abbr":"IN","state_name":"Indiana","ALAND":18970013},"geometry":{"type":"Polygon","coordinates":[[[-85.399856,39.910398],[-85.391634,39.922787],[-85.384605,39.92632],[-85.384455,39.931484],[-85.389489,39.931492],[-85.388371,39.938793],[-85.386688,39.937972],[-85.386952,39.934039],[-85.384466,39.93413],[-85.383575,39.938766],[-85.379635,39.938757],[-85.379635,39.942153],[-85.373097,39.942111],[-85.372698,39.943554],[-85.365761,39.942724],[-85.365645,39.9459],[-85.370339,39.945929],[-85.365626,39.949579],[-85.36045,39.949522],[-85.365001,39.943599],[-85.365048,39.94073],[-85.360802,39.940657],[-85.360585,39.947341],[-85.358805,39.947332],[-85.35826,39.948925],[-85.356498,39.948921],[-85.356504,39.946422],[-85.354907,39.946418],[-85.354869,39.943146],[-85.359936,39.942245],[-85.351221,39.942211],[-85.351151,39.945854],[-85.34644,39.945869],[-85.346546,39.93867],[-85.350159,39.938686],[-85.350207,39.935046],[-85.346313,39.935602],[-85.346672,39.929772],[-85.344307,39.929764],[-85.344317,39.926936],[-85.351167,39.928906],[-85.351278,39.926557],[-85.346813,39.925508],[-85.347067,39.916311],[-85.338443,39.916818],[-85.33766,39.910218],[-85.343519,39.913895],[-85.344425,39.912649],[-85.34391,39.914138],[-85.344968,39.912989],[-85.34707,39.916131],[-85.34592,39.909527],[-85.347104,39.909529],[-85.348563,39.90229],[-85.349446,39.909474],[-85.354234,39.909508],[-85.355065,39.900849],[-85.358867,39.900853],[-85.35783,39.898367],[-85.360776,39.898147],[-85.363368,39.895018],[-85.363804,39.900061],[-85.366405,39.902266],[-85.36662,39.894205],[-85.37122,39.894225],[-85.371185,39.896055],[-85.372645,39.896379],[-85.371181,39.896374],[-85.371119,39.898705],[-85.376417,39.897919],[-85.380578,39.899268],[-85.380533,39.90187],[-85.379179,39.90239],[-85.384311,39.902399],[-85.385589,39.886936],[-85.382933,39.886158],[-85.385772,39.883466],[-85.386201,39.879334],[-85.387786,39.875648],[-85.389324,39.873442],[-85.385947,39.884089],[-85.391425,39.885405],[-85.390299,39.891576],[-85.395479,39.894718],[-85.392467,39.900097],[-85.395016,39.900123],[-85.394979,39.902518],[-85.389718,39.904518],[-85.387656,39.906943],[-85.388739,39.907554],[-85.386095,39.90859],[-85.399856,39.910398]],[[-85.382512,39.936621],[-85.38255,39.935076],[-85.381411,39.93512],[-85.382512,39.936621]],[[-85.381081,39.935808],[-85.379584,39.935108],[-85.379589,39.935792],[-85.381081,39.935808]],[[-85.378001,39.935099],[-85.376657,39.935091],[-85.37499,39.936731],[-85.376887,39.936736],[-85.378001,39.935099]]]}},{"type":"Feature","properties":{"NAME":"Spiceland","state_abbr":"IN","state_name":"Indiana","ALAND":3776052},"geometry":{"type":"Polygon","coordinates":[[[-85.448384,39.834772],[-85.44775,39.840926],[-85.445451,39.840905],[-85.445459,39.838382],[-85.44371,39.838369],[-85.443683,39.842022],[-85.430807,39.841999],[-85.429569,39.845596],[-85.424788,39.845587],[-85.424803,39.853912],[-85.416763,39.853856],[-85.414503,39.855051],[-85.415399,39.85555],[-85.411522,39.854543],[-85.412663,39.853565],[-85.405199,39.853372],[-85.405672,39.848046],[-85.410458,39.848085],[-85.410451,39.845575],[-85.41519,39.845567],[-85.415156,39.838288],[-85.418197,39.838291],[-85.418167,39.842968],[-85.421392,39.842659],[-85.422359,39.838296],[-85.427737,39.838291],[-85.427775,39.833454],[-85.434147,39.834689],[-85.434117,39.833474],[-85.430995,39.833451],[-85.431369,39.831018],[-85.438881,39.831068],[-85.43893,39.834722],[-85.442015,39.834113],[-85.442018,39.835498],[-85.448384,39.834772]]]}},{"type":"Feature","properties":{"NAME":"Sulphur Springs","state_abbr":"IN","state_name":"Indiana","ALAND":1821394},"geometry":{"type":"Polygon","coordinates":[[[-85.447624,40.004292],[-85.450011,40.006605],[-85.447589,40.006604],[-85.44755,40.008883],[-85.437308,40.007934],[-85.437369,39.997562],[-85.427919,39.997455],[-85.427945,39.992905],[-85.431985,39.992913],[-85.431986,39.990219],[-85.43272,39.991664],[-85.433272,39.990239],[-85.442991,39.990295],[-85.44228,40.001288],[-85.447661,40.00121],[-85.447624,40.004292]]]}},{"type":"Feature","properties":{"NAME":"Mooreland","state_abbr":"IN","state_name":"Indiana","ALAND":371271},"geometry":{"type":"Polygon","coordinates":[[[-85.25506,39.999062],[-85.255055,40.00073],[-85.253028,40.000226],[-85.252484,40.00219],[-85.248702,40.00083],[-85.248718,39.997627],[-85.247573,39.99762],[-85.248998,39.997015],[-85.248733,39.993461],[-85.254204,39.993515],[-85.253041,39.999518],[-85.25506,39.999062]],[[-85.249405,39.997622],[-85.249119,39.997014],[-85.249122,39.997621],[-85.249405,39.997622]]]}},{"type":"Feature","properties":{"NAME":"Linton","state_abbr":"IN","state_name":"Indiana","ALAND":8482245},"geometry":{"type":"Polygon","coordinates":[[[-87.18644,39.040862],[-87.185234,39.040817],[-87.185869,39.043958],[-87.17817,39.043407],[-87.171165,39.044321],[-87.171176,39.045509],[-87.159609,39.045418],[-87.157153,39.041721],[-87.150422,39.041324],[-87.147843,39.041341],[-87.147854,39.042805],[-87.139763,39.041876],[-87.138848,39.045354],[-87.13407,39.045445],[-87.134058,39.041702],[-87.13151,39.041817],[-87.131524,39.044077],[-87.129189,39.04405],[-87.129179,39.030891],[-87.131532,39.030891],[-87.133886,39.028661],[-87.133823,39.023619],[-87.136179,39.02363],[-87.13626,39.027333],[-87.138591,39.027325],[-87.1386,39.029084],[-87.143175,39.029196],[-87.143147,39.030897],[-87.145408,39.030897],[-87.145456,39.028909],[-87.147917,39.028934],[-87.147976,39.027332],[-87.157312,39.027261],[-87.156443,39.023613],[-87.171264,39.023652],[-87.171241,39.030923],[-87.182354,39.031027],[-87.182345,39.034509],[-87.185218,39.034516],[-87.185226,39.040041],[-87.18644,39.040862]],[[-87.148254,39.031172],[-87.147859,39.030899],[-87.147861,39.031173],[-87.148254,39.031172]]]}},{"type":"Feature","properties":{"NAME":"Logansport","state_abbr":"IN","state_name":"Indiana","ALAND":27179359},"geometry":{"type":"MultiPolygon","coordinates":[[[[-86.384917,40.710169],[-86.383932,40.712912],[-86.374572,40.713052],[-86.374585,40.714783],[-86.3833,40.714611],[-86.382099,40.7178],[-86.380341,40.717834],[-86.380389,40.720166],[-86.377594,40.720067],[-86.377,40.721679],[-86.372486,40.721676],[-86.372375,40.715623],[-86.36531,40.715628],[-86.365196,40.709913],[-86.3745,40.709912],[-86.374435,40.707052],[-86.37971,40.707022],[-86.379774,40.709902],[-86.384917,40.710169]]],[[[-86.393973,40.735127],[-86.389357,40.736096],[-86.388756,40.738665],[-86.378206,40.743969],[-86.378431,40.747705],[-86.389918,40.747513],[-86.39,40.749986],[-86.3872,40.74998],[-86.387028,40.756027],[-86.383443,40.755848],[-86.382857,40.758628],[-86.387242,40.756612],[-86.387259,40.76296],[-86.385615,40.763514],[-86.393212,40.764476],[-86.393246,40.768483],[-86.383349,40.768536],[-86.383413,40.771725],[-86.375088,40.768446],[-86.370614,40.768771],[-86.370727,40.771822],[-86.366175,40.770585],[-86.366176,40.771816],[-86.354432,40.771487],[-86.353167,40.775331],[-86.34495,40.775347],[-86.344201,40.77084],[-86.34556,40.770837],[-86.345561,40.766101],[-86.34752,40.765602],[-86.347969,40.762693],[-86.354047,40.762487],[-86.353497,40.761592],[-86.337907,40.764372],[-86.337883,40.761797],[-86.330556,40.764265],[-86.330664,40.767618],[-86.324899,40.764484],[-86.318103,40.764183],[-86.310964,40.766628],[-86.311498,40.768743],[-86.309437,40.769587],[-86.309428,40.765996],[-86.302821,40.765833],[-86.303506,40.757282],[-86.309423,40.75568],[-86.310188,40.750253],[-86.312165,40.750251],[-86.312098,40.754933],[-86.318946,40.756437],[-86.31885,40.750891],[-86.322172,40.750921],[-86.322008,40.7433],[-86.326506,40.74308],[-86.326518,40.74989],[-86.335074,40.748228],[-86.335532,40.746119],[-86.337908,40.745522],[-86.34356,40.745792],[-86.344923,40.743443],[-86.349605,40.744417],[-86.346434,40.742302],[-86.346548,40.74072],[-86.336932,40.737883],[-86.337071,40.740703],[-86.335607,40.74043],[-86.335666,40.741718],[-86.319305,40.739145],[-86.313053,40.741303],[-86.311753,40.734355],[-86.312697,40.731114],[-86.317482,40.731859],[-86.315804,40.728288],[-86.327449,40.728441],[-86.327296,40.721693],[-86.34628,40.721686],[-86.346331,40.727439],[-86.366217,40.729036],[-86.366811,40.73147],[-86.373017,40.731519],[-86.373549,40.735243],[-86.368872,40.735206],[-86.369664,40.736312],[-86.388429,40.736093],[-86.384504,40.728856],[-86.393946,40.730462],[-86.393973,40.735127]]]]}},{"type":"Feature","properties":{"NAME":"Brookville","state_abbr":"IN","state_name":"Indiana","ALAND":3618455},"geometry":{"type":"Polygon","coordinates":[[[-85.027749,39.429244],[-85.022024,39.42802],[-85.019977,39.424639],[-85.017849,39.428377],[-85.011633,39.430122],[-85.013573,39.433008],[-85.012421,39.434344],[-85.00498,39.432666],[-85.001136,39.434751],[-84.99374,39.435577],[-84.994486,39.430312],[-85.002056,39.430236],[-85.002384,39.422318],[-85.007089,39.415008],[-85.006065,39.415009],[-85.00708,39.406047],[-85.002081,39.405702],[-85.00205,39.402685],[-85.005666,39.402655],[-85.010635,39.409775],[-85.011023,39.412813],[-85.014396,39.413289],[-85.015991,39.416299],[-85.014189,39.420915],[-85.019535,39.421362],[-85.020303,39.419386],[-85.027163,39.421768],[-85.027749,39.429244]]]}},{"type":"Feature","properties":{"NAME":"Avon","state_abbr":"IN","state_name":"Indiana","ALAND":50061965},"geometry":{"type":"Polygon","coordinates":[[[-86.457128,39.718064],[-86.457091,39.747241],[-86.4478,39.747322],[-86.44757,39.732749],[-86.437418,39.732931],[-86.436545,39.74028],[-86.423324,39.7405],[-86.422872,39.745614],[-86.419768,39.745562],[-86.419742,39.747844],[-86.416982,39.747884],[-86.417813,39.74973],[-86.414119,39.750317],[-86.414138,39.754552],[-86.418136,39.754507],[-86.415382,39.751529],[-86.421363,39.75182],[-86.423738,39.757582],[-86.423823,39.762589],[-86.428615,39.762546],[-86.428753,39.769666],[-86.433478,39.769654],[-86.433466,39.764847],[-86.450105,39.76698],[-86.450155,39.769417],[-86.438268,39.769025],[-86.438319,39.776609],[-86.432449,39.776056],[-86.433134,39.779331],[-86.437799,39.77865],[-86.437787,39.780258],[-86.440232,39.780243],[-86.439658,39.78392],[-86.447453,39.783799],[-86.447645,39.798491],[-86.438317,39.798663],[-86.438496,39.805953],[-86.429158,39.806158],[-86.429001,39.792611],[-86.431579,39.791408],[-86.431553,39.789876],[-86.430269,39.791438],[-86.430136,39.784116],[-86.428623,39.784146],[-86.428571,39.782758],[-86.41997,39.782464],[-86.425754,39.782299],[-86.425758,39.77997],[-86.419515,39.772556],[-86.415635,39.77258],[-86.418396,39.766291],[-86.414217,39.766268],[-86.414188,39.76473],[-86.409383,39.765793],[-86.409383,39.770048],[-86.413434,39.769998],[-86.413231,39.77594],[-86.410765,39.777078],[-86.417876,39.777081],[-86.415063,39.778898],[-86.416493,39.781631],[-86.415603,39.784588],[-86.400239,39.78485],[-86.400155,39.78016],[-86.39905,39.777406],[-86.397702,39.777426],[-86.398826,39.775552],[-86.400897,39.775713],[-86.400647,39.777369],[-86.403666,39.777299],[-86.404914,39.781426],[-86.410184,39.78086],[-86.412417,39.778612],[-86.410564,39.778795],[-86.408757,39.776559],[-86.4087,39.773537],[-86.399589,39.772839],[-86.397184,39.774006],[-86.394916,39.772879],[-86.395056,39.776378],[-86.396528,39.777435],[-86.385856,39.777692],[-86.385755,39.78501],[-86.381203,39.785098],[-86.381441,39.799794],[-86.355839,39.800202],[-86.355923,39.804899],[-86.34576,39.802793],[-86.345441,39.793138],[-86.338374,39.793172],[-86.338395,39.79133],[-86.336081,39.791301],[-86.336026,39.787693],[-86.340784,39.787646],[-86.340089,39.781358],[-86.335919,39.78141],[-86.336455,39.776229],[-86.335639,39.777835],[-86.326637,39.778645],[-86.326903,39.776375],[-86.330133,39.776313],[-86.330156,39.774345],[-86.340202,39.775589],[-86.345243,39.778294],[-86.345453,39.785666],[-86.347872,39.785601],[-86.347708,39.778349],[-86.352614,39.778268],[-86.352549,39.770886],[-86.349419,39.770921],[-86.348296,39.763702],[-86.345758,39.763749],[-86.345817,39.767299],[-86.343506,39.764733],[-86.340837,39.765458],[-86.34098,39.768679],[-86.336361,39.76873],[-86.336306,39.764611],[-86.326804,39.765148],[-86.326703,39.756317],[-86.333682,39.756234],[-86.330776,39.75441],[-86.331386,39.753033],[-86.335224,39.752272],[-86.336202,39.754177],[-86.336128,39.749655],[-86.338486,39.749646],[-86.332972,39.748],[-86.332959,39.746184],[-86.336081,39.746179],[-86.33729,39.74772],[-86.335935,39.734333],[-86.343304,39.734406],[-86.343317,39.736882],[-86.340701,39.7369],[-86.340748,39.739825],[-86.345531,39.739806],[-86.345648,39.748958],[-86.371438,39.748469],[-86.371436,39.741118],[-86.376195,39.741066],[-86.376109,39.73374],[-86.371195,39.73391],[-86.371279,39.737506],[-86.369942,39.737506],[-86.369292,39.733822],[-86.366735,39.733851],[-86.366286,39.735907],[-86.364802,39.72655],[-86.36759,39.726476],[-86.372592,39.719107],[-86.378417,39.719057],[-86.378518,39.721444],[-86.380868,39.722273],[-86.379392,39.72524],[-86.390224,39.725326],[-86.390499,39.740864],[-86.385733,39.740941],[-86.385677,39.735896],[-86.381216,39.735981],[-86.381139,39.745079],[-86.390555,39.745445],[-86.390553,39.740864],[-86.399774,39.740729],[-86.399788,39.743575],[-86.397316,39.743583],[-86.398867,39.747427],[-86.397307,39.748097],[-86.404311,39.749334],[-86.404314,39.748022],[-86.406856,39.747998],[-86.40689,39.751639],[-86.40445,39.751669],[-86.404449,39.755401],[-86.399554,39.755442],[-86.399554,39.758159],[-86.409431,39.757896],[-86.409345,39.749658],[-86.414117,39.749636],[-86.416078,39.747775],[-86.416041,39.744239],[-86.413971,39.744245],[-86.41409,39.733386],[-86.411277,39.728601],[-86.404371,39.728652],[-86.403119,39.721781],[-86.404328,39.71873],[-86.457128,39.718064]],[[-86.438317,39.798064],[-86.439375,39.797371],[-86.438332,39.79737],[-86.438317,39.798064]],[[-86.436398,39.78495],[-86.435951,39.783985],[-86.435959,39.784957],[-86.436398,39.78495]],[[-86.436223,39.782663],[-86.435065,39.782637],[-86.43501,39.784976],[-86.435441,39.784965],[-86.436223,39.782663]],[[-86.431643,39.784076],[-86.430971,39.783515],[-86.430994,39.784094],[-86.431643,39.784076]],[[-86.430427,39.772879],[-86.428884,39.772383],[-86.428721,39.772899],[-86.430427,39.772879]],[[-86.422201,39.759123],[-86.421073,39.757889],[-86.421085,39.758946],[-86.422201,39.759123]],[[-86.421885,39.77388],[-86.42167,39.773284],[-86.421077,39.773532],[-86.421885,39.77388]],[[-86.419121,39.762446],[-86.415509,39.760202],[-86.408102,39.762462],[-86.414299,39.762551],[-86.412437,39.764435],[-86.419121,39.762446]],[[-86.418126,39.754715],[-86.41414,39.754797],[-86.414112,39.756793],[-86.417355,39.756273],[-86.418126,39.754715]],[[-86.400982,39.77264],[-86.399579,39.771473],[-86.399588,39.772643],[-86.400982,39.77264]],[[-86.385848,39.774565],[-86.383594,39.773842],[-86.383612,39.774519],[-86.385848,39.774565]],[[-86.384067,39.777735],[-86.383626,39.777113],[-86.383626,39.777743],[-86.384067,39.777735]],[[-86.382219,39.783689],[-86.381198,39.782638],[-86.3812,39.783688],[-86.382219,39.783689]],[[-86.382007,39.771107],[-86.381273,39.770429],[-86.381263,39.771152],[-86.382007,39.771107]],[[-86.381633,39.772203],[-86.37662,39.772157],[-86.376595,39.770383],[-86.366734,39.770495],[-86.366715,39.768682],[-86.361912,39.768754],[-86.360923,39.766647],[-86.360923,39.770585],[-86.363472,39.772194],[-86.359938,39.772072],[-86.362635,39.773755],[-86.362659,39.775616],[-86.358677,39.778197],[-86.358989,39.783807],[-86.362277,39.784795],[-86.362266,39.78366],[-86.364625,39.783613],[-86.364638,39.781745],[-86.366964,39.781722],[-86.366984,39.785423],[-86.371788,39.785326],[-86.371751,39.783298],[-86.374045,39.783391],[-86.375228,39.774071],[-86.381157,39.774162],[-86.381633,39.772203]],[[-86.381181,39.751434],[-86.379771,39.750823],[-86.379771,39.751467],[-86.381181,39.751434]],[[-86.381159,39.777795],[-86.38058,39.77708],[-86.380567,39.777805],[-86.381159,39.777795]],[[-86.378741,39.749249],[-86.378242,39.748379],[-86.378239,39.749247],[-86.378741,39.749249]],[[-86.377467,39.77861],[-86.376365,39.77788],[-86.376412,39.778635],[-86.377467,39.77861]],[[-86.375042,39.792566],[-86.374273,39.791353],[-86.374291,39.792578],[-86.375042,39.792566]],[[-86.374447,39.7644],[-86.372102,39.763235],[-86.372792,39.765497],[-86.371258,39.7668],[-86.374456,39.766769],[-86.374447,39.7644]],[[-86.373929,39.749524],[-86.373536,39.748439],[-86.373559,39.749515],[-86.373929,39.749524]],[[-86.373692,39.793644],[-86.371918,39.792622],[-86.371922,39.793297],[-86.373692,39.793644]],[[-86.373055,39.762076],[-86.37242,39.761053],[-86.371527,39.761053],[-86.371539,39.762659],[-86.373055,39.762076]],[[-86.366094,39.792727],[-86.363371,39.792266],[-86.362361,39.789085],[-86.362448,39.792837],[-86.366094,39.792727]],[[-86.364407,39.786853],[-86.362285,39.78551],[-86.362308,39.786875],[-86.364407,39.786853]],[[-86.364395,39.7887],[-86.363585,39.78703],[-86.362314,39.787051],[-86.362357,39.788889],[-86.364395,39.7887]],[[-86.363364,39.794369],[-86.362463,39.793764],[-86.362473,39.794385],[-86.363364,39.794369]],[[-86.359757,39.79287],[-86.358755,39.791958],[-86.358758,39.79288],[-86.359757,39.79287]],[[-86.356546,39.770676],[-86.355474,39.767433],[-86.352723,39.767543],[-86.35296,39.770801],[-86.356546,39.770676]],[[-86.354748,39.778235],[-86.353644,39.776903],[-86.353667,39.77826],[-86.354748,39.778235]],[[-86.353381,39.762713],[-86.353322,39.759359],[-86.350473,39.759392],[-86.350471,39.7635],[-86.350709,39.762285],[-86.353381,39.762713]],[[-86.349656,39.793088],[-86.347058,39.793018],[-86.347674,39.795678],[-86.349691,39.795637],[-86.349656,39.793088]],[[-86.345648,39.748958],[-86.344001,39.748973],[-86.34396,39.745295],[-86.339288,39.745313],[-86.33856,39.752625],[-86.339729,39.752627],[-86.338427,39.75631],[-86.34321,39.756315],[-86.343197,39.754668],[-86.345693,39.754642],[-86.345648,39.748958]],[[-86.437388,39.798755],[-86.438315,39.79839],[-86.437358,39.798397],[-86.437388,39.798755]]]}},{"type":"Feature","properties":{"NAME":"Brownsburg","state_abbr":"IN","state_name":"Indiana","ALAND":44037306},"geometry":{"type":"Polygon","coordinates":[[[-86.439599,39.871568],[-86.430253,39.871083],[-86.430297,39.860263],[-86.42865,39.860298],[-86.427465,39.865859],[-86.424898,39.863539],[-86.425399,39.872426],[-86.420651,39.869428],[-86.420601,39.865231],[-86.416267,39.865305],[-86.416103,39.857778],[-86.411351,39.857849],[-86.41151,39.863872],[-86.413213,39.865346],[-86.411274,39.865467],[-86.411314,39.868601],[-86.41592,39.868551],[-86.416069,39.875762],[-86.411175,39.875356],[-86.411136,39.872758],[-86.406531,39.872771],[-86.4051,39.865316],[-86.409578,39.865294],[-86.40954,39.863675],[-86.400914,39.861742],[-86.39352,39.865509],[-86.396995,39.867253],[-86.397071,39.871323],[-86.395804,39.871871],[-86.401851,39.872791],[-86.4019,39.878271],[-86.392461,39.878251],[-86.39146,39.872525],[-86.393101,39.87144],[-86.393031,39.869245],[-86.392316,39.870994],[-86.387624,39.871036],[-86.388301,39.862191],[-86.386886,39.862201],[-86.387403,39.865586],[-86.383086,39.865652],[-86.382977,39.858503],[-86.379526,39.858517],[-86.3799,39.867495],[-86.378478,39.865675],[-86.3785,39.86962],[-86.36997,39.86995],[-86.36859,39.865747],[-86.366817,39.865754],[-86.363697,39.862234],[-86.363695,39.854896],[-86.358149,39.855052],[-86.358074,39.851509],[-86.36688,39.851309],[-86.366836,39.849383],[-86.364412,39.849383],[-86.36433,39.845481],[-86.358826,39.845453],[-86.358946,39.850767],[-86.354121,39.851601],[-86.354066,39.849682],[-86.351597,39.849791],[-86.35139,39.843512],[-86.349342,39.843548],[-86.349678,39.838461],[-86.336769,39.833098],[-86.336706,39.830568],[-86.341556,39.831684],[-86.341516,39.829777],[-86.345374,39.829741],[-86.346397,39.831636],[-86.346233,39.823882],[-86.34147,39.821802],[-86.34154,39.826124],[-86.334264,39.826259],[-86.334402,39.823788],[-86.331992,39.822643],[-86.331929,39.820076],[-86.336409,39.821826],[-86.337255,39.819972],[-86.327149,39.815576],[-86.326805,39.800646],[-86.345715,39.800299],[-86.34576,39.802793],[-86.355923,39.804899],[-86.355839,39.800202],[-86.390998,39.799607],[-86.391948,39.800842],[-86.393677,39.799554],[-86.402907,39.79937],[-86.402863,39.796891],[-86.40049,39.79694],[-86.400439,39.795132],[-86.40519,39.795057],[-86.405238,39.797329],[-86.414744,39.796088],[-86.414907,39.806451],[-86.400681,39.806685],[-86.40084,39.813181],[-86.402642,39.813146],[-86.402685,39.814614],[-86.400888,39.815495],[-86.405646,39.816009],[-86.405737,39.820298],[-86.40102,39.822241],[-86.40578,39.822163],[-86.405111,39.824373],[-86.407739,39.825683],[-86.405861,39.825754],[-86.406664,39.827104],[-86.404421,39.827243],[-86.404435,39.828491],[-86.415465,39.828388],[-86.415532,39.833973],[-86.410215,39.834017],[-86.407405,39.837706],[-86.404439,39.836466],[-86.40296,39.839998],[-86.410947,39.839797],[-86.411048,39.845946],[-86.410033,39.846748],[-86.404807,39.8441],[-86.404293,39.845324],[-86.401552,39.84512],[-86.401625,39.847739],[-86.406413,39.849767],[-86.407573,39.846491],[-86.409033,39.847229],[-86.408389,39.848309],[-86.410082,39.847749],[-86.410846,39.849462],[-86.411126,39.848236],[-86.411219,39.849693],[-86.409148,39.85053],[-86.41158,39.850485],[-86.411544,39.84841],[-86.420707,39.851722],[-86.420596,39.84664],[-86.415858,39.846728],[-86.415766,39.843055],[-86.413839,39.843095],[-86.413783,39.841881],[-86.425206,39.842872],[-86.425133,39.839213],[-86.426651,39.837635],[-86.425127,39.837662],[-86.424982,39.832568],[-86.434366,39.831729],[-86.434282,39.828079],[-86.438962,39.828004],[-86.43787,39.833522],[-86.439105,39.834355],[-86.439297,39.842628],[-86.426971,39.841394],[-86.425146,39.844129],[-86.429631,39.845578],[-86.425263,39.845737],[-86.425308,39.848182],[-86.430039,39.848193],[-86.428302,39.850171],[-86.430111,39.851536],[-86.430178,39.854835],[-86.425402,39.853436],[-86.425472,39.85632],[-86.43865,39.859812],[-86.439599,39.871568]],[[-86.402452,39.824997],[-86.403016,39.824107],[-86.402426,39.824118],[-86.402452,39.824997]],[[-86.402111,39.832741],[-86.401213,39.83179],[-86.401227,39.832756],[-86.402111,39.832741]],[[-86.401983,39.830845],[-86.401196,39.830637],[-86.401199,39.830857],[-86.401983,39.830845]],[[-86.401971,39.830186],[-86.401185,39.82998],[-86.401189,39.830198],[-86.401971,39.830186]],[[-86.40106,39.824151],[-86.40174,39.822586],[-86.401028,39.822601],[-86.40106,39.824151]],[[-86.399311,39.814069],[-86.397512,39.813691],[-86.397517,39.814119],[-86.399311,39.814069]],[[-86.393014,39.868559],[-86.392374,39.865507],[-86.392274,39.868554],[-86.393014,39.868559]],[[-86.393027,39.869108],[-86.392273,39.868829],[-86.392277,39.869102],[-86.393027,39.869108]],[[-86.391546,39.802734],[-86.391024,39.800863],[-86.391069,39.802982],[-86.391546,39.802734]],[[-86.391155,39.806901],[-86.391074,39.803228],[-86.38632,39.803338],[-86.386392,39.807007],[-86.391155,39.806901]],[[-86.379193,39.818158],[-86.377211,39.818178],[-86.377259,39.819486],[-86.379193,39.818158]],[[-86.375259,39.866156],[-86.373388,39.865707],[-86.373381,39.866162],[-86.375259,39.866156]],[[-86.370972,39.833889],[-86.3693,39.832894],[-86.367992,39.832387],[-86.367999,39.83313],[-86.370972,39.833889]],[[-86.36823,39.842357],[-86.363387,39.841505],[-86.363412,39.842382],[-86.36823,39.842357]],[[-86.367979,39.832178],[-86.36795,39.830667],[-86.366503,39.830674],[-86.367979,39.832178]],[[-86.366804,39.822107],[-86.362879,39.82207],[-86.361762,39.817403],[-86.362831,39.817393],[-86.362639,39.807562],[-86.351839,39.807714],[-86.351925,39.812545],[-86.35395,39.812508],[-86.35427,39.81492],[-86.352357,39.822269],[-86.355716,39.822208],[-86.355909,39.829745],[-86.363178,39.831216],[-86.360887,39.829967],[-86.363148,39.829934],[-86.363076,39.825377],[-86.366854,39.824027],[-86.366804,39.822107]],[[-86.400681,39.806685],[-86.400647,39.804849],[-86.405367,39.804774],[-86.405301,39.802916],[-86.397479,39.804522],[-86.397536,39.806767],[-86.400681,39.806685]],[[-86.401004,39.821397],[-86.400916,39.817709],[-86.391454,39.817913],[-86.391536,39.82159],[-86.401004,39.821397]]]}},{"type":"Feature","properties":{"NAME":"Plainfield","state_abbr":"IN","state_name":"Indiana","ALAND":69658191},"geometry":{"type":"Polygon","coordinates":[[[-86.447416,39.700473],[-86.437806,39.702385],[-86.437839,39.704891],[-86.440863,39.704849],[-86.440948,39.710825],[-86.435611,39.70932],[-86.435714,39.715472],[-86.437984,39.715422],[-86.437984,39.71845],[-86.433086,39.716852],[-86.431108,39.717683],[-86.431109,39.716185],[-86.429654,39.716563],[-86.43022,39.718352],[-86.418778,39.718633],[-86.419032,39.716274],[-86.42696,39.71597],[-86.426934,39.711701],[-86.429763,39.711675],[-86.425455,39.710357],[-86.422187,39.707182],[-86.418763,39.707554],[-86.41982,39.709051],[-86.418303,39.711162],[-86.414182,39.709905],[-86.416357,39.713609],[-86.420392,39.713551],[-86.418864,39.715119],[-86.407498,39.715265],[-86.404416,39.710698],[-86.402483,39.711447],[-86.402859,39.710111],[-86.397402,39.711411],[-86.399497,39.711369],[-86.398267,39.714962],[-86.390134,39.715215],[-86.390144,39.718879],[-86.399533,39.720576],[-86.39476,39.721591],[-86.396618,39.723564],[-86.399535,39.72352],[-86.399535,39.72565],[-86.384382,39.725519],[-86.384392,39.72423],[-86.380886,39.72421],[-86.378417,39.719057],[-86.380828,39.719029],[-86.380751,39.715417],[-86.376147,39.716562],[-86.37598,39.719079],[-86.373245,39.719098],[-86.373254,39.717283],[-86.366429,39.718851],[-86.369517,39.719149],[-86.368922,39.721754],[-86.37048,39.722268],[-86.36759,39.726476],[-86.361415,39.726573],[-86.361336,39.732133],[-86.358984,39.732178],[-86.358994,39.734],[-86.366131,39.733859],[-86.366805,39.735919],[-86.366735,39.733851],[-86.369292,39.733822],[-86.369942,39.737506],[-86.371279,39.737506],[-86.371438,39.748469],[-86.345648,39.748958],[-86.345531,39.739806],[-86.340748,39.739825],[-86.340701,39.7369],[-86.343317,39.736882],[-86.343304,39.734406],[-86.338209,39.735326],[-86.337456,39.732119],[-86.336007,39.732131],[-86.331219,39.733843],[-86.335959,39.736108],[-86.336081,39.746179],[-86.332959,39.746184],[-86.333839,39.748995],[-86.326674,39.750124],[-86.32656,39.736197],[-86.328946,39.736183],[-86.326552,39.735477],[-86.326584,39.671795],[-86.334883,39.671807],[-86.339337,39.670049],[-86.340583,39.663433],[-86.335819,39.657832],[-86.33851,39.65735],[-86.33582,39.65625],[-86.33926,39.655908],[-86.340289,39.653733],[-86.331111,39.653933],[-86.331116,39.659138],[-86.328225,39.661302],[-86.32821,39.657692],[-86.326423,39.657707],[-86.326395,39.650379],[-86.337116,39.650168],[-86.335767,39.649909],[-86.335737,39.646552],[-86.339528,39.646493],[-86.340437,39.639144],[-86.357717,39.638761],[-86.356572,39.641916],[-86.370513,39.641607],[-86.370276,39.658144],[-86.374672,39.657989],[-86.375597,39.66377],[-86.37989,39.663568],[-86.387256,39.660248],[-86.38983,39.661786],[-86.389831,39.663586],[-86.392251,39.663572],[-86.392277,39.667201],[-86.403959,39.667163],[-86.403929,39.665278],[-86.408687,39.665232],[-86.408637,39.659798],[-86.40985,39.659788],[-86.410311,39.663411],[-86.413405,39.663391],[-86.413454,39.667073],[-86.416238,39.667024],[-86.416265,39.668866],[-86.413424,39.668898],[-86.413447,39.670704],[-86.408739,39.670754],[-86.409463,39.67518],[-86.413551,39.675143],[-86.413588,39.678],[-86.415995,39.677977],[-86.416026,39.680419],[-86.418385,39.681507],[-86.431713,39.681455],[-86.432204,39.674139],[-86.435081,39.674101],[-86.435227,39.685082],[-86.43151,39.685128],[-86.433042,39.688497],[-86.431101,39.688544],[-86.431134,39.693061],[-86.434418,39.691943],[-86.434424,39.696208],[-86.437786,39.696208],[-86.437812,39.690785],[-86.447164,39.687815],[-86.447416,39.700473]],[[-86.429931,39.711687],[-86.431125,39.710975],[-86.429954,39.710993],[-86.429931,39.711687]],[[-86.428282,39.696314],[-86.429698,39.695058],[-86.429695,39.693713],[-86.428236,39.694219],[-86.428282,39.696314]],[[-86.424583,39.697905],[-86.424558,39.695459],[-86.422413,39.696185],[-86.422751,39.698037],[-86.424583,39.697905]],[[-86.407054,39.673263],[-86.406351,39.670794],[-86.404008,39.670833],[-86.404037,39.675138],[-86.407054,39.673263]],[[-86.404162,39.680262],[-86.402723,39.680275],[-86.401533,39.676814],[-86.399316,39.676823],[-86.399409,39.681818],[-86.404193,39.681785],[-86.404162,39.680262]],[[-86.39981,39.673446],[-86.399782,39.670921],[-86.397553,39.670925],[-86.39759,39.674372],[-86.39981,39.673446]],[[-86.393684,39.669812],[-86.394494,39.667813],[-86.393659,39.667822],[-86.393684,39.669812]],[[-86.390601,39.673773],[-86.389917,39.667206],[-86.389092,39.667202],[-86.388547,39.671818],[-86.390601,39.673773]],[[-86.364125,39.661824],[-86.364073,39.653196],[-86.362875,39.656472],[-86.364048,39.656442],[-86.364125,39.661824]],[[-86.362664,39.6458],[-86.357343,39.644751],[-86.358421,39.646933],[-86.356875,39.645292],[-86.356348,39.646975],[-86.354532,39.647066],[-86.362716,39.647614],[-86.362664,39.6458]],[[-86.357709,39.656668],[-86.356548,39.655576],[-86.35676,39.656691],[-86.357709,39.656668]],[[-86.356138,39.655444],[-86.357018,39.653568],[-86.354798,39.653445],[-86.356138,39.655444]],[[-86.357456,39.643326],[-86.353295,39.644085],[-86.352189,39.646242],[-86.357357,39.644487],[-86.357456,39.643326]],[[-86.353481,39.653474],[-86.35449,39.651459],[-86.353438,39.651484],[-86.353481,39.653474]],[[-86.350705,39.646836],[-86.350118,39.646287],[-86.349907,39.646849],[-86.350705,39.646836]],[[-86.345412,39.728309],[-86.344432,39.726958],[-86.33976,39.726972],[-86.339755,39.728352],[-86.337156,39.728821],[-86.345412,39.728309]],[[-86.342707,39.653393],[-86.342414,39.652718],[-86.342354,39.653708],[-86.342707,39.653393]],[[-86.33691,39.651756],[-86.33577,39.651405],[-86.335774,39.651809],[-86.33691,39.651756]],[[-86.33593,39.731885],[-86.335904,39.72836],[-86.331208,39.729552],[-86.331241,39.732097],[-86.33593,39.731885]],[[-86.335896,39.725089],[-86.3312,39.725529],[-86.327877,39.727932],[-86.335902,39.72612],[-86.335896,39.725089]],[[-86.335889,39.723621],[-86.335111,39.719517],[-86.335114,39.721915],[-86.333124,39.722459],[-86.335889,39.723621]]]}},{"type":"Feature","properties":{"NAME":"Pittsboro","state_abbr":"IN","state_name":"Indiana","ALAND":10577357},"geometry":{"type":"Polygon","coordinates":[[[-86.496218,39.87903],[-86.481141,39.879084],[-86.484663,39.879791],[-86.484629,39.886333],[-86.472771,39.886326],[-86.472749,39.88461],[-86.468031,39.884633],[-86.468031,39.886571],[-86.458724,39.886638],[-86.458746,39.883019],[-86.449208,39.883073],[-86.449164,39.879708],[-86.444558,39.879583],[-86.446368,39.87219],[-86.444349,39.872208],[-86.444239,39.864927],[-86.438718,39.864956],[-86.438646,39.859924],[-86.440419,39.860392],[-86.44046,39.862656],[-86.448965,39.862505],[-86.448906,39.858497],[-86.450446,39.857376],[-86.448726,39.856882],[-86.449149,39.849836],[-86.457869,39.84982],[-86.458122,39.856873],[-86.460357,39.856871],[-86.460334,39.853413],[-86.467976,39.853275],[-86.468023,39.855514],[-86.477636,39.856053],[-86.477467,39.860188],[-86.474306,39.860136],[-86.474028,39.865759],[-86.477274,39.866575],[-86.476963,39.870114],[-86.496186,39.875302],[-86.496218,39.87903]],[[-86.463304,39.873071],[-86.462446,39.872021],[-86.462447,39.873045],[-86.463304,39.873071]],[[-86.460435,39.877364],[-86.455673,39.876194],[-86.454545,39.879758],[-86.45999,39.879641],[-86.460435,39.877364]]]}},{"type":"Feature","properties":{"NAME":"Stilesville","state_abbr":"IN","state_name":"Indiana","ALAND":965759},"geometry":{"type":"Polygon","coordinates":[[[-86.639503,39.628995],[-86.639963,39.63952],[-86.637476,39.640978],[-86.631032,39.642513],[-86.626313,39.641657],[-86.626329,39.635961],[-86.634524,39.635964],[-86.637077,39.630087],[-86.639503,39.628995]]]}},{"type":"Feature","properties":{"NAME":"Fort Branch","state_abbr":"IN","state_name":"Indiana","ALAND":2818067},"geometry":{"type":"Polygon","coordinates":[[[-87.583631,38.255615],[-87.581049,38.252894],[-87.576447,38.252624],[-87.576396,38.255135],[-87.57367,38.257684],[-87.568042,38.257373],[-87.568253,38.243337],[-87.565537,38.243308],[-87.565531,38.241707],[-87.558971,38.241432],[-87.559011,38.237763],[-87.581791,38.238224],[-87.581673,38.243426],[-87.583596,38.245621],[-87.582378,38.251239],[-87.583631,38.255615]]]}},{"type":"Feature","properties":{"NAME":"Haubstadt","state_abbr":"IN","state_name":"Indiana","ALAND":1847030},"geometry":{"type":"Polygon","coordinates":[[[-87.586823,38.201427],[-87.58681,38.206919],[-87.579666,38.206958],[-87.579616,38.209884],[-87.5687,38.209883],[-87.568014,38.20464],[-87.564185,38.205057],[-87.563692,38.197192],[-87.568841,38.200297],[-87.575665,38.199844],[-87.575754,38.196108],[-87.577599,38.196148],[-87.578255,38.19983],[-87.579879,38.200798],[-87.586823,38.201427]]]}},{"type":"Feature","properties":{"NAME":"Oakland City","state_abbr":"IN","state_name":"Indiana","ALAND":2644047},"geometry":{"type":"Polygon","coordinates":[[[-87.366734,38.330264],[-87.366709,38.333093],[-87.359833,38.333781],[-87.359926,38.337505],[-87.357515,38.33685],[-87.357549,38.334778],[-87.355633,38.335466],[-87.355575,38.337481],[-87.358062,38.338436],[-87.35807,38.341177],[-87.348931,38.342482],[-87.3488,38.347939],[-87.344117,38.351319],[-87.344178,38.347489],[-87.342333,38.347523],[-87.341451,38.343724],[-87.339572,38.343602],[-87.338566,38.336607],[-87.339741,38.336607],[-87.339956,38.331378],[-87.345845,38.330462],[-87.347926,38.331343],[-87.347724,38.332745],[-87.349342,38.332484],[-87.350975,38.328026],[-87.352992,38.329052],[-87.355043,38.333741],[-87.358162,38.333666],[-87.35818,38.331405],[-87.360718,38.33172],[-87.362422,38.328853],[-87.365922,38.328865],[-87.364256,38.330271],[-87.366734,38.330264]]]}},{"type":"Feature","properties":{"NAME":"Markle","state_abbr":"IN","state_name":"Indiana","ALAND":3758073},"geometry":{"type":"Polygon","coordinates":[[[-85.361707,40.83779],[-85.354724,40.837801],[-85.354804,40.842319],[-85.344928,40.842426],[-85.345069,40.837869],[-85.349932,40.837801],[-85.349853,40.832247],[-85.344911,40.830615],[-85.335383,40.830647],[-85.335312,40.835556],[-85.33236,40.835737],[-85.33319,40.834117],[-85.330633,40.832529],[-85.330502,40.830592],[-85.323523,40.830557],[-85.323506,40.825005],[-85.319667,40.825131],[-85.31963,40.823154],[-85.322468,40.821241],[-85.327707,40.821672],[-85.327723,40.820109],[-85.3338,40.820085],[-85.335701,40.821756],[-85.346267,40.821505],[-85.353139,40.825237],[-85.349902,40.826005],[-85.349787,40.827372],[-85.359404,40.83146],[-85.359467,40.835874],[-85.361707,40.83779]]]}},{"type":"Feature","properties":{"NAME":"Mount Etna","state_abbr":"IN","state_name":"Indiana","ALAND":302614},"geometry":{"type":"Polygon","coordinates":[[[-85.564642,40.738534],[-85.564653,40.744388],[-85.562007,40.744893],[-85.558313,40.741509],[-85.559404,40.738381],[-85.561921,40.738395],[-85.561902,40.736995],[-85.564642,40.738534]]]}},{"type":"Feature","properties":{"NAME":"Warren","state_abbr":"IN","state_name":"Indiana","ALAND":2803977},"geometry":{"type":"Polygon","coordinates":[[[-85.439451,40.690397],[-85.437769,40.693623],[-85.435305,40.69361],[-85.435358,40.69721],[-85.423554,40.697189],[-85.423406,40.693569],[-85.420985,40.692704],[-85.418923,40.697208],[-85.418955,40.696021],[-85.416099,40.696329],[-85.416119,40.689915],[-85.417961,40.686492],[-85.414308,40.680852],[-85.416489,40.680838],[-85.417465,40.678189],[-85.416508,40.676053],[-85.414385,40.676048],[-85.414297,40.672542],[-85.411285,40.671792],[-85.414627,40.671618],[-85.414568,40.675432],[-85.417673,40.674859],[-85.4196,40.676896],[-85.422634,40.675481],[-85.423895,40.67968],[-85.432479,40.683712],[-85.432579,40.685589],[-85.429619,40.684695],[-85.426473,40.685931],[-85.42936,40.690612],[-85.43602,40.68769],[-85.439451,40.690397]]]}},{"type":"Feature","properties":{"NAME":"Lagrange","state_abbr":"IN","state_name":"Indiana","ALAND":4624552},"geometry":{"type":"Polygon","coordinates":[[[-85.427653,41.657102],[-85.425134,41.657126],[-85.425367,41.670348],[-85.416691,41.670389],[-85.41647,41.65598],[-85.423173,41.654952],[-85.420092,41.652374],[-85.406971,41.652359],[-85.40698,41.648751],[-85.402649,41.648808],[-85.402622,41.646238],[-85.406976,41.644998],[-85.406908,41.641502],[-85.413114,41.641457],[-85.413798,41.639152],[-85.412579,41.635675],[-85.406743,41.635769],[-85.406707,41.634123],[-85.418961,41.632337],[-85.416301,41.631741],[-85.416167,41.626896],[-85.42229,41.627337],[-85.422358,41.63006],[-85.418923,41.630101],[-85.419895,41.634158],[-85.424732,41.633711],[-85.424828,41.637887],[-85.426868,41.637846],[-85.425157,41.656094],[-85.427653,41.657102]]]}},{"type":"Feature","properties":{"NAME":"Shipshewana","state_abbr":"IN","state_name":"Indiana","ALAND":3533508},"geometry":{"type":"Polygon","coordinates":[[[-85.586837,41.676277],[-85.581344,41.679894],[-85.581703,41.690437],[-85.563599,41.688836],[-85.56356,41.687454],[-85.566231,41.687418],[-85.566267,41.683823],[-85.573685,41.683665],[-85.573626,41.680024],[-85.570996,41.680034],[-85.570749,41.669198],[-85.579229,41.668989],[-85.579094,41.661823],[-85.568321,41.661956],[-85.568186,41.656879],[-85.571606,41.656866],[-85.571559,41.654673],[-85.580339,41.654576],[-85.582076,41.665438],[-85.585315,41.665353],[-85.585359,41.667841],[-85.582117,41.667887],[-85.582169,41.670965],[-85.585454,41.670968],[-85.585483,41.675737],[-85.586837,41.676277]],[[-85.580674,41.683425],[-85.579494,41.682746],[-85.579516,41.683425],[-85.580674,41.683425]]]}},{"type":"Feature","properties":{"NAME":"Topeka","state_abbr":"IN","state_name":"Indiana","ALAND":4179390},"geometry":{"type":"Polygon","coordinates":[[[-85.57813,41.538925],[-85.555253,41.53933],[-85.556195,41.54282],[-85.54905,41.543003],[-85.54919,41.55021],[-85.541907,41.550273],[-85.541884,41.546675],[-85.529829,41.546661],[-85.528094,41.535826],[-85.537403,41.536076],[-85.537417,41.532008],[-85.558516,41.531983],[-85.558535,41.535648],[-85.578058,41.535393],[-85.57813,41.538925]]]}},{"type":"Feature","properties":{"NAME":"New Amsterdam","state_abbr":"IN","state_name":"Indiana","ALAND":195653},"geometry":{"type":"Polygon","coordinates":[[[-86.279135,38.100753],[-86.277945,38.105017],[-86.273137,38.104146],[-86.273467,38.099603],[-86.279135,38.100753]]]}},{"type":"Feature","properties":{"NAME":"Churubusco","state_abbr":"IN","state_name":"Indiana","ALAND":2727923},"geometry":{"type":"Polygon","coordinates":[[[-85.334815,41.237573],[-85.334769,41.240816],[-85.333635,41.240813],[-85.323984,41.237627],[-85.323939,41.238846],[-85.319103,41.238785],[-85.319144,41.237086],[-85.312371,41.236786],[-85.309502,41.235192],[-85.309729,41.219502],[-85.315516,41.218769],[-85.317164,41.22419],[-85.31945,41.224238],[-85.319417,41.226038],[-85.32752,41.226278],[-85.329068,41.225033],[-85.329034,41.227106],[-85.326419,41.228118],[-85.327533,41.23069],[-85.329014,41.230728],[-85.328888,41.236237],[-85.332857,41.235127],[-85.334815,41.237573]]]}},{"type":"Feature","properties":{"NAME":"Cedar Grove","state_abbr":"IN","state_name":"Indiana","ALAND":390802},"geometry":{"type":"Polygon","coordinates":[[[-84.942978,39.353732],[-84.942835,39.35575],[-84.93887,39.357419],[-84.938858,39.359341],[-84.93365,39.358122],[-84.93241,39.360173],[-84.932311,39.355301],[-84.933755,39.353805],[-84.942978,39.353732]]]}},{"type":"Feature","properties":{"NAME":"Laurel","state_abbr":"IN","state_name":"Indiana","ALAND":616478},"geometry":{"type":"MultiPolygon","coordinates":[[[[-85.19204,39.498002],[-85.191942,39.500208],[-85.188059,39.500867],[-85.190944,39.50191],[-85.190952,39.503395],[-85.188692,39.502301],[-85.185523,39.505057],[-85.181534,39.503363],[-85.181943,39.499547],[-85.187747,39.497261],[-85.187334,39.49557],[-85.188104,39.497137],[-85.19204,39.498002]]],[[[-85.193851,39.504494],[-85.193795,39.508442],[-85.18928,39.505461],[-85.18928,39.504306],[-85.193851,39.504494]]]]}},{"type":"Feature","properties":{"NAME":"Oldenburg","state_abbr":"IN","state_name":"Indiana","ALAND":1113303},"geometry":{"type":"Polygon","coordinates":[[[-85.213437,39.343249],[-85.199387,39.343315],[-85.199305,39.340628],[-85.19451,39.339648],[-85.194591,39.335972],[-85.203914,39.336129],[-85.203915,39.333947],[-85.208473,39.334001],[-85.208433,39.33116],[-85.209718,39.331143],[-85.210672,39.339117],[-85.209071,39.339115],[-85.209105,39.341372],[-85.213425,39.341425],[-85.213437,39.343249]]]}},{"type":"Feature","properties":{"NAME":"Ossian","state_abbr":"IN","state_name":"Indiana","ALAND":4638895},"geometry":{"type":"Polygon","coordinates":[[[-85.180432,40.868695],[-85.177203,40.868742],[-85.177318,40.87705],[-85.179371,40.876941],[-85.179669,40.883138],[-85.177396,40.883181],[-85.177465,40.88775],[-85.168942,40.887904],[-85.166477,40.88995],[-85.163,40.888014],[-85.156656,40.888152],[-85.156636,40.880837],[-85.152187,40.880917],[-85.152083,40.873657],[-85.166591,40.873473],[-85.164442,40.870215],[-85.161564,40.870692],[-85.159352,40.867878],[-85.156947,40.868189],[-85.156859,40.86572],[-85.165586,40.865668],[-85.16444,40.869999],[-85.166558,40.870419],[-85.166415,40.86384],[-85.177131,40.863715],[-85.17717,40.866128],[-85.180407,40.866087],[-85.180432,40.868695]]]}},{"type":"Feature","properties":{"NAME":"Uniondale","state_abbr":"IN","state_name":"Indiana","ALAND":543546},"geometry":{"type":"Polygon","coordinates":[[[-85.24603,40.830179],[-85.243477,40.830183],[-85.245526,40.834881],[-85.240903,40.834897],[-85.240842,40.831043],[-85.228116,40.830161],[-85.23539,40.830066],[-85.242142,40.826145],[-85.246009,40.825716],[-85.24603,40.830179]]]}},{"type":"Feature","properties":{"NAME":"Anderson","state_abbr":"IN","state_name":"Indiana","ALAND":107931284},"geometry":{"type":"Polygon","coordinates":[[[-85.763141,40.028781],[-85.75837,40.028811],[-85.758398,40.040356],[-85.748864,40.04136],[-85.748921,40.105075],[-85.744051,40.105076],[-85.744049,40.101621],[-85.739488,40.101584],[-85.739504,40.097767],[-85.737166,40.097767],[-85.73717,40.094137],[-85.734796,40.09414],[-85.734805,40.090719],[-85.730089,40.091667],[-85.730084,40.094101],[-85.7321,40.094115],[-85.732104,40.095481],[-85.730084,40.095468],[-85.730095,40.097824],[-85.728728,40.097827],[-85.728719,40.10086],[-85.730062,40.101481],[-85.729926,40.109183],[-85.728549,40.109107],[-85.72808,40.110952],[-85.729156,40.112184],[-85.729978,40.109183],[-85.734354,40.110615],[-85.734351,40.108746],[-85.732078,40.108738],[-85.732087,40.106018],[-85.734801,40.106015],[-85.734799,40.108754],[-85.739378,40.108744],[-85.739344,40.112391],[-85.748899,40.110569],[-85.748665,40.135039],[-85.709883,40.135084],[-85.709929,40.137002],[-85.705181,40.136852],[-85.705207,40.135096],[-85.694987,40.135146],[-85.695712,40.140867],[-85.690962,40.140868],[-85.690941,40.142499],[-85.689501,40.142503],[-85.685417,40.138881],[-85.686252,40.135714],[-85.688165,40.135173],[-85.681607,40.135198],[-85.681425,40.149749],[-85.673945,40.14988],[-85.672451,40.152161],[-85.669918,40.149288],[-85.66993,40.146671],[-85.667239,40.145497],[-85.672042,40.144561],[-85.672099,40.135222],[-85.667406,40.135252],[-85.664117,40.137377],[-85.664416,40.135253],[-85.660909,40.135278],[-85.661091,40.145257],[-85.659595,40.145641],[-85.661047,40.146092],[-85.660969,40.153367],[-85.658821,40.153332],[-85.660992,40.155178],[-85.659105,40.155577],[-85.660203,40.156778],[-85.655016,40.156881],[-85.655183,40.159169],[-85.652726,40.159125],[-85.651432,40.158477],[-85.651425,40.14433],[-85.653856,40.144329],[-85.654966,40.142312],[-85.653753,40.137431],[-85.655664,40.135277],[-85.632522,40.135194],[-85.632517,40.138048],[-85.630717,40.138051],[-85.630721,40.13947],[-85.625933,40.139474],[-85.625933,40.135811],[-85.629383,40.135188],[-85.629409,40.131487],[-85.633589,40.131494],[-85.6336,40.116903],[-85.624079,40.116946],[-85.626606,40.113603],[-85.604832,40.113445],[-85.604832,40.106855],[-85.599999,40.106088],[-85.604395,40.102486],[-85.607678,40.102466],[-85.606751,40.100879],[-85.612123,40.097216],[-85.612089,40.09897],[-85.61457,40.098977],[-85.612046,40.101793],[-85.614573,40.102393],[-85.614575,40.108204],[-85.626442,40.108134],[-85.627658,40.112232],[-85.633578,40.113658],[-85.633583,40.102421],[-85.620657,40.102846],[-85.62285,40.100498],[-85.633582,40.10229],[-85.633564,40.092922],[-85.627676,40.094082],[-85.62518,40.091445],[-85.627197,40.090687],[-85.625857,40.088806],[-85.633596,40.087019],[-85.626307,40.08829],[-85.619987,40.091367],[-85.633622,40.084044],[-85.633619,40.047445],[-85.63681,40.046217],[-85.643685,40.047338],[-85.643689,40.040836],[-85.641816,40.040846],[-85.641792,40.036593],[-85.643648,40.036576],[-85.643612,40.033453],[-85.653179,40.034459],[-85.653203,40.039725],[-85.650905,40.040797],[-85.653215,40.040812],[-85.652964,40.045294],[-85.654987,40.045283],[-85.654947,40.046451],[-85.65842,40.046225],[-85.655283,40.040756],[-85.661419,40.040727],[-85.661746,40.043868],[-85.677932,40.043987],[-85.677928,40.045062],[-85.673215,40.045044],[-85.673186,40.047116],[-85.700995,40.046954],[-85.700992,40.04556],[-85.702667,40.045547],[-85.711153,40.046834],[-85.711153,40.041096],[-85.714399,40.040227],[-85.714626,40.0379],[-85.717455,40.037035],[-85.717853,40.034597],[-85.723465,40.034447],[-85.726652,40.030499],[-85.732337,40.032802],[-85.731925,40.03456],[-85.748018,40.030022],[-85.756868,40.025684],[-85.763128,40.019563],[-85.763141,40.028781]],[[-85.744462,40.046374],[-85.744446,40.04345],[-85.743114,40.04346],[-85.743106,40.046564],[-85.744462,40.046374]],[[-85.739474,40.044311],[-85.729978,40.043487],[-85.728983,40.040442],[-85.725801,40.046678],[-85.739476,40.046527],[-85.739474,40.044311]],[[-85.719397,40.04547],[-85.717837,40.04476],[-85.717814,40.045469],[-85.719397,40.04547]],[[-85.702489,40.116446],[-85.694662,40.116853],[-85.685657,40.119642],[-85.682247,40.129357],[-85.690711,40.129387],[-85.691697,40.120082],[-85.701334,40.119992],[-85.702489,40.116446]],[[-85.690236,40.135975],[-85.689696,40.135164],[-85.689699,40.135976],[-85.690236,40.135975]],[[-85.660469,40.1387],[-85.659765,40.138019],[-85.659607,40.139009],[-85.660469,40.1387]]]}},{"type":"Feature","properties":{"NAME":"Country Club Heights","state_abbr":"IN","state_name":"Indiana","ALAND":734544},"geometry":{"type":"Polygon","coordinates":[[[-85.691716,40.118654],[-85.690711,40.129387],[-85.682247,40.129357],[-85.685657,40.119642],[-85.691716,40.118654]]]}},{"type":"Feature","properties":{"NAME":"Geneva","state_abbr":"IN","state_name":"Indiana","ALAND":2858368},"geometry":{"type":"Polygon","coordinates":[[[-84.973272,40.591728],[-84.968713,40.593432],[-84.968689,40.595496],[-84.96385,40.595487],[-84.963785,40.606504],[-84.95166,40.605743],[-84.950434,40.607116],[-84.940154,40.607278],[-84.94406,40.599541],[-84.950275,40.599634],[-84.951818,40.597321],[-84.951495,40.595976],[-84.946108,40.594674],[-84.946104,40.593451],[-84.952672,40.594197],[-84.95267,40.595779],[-84.954474,40.595773],[-84.954372,40.590556],[-84.952981,40.589824],[-84.955627,40.589393],[-84.958987,40.583294],[-84.963939,40.584699],[-84.963935,40.590845],[-84.970777,40.58984],[-84.973272,40.591728]]]}},{"type":"Feature","properties":{"NAME":"Monroe","state_abbr":"IN","state_name":"Indiana","ALAND":1760061},"geometry":{"type":"Polygon","coordinates":[[[-84.951765,40.744941],[-84.950069,40.748698],[-84.947147,40.749117],[-84.943382,40.752314],[-84.937333,40.752319],[-84.934912,40.745083],[-84.927206,40.745206],[-84.927194,40.74267],[-84.936717,40.741197],[-84.936727,40.73877],[-84.947076,40.738431],[-84.947779,40.744982],[-84.951765,40.744941]]]}},{"type":"Feature","properties":{"NAME":"Summitville","state_abbr":"IN","state_name":"Indiana","ALAND":1465622},"geometry":{"type":"Polygon","coordinates":[[[-85.651667,40.328114],[-85.648926,40.330136],[-85.648956,40.331758],[-85.650637,40.331733],[-85.648229,40.337035],[-85.648577,40.342842],[-85.642558,40.342894],[-85.64193,40.341268],[-85.63971,40.342909],[-85.639713,40.341594],[-85.636817,40.340818],[-85.63482,40.342232],[-85.6341,40.335641],[-85.641969,40.335459],[-85.641719,40.328202],[-85.651667,40.328114]]]}},{"type":"Feature","properties":{"NAME":"West College Corner","state_abbr":"IN","state_name":"Indiana","ALAND":691303},"geometry":{"type":"Polygon","coordinates":[[[-84.824299,39.569818],[-84.823556,39.573751],[-84.815082,39.573742],[-84.815055,39.565151],[-84.820881,39.563896],[-84.821546,39.569741],[-84.824299,39.569818]]]}},{"type":"Feature","properties":{"NAME":"Lebanon","state_abbr":"IN","state_name":"Indiana","ALAND":44824760},"geometry":{"type":"Polygon","coordinates":[[[-86.503761,40.026388],[-86.501966,40.026407],[-86.501181,40.031841],[-86.50298,40.046565],[-86.499356,40.0466],[-86.499428,40.05389],[-86.492453,40.054014],[-86.49413,40.06373],[-86.490274,40.062783],[-86.495626,40.067229],[-86.496395,40.071529],[-86.49922,40.075537],[-86.492277,40.076579],[-86.492072,40.068457],[-86.481287,40.068428],[-86.482707,40.068719],[-86.482722,40.070598],[-86.484118,40.06963],[-86.48754,40.071167],[-86.486556,40.075073],[-86.485318,40.075082],[-86.485155,40.080393],[-86.474814,40.079086],[-86.475425,40.081248],[-86.472383,40.081305],[-86.472368,40.08282],[-86.469929,40.080988],[-86.469999,40.08279],[-86.468357,40.08286],[-86.468341,40.079049],[-86.460269,40.078852],[-86.45854,40.08283],[-86.4463,40.082764],[-86.446365,40.079201],[-86.450552,40.079159],[-86.450573,40.075545],[-86.455231,40.07553],[-86.455335,40.068147],[-86.451284,40.068934],[-86.449789,40.056398],[-86.450712,40.052507],[-86.457705,40.053402],[-86.455234,40.051921],[-86.453562,40.046306],[-86.450686,40.046329],[-86.450624,40.042445],[-86.454516,40.042458],[-86.455832,40.039232],[-86.440885,40.032717],[-86.432461,40.032796],[-86.431814,40.024031],[-86.427179,40.025528],[-86.427048,40.018275],[-86.422323,40.018331],[-86.422323,40.025582],[-86.409382,40.02572],[-86.408079,40.022579],[-86.403182,40.020707],[-86.398574,40.022152],[-86.398668,40.025816],[-86.39399,40.02587],[-86.393976,40.018584],[-86.389249,40.017059],[-86.38924,40.012891],[-86.39396,40.01468],[-86.39395,40.01126],[-86.38713,40.01134],[-86.387104,40.009821],[-86.38444,40.010721],[-86.384391,40.002183],[-86.389169,40.002207],[-86.389145,40.004584],[-86.39392,40.004589],[-86.3939,39.98256],[-86.397631,39.982642],[-86.403363,39.987462],[-86.403335,39.98474],[-86.40001,39.98209],[-86.415543,39.981862],[-86.417606,39.982918],[-86.417708,39.986992],[-86.415369,39.987026],[-86.41541,39.989156],[-86.422353,39.98909],[-86.422346,39.99282],[-86.43187,39.992573],[-86.431865,39.999368],[-86.436459,39.99928],[-86.43651,40.003389],[-86.44136,40.003432],[-86.441325,40.009927],[-86.45092,40.009927],[-86.450926,40.017912],[-86.460416,40.017976],[-86.460369,40.021868],[-86.464578,40.021847],[-86.464583,40.018],[-86.46874,40.01777],[-86.46876,40.00718],[-86.470157,40.007286],[-86.47745,40.017226],[-86.475055,40.017546],[-86.478209,40.018898],[-86.474868,40.027828],[-86.478022,40.024641],[-86.478085,40.0225],[-86.479647,40.022496],[-86.480012,40.024525],[-86.492557,40.024565],[-86.492499,40.020934],[-86.49735,40.020919],[-86.497271,40.024694],[-86.503745,40.024797],[-86.503761,40.026388]],[[-86.485046,40.075079],[-86.482928,40.075076],[-86.48497,40.07566],[-86.485046,40.075079]],[[-86.481151,40.076392],[-86.478054,40.074367],[-86.477023,40.077565],[-86.481151,40.078423],[-86.481151,40.076392]],[[-86.468583,40.061126],[-86.46488,40.06032],[-86.46189,40.06302],[-86.463037,40.071983],[-86.467317,40.071927],[-86.468583,40.061126]],[[-86.39397,40.017178],[-86.392664,40.016242],[-86.392664,40.017178],[-86.39397,40.017178]]]}},{"type":"Feature","properties":{"NAME":"Attica","state_abbr":"IN","state_name":"Indiana","ALAND":4671879},"geometry":{"type":"Polygon","coordinates":[[[-87.260671,40.283308],[-87.258484,40.282606],[-87.255769,40.289401],[-87.258239,40.292128],[-87.248653,40.299226],[-87.246384,40.298982],[-87.239153,40.302726],[-87.238093,40.301702],[-87.24073,40.299905],[-87.239751,40.29789],[-87.236639,40.297913],[-87.237257,40.291673],[-87.233994,40.291671],[-87.233912,40.294302],[-87.231658,40.294322],[-87.231747,40.290709],[-87.229344,40.290672],[-87.229387,40.28514],[-87.226844,40.285114],[-87.226875,40.283361],[-87.232298,40.284128],[-87.232279,40.28236],[-87.229355,40.282352],[-87.229342,40.279864],[-87.233993,40.279822],[-87.234059,40.277225],[-87.238824,40.277203],[-87.238736,40.285312],[-87.246742,40.285288],[-87.245856,40.286802],[-87.247695,40.287308],[-87.248197,40.274583],[-87.253093,40.274592],[-87.256585,40.272213],[-87.257663,40.272206],[-87.258163,40.276523],[-87.256556,40.279288],[-87.263022,40.279975],[-87.260671,40.283308]]]}},{"type":"Feature","properties":{"NAME":"Covington","state_abbr":"IN","state_name":"Indiana","ALAND":3743015},"geometry":{"type":"MultiPolygon","coordinates":[[[[-87.376547,40.134946],[-87.374689,40.134979],[-87.374652,40.133763],[-87.376542,40.133696],[-87.376547,40.134946]]],[[[-87.405107,40.132733],[-87.400845,40.13249],[-87.400921,40.133743],[-87.404298,40.133644],[-87.403886,40.137495],[-87.401537,40.13878],[-87.404209,40.138417],[-87.405286,40.140845],[-87.401501,40.141713],[-87.402682,40.147253],[-87.400165,40.147265],[-87.400187,40.149378],[-87.395501,40.149365],[-87.395516,40.151175],[-87.389818,40.151196],[-87.389837,40.149358],[-87.38615,40.149457],[-87.386141,40.147983],[-87.389868,40.147952],[-87.389862,40.14683],[-87.383705,40.146282],[-87.383983,40.153021],[-87.381398,40.153021],[-87.381562,40.149406],[-87.378697,40.149423],[-87.378677,40.142178],[-87.370841,40.142327],[-87.378638,40.139329],[-87.378711,40.134945],[-87.381318,40.134917],[-87.381285,40.133375],[-87.389839,40.134889],[-87.397081,40.13432],[-87.398651,40.131687],[-87.397911,40.128627],[-87.399598,40.128415],[-87.400804,40.132262],[-87.405107,40.132733]]]]}},{"type":"Feature","properties":{"NAME":"Mellott","state_abbr":"IN","state_name":"Indiana","ALAND":886206},"geometry":{"type":"Polygon","coordinates":[[[-87.153287,40.158871],[-87.153244,40.16957],[-87.143991,40.169456],[-87.143966,40.166932],[-87.145762,40.166896],[-87.146267,40.164837],[-87.14394,40.164286],[-87.143972,40.158801],[-87.153287,40.158871]]]}},{"type":"Feature","properties":{"NAME":"Veedersburg","state_abbr":"IN","state_name":"Indiana","ALAND":7758012},"geometry":{"type":"Polygon","coordinates":[[[-87.274087,40.126113],[-87.243347,40.126121],[-87.24335,40.118741],[-87.238726,40.118761],[-87.238142,40.111862],[-87.232973,40.11191],[-87.232974,40.107289],[-87.243035,40.108996],[-87.243046,40.097305],[-87.244493,40.097339],[-87.247756,40.102267],[-87.273695,40.102013],[-87.274087,40.126113]]]}},{"type":"Feature","properties":{"NAME":"Griffin","state_abbr":"IN","state_name":"Indiana","ALAND":177073},"geometry":{"type":"Polygon","coordinates":[[[-87.916206,38.200508],[-87.916132,38.208001],[-87.914097,38.207968],[-87.913938,38.200513],[-87.916206,38.200508]]]}},{"type":"Feature","properties":{"NAME":"Mount Vernon","state_abbr":"IN","state_name":"Indiana","ALAND":7453545},"geometry":{"type":"Polygon","coordinates":[[[-87.928794,37.929627],[-87.927109,37.929747],[-87.927502,37.933133],[-87.924907,37.933017],[-87.921374,37.92909],[-87.920153,37.929905],[-87.920181,37.935319],[-87.91877,37.936064],[-87.92572,37.936865],[-87.925758,37.939665],[-87.915887,37.938574],[-87.915857,37.9368],[-87.901319,37.936998],[-87.901919,37.943457],[-87.909989,37.949258],[-87.90925,37.950839],[-87.898788,37.950282],[-87.898824,37.948798],[-87.897115,37.948773],[-87.897061,37.950867],[-87.894959,37.950856],[-87.895919,37.943616],[-87.883037,37.943419],[-87.883063,37.946173],[-87.876146,37.946014],[-87.876179,37.943767],[-87.878401,37.943756],[-87.878538,37.941958],[-87.883308,37.941461],[-87.883425,37.935311],[-87.878757,37.93653],[-87.878878,37.939297],[-87.872758,37.940154],[-87.870421,37.942263],[-87.850746,37.946457],[-87.850666,37.942602],[-87.864412,37.939631],[-87.864386,37.936573],[-87.866764,37.936578],[-87.867823,37.938717],[-87.878839,37.935606],[-87.878685,37.928593],[-87.887383,37.92919],[-87.888443,37.927194],[-87.896892,37.927859],[-87.906634,37.923238],[-87.90826,37.927632],[-87.923218,37.92639],[-87.921541,37.924113],[-87.92252,37.923659],[-87.92608,37.925185],[-87.925969,37.928931],[-87.928794,37.929627]]]}},{"type":"Feature","properties":{"NAME":"Pottawattamie Park","state_abbr":"IN","state_name":"Indiana","ALAND":636272},"geometry":{"type":"Polygon","coordinates":[[[-86.872736,41.726496],[-86.869344,41.727894],[-86.858327,41.727706],[-86.864916,41.725143],[-86.864888,41.71676],[-86.870849,41.716809],[-86.868319,41.720342],[-86.868617,41.722528],[-86.872245,41.724032],[-86.872736,41.726496]]]}},{"type":"Feature","properties":{"NAME":"Montezuma","state_abbr":"IN","state_name":"Indiana","ALAND":1570376},"geometry":{"type":"Polygon","coordinates":[[[-87.376984,39.796907],[-87.374134,39.796978],[-87.375016,39.801179],[-87.36972,39.801236],[-87.369756,39.797701],[-87.365738,39.797685],[-87.365738,39.790366],[-87.359908,39.790337],[-87.359903,39.788692],[-87.36266,39.7887],[-87.362854,39.783605],[-87.364744,39.783607],[-87.365059,39.787219],[-87.368673,39.787387],[-87.365192,39.783086],[-87.372593,39.780627],[-87.37408,39.792486],[-87.376984,39.796907]]]}},{"type":"Feature","properties":{"NAME":"Bloomfield","state_abbr":"IN","state_name":"Indiana","ALAND":3648403},"geometry":{"type":"Polygon","coordinates":[[[-86.950845,39.023381],[-86.949685,39.026978],[-86.947492,39.027449],[-86.945624,39.030581],[-86.94564,39.032472],[-86.947066,39.032491],[-86.945519,39.036546],[-86.937969,39.037857],[-86.937246,39.039732],[-86.93515,39.039704],[-86.93567,39.03416],[-86.921996,39.033071],[-86.9219,39.028905],[-86.927649,39.029046],[-86.929016,39.025271],[-86.927079,39.024148],[-86.936451,39.019214],[-86.936233,39.015987],[-86.930861,39.015867],[-86.926954,39.013864],[-86.936519,39.012419],[-86.936676,39.017802],[-86.941002,39.017808],[-86.940981,39.014891],[-86.946464,39.01382],[-86.947368,39.016831],[-86.945516,39.017759],[-86.94504,39.020827],[-86.948856,39.022458],[-86.94767,39.023258],[-86.950845,39.023381]],[[-86.943921,39.030632],[-86.938273,39.031528],[-86.937502,39.035943],[-86.941138,39.036616],[-86.940162,39.033583],[-86.943921,39.030632]]]}},{"type":"Feature","properties":{"NAME":"Rockville","state_abbr":"IN","state_name":"Indiana","ALAND":3865428},"geometry":{"type":"Polygon","coordinates":[[[-87.243493,39.773596],[-87.240183,39.771715],[-87.2431,39.773848],[-87.238955,39.775485],[-87.238741,39.777494],[-87.231936,39.778875],[-87.23046,39.778569],[-87.230495,39.776036],[-87.222507,39.77601],[-87.22069,39.766501],[-87.2192,39.767436],[-87.219146,39.762595],[-87.215302,39.764303],[-87.215271,39.762862],[-87.212701,39.762579],[-87.212676,39.760505],[-87.222812,39.761187],[-87.223712,39.76002],[-87.221817,39.759243],[-87.221828,39.75389],[-87.231666,39.755557],[-87.231668,39.757322],[-87.236445,39.757744],[-87.236274,39.761145],[-87.239331,39.761129],[-87.24034,39.768407],[-87.23929,39.770553],[-87.241658,39.772304],[-87.244495,39.771768],[-87.243493,39.773596]]]}},{"type":"Feature","properties":{"NAME":"Switz City","state_abbr":"IN","state_name":"Indiana","ALAND":524413},"geometry":{"type":"Polygon","coordinates":[[[-87.059312,39.03547],[-87.057908,39.03507],[-87.057848,39.038178],[-87.049231,39.03831],[-87.052255,39.035003],[-87.04869,39.034608],[-87.048711,39.031748],[-87.059097,39.031725],[-87.057882,39.034471],[-87.059312,39.03547]]]}},{"type":"Feature","properties":{"NAME":"Worthington","state_abbr":"IN","state_name":"Indiana","ALAND":2000177},"geometry":{"type":"Polygon","coordinates":[[[-86.988561,39.121002],[-86.987289,39.121027],[-86.98723,39.125136],[-86.974235,39.125166],[-86.973673,39.120755],[-86.969285,39.118742],[-86.96858,39.115681],[-86.969964,39.115833],[-86.971531,39.112637],[-86.973695,39.113969],[-86.979138,39.113335],[-86.979137,39.111668],[-86.981629,39.111703],[-86.984333,39.108781],[-86.987195,39.108843],[-86.983823,39.110763],[-86.983908,39.114275],[-86.98851,39.114298],[-86.988561,39.121002]]]}},{"type":"Feature","properties":{"NAME":"Beech Grove","state_abbr":"IN","state_name":"Indiana","ALAND":11574921},"geometry":{"type":"Polygon","coordinates":[[[-86.113111,39.723144],[-86.111265,39.723281],[-86.111309,39.730625],[-86.101742,39.730736],[-86.101773,39.734284],[-86.092366,39.734507],[-86.092194,39.73142],[-86.090227,39.730144],[-86.088089,39.732589],[-86.082728,39.729501],[-86.08235,39.730769],[-86.052267,39.709845],[-86.058658,39.71092],[-86.069744,39.704814],[-86.082449,39.704456],[-86.082542,39.694587],[-86.096315,39.694306],[-86.096324,39.695399],[-86.099023,39.695359],[-86.099041,39.698002],[-86.096454,39.698083],[-86.096734,39.703923],[-86.095129,39.704759],[-86.096502,39.706625],[-86.101834,39.706043],[-86.099284,39.708932],[-86.101125,39.712035],[-86.10081,39.71606],[-86.111204,39.715947],[-86.111293,39.72211],[-86.113111,39.723144]]]}},{"type":"Feature","properties":{"NAME":"Cumberland","state_abbr":"IN","state_name":"Indiana","ALAND":7279325},"geometry":{"type":"MultiPolygon","coordinates":[[[[-85.952895,39.80649],[-85.943487,39.809403],[-85.943399,39.802692],[-85.948053,39.802665],[-85.948016,39.801136],[-85.943276,39.801131],[-85.943277,39.793353],[-85.944133,39.790185],[-85.946896,39.790067],[-85.948459,39.785172],[-85.952414,39.785166],[-85.952895,39.80649]]],[[[-85.971325,39.782366],[-85.952379,39.782704],[-85.952403,39.784444],[-85.94732,39.784411],[-85.948787,39.777026],[-85.947622,39.776936],[-85.945807,39.780586],[-85.94722,39.78074],[-85.945263,39.781396],[-85.947351,39.781847],[-85.944974,39.782822],[-85.947281,39.782811],[-85.947089,39.785416],[-85.945531,39.785237],[-85.94694,39.786374],[-85.94666,39.789971],[-85.942102,39.790115],[-85.941369,39.793254],[-85.938441,39.793161],[-85.938461,39.794429],[-85.933725,39.794439],[-85.934829,39.792886],[-85.933642,39.790771],[-85.936016,39.790224],[-85.933499,39.782863],[-85.928803,39.782911],[-85.927986,39.777917],[-85.925779,39.778028],[-85.926113,39.782987],[-85.919337,39.783064],[-85.91928,39.781139],[-85.916496,39.781153],[-85.914533,39.783085],[-85.914402,39.776084],[-85.933289,39.775166],[-85.933201,39.776236],[-85.933333,39.775164],[-85.952351,39.774139],[-85.952312,39.771969],[-85.955786,39.771052],[-85.956004,39.773929],[-85.966498,39.773384],[-85.966466,39.770044],[-85.971151,39.77],[-85.971325,39.782366]]]]}},{"type":"Feature","properties":{"NAME":"Homecroft","state_abbr":"IN","state_name":"Indiana","ALAND":621784},"geometry":{"type":"Polygon","coordinates":[[[-86.13947,39.66855],[-86.139462,39.670893],[-86.134773,39.670921],[-86.134801,39.67221],[-86.125549,39.672285],[-86.123668,39.667504],[-86.131005,39.666841],[-86.130989,39.668589],[-86.13947,39.66855]]]}},{"type":"Feature","properties":{"NAME":"Spring Hill","state_abbr":"IN","state_name":"Indiana","ALAND":277490},"geometry":{"type":"Polygon","coordinates":[[[-86.195988,39.830956],[-86.195291,39.836244],[-86.190453,39.838175],[-86.1895,39.831519],[-86.192702,39.832478],[-86.195988,39.830956]]]}},{"type":"Feature","properties":{"NAME":"Berne","state_abbr":"IN","state_name":"Indiana","ALAND":5989731},"geometry":{"type":"Polygon","coordinates":[[[-84.978843,40.650636],[-84.978813,40.65317],[-84.976378,40.65109],[-84.973938,40.652739],[-84.970138,40.651615],[-84.972261,40.654926],[-84.971711,40.657185],[-84.970768,40.659045],[-84.965241,40.659434],[-84.965234,40.66461],[-84.960436,40.664867],[-84.960442,40.662141],[-84.957931,40.66222],[-84.957371,40.672283],[-84.953245,40.672336],[-84.953281,40.668702],[-84.95078,40.668745],[-84.950779,40.670798],[-84.947422,40.670909],[-84.946123,40.672484],[-84.946061,40.670206],[-84.94126,40.670251],[-84.940527,40.665409],[-84.936468,40.665503],[-84.937957,40.659861],[-84.936465,40.659858],[-84.935815,40.655145],[-84.941245,40.655052],[-84.941265,40.656226],[-84.94808,40.654926],[-84.948084,40.651915],[-84.94966,40.651979],[-84.950961,40.64799],[-84.950555,40.644194],[-84.954766,40.644221],[-84.95475,40.646813],[-84.956715,40.646809],[-84.95672,40.643052],[-84.961989,40.643005],[-84.962016,40.644774],[-84.966396,40.645938],[-84.973461,40.645057],[-84.973433,40.650035],[-84.978843,40.650636]],[[-84.972064,40.648105],[-84.969922,40.647959],[-84.970989,40.646121],[-84.969854,40.646028],[-84.968498,40.64665],[-84.969386,40.648216],[-84.967992,40.648289],[-84.97127,40.649236],[-84.972064,40.648105]],[[-84.958157,40.649021],[-84.957429,40.64846],[-84.957435,40.649066],[-84.958157,40.649021]],[[-84.944211,40.661668],[-84.941264,40.661772],[-84.941268,40.66411],[-84.944194,40.664086],[-84.944211,40.661668]]]}},{"type":"Feature","properties":{"NAME":"Decatur","state_abbr":"IN","state_name":"Indiana","ALAND":15804665},"geometry":{"type":"Polygon","coordinates":[[[-84.965047,40.819694],[-84.964758,40.822612],[-84.962643,40.822599],[-84.963453,40.825267],[-84.956615,40.824571],[-84.956716,40.829886],[-84.947322,40.829848],[-84.947223,40.825996],[-84.943451,40.825897],[-84.944186,40.832396],[-84.942473,40.833238],[-84.942561,40.836045],[-84.938318,40.836083],[-84.938426,40.83817],[-84.952617,40.835937],[-84.952519,40.846824],[-84.957282,40.846796],[-84.957262,40.850448],[-84.949065,40.849087],[-84.947722,40.847486],[-84.948472,40.845061],[-84.945566,40.845075],[-84.945288,40.846965],[-84.942968,40.846376],[-84.943441,40.849207],[-84.941324,40.849554],[-84.939565,40.847835],[-84.935316,40.848747],[-84.932489,40.847093],[-84.930744,40.847133],[-84.931506,40.848937],[-84.928805,40.849093],[-84.927407,40.842814],[-84.928778,40.840881],[-84.927551,40.839903],[-84.911746,40.840231],[-84.914363,40.842092],[-84.914377,40.847371],[-84.905539,40.849157],[-84.905273,40.844144],[-84.901942,40.844292],[-84.902424,40.846013],[-84.899923,40.846666],[-84.899923,40.837551],[-84.8944,40.837593],[-84.893304,40.833182],[-84.887132,40.833234],[-84.886501,40.831798],[-84.890276,40.831872],[-84.890204,40.825681],[-84.89688,40.829958],[-84.913466,40.829299],[-84.913411,40.825358],[-84.91681,40.825077],[-84.908169,40.821625],[-84.907071,40.817991],[-84.902313,40.815542],[-84.905687,40.8169],[-84.907942,40.815572],[-84.902336,40.812886],[-84.907144,40.810009],[-84.907072,40.808415],[-84.918487,40.817901],[-84.918348,40.810623],[-84.916173,40.810657],[-84.91616,40.809013],[-84.918335,40.808985],[-84.918347,40.810591],[-84.92311,40.810547],[-84.923005,40.806955],[-84.927754,40.806863],[-84.927685,40.802491],[-84.932263,40.803181],[-84.931643,40.808475],[-84.937243,40.808713],[-84.937167,40.803341],[-84.941922,40.803034],[-84.942045,40.810261],[-84.950055,40.811016],[-84.950099,40.813761],[-84.942571,40.81384],[-84.94235,40.823658],[-84.951785,40.821401],[-84.951698,40.81736],[-84.953721,40.81735],[-84.953756,40.818809],[-84.95435,40.817329],[-84.956481,40.817309],[-84.956532,40.820288],[-84.961251,40.818886],[-84.965047,40.819694]],[[-84.943152,40.839667],[-84.94017,40.8397],[-84.940132,40.841649],[-84.943071,40.842],[-84.943152,40.839667]],[[-84.942027,40.817495],[-84.939527,40.816821],[-84.939208,40.817565],[-84.942027,40.817495]],[[-84.934041,40.810415],[-84.931511,40.810421],[-84.93107,40.813117],[-84.931877,40.813375],[-84.934041,40.810415]],[[-84.932664,40.816848],[-84.932601,40.814371],[-84.930497,40.815415],[-84.930663,40.814141],[-84.927852,40.814198],[-84.92785,40.811984],[-84.923127,40.812095],[-84.923216,40.816469],[-84.927922,40.81633],[-84.928971,40.817808],[-84.932664,40.816848]],[[-84.910699,40.839468],[-84.905979,40.836172],[-84.904692,40.835312],[-84.905256,40.840292],[-84.910699,40.839468]],[[-84.899913,40.833994],[-84.899272,40.833134],[-84.899265,40.833866],[-84.899913,40.833994]]]}},{"type":"Feature","properties":{"NAME":"Richmond","state_abbr":"IN","state_name":"Indiana","ALAND":62171978},"geometry":{"type":"MultiPolygon","coordinates":[[[[-84.852172,39.763579],[-84.833284,39.76302],[-84.833269,39.74859],[-84.852044,39.748606],[-84.852172,39.763579]]],[[[-84.879424,39.876605],[-84.879199,39.882589],[-84.874685,39.882502],[-84.874734,39.880546],[-84.870016,39.880555],[-84.870144,39.873207],[-84.876565,39.873251],[-84.876486,39.876351],[-84.879424,39.876605]]],[[[-84.967385,39.860719],[-84.961716,39.861513],[-84.962714,39.862891],[-84.945834,39.863367],[-84.939302,39.865263],[-84.939538,39.877068],[-84.929739,39.869163],[-84.934027,39.865973],[-84.924091,39.865368],[-84.919331,39.862528],[-84.922643,39.865719],[-84.920396,39.867926],[-84.912759,39.868974],[-84.91272,39.86262],[-84.907643,39.862508],[-84.907528,39.866104],[-84.894414,39.866038],[-84.894262,39.871254],[-84.874855,39.872009],[-84.875302,39.859959],[-84.876199,39.858494],[-84.879568,39.858559],[-84.879635,39.854915],[-84.878012,39.854235],[-84.879637,39.853568],[-84.879526,39.85108],[-84.882151,39.851083],[-84.882114,39.852825],[-84.890868,39.850207],[-84.897684,39.850287],[-84.897383,39.847208],[-84.894484,39.843678],[-84.895032,39.842002],[-84.889908,39.842028],[-84.888957,39.846025],[-84.886442,39.846902],[-84.88532,39.846897],[-84.885406,39.844498],[-84.883297,39.845676],[-84.881464,39.843614],[-84.870213,39.843531],[-84.870259,39.840369],[-84.862283,39.840857],[-84.85139,39.844088],[-84.870306,39.836677],[-84.851398,39.842898],[-84.831383,39.846307],[-84.819318,39.834911],[-84.821202,39.832795],[-84.81384,39.830459],[-84.814178,39.814159],[-84.849678,39.814101],[-84.849713,39.81095],[-84.85208,39.810953],[-84.852284,39.807888],[-84.859033,39.806884],[-84.861501,39.806894],[-84.861474,39.809608],[-84.866305,39.810014],[-84.866296,39.811387],[-84.861467,39.811336],[-84.861453,39.814178],[-84.867669,39.81418],[-84.868428,39.809927],[-84.870974,39.809796],[-84.870979,39.806831],[-84.880543,39.806298],[-84.880004,39.801068],[-84.878182,39.802145],[-84.875593,39.798721],[-84.875609,39.79593],[-84.878675,39.795957],[-84.879337,39.793672],[-84.883061,39.797417],[-84.883075,39.799633],[-84.890809,39.799633],[-84.892985,39.79474],[-84.898681,39.793498],[-84.904181,39.793531],[-84.902316,39.799538],[-84.905499,39.799566],[-84.906927,39.798252],[-84.906094,39.797422],[-84.908687,39.796829],[-84.908802,39.794549],[-84.911268,39.794619],[-84.91325,39.80173],[-84.912961,39.803624],[-84.908979,39.806266],[-84.908957,39.814205],[-84.915841,39.81433],[-84.915893,39.818764],[-84.922936,39.818791],[-84.922975,39.808794],[-84.927482,39.808806],[-84.927235,39.81243],[-84.931186,39.812384],[-84.932721,39.814477],[-84.930227,39.816591],[-84.931643,39.818889],[-84.941637,39.82027],[-84.941597,39.822929],[-84.945257,39.82251],[-84.94533,39.824663],[-84.941299,39.824618],[-84.942333,39.828497],[-84.939182,39.840342],[-84.958271,39.840314],[-84.958315,39.852835],[-84.967465,39.852793],[-84.967385,39.860719]]]]}},{"type":"Feature","properties":{"NAME":"Mount Auburn","state_abbr":"IN","state_name":"Indiana","ALAND":492181},"geometry":{"type":"Polygon","coordinates":[[[-85.196791,39.809984],[-85.196782,39.814618],[-85.188213,39.814682],[-85.18324,39.812873],[-85.183277,39.810396],[-85.196791,39.809984]]]}},{"type":"Feature","properties":{"NAME":"DeMotte","state_abbr":"IN","state_name":"Indiana","ALAND":9287497},"geometry":{"type":"Polygon","coordinates":[[[-87.213551,41.218159],[-87.195934,41.218148],[-87.198975,41.217224],[-87.198962,41.215813],[-87.191617,41.213556],[-87.191591,41.209896],[-87.189098,41.209895],[-87.189034,41.19893],[-87.186682,41.198941],[-87.187576,41.20333],[-87.174189,41.203041],[-87.174726,41.196584],[-87.179321,41.196583],[-87.179346,41.198902],[-87.181594,41.198869],[-87.181577,41.195349],[-87.174649,41.196077],[-87.174359,41.192834],[-87.179301,41.1925],[-87.179301,41.194907],[-87.181568,41.194938],[-87.181625,41.190616],[-87.174377,41.191536],[-87.1744,41.187832],[-87.184042,41.18664],[-87.184091,41.184204],[-87.186459,41.184194],[-87.186438,41.180543],[-87.19361,41.184206],[-87.207258,41.184443],[-87.207951,41.180758],[-87.212906,41.180753],[-87.21291,41.188088],[-87.208245,41.18805],[-87.208247,41.191698],[-87.212819,41.191697],[-87.213551,41.218159]]]}},{"type":"Feature","properties":{"NAME":"Newburgh","state_abbr":"IN","state_name":"Indiana","ALAND":3864508},"geometry":{"type":"MultiPolygon","coordinates":[[[[-87.349953,37.940792],[-87.349907,37.943399],[-87.347445,37.943827],[-87.347684,37.941858],[-87.349953,37.940792]]],[[[-87.359334,37.969244],[-87.353186,37.970106],[-87.353151,37.9692],[-87.359334,37.969244]]],[[[-87.425686,37.954838],[-87.416132,37.954822],[-87.416087,37.950806],[-87.414115,37.950787],[-87.414108,37.952971],[-87.411522,37.953029],[-87.409961,37.955933],[-87.414082,37.956944],[-87.409941,37.956991],[-87.40946,37.962301],[-87.404912,37.96209],[-87.40232,37.961042],[-87.404934,37.960351],[-87.404969,37.957249],[-87.402163,37.956721],[-87.406856,37.955194],[-87.404831,37.954907],[-87.404014,37.951237],[-87.388253,37.951412],[-87.388173,37.947046],[-87.391516,37.946813],[-87.39115,37.938867],[-87.411991,37.944503],[-87.423212,37.944356],[-87.423434,37.950575],[-87.425764,37.950984],[-87.425686,37.954838]]]]}},{"type":"Feature","properties":{"NAME":"Farmland","state_abbr":"IN","state_name":"Indiana","ALAND":1375057},"geometry":{"type":"Polygon","coordinates":[[[-85.135488,40.193207],[-85.12789,40.194204],[-85.127638,40.199907],[-85.127479,40.195725],[-85.119987,40.195793],[-85.119979,40.193237],[-85.117306,40.193261],[-85.117276,40.191505],[-85.121533,40.191632],[-85.12352,40.186072],[-85.125737,40.186035],[-85.126414,40.178508],[-85.127698,40.17846],[-85.127711,40.181217],[-85.132834,40.184262],[-85.132962,40.189792],[-85.13545,40.189792],[-85.135488,40.193207]]]}},{"type":"Feature","properties":{"NAME":"Richland","state_abbr":"IN","state_name":"Indiana","ALAND":1333640},"geometry":{"type":"Polygon","coordinates":[[[-87.177732,37.947592],[-87.172957,37.947602],[-87.173072,37.951623],[-87.168992,37.954177],[-87.16841,37.95288],[-87.16366,37.952693],[-87.163951,37.939249],[-87.172701,37.939926],[-87.173214,37.944209],[-87.177513,37.944198],[-87.177732,37.947592]]]}},{"type":"Feature","properties":{"NAME":"Dayton","state_abbr":"IN","state_name":"Indiana","ALAND":2976640},"geometry":{"type":"Polygon","coordinates":[[[-86.790362,40.381195],[-86.76272,40.381235],[-86.763958,40.377937],[-86.762712,40.377925],[-86.762609,40.373876],[-86.757023,40.37373],[-86.757015,40.372629],[-86.76169,40.372788],[-86.761668,40.36372],[-86.766988,40.364277],[-86.76748,40.366745],[-86.764702,40.366697],[-86.764714,40.368937],[-86.780776,40.369703],[-86.780816,40.373303],[-86.790365,40.3743],[-86.790362,40.381195]]]}},{"type":"Feature","properties":{"NAME":"Lafayette","state_abbr":"IN","state_name":"Indiana","ALAND":76087121},"geometry":{"type":"Polygon","coordinates":[[[-86.925857,40.39728],[-86.918322,40.399973],[-86.915544,40.40262],[-86.909677,40.403912],[-86.900516,40.413607],[-86.895816,40.421553],[-86.893469,40.451439],[-86.884801,40.450729],[-86.884196,40.45539],[-86.880392,40.455394],[-86.880396,40.45427],[-86.876426,40.454252],[-86.877631,40.449477],[-86.874465,40.449652],[-86.872604,40.447525],[-86.866813,40.446381],[-86.865446,40.445204],[-86.868303,40.443999],[-86.86267,40.44131],[-86.854799,40.448194],[-86.857331,40.44111],[-86.851839,40.441112],[-86.84893,40.443539],[-86.848938,40.439557],[-86.838452,40.439586],[-86.834092,40.431839],[-86.824382,40.420716],[-86.818576,40.420793],[-86.818622,40.42293],[-86.814723,40.423354],[-86.814777,40.417735],[-86.809903,40.417604],[-86.809791,40.410236],[-86.814181,40.4103],[-86.809369,40.407195],[-86.809376,40.408353],[-86.799172,40.408334],[-86.79909,40.403116],[-86.803382,40.403392],[-86.796513,40.395771],[-86.78948,40.395842],[-86.790294,40.387862],[-86.786531,40.381526],[-86.790368,40.381593],[-86.790512,40.373803],[-86.81434,40.374157],[-86.814219,40.367242],[-86.819062,40.367223],[-86.819062,40.370194],[-86.822904,40.369791],[-86.823015,40.374067],[-86.831005,40.374295],[-86.828994,40.36971],[-86.828606,40.3711],[-86.811619,40.356356],[-86.818922,40.356366],[-86.818953,40.359979],[-86.82974,40.359926],[-86.836288,40.358121],[-86.834212,40.359918],[-86.838003,40.361695],[-86.838088,40.367006],[-86.856955,40.366997],[-86.856897,40.36135],[-86.86067,40.363988],[-86.864132,40.364105],[-86.862823,40.357711],[-86.875681,40.357125],[-86.87569,40.355757],[-86.894101,40.356082],[-86.893605,40.359799],[-86.890009,40.359774],[-86.890114,40.3668],[-86.904557,40.366856],[-86.904522,40.374321],[-86.923709,40.374322],[-86.923909,40.395335],[-86.92578,40.394802],[-86.925857,40.39728]]]}},{"type":"Feature","properties":{"NAME":"New Carlisle","state_abbr":"IN","state_name":"Indiana","ALAND":5255776},"geometry":{"type":"Polygon","coordinates":[[[-86.525307,41.701909],[-86.525041,41.708119],[-86.505772,41.708902],[-86.505757,41.710828],[-86.497221,41.709901],[-86.496266,41.707662],[-86.480177,41.708492],[-86.480184,41.707403],[-86.476833,41.70734],[-86.476841,41.703996],[-86.479378,41.703954],[-86.452757,41.700697],[-86.45269,41.693804],[-86.476869,41.693995],[-86.476844,41.703513],[-86.49612,41.706198],[-86.496254,41.700716],[-86.497782,41.700714],[-86.496259,41.699857],[-86.496259,41.694186],[-86.501177,41.694185],[-86.500332,41.70157],[-86.506718,41.701555],[-86.506758,41.69758],[-86.510448,41.697657],[-86.510507,41.694357],[-86.515765,41.694425],[-86.515688,41.699819],[-86.517368,41.69985],[-86.51729,41.701767],[-86.525307,41.701909]]]}},{"type":"Feature","properties":{"NAME":"Knox","state_abbr":"IN","state_name":"Indiana","ALAND":10246929},"geometry":{"type":"Polygon","coordinates":[[[-86.649499,41.291834],[-86.648574,41.298662],[-86.644729,41.298638],[-86.644832,41.302602],[-86.641721,41.302581],[-86.640763,41.299896],[-86.639855,41.302944],[-86.630535,41.302873],[-86.627662,41.303853],[-86.627712,41.306331],[-86.626165,41.306258],[-86.620718,41.302796],[-86.601466,41.302853],[-86.601443,41.292318],[-86.596709,41.292323],[-86.596731,41.290428],[-86.587483,41.288089],[-86.591877,41.288068],[-86.591876,41.281585],[-86.601447,41.281559],[-86.601442,41.284494],[-86.610806,41.284387],[-86.610881,41.277348],[-86.620652,41.277367],[-86.622103,41.276124],[-86.622165,41.277366],[-86.639785,41.277376],[-86.639856,41.292804],[-86.649499,41.291834]]]}},{"type":"Feature","properties":{"NAME":"North Liberty","state_abbr":"IN","state_name":"Indiana","ALAND":2662642},"geometry":{"type":"Polygon","coordinates":[[[-86.441535,41.52601],[-86.43543,41.526011],[-86.441502,41.526673],[-86.436617,41.527364],[-86.436633,41.537124],[-86.43292,41.534614],[-86.430252,41.536892],[-86.430339,41.54022],[-86.426946,41.540237],[-86.426979,41.544322],[-86.41953,41.544326],[-86.419145,41.537302],[-86.415563,41.537454],[-86.415583,41.534161],[-86.416466,41.532134],[-86.423897,41.532227],[-86.423815,41.527444],[-86.426959,41.527429],[-86.427995,41.52946],[-86.427005,41.521104],[-86.434362,41.522508],[-86.435185,41.520146],[-86.435628,41.523362],[-86.44151,41.523324],[-86.441535,41.52601]]]}},{"type":"Feature","properties":{"NAME":"Osceola","state_abbr":"IN","state_name":"Indiana","ALAND":3496428},"geometry":{"type":"Polygon","coordinates":[[[-86.093577,41.674301],[-86.078273,41.674046],[-86.077385,41.669455],[-86.07498,41.667656],[-86.061102,41.666577],[-86.061089,41.664127],[-86.065825,41.66364],[-86.066531,41.66057],[-86.066132,41.659351],[-86.061085,41.65937],[-86.060922,41.65392],[-86.064401,41.653902],[-86.064428,41.655703],[-86.073026,41.655615],[-86.07381,41.659302],[-86.090066,41.65927],[-86.090911,41.663343],[-86.093562,41.66336],[-86.093577,41.674301]]]}},{"type":"Feature","properties":{"NAME":"South Bend","state_abbr":"IN","state_name":"Indiana","ALAND":108508377},"geometry":{"type":"MultiPolygon","coordinates":[[[[-86.265476,41.744782],[-86.259152,41.744935],[-86.259141,41.742283],[-86.265447,41.74228],[-86.265476,41.744782]]],[[[-86.360837,41.726404],[-86.360822,41.730808],[-86.347613,41.73077],[-86.347577,41.736963],[-86.342862,41.737044],[-86.344065,41.74029],[-86.34556,41.740267],[-86.344093,41.741083],[-86.343832,41.744264],[-86.338331,41.744316],[-86.337798,41.747958],[-86.341057,41.747955],[-86.340952,41.751601],[-86.347373,41.751587],[-86.34762,41.754849],[-86.334184,41.754891],[-86.33192,41.760199],[-86.323291,41.760254],[-86.323474,41.75525],[-86.330209,41.755255],[-86.330142,41.751784],[-86.323521,41.751792],[-86.323301,41.748613],[-86.317111,41.747382],[-86.323425,41.747383],[-86.323398,41.744414],[-86.32818,41.744391],[-86.328763,41.73636],[-86.318498,41.737107],[-86.318453,41.734307],[-86.313396,41.73435],[-86.313417,41.73713],[-86.305223,41.737227],[-86.305209,41.735492],[-86.299604,41.735555],[-86.299159,41.737312],[-86.289463,41.73741],[-86.289441,41.736232],[-86.293617,41.736216],[-86.294178,41.731184],[-86.284538,41.730133],[-86.28454,41.731983],[-86.286123,41.731967],[-86.286229,41.737431],[-86.281916,41.73747],[-86.281832,41.733226],[-86.277166,41.733257],[-86.277162,41.731704],[-86.273603,41.730265],[-86.265621,41.730549],[-86.265354,41.731251],[-86.265531,41.742286],[-86.265447,41.74228],[-86.265285,41.731269],[-86.26554,41.73053],[-86.260032,41.730363],[-86.259941,41.723874],[-86.267822,41.723107],[-86.267841,41.718213],[-86.270014,41.713636],[-86.266477,41.711897],[-86.267809,41.709101],[-86.264536,41.705366],[-86.264667,41.703445],[-86.255563,41.703781],[-86.257989,41.694614],[-86.250281,41.695906],[-86.250647,41.694737],[-86.242524,41.694309],[-86.242487,41.693259],[-86.230508,41.69304],[-86.225177,41.694405],[-86.225609,41.696233],[-86.223276,41.698046],[-86.224615,41.69885],[-86.22049,41.699559],[-86.220508,41.701757],[-86.216585,41.701807],[-86.216535,41.699933],[-86.214014,41.701218],[-86.215785,41.698128],[-86.20743,41.698264],[-86.207456,41.70141],[-86.201136,41.701969],[-86.20119,41.705597],[-86.19891,41.705653],[-86.202188,41.707164],[-86.201642,41.709126],[-86.204587,41.709066],[-86.202634,41.710804],[-86.198489,41.710297],[-86.196615,41.694726],[-86.19645,41.660526],[-86.205091,41.65876],[-86.215806,41.661359],[-86.215727,41.647614],[-86.206054,41.647734],[-86.205902,41.633188],[-86.209548,41.633176],[-86.209473,41.62592],[-86.211918,41.626399],[-86.211952,41.62895],[-86.214565,41.629427],[-86.215522,41.622427],[-86.191289,41.622274],[-86.191286,41.619883],[-86.196188,41.619871],[-86.19614,41.61145],[-86.205857,41.611362],[-86.205857,41.613282],[-86.210138,41.613282],[-86.210834,41.616791],[-86.214235,41.616787],[-86.214288,41.615201],[-86.216438,41.614965],[-86.21543,41.609921],[-86.216618,41.608594],[-86.225071,41.60859],[-86.225137,41.600577],[-86.232988,41.600545],[-86.235645,41.605348],[-86.235778,41.612198],[-86.244516,41.611592],[-86.244259,41.621849],[-86.246445,41.621812],[-86.246711,41.623683],[-86.251594,41.621809],[-86.252916,41.607679],[-86.257723,41.597907],[-86.262918,41.597457],[-86.262982,41.601129],[-86.272593,41.601088],[-86.272615,41.599428],[-86.277211,41.599432],[-86.277232,41.605733],[-86.269075,41.604817],[-86.268589,41.608464],[-86.263984,41.60844],[-86.263839,41.605694],[-86.259614,41.605685],[-86.258754,41.608393],[-86.258753,41.604026],[-86.256201,41.603659],[-86.254514,41.607462],[-86.255458,41.608363],[-86.254094,41.608686],[-86.255946,41.609431],[-86.254081,41.609424],[-86.253386,41.621644],[-86.258385,41.621563],[-86.25841,41.622669],[-86.268367,41.621575],[-86.263194,41.628815],[-86.263248,41.63599],[-86.272933,41.635971],[-86.272726,41.625988],[-86.298406,41.640626],[-86.295367,41.643664],[-86.301244,41.642894],[-86.312183,41.648541],[-86.312171,41.651978],[-86.307337,41.653752],[-86.307419,41.657415],[-86.32974,41.658415],[-86.329769,41.661516],[-86.326802,41.661538],[-86.326851,41.664528],[-86.32206,41.664544],[-86.322104,41.669982],[-86.32451,41.669471],[-86.324517,41.671143],[-86.322125,41.671794],[-86.322727,41.685135],[-86.3078,41.683184],[-86.307834,41.689948],[-86.310293,41.689917],[-86.310351,41.693572],[-86.30788,41.695449],[-86.317721,41.698378],[-86.317715,41.697188],[-86.322485,41.697124],[-86.32216,41.700033],[-86.336254,41.705086],[-86.339197,41.703251],[-86.339712,41.700825],[-86.332232,41.700803],[-86.331913,41.695381],[-86.336916,41.695301],[-86.336854,41.693517],[-86.338336,41.69352],[-86.338363,41.69494],[-86.340781,41.69495],[-86.340455,41.700755],[-86.341895,41.700813],[-86.342,41.703387],[-86.351174,41.703393],[-86.35115,41.705111],[-86.349028,41.7051],[-86.348104,41.709338],[-86.342177,41.707905],[-86.342273,41.72073],[-86.347058,41.72067],[-86.347665,41.722444],[-86.351014,41.722469],[-86.35097,41.725983],[-86.360837,41.726404]],[[-86.292591,41.645063],[-86.292575,41.644124],[-86.291889,41.644442],[-86.292591,41.645063]],[[-86.284701,41.722976],[-86.282888,41.722885],[-86.282811,41.724152],[-86.27626,41.723059],[-86.274339,41.724828],[-86.276217,41.725271],[-86.276099,41.730245],[-86.284538,41.730094],[-86.284701,41.722976]],[[-86.274245,41.72312],[-86.271895,41.723149],[-86.271912,41.724281],[-86.274267,41.724395],[-86.274245,41.72312]],[[-86.235694,41.616668],[-86.235869,41.614871],[-86.235704,41.614871],[-86.235694,41.616668]],[[-86.222512,41.698643],[-86.221303,41.698077],[-86.220495,41.698079],[-86.220502,41.699073],[-86.222512,41.698643]],[[-86.347065,41.722447],[-86.346508,41.721317],[-86.346516,41.722452],[-86.347065,41.722447]]]]}},{"type":"Feature","properties":{"NAME":"Walkerton","state_abbr":"IN","state_name":"Indiana","ALAND":4923994},"geometry":{"type":"Polygon","coordinates":[[[-86.498502,41.464399],[-86.498346,41.46683],[-86.495859,41.466845],[-86.495134,41.469239],[-86.496417,41.476736],[-86.490941,41.472871],[-86.484132,41.472899],[-86.481352,41.47472],[-86.482862,41.474723],[-86.482857,41.476465],[-86.481354,41.47647],[-86.481406,41.483779],[-86.476547,41.48377],[-86.476452,41.476468],[-86.471649,41.475348],[-86.471616,41.472861],[-86.467071,41.472863],[-86.46707,41.468695],[-86.471631,41.468946],[-86.471598,41.461917],[-86.466675,41.46194],[-86.466661,41.46012],[-86.471556,41.460079],[-86.471566,41.457559],[-86.476414,41.457599],[-86.477711,41.454765],[-86.476413,41.454775],[-86.476383,41.451089],[-86.481289,41.451098],[-86.48184,41.452963],[-86.486168,41.452941],[-86.486187,41.45475],[-86.493412,41.453009],[-86.492115,41.45393],[-86.493327,41.462007],[-86.49571,41.461998],[-86.495733,41.463743],[-86.498502,41.464399]],[[-86.485625,41.471251],[-86.484595,41.469565],[-86.4764,41.469047],[-86.476485,41.47285],[-86.481353,41.472876],[-86.480368,41.471076],[-86.485625,41.471251]]]}},{"type":"Feature","properties":{"NAME":"Indian Village","state_abbr":"IN","state_name":"Indiana","ALAND":234287},"geometry":{"type":"Polygon","coordinates":[[[-86.235776,41.716049],[-86.22875,41.716112],[-86.228718,41.712487],[-86.235736,41.712451],[-86.235776,41.716049]]]}},{"type":"Feature","properties":{"NAME":"Yorktown","state_abbr":"IN","state_name":"Indiana","ALAND":82697541},"geometry":{"type":"MultiPolygon","coordinates":[[[[-85.456682,40.219004],[-85.44739,40.219081],[-85.447404,40.217138],[-85.454812,40.21711],[-85.456682,40.219004]]],[[[-85.575977,40.149786],[-85.575623,40.21892],[-85.471016,40.219337],[-85.471021,40.215909],[-85.461714,40.214908],[-85.461716,40.20277],[-85.442703,40.197686],[-85.442687,40.192469],[-85.445769,40.192873],[-85.445766,40.191116],[-85.447471,40.191115],[-85.44747,40.187056],[-85.442679,40.187554],[-85.442659,40.18563],[-85.454332,40.185654],[-85.45435,40.181083],[-85.452286,40.181051],[-85.452319,40.176673],[-85.44268,40.178379],[-85.442872,40.149444],[-85.575977,40.149786]]]]}},{"type":"Feature","properties":{"NAME":"Lynn","state_abbr":"IN","state_name":"Indiana","ALAND":1462868},"geometry":{"type":"Polygon","coordinates":[[[-84.955636,40.048548],[-84.951364,40.048544],[-84.951038,40.05179],[-84.940003,40.055027],[-84.940036,40.052484],[-84.932903,40.052075],[-84.93216,40.049945],[-84.935262,40.048516],[-84.935287,40.04516],[-84.937435,40.045192],[-84.938387,40.039562],[-84.940813,40.040209],[-84.94069,40.044888],[-84.948722,40.044757],[-84.949392,40.047551],[-84.955636,40.048548]]]}},{"type":"Feature","properties":{"NAME":"Modoc","state_abbr":"IN","state_name":"Indiana","ALAND":267614},"geometry":{"type":"Polygon","coordinates":[[[-85.128256,40.0417],[-85.128754,40.048097],[-85.122718,40.048169],[-85.124428,40.042826],[-85.126408,40.042911],[-85.126464,40.041638],[-85.128256,40.0417]]]}},{"type":"Feature","properties":{"NAME":"Parker City","state_abbr":"IN","state_name":"Indiana","ALAND":1489719},"geometry":{"type":"Polygon","coordinates":[[[-85.212477,40.193209],[-85.208705,40.193254],[-85.208353,40.197019],[-85.203961,40.197036],[-85.203948,40.19498],[-85.201461,40.194981],[-85.201492,40.193246],[-85.197348,40.19323],[-85.197984,40.18933],[-85.192019,40.189306],[-85.191989,40.18592],[-85.202143,40.185928],[-85.20217,40.183273],[-85.206142,40.18363],[-85.205833,40.185914],[-85.212173,40.185925],[-85.212477,40.193209]]]}},{"type":"Feature","properties":{"NAME":"Ridgeville","state_abbr":"IN","state_name":"Indiana","ALAND":1436377},"geometry":{"type":"Polygon","coordinates":[[[-85.036211,40.286733],[-85.036258,40.294079],[-85.032556,40.294074],[-85.032398,40.296343],[-85.026898,40.296341],[-85.025004,40.302269],[-85.022409,40.302255],[-85.02177,40.29177],[-85.023773,40.291766],[-85.023698,40.285449],[-85.031121,40.284771],[-85.032208,40.286735],[-85.036211,40.286733]]]}},{"type":"Feature","properties":{"NAME":"Union City","state_abbr":"IN","state_name":"Indiana","ALAND":5845507},"geometry":{"type":"Polygon","coordinates":[[[-84.841197,40.19184],[-84.828888,40.193971],[-84.829335,40.195874],[-84.836401,40.195785],[-84.8382,40.202494],[-84.83355,40.202434],[-84.833397,40.206064],[-84.829701,40.206009],[-84.829776,40.202378],[-84.825066,40.202303],[-84.824927,40.205869],[-84.815316,40.20692],[-84.824786,40.209853],[-84.822661,40.210017],[-84.824691,40.213149],[-84.818289,40.214501],[-84.816164,40.213535],[-84.816104,40.216324],[-84.814565,40.216268],[-84.814541,40.214999],[-84.807996,40.214581],[-84.807965,40.211785],[-84.805684,40.211588],[-84.806987,40.209388],[-84.80574,40.208804],[-84.806111,40.192592],[-84.81595,40.192369],[-84.81604,40.190536],[-84.825417,40.189218],[-84.823204,40.189058],[-84.823169,40.186611],[-84.82048,40.186611],[-84.820513,40.185244],[-84.825467,40.186489],[-84.825484,40.184942],[-84.834426,40.185102],[-84.834481,40.188629],[-84.8392,40.188539],[-84.839187,40.19084],[-84.841197,40.19184]]]}},{"type":"Feature","properties":{"NAME":"West Terre Haute","state_abbr":"IN","state_name":"Indiana","ALAND":1949662},"geometry":{"type":"Polygon","coordinates":[[[-87.460259,39.460671],[-87.45825,39.466518],[-87.458894,39.469008],[-87.444414,39.470777],[-87.439822,39.469912],[-87.445694,39.457256],[-87.448545,39.457204],[-87.448552,39.455564],[-87.454118,39.455552],[-87.456167,39.459181],[-87.460259,39.460671]]]}},{"type":"Feature","properties":{"NAME":"Riley","state_abbr":"IN","state_name":"Indiana","ALAND":232123},"geometry":{"type":"Polygon","coordinates":[[[-87.305134,39.389465],[-87.305086,39.391741],[-87.296271,39.391154],[-87.296117,39.387905],[-87.305134,39.389465]]]}},{"type":"Feature","properties":{"NAME":"Rockport","state_abbr":"IN","state_name":"Indiana","ALAND":4293678},"geometry":{"type":"Polygon","coordinates":[[[-87.071121,37.894184],[-87.06148,37.893822],[-87.061501,37.895145],[-87.056923,37.893933],[-87.057487,37.895777],[-87.054699,37.897838],[-87.05588,37.901753],[-87.055058,37.9071],[-87.055689,37.912155],[-87.058712,37.912099],[-87.058791,37.915985],[-87.05426,37.916024],[-87.054446,37.905192],[-87.044289,37.905201],[-87.046378,37.90055],[-87.054278,37.901534],[-87.050285,37.896199],[-87.045482,37.89443],[-87.046901,37.88944],[-87.044398,37.884675],[-87.043056,37.875542],[-87.058454,37.875499],[-87.058898,37.879693],[-87.065573,37.87973],[-87.064783,37.883165],[-87.057973,37.88259],[-87.057891,37.887035],[-87.06656,37.886942],[-87.071121,37.894184]],[[-87.056181,37.894476],[-87.055865,37.893943],[-87.055854,37.894471],[-87.056181,37.894476]]]}},{"type":"Feature","properties":{"NAME":"Brookston","state_abbr":"IN","state_name":"Indiana","ALAND":1709567},"geometry":{"type":"Polygon","coordinates":[[[-86.874085,40.603367],[-86.872682,40.608055],[-86.869404,40.608052],[-86.867778,40.611316],[-86.867686,40.608993],[-86.864415,40.608824],[-86.864346,40.605346],[-86.85976,40.605389],[-86.859734,40.602711],[-86.85668,40.601715],[-86.859727,40.601714],[-86.860407,40.592716],[-86.862641,40.592697],[-86.862602,40.59031],[-86.864792,40.591349],[-86.864402,40.593683],[-86.868678,40.593893],[-86.873437,40.59803],[-86.874085,40.603367]]]}},{"type":"Feature","properties":{"NAME":"Monon","state_abbr":"IN","state_name":"Indiana","ALAND":2292746},"geometry":{"type":"Polygon","coordinates":[[[-86.89045,40.86774],[-86.882872,40.86828],[-86.883081,40.873448],[-86.877379,40.870655],[-86.877609,40.8757],[-86.872832,40.875809],[-86.872786,40.874407],[-86.874897,40.874365],[-86.874723,40.870121],[-86.867698,40.869365],[-86.867642,40.86827],[-86.870669,40.868043],[-86.870663,40.864091],[-86.872509,40.864077],[-86.872084,40.862308],[-86.869866,40.861935],[-86.872006,40.860911],[-86.873412,40.857154],[-86.871759,40.854569],[-86.877404,40.853672],[-86.877516,40.85612],[-86.878943,40.856563],[-86.883442,40.85531],[-86.883442,40.856694],[-86.885259,40.856698],[-86.88531,40.86076],[-86.88209,40.86233],[-86.890394,40.865122],[-86.89045,40.86774]]]}},{"type":"Feature","properties":{"NAME":"Reynolds","state_abbr":"IN","state_name":"Indiana","ALAND":1433429},"geometry":{"type":"Polygon","coordinates":[[[-86.881547,40.753505],[-86.86718,40.75473],[-86.867149,40.743704],[-86.873991,40.74366],[-86.874884,40.745039],[-86.876483,40.745015],[-86.87645,40.743666],[-86.88141,40.743661],[-86.881547,40.753505]]]}},{"type":"Feature","properties":{"NAME":"Edinburgh","state_abbr":"IN","state_name":"Indiana","ALAND":8043622},"geometry":{"type":"Polygon","coordinates":[[[-85.985959,39.361236],[-85.981681,39.361298],[-85.98102,39.35876],[-85.982417,39.358401],[-85.977048,39.355555],[-85.971446,39.359691],[-85.97161,39.368688],[-85.967192,39.361552],[-85.959177,39.36183],[-85.959236,39.363591],[-85.957454,39.363641],[-85.95736,39.36175],[-85.9527,39.36189],[-85.952796,39.3655],[-85.943058,39.365829],[-85.944222,39.36213],[-85.942892,39.359248],[-85.942636,39.347326],[-85.955467,39.347037],[-85.953314,39.346132],[-85.953167,39.340238],[-85.961028,39.339911],[-85.959181,39.332635],[-85.971921,39.332157],[-85.973996,39.341283],[-85.983612,39.354447],[-85.98582,39.35928],[-85.983661,39.359151],[-85.985959,39.361236]],[[-85.974971,39.345021],[-85.97574,39.344504],[-85.974951,39.344517],[-85.974971,39.345021]],[[-85.948419,39.355154],[-85.95238,39.35463],[-85.948401,39.354722],[-85.948419,39.355154]],[[-85.947972,39.355164],[-85.94761,39.354741],[-85.947628,39.355172],[-85.947972,39.355164]],[[-85.951701,39.361932],[-85.952691,39.361196],[-85.951641,39.36126],[-85.951701,39.361932]]]}},{"type":"Feature","properties":{"NAME":"Bargersville","state_abbr":"IN","state_name":"Indiana","ALAND":48455608},"geometry":{"type":"Polygon","coordinates":[[[-86.250322,39.516687],[-86.25061,39.576178],[-86.21587,39.57663],[-86.215826,39.565676],[-86.206337,39.565926],[-86.206309,39.562207],[-86.19681,39.56249],[-86.196649,39.549024],[-86.193009,39.547788],[-86.175649,39.547922],[-86.175649,39.550419],[-86.172749,39.550468],[-86.172248,39.555358],[-86.172316,39.558185],[-86.175872,39.558077],[-86.175909,39.562584],[-86.163481,39.562918],[-86.163528,39.566559],[-86.167868,39.566487],[-86.167981,39.573809],[-86.16092,39.57403],[-86.161818,39.5777],[-86.15895,39.57775],[-86.15868,39.54833],[-86.13946,39.54876],[-86.140409,39.538015],[-86.139354,39.537967],[-86.139162,39.520941],[-86.140258,39.519214],[-86.152379,39.51906],[-86.152348,39.516534],[-86.143282,39.513161],[-86.14775,39.51322],[-86.147744,39.509526],[-86.165892,39.510524],[-86.165902,39.513506],[-86.167886,39.513512],[-86.167914,39.518109],[-86.250322,39.516687]],[[-86.215167,39.564194],[-86.2158,39.56194],[-86.215154,39.561956],[-86.215167,39.564194]],[[-86.15832,39.531108],[-86.158304,39.530228],[-86.157563,39.53111],[-86.15832,39.531108]],[[-86.143275,39.541142],[-86.144162,39.540747],[-86.143281,39.540752],[-86.143275,39.541142]],[[-86.144149,39.539074],[-86.141116,39.537467],[-86.141104,39.538685],[-86.144149,39.539074]]]}},{"type":"Feature","properties":{"NAME":"New Whiteland","state_abbr":"IN","state_name":"Indiana","ALAND":3763191},"geometry":{"type":"Polygon","coordinates":[[[-86.11582,39.551149],[-86.115433,39.559532],[-86.111222,39.559606],[-86.111265,39.564119],[-86.10724,39.564215],[-86.107197,39.562354],[-86.106039,39.562382],[-86.106459,39.56602],[-86.1036,39.566094],[-86.104031,39.563698],[-86.101643,39.564334],[-86.101714,39.568064],[-86.106475,39.567945],[-86.10648,39.571797],[-86.086463,39.57211],[-86.08363,39.56478],[-86.09272,39.56453],[-86.086577,39.553041],[-86.08821,39.55294],[-86.089647,39.55666],[-86.092285,39.556814],[-86.092245,39.5553],[-86.095387,39.555287],[-86.09388,39.549768],[-86.10167,39.54958],[-86.101668,39.553364],[-86.103281,39.551661],[-86.107897,39.549429],[-86.107698,39.551549],[-86.105457,39.550816],[-86.101668,39.553447],[-86.10168,39.556984],[-86.111188,39.556738],[-86.111098,39.551194],[-86.11582,39.551149]]]}},{"type":"Feature","properties":{"NAME":"Trafalgar","state_abbr":"IN","state_name":"Indiana","ALAND":6630006},"geometry":{"type":"Polygon","coordinates":[[[-86.16752,39.41546],[-86.162219,39.41544],[-86.162809,39.421125],[-86.15813,39.421097],[-86.15813,39.422683],[-86.138784,39.424889],[-86.138804,39.423458],[-86.13193,39.4234],[-86.13193,39.40883],[-86.13923,39.40889],[-86.139246,39.402487],[-86.148705,39.401699],[-86.148742,39.400428],[-86.151865,39.39948],[-86.153383,39.399673],[-86.153478,39.401294],[-86.167473,39.400825],[-86.16752,39.41546]],[[-86.143747,39.423376],[-86.142991,39.422709],[-86.142997,39.423444],[-86.143747,39.423376]]]}},{"type":"Feature","properties":{"NAME":"Edwardsport","state_abbr":"IN","state_name":"Indiana","ALAND":726970},"geometry":{"type":"Polygon","coordinates":[[[-87.258637,38.807542],[-87.254915,38.808858],[-87.254894,38.811924],[-87.258407,38.813801],[-87.253677,38.813295],[-87.251398,38.81617],[-87.249631,38.815644],[-87.249761,38.81917],[-87.247275,38.818785],[-87.248289,38.822742],[-87.246353,38.822734],[-87.24815,38.807318],[-87.258637,38.807542]]]}},{"type":"Feature","properties":{"NAME":"Monroe City","state_abbr":"IN","state_name":"Indiana","ALAND":697407},"geometry":{"type":"Polygon","coordinates":[[[-87.360117,38.617776],[-87.356627,38.620004],[-87.345239,38.61192],[-87.349872,38.608988],[-87.35387,38.612756],[-87.357919,38.613001],[-87.360117,38.617776]]]}},{"type":"Feature","properties":{"NAME":"New Ross","state_abbr":"IN","state_name":"Indiana","ALAND":773233},"geometry":{"type":"Polygon","coordinates":[[[-86.719243,39.966847],[-86.717511,39.96685],[-86.717561,39.970657],[-86.712319,39.970715],[-86.712215,39.966826],[-86.709752,39.966797],[-86.709633,39.959676],[-86.718152,39.959657],[-86.719243,39.966847]]]}},{"type":"Feature","properties":{"NAME":"Rome City","state_abbr":"IN","state_name":"Indiana","ALAND":3810923},"geometry":{"type":"Polygon","coordinates":[[[-85.385842,41.493165],[-85.384023,41.498465],[-85.379522,41.49732],[-85.378979,41.499279],[-85.376619,41.49955],[-85.376758,41.506452],[-85.374439,41.505841],[-85.373321,41.507583],[-85.369831,41.506747],[-85.37122,41.50326],[-85.366401,41.500114],[-85.365807,41.496553],[-85.362008,41.496507],[-85.362101,41.490315],[-85.359452,41.490031],[-85.359494,41.492913],[-85.356283,41.49249],[-85.356279,41.491243],[-85.350697,41.491462],[-85.349639,41.493768],[-85.34031,41.493101],[-85.337025,41.49436],[-85.336751,41.491295],[-85.331304,41.487339],[-85.328749,41.487202],[-85.327745,41.485852],[-85.339031,41.489145],[-85.339578,41.486331],[-85.34265,41.485987],[-85.346058,41.488594],[-85.350469,41.489142],[-85.350163,41.485459],[-85.340429,41.484341],[-85.337045,41.481472],[-85.337266,41.474405],[-85.342121,41.474445],[-85.341919,41.478806],[-85.345324,41.478987],[-85.344935,41.480283],[-85.347578,41.48121],[-85.348995,41.47565],[-85.356803,41.479038],[-85.357327,41.481879],[-85.361885,41.480388],[-85.361815,41.478277],[-85.366128,41.478325],[-85.366267,41.482005],[-85.369808,41.484719],[-85.366913,41.484777],[-85.366915,41.487673],[-85.371929,41.491462],[-85.375953,41.490467],[-85.371778,41.48567],[-85.376418,41.485709],[-85.376427,41.48204],[-85.381256,41.482082],[-85.381341,41.489358],[-85.38391,41.489398],[-85.383832,41.491846],[-85.385842,41.493165]]]}},{"type":"Feature","properties":{"NAME":"Terre Haute","state_abbr":"IN","state_name":"Indiana","ALAND":90061110},"geometry":{"type":"MultiPolygon","coordinates":[[[[-87.304654,39.491649],[-87.304817,39.497076],[-87.295402,39.497075],[-87.295437,39.494068],[-87.298585,39.494062],[-87.298592,39.492826],[-87.304647,39.493571],[-87.304654,39.491649]]],[[[-87.310963,39.483289],[-87.305869,39.485729],[-87.295388,39.485103],[-87.295318,39.477254],[-87.304944,39.477145],[-87.304901,39.480773],[-87.310329,39.481444],[-87.310963,39.483289]]],[[[-87.331692,39.428755],[-87.328353,39.43078],[-87.323682,39.430765],[-87.323691,39.427805],[-87.331698,39.427259],[-87.331692,39.428755]]],[[[-87.33185,39.484782],[-87.323553,39.486139],[-87.323518,39.484527],[-87.318853,39.484448],[-87.318846,39.48198],[-87.331827,39.478954],[-87.33185,39.484782]]],[[[-87.369442,39.527886],[-87.369885,39.528683],[-87.36931,39.528481],[-87.369442,39.527886]]],[[[-87.401748,39.400281],[-87.401786,39.400786],[-87.401381,39.400784],[-87.401748,39.400281]]],[[[-87.406205,39.406924],[-87.406807,39.407133],[-87.406205,39.407133],[-87.406205,39.406924]]],[[[-87.410035,39.408233],[-87.407013,39.408274],[-87.407003,39.407278],[-87.409036,39.407276],[-87.410035,39.408233]]],[[[-87.410418,39.412388],[-87.409511,39.413399],[-87.409511,39.412385],[-87.410418,39.412388]]],[[[-87.469711,39.407666],[-87.467164,39.410021],[-87.467883,39.416436],[-87.463924,39.420235],[-87.438551,39.425543],[-87.430909,39.430507],[-87.430544,39.436214],[-87.43557,39.440442],[-87.424608,39.448002],[-87.420607,39.453745],[-87.418793,39.475035],[-87.421505,39.476596],[-87.425256,39.484184],[-87.431661,39.48919],[-87.433478,39.493942],[-87.431402,39.496213],[-87.420468,39.499596],[-87.414512,39.504574],[-87.412734,39.510423],[-87.414742,39.516452],[-87.418031,39.520387],[-87.350823,39.520733],[-87.350706,39.481745],[-87.332933,39.48487],[-87.332915,39.462846],[-87.295455,39.462788],[-87.295497,39.456663],[-87.298577,39.454429],[-87.295558,39.452092],[-87.295604,39.448283],[-87.289817,39.448252],[-87.286243,39.445445],[-87.286226,39.448246],[-87.283845,39.448237],[-87.283861,39.444613],[-87.281566,39.44461],[-87.281596,39.440983],[-87.276928,39.440976],[-87.276966,39.433728],[-87.286324,39.433748],[-87.286274,39.440989],[-87.29561,39.44103],[-87.295585,39.44465],[-87.300283,39.444646],[-87.300298,39.441023],[-87.314331,39.441022],[-87.314372,39.433803],[-87.328292,39.433775],[-87.328333,39.431541],[-87.332895,39.432317],[-87.332899,39.430353],[-87.397422,39.430375],[-87.397358,39.426942],[-87.399169,39.426942],[-87.395555,39.423538],[-87.397309,39.42356],[-87.397253,39.419608],[-87.40684,39.419639],[-87.40684,39.418318],[-87.416033,39.420012],[-87.416058,39.423744],[-87.434619,39.425602],[-87.446752,39.409612],[-87.449559,39.409609],[-87.447523,39.408589],[-87.451058,39.40307],[-87.469569,39.402902],[-87.469711,39.407666]]]]}},{"type":"Feature","properties":{"NAME":"Kirklin","state_abbr":"IN","state_name":"Indiana","ALAND":1090460},"geometry":{"type":"Polygon","coordinates":[[[-86.367762,40.194135],[-86.366012,40.194169],[-86.366054,40.197739],[-86.360619,40.199047],[-86.356948,40.194231],[-86.351935,40.196072],[-86.351011,40.189978],[-86.354452,40.189433],[-86.354426,40.185863],[-86.356351,40.185143],[-86.358361,40.189066],[-86.362066,40.191239],[-86.365939,40.19023],[-86.367762,40.194135]]]}},{"type":"Feature","properties":{"NAME":"Mulberry","state_abbr":"IN","state_name":"Indiana","ALAND":1382856},"geometry":{"type":"Polygon","coordinates":[[[-86.677029,40.344722],[-86.673392,40.344709],[-86.676141,40.35234],[-86.665601,40.35233],[-86.664026,40.345575],[-86.65799,40.344658],[-86.656629,40.341375],[-86.657573,40.339746],[-86.662109,40.339869],[-86.660915,40.338535],[-86.677029,40.344722]]]}},{"type":"Feature","properties":{"NAME":"Rossville","state_abbr":"IN","state_name":"Indiana","ALAND":1189235},"geometry":{"type":"Polygon","coordinates":[[[-86.604232,40.417292],[-86.604222,40.423172],[-86.58691,40.424799],[-86.590194,40.422539],[-86.590164,40.417793],[-86.586945,40.416945],[-86.584361,40.418804],[-86.583082,40.416324],[-86.588986,40.416943],[-86.589875,40.415512],[-86.600626,40.415053],[-86.604232,40.417292]]]}},{"type":"Feature","properties":{"NAME":"Morristown","state_abbr":"IN","state_name":"Indiana","ALAND":9935470},"geometry":{"type":"Polygon","coordinates":[[[-85.745011,39.698806],[-85.737233,39.69882],[-85.735479,39.697587],[-85.735486,39.698816],[-85.7158,39.698839],[-85.71633,39.691312],[-85.718945,39.691324],[-85.71885,39.681507],[-85.716154,39.680046],[-85.720845,39.681286],[-85.720825,39.680012],[-85.724205,39.679216],[-85.708103,39.675931],[-85.706633,39.676137],[-85.706659,39.678021],[-85.696803,39.675373],[-85.696846,39.679597],[-85.693771,39.679647],[-85.693306,39.68166],[-85.687272,39.681767],[-85.687284,39.684439],[-85.68041,39.684029],[-85.680351,39.676663],[-85.671021,39.678567],[-85.670999,39.66952],[-85.687175,39.672865],[-85.687097,39.669862],[-85.692534,39.670954],[-85.693043,39.669776],[-85.699545,39.669613],[-85.69984,39.667044],[-85.696529,39.667045],[-85.696737,39.662353],[-85.701194,39.662316],[-85.700374,39.667195],[-85.722233,39.665475],[-85.72309,39.669118],[-85.74002,39.669444],[-85.741202,39.676663],[-85.727116,39.676734],[-85.726705,39.679801],[-85.732827,39.682329],[-85.732886,39.68441],[-85.730535,39.684033],[-85.730686,39.695099],[-85.733055,39.695091],[-85.732982,39.691348],[-85.735367,39.691333],[-85.735237,39.685138],[-85.740079,39.686377],[-85.744792,39.688928],[-85.745011,39.698806]],[[-85.73662,39.696578],[-85.73545,39.696154],[-85.735469,39.696574],[-85.73662,39.696578]],[[-85.726244,39.673185],[-85.725525,39.67115],[-85.725558,39.673185],[-85.726244,39.673185]],[[-85.724615,39.678364],[-85.724114,39.676373],[-85.720804,39.676755],[-85.720796,39.677837],[-85.724615,39.678364]],[[-85.717212,39.669507],[-85.713802,39.669503],[-85.7138,39.671409],[-85.717232,39.67073],[-85.717212,39.669507]],[[-85.725558,39.673185],[-85.720815,39.673288],[-85.720763,39.676287],[-85.725639,39.676281],[-85.725558,39.673185]]]}},{"type":"Feature","properties":{"NAME":"Tell City","state_abbr":"IN","state_name":"Indiana","ALAND":11742395},"geometry":{"type":"Polygon","coordinates":[[[-86.784005,37.974235],[-86.772123,37.974236],[-86.772061,37.972726],[-86.767661,37.972723],[-86.767667,37.970899],[-86.765755,37.970899],[-86.766568,37.96892],[-86.760393,37.968849],[-86.76051,37.966006],[-86.749089,37.966025],[-86.749035,37.961367],[-86.735836,37.960639],[-86.735693,37.956414],[-86.729268,37.956277],[-86.728339,37.950735],[-86.729873,37.950762],[-86.729913,37.949295],[-86.746683,37.949339],[-86.745092,37.947765],[-86.747328,37.946733],[-86.755219,37.946554],[-86.755566,37.943031],[-86.751385,37.943031],[-86.751202,37.940082],[-86.744853,37.939994],[-86.744723,37.938204],[-86.753517,37.935595],[-86.75349,37.928796],[-86.748537,37.928756],[-86.749153,37.925018],[-86.753795,37.926231],[-86.753762,37.925051],[-86.758163,37.925124],[-86.763423,37.933633],[-86.765517,37.93348],[-86.779764,37.955034],[-86.778227,37.958429],[-86.784005,37.974235]]]}},{"type":"Feature","properties":{"NAME":"Troy","state_abbr":"IN","state_name":"Indiana","ALAND":2932991},"geometry":{"type":"Polygon","coordinates":[[[-86.81324,37.998787],[-86.805543,38.002879],[-86.801192,38.00878],[-86.802448,38.013201],[-86.798293,38.015528],[-86.792248,38.010021],[-86.790995,38.004358],[-86.788066,38.001766],[-86.790126,38.001812],[-86.789963,37.996301],[-86.795617,37.994876],[-86.796323,37.993434],[-86.793829,37.99208],[-86.794103,37.990261],[-86.802537,37.992498],[-86.81324,37.998787]]]}},{"type":"Feature","properties":{"NAME":"Atlanta","state_abbr":"IN","state_name":"Indiana","ALAND":811750},"geometry":{"type":"Polygon","coordinates":[[[-86.034925,40.217856],[-86.02245,40.217958],[-86.022459,40.208646],[-86.025493,40.206804],[-86.025783,40.209614],[-86.028349,40.209615],[-86.02838,40.211555],[-86.032002,40.211555],[-86.032037,40.214972],[-86.034925,40.217856]]]}},{"type":"Feature","properties":{"NAME":"Noblesville","state_abbr":"IN","state_name":"Indiana","ALAND":90180499},"geometry":{"type":"Polygon","coordinates":[[[-86.090344,40.083036],[-86.086262,40.084164],[-86.085589,40.090629],[-86.07604,40.090232],[-86.075391,40.101433],[-86.061729,40.101622],[-86.061851,40.091649],[-86.052377,40.091645],[-86.052365,40.094431],[-86.049349,40.094439],[-86.049302,40.097476],[-86.047293,40.097502],[-86.047214,40.101717],[-86.033193,40.101672],[-86.030804,40.095859],[-86.030748,40.09077],[-86.033358,40.090758],[-86.033395,40.087383],[-86.033512,40.088696],[-86.036601,40.088787],[-86.036348,40.085982],[-86.033413,40.082719],[-86.0308,40.082712],[-86.027788,40.07992],[-86.024019,40.079833],[-86.024021,40.078209],[-86.028673,40.078159],[-86.028692,40.072617],[-86.015364,40.071896],[-86.015364,40.070553],[-86.021289,40.069126],[-86.02146,40.061926],[-86.018081,40.06188],[-86.01786,40.064249],[-86.014545,40.061913],[-86.01472,40.066455],[-86.013367,40.068127],[-86.005199,40.067472],[-86.002776,40.071356],[-85.989068,40.072719],[-85.976586,40.077883],[-85.976582,40.071327],[-85.971896,40.071339],[-85.971284,40.073171],[-85.967082,40.072033],[-85.967767,40.065934],[-85.971895,40.066685],[-85.971886,40.062428],[-85.977907,40.062933],[-85.977941,40.05854],[-85.971902,40.058294],[-85.990562,40.058206],[-85.991653,40.051159],[-85.972895,40.051303],[-85.971951,40.046348],[-85.971935,40.051054],[-85.962448,40.051409],[-85.962442,40.045659],[-85.957083,40.046745],[-85.956933,40.04136],[-85.960677,40.041367],[-85.95739,40.040805],[-85.958433,40.036659],[-85.954601,40.037956],[-85.954611,40.04031],[-85.943809,40.038313],[-85.940291,40.037177],[-85.941303,40.030747],[-85.938208,40.030864],[-85.938226,40.034455],[-85.93298,40.034438],[-85.932954,40.030759],[-85.925578,40.030775],[-85.92558,40.026914],[-85.919398,40.026847],[-85.919257,40.016224],[-85.937956,40.016125],[-85.937882,40.007181],[-85.928418,40.009052],[-85.928401,40.005336],[-85.922269,40.005311],[-85.922292,40.011729],[-85.919081,40.011711],[-85.918954,40.00167],[-85.891592,40.002234],[-85.895453,39.998462],[-85.895322,39.994744],[-85.893766,39.994759],[-85.893853,39.997387],[-85.89166,39.997275],[-85.891784,39.999657],[-85.88952,40.000017],[-85.88954,40.002127],[-85.86224,40.002288],[-85.86226,39.99214],[-85.92233,39.991084],[-85.936656,39.986898],[-85.93776,39.986869],[-85.93777,39.989124],[-85.942364,39.989115],[-85.942352,39.986802],[-85.947205,39.986737],[-85.947232,39.990279],[-85.951964,39.990288],[-85.951992,39.993962],[-85.980095,39.993624],[-85.980338,39.999807],[-85.982113,39.999784],[-85.982137,40.00103],[-85.994467,40.000852],[-85.994385,39.993625],[-86.008694,39.993581],[-86.007469,40.000776],[-86.01943,40.000248],[-86.019282,40.004833],[-86.014471,40.005744],[-86.019001,40.006075],[-86.01717,40.009292],[-86.018372,40.009292],[-86.018381,40.011732],[-86.016096,40.010905],[-86.017223,40.01247],[-86.013453,40.01486],[-86.014863,40.015143],[-86.012269,40.016773],[-86.011792,40.019292],[-86.014415,40.026769],[-86.016384,40.027691],[-86.016413,40.030763],[-86.018957,40.033024],[-86.024154,40.033029],[-86.025098,40.036063],[-86.024807,40.040488],[-86.015427,40.047915],[-86.025234,40.040767],[-86.028821,40.040723],[-86.029487,40.035925],[-86.025619,40.036529],[-86.024576,40.033625],[-86.0326,40.033452],[-86.032563,40.036519],[-86.038578,40.036568],[-86.033522,40.045832],[-86.033595,40.050661],[-86.039539,40.050691],[-86.039517,40.043378],[-86.041994,40.0375],[-86.043404,40.037514],[-86.042075,40.036655],[-86.043146,40.035097],[-86.042185,40.031637],[-86.046865,40.031688],[-86.046931,40.022347],[-86.042183,40.022331],[-86.042189,40.020325],[-86.054324,40.020376],[-86.054325,40.018491],[-86.0471,40.018585],[-86.046929,40.016005],[-86.049692,40.014908],[-86.047986,40.014907],[-86.050074,40.01312],[-86.056955,40.012178],[-86.057233,40.010353],[-86.051277,40.010375],[-86.053391,40.00766],[-86.032563,40.007579],[-86.03369,40.002105],[-86.035319,40.002117],[-86.033673,40.001559],[-86.034228,40.000057],[-86.037773,40.000071],[-86.038744,40.001409],[-86.038744,40.000079],[-86.061109,40.00031],[-86.061134,40.003025],[-86.062234,40.003043],[-86.063947,40.002643],[-86.063897,40.000257],[-86.080148,40.00023],[-86.080215,40.004093],[-86.089518,40.002161],[-86.089529,40.005676],[-86.084958,40.00568],[-86.084955,40.007482],[-86.089546,40.007493],[-86.089536,40.014898],[-86.082572,40.014892],[-86.082565,40.013674],[-86.081639,40.014755],[-86.070869,40.01457],[-86.071046,40.021855],[-86.080211,40.021914],[-86.080377,40.025705],[-86.089749,40.027],[-86.084897,40.027292],[-86.084903,40.032785],[-86.089574,40.0329],[-86.089653,40.03851],[-86.088513,40.038525],[-86.089668,40.039718],[-86.084574,40.040244],[-86.084555,40.043099],[-86.09032,40.043046],[-86.090304,40.046563],[-86.086194,40.045339],[-86.086193,40.046792],[-86.090304,40.046797],[-86.090321,40.055766],[-86.085562,40.055834],[-86.085686,40.064954],[-86.079624,40.06504],[-86.079661,40.072312],[-86.076088,40.071869],[-86.076057,40.065086],[-86.074634,40.065108],[-86.074649,40.069015],[-86.072958,40.069016],[-86.07293,40.066404],[-86.071328,40.066408],[-86.071227,40.081438],[-86.080909,40.081384],[-86.080952,40.083203],[-86.090344,40.083036]],[[-86.080525,40.043132],[-86.084226,40.042416],[-86.080525,40.04245],[-86.080525,40.043132]],[[-86.078019,40.032947],[-86.075478,40.03294],[-86.075469,40.029318],[-86.070786,40.029278],[-86.070885,40.03602],[-86.071701,40.034008],[-86.076764,40.034797],[-86.078019,40.032947]],[[-86.075987,40.04316],[-86.07536,40.038421],[-86.070711,40.038399],[-86.069903,40.03307],[-86.066046,40.033088],[-86.065916,40.025741],[-86.070517,40.025762],[-86.07053,40.022044],[-86.061188,40.02211],[-86.061233,40.014798],[-86.057871,40.01477],[-86.056546,40.029258],[-86.051743,40.029356],[-86.05177,40.040424],[-86.061198,40.040329],[-86.06193,40.043678],[-86.065387,40.043253],[-86.065362,40.040152],[-86.070722,40.040138],[-86.070754,40.043194],[-86.075987,40.04316]],[[-86.071336,40.057066],[-86.071251,40.050558],[-86.061908,40.0505],[-86.061928,40.045128],[-86.059626,40.045131],[-86.059601,40.043424],[-86.051641,40.043372],[-86.051659,40.040648],[-86.046494,40.040477],[-86.046578,40.042905],[-86.048932,40.04232],[-86.047043,40.043407],[-86.047886,40.053548],[-86.051681,40.054002],[-86.055675,40.058462],[-86.054892,40.062865],[-86.061872,40.065815],[-86.061895,40.057962],[-86.071336,40.057066]],[[-86.055239,40.063206],[-86.053735,40.062546],[-86.05243,40.065331],[-86.055249,40.065322],[-86.055239,40.063206]],[[-86.051111,40.063276],[-86.052184,40.061712],[-86.050458,40.060983],[-86.051111,40.063276]],[[-86.047783,40.036078],[-86.04361,40.03671],[-86.043583,40.037595],[-86.047351,40.038803],[-86.047783,40.036078]],[[-86.045243,40.043533],[-86.040178,40.043736],[-86.040127,40.047065],[-86.044283,40.045328],[-86.045243,40.043533]],[[-86.045243,40.043297],[-86.044288,40.040557],[-86.044273,40.043297],[-86.045243,40.043297]],[[-86.043571,40.055993],[-86.042998,40.050899],[-86.039723,40.050899],[-86.03826,40.055011],[-86.043571,40.055993]],[[-86.039441,40.061721],[-86.038221,40.061695],[-86.038179,40.064265],[-86.033495,40.064176],[-86.033486,40.065289],[-86.039007,40.065265],[-86.039441,40.061721]],[[-86.038228,40.072559],[-86.03357,40.072538],[-86.033419,40.076974],[-86.038257,40.076135],[-86.038228,40.072559]],[[-86.036864,40.002962],[-86.03617,40.002488],[-86.03617,40.002958],[-86.036864,40.002962]],[[-86.012646,40.059491],[-86.009208,40.060103],[-86.008024,40.058458],[-86.00715,40.061634],[-86.011905,40.063208],[-86.012646,40.059491]],[[-86.007419,40.066053],[-86.006559,40.065748],[-86.006416,40.066057],[-86.007419,40.066053]],[[-86.00584,40.067311],[-86.005227,40.066377],[-86.005206,40.06714],[-86.00584,40.067311]],[[-86.006142,40.059168],[-86.005218,40.058423],[-86.005222,40.059002],[-86.006142,40.059168]],[[-86.004571,40.030768],[-85.999488,40.025489],[-85.996062,40.026536],[-85.995736,40.028337],[-86.000086,40.028801],[-85.99902,40.030426],[-86.003017,40.031113],[-86.002177,40.029228],[-86.003119,40.031131],[-86.004571,40.030768]],[[-86.00325,40.058397],[-85.99668,40.058312],[-85.995791,40.063122],[-85.998197,40.063429],[-85.998157,40.059898],[-86.003247,40.059935],[-86.00325,40.058397]],[[-86.002931,40.065126],[-85.996008,40.065648],[-85.995887,40.06921],[-86.002052,40.069289],[-86.002931,40.065126]],[[-85.996869,40.022586],[-85.995167,40.02091],[-85.991955,40.021531],[-85.992,40.019578],[-85.98803,40.018623],[-85.987014,40.024081],[-85.992246,40.022952],[-85.992341,40.025671],[-85.99435,40.025631],[-85.991971,40.025789],[-85.994027,40.027719],[-85.992546,40.029002],[-85.995116,40.029544],[-85.996869,40.022586]],[[-85.995788,40.058806],[-85.993887,40.058326],[-85.993919,40.058835],[-85.995788,40.058806]],[[-85.995709,40.015011],[-85.994622,40.014406],[-85.994627,40.014984],[-85.995709,40.015011]],[[-85.99571,40.067213],[-85.994936,40.065726],[-85.994931,40.067209],[-85.99571,40.067213]],[[-85.995641,40.068791],[-85.994283,40.068769],[-85.994895,40.071149],[-85.995633,40.071153],[-85.995641,40.068791]],[[-85.991189,40.058852],[-85.99302,40.058376],[-85.991187,40.058694],[-85.991189,40.058852]],[[-85.991637,40.028893],[-85.990146,40.028859],[-85.99013,40.027443],[-85.988399,40.02743],[-85.988412,40.029893],[-85.991637,40.028893]],[[-85.990562,40.05858],[-85.981569,40.058819],[-85.98149,40.065577],[-85.990471,40.065463],[-85.990562,40.05858]],[[-85.987148,40.03005],[-85.987842,40.028316],[-85.987074,40.028316],[-85.987148,40.03005]],[[-85.987386,40.044014],[-85.985433,40.043899],[-85.985403,40.041202],[-85.980732,40.041751],[-85.980274,40.044142],[-85.986445,40.045451],[-85.987386,40.044014]],[[-85.987261,40.015735],[-85.981705,40.015632],[-85.982384,40.019271],[-85.983448,40.017291],[-85.987243,40.018247],[-85.987261,40.015735]],[[-85.982969,40.012815],[-85.98069,40.012301],[-85.980677,40.012822],[-85.982969,40.012815]],[[-85.981415,40.066236],[-85.979454,40.065793],[-85.979445,40.066256],[-85.981415,40.066236]],[[-85.981355,40.015634],[-85.980597,40.014581],[-85.981355,40.016763],[-85.981355,40.015634]],[[-85.98055,40.016556],[-85.975907,40.01576],[-85.975984,40.022986],[-85.980543,40.02304],[-85.98055,40.016556]],[[-85.977438,39.994532],[-85.975613,39.993774],[-85.975613,39.995004],[-85.977438,39.994532]],[[-85.974973,40.023828],[-85.975917,40.023046],[-85.974979,40.023038],[-85.974973,40.023828]],[[-85.975842,40.015254],[-85.971877,40.014613],[-85.966333,40.012644],[-85.966361,40.015632],[-85.975842,40.015254]],[[-85.975815,40.037058],[-85.975473,40.033197],[-85.969427,40.035611],[-85.966523,40.035584],[-85.966528,40.034018],[-85.963743,40.034588],[-85.964023,40.038995],[-85.961804,40.038926],[-85.961717,40.04141],[-85.966519,40.04217],[-85.966494,40.037645],[-85.975815,40.037058]],[[-85.973632,40.043029],[-85.973602,40.04097],[-85.971985,40.041552],[-85.971995,40.042898],[-85.973632,40.043029]],[[-85.973495,40.043387],[-85.971954,40.042973],[-85.97195,40.043644],[-85.973495,40.043387]],[[-85.972511,40.004335],[-85.966446,40.004335],[-85.966443,40.004779],[-85.970904,40.006215],[-85.972511,40.004335]],[[-85.972507,39.998119],[-85.970953,39.998132],[-85.970969,39.99983],[-85.972513,39.999808],[-85.972507,39.998119]],[[-85.9718,40.043023],[-85.967438,40.042392],[-85.966685,40.04274],[-85.968193,40.044194],[-85.9718,40.043023]],[[-85.971006,40.01137],[-85.970409,40.01136],[-85.971021,40.013628],[-85.971006,40.01137]],[[-85.964781,40.012086],[-85.963631,40.010866],[-85.963644,40.011769],[-85.964781,40.012086]],[[-85.961592,40.008477],[-85.960905,40.011045],[-85.956856,40.010006],[-85.956816,40.014048],[-85.961586,40.014012],[-85.961592,40.008477]],[[-85.957673,40.020265],[-85.956866,40.019722],[-85.95687,40.020248],[-85.957673,40.020265]],[[-85.956954,40.033795],[-85.956824,40.029192],[-85.948881,40.029289],[-85.954159,40.034434],[-85.956954,40.033795]],[[-85.95193,40.002588],[-85.950737,40.002045],[-85.950738,40.002603],[-85.95193,40.002588]],[[-85.952037,39.99928],[-85.950829,39.997624],[-85.950866,39.999298],[-85.952037,39.99928]],[[-85.950594,40.008615],[-85.950216,40.007374],[-85.950175,40.008603],[-85.950594,40.008615]],[[-85.948846,40.027555],[-85.948108,40.026943],[-85.948114,40.027552],[-85.948846,40.027555]],[[-85.948259,40.030591],[-85.947537,40.029917],[-85.947536,40.030602],[-85.948259,40.030591]],[[-85.946911,40.008685],[-85.946515,40.005734],[-85.946565,40.008685],[-85.946911,40.008685]],[[-85.946122,40.030624],[-85.945302,40.029537],[-85.945326,40.030636],[-85.946122,40.030624]],[[-85.945728,40.016017],[-85.941531,40.014747],[-85.942709,40.019709],[-85.945742,40.019675],[-85.945728,40.016017]],[[-85.942794,40.030627],[-85.943706,40.029948],[-85.942787,40.029962],[-85.942794,40.030627]],[[-85.934497,40.030755],[-85.933405,40.030221],[-85.933415,40.030757],[-85.934497,40.030755]],[[-85.930496,40.001563],[-85.929522,40.000578],[-85.929522,40.001575],[-85.930496,40.001563]],[[-86.006559,40.065748],[-86.006779,40.063529],[-86.005221,40.063553],[-86.005152,40.065718],[-86.006559,40.065748]],[[-85.979454,40.065793],[-85.979501,40.063979],[-85.977888,40.06404],[-85.9779,40.065813],[-85.979454,40.065793]]]}},{"type":"Feature","properties":{"NAME":"Sheridan","state_abbr":"IN","state_name":"Indiana","ALAND":6525153},"geometry":{"type":"Polygon","coordinates":[[[-86.237737,40.129673],[-86.237238,40.135326],[-86.23241,40.135118],[-86.232506,40.142062],[-86.225949,40.137851],[-86.225428,40.139761],[-86.223066,40.139959],[-86.223114,40.14419],[-86.221112,40.144224],[-86.222397,40.144556],[-86.221157,40.146622],[-86.213647,40.148018],[-86.213674,40.151636],[-86.211287,40.151673],[-86.211254,40.148052],[-86.208865,40.148086],[-86.208853,40.144457],[-86.219593,40.144716],[-86.218371,40.144244],[-86.219438,40.138401],[-86.218305,40.138426],[-86.218351,40.142591],[-86.213498,40.142667],[-86.213437,40.139137],[-86.206323,40.139216],[-86.20637,40.142464],[-86.204616,40.144606],[-86.204002,40.141141],[-86.201667,40.144757],[-86.200135,40.132077],[-86.197665,40.132132],[-86.198099,40.12607],[-86.200617,40.12606],[-86.202607,40.128358],[-86.203634,40.123799],[-86.213393,40.128255],[-86.213361,40.120038],[-86.208531,40.120101],[-86.208475,40.114665],[-86.214399,40.114581],[-86.21447,40.115986],[-86.215497,40.114564],[-86.222702,40.114839],[-86.222821,40.11809],[-86.218059,40.118155],[-86.21826,40.126413],[-86.22314,40.12629],[-86.223221,40.128322],[-86.225258,40.128318],[-86.22521,40.125314],[-86.223033,40.123585],[-86.227637,40.121658],[-86.227381,40.1142],[-86.234994,40.114153],[-86.235078,40.118023],[-86.232308,40.118034],[-86.232353,40.121449],[-86.227847,40.123236],[-86.227922,40.12531],[-86.237576,40.124997],[-86.237651,40.127125],[-86.235664,40.127153],[-86.237737,40.129673]],[[-86.216852,40.125306],[-86.215819,40.124846],[-86.215837,40.125322],[-86.216852,40.125306]],[[-86.213257,40.132873],[-86.211125,40.130255],[-86.203933,40.131057],[-86.203981,40.137148],[-86.213393,40.136497],[-86.213257,40.132873]],[[-86.20107,40.130099],[-86.20013,40.128322],[-86.200098,40.130112],[-86.20107,40.130099]]]}},{"type":"Feature","properties":{"NAME":"Claypool","state_abbr":"IN","state_name":"Indiana","ALAND":633098},"geometry":{"type":"Polygon","coordinates":[[[-85.88849,41.134312],[-85.883995,41.134391],[-85.884021,41.137337],[-85.881811,41.137369],[-85.881652,41.131696],[-85.879274,41.132633],[-85.879043,41.130278],[-85.877363,41.130274],[-85.878493,41.1234],[-85.8811,41.123379],[-85.881199,41.12677],[-85.883839,41.127282],[-85.88391,41.130279],[-85.888415,41.130126],[-85.88849,41.134312]]]}},{"type":"Feature","properties":{"NAME":"Hartsville","state_abbr":"IN","state_name":"Indiana","ALAND":840872},"geometry":{"type":"Polygon","coordinates":[[[-85.705486,39.261688],[-85.704173,39.261863],[-85.704926,39.264511],[-85.702216,39.268989],[-85.702377,39.271686],[-85.697763,39.271603],[-85.697776,39.274666],[-85.695205,39.274616],[-85.695906,39.261573],[-85.705486,39.261688]]]}},{"type":"Feature","properties":{"NAME":"Columbus","state_abbr":"IN","state_name":"Indiana","ALAND":74244466},"geometry":{"type":"MultiPolygon","coordinates":[[[[-85.805286,39.221815],[-85.801371,39.221979],[-85.80131,39.218932],[-85.798468,39.220919],[-85.798498,39.218654],[-85.793185,39.218611],[-85.796618,39.215851],[-85.793082,39.21585],[-85.794053,39.210303],[-85.80213,39.211408],[-85.805057,39.21738],[-85.805286,39.221815]]],[[[-86.003001,39.197261],[-85.999168,39.199068],[-85.999203,39.202692],[-85.996833,39.202738],[-85.996566,39.191855],[-85.991888,39.191946],[-85.990622,39.194169],[-85.987153,39.194272],[-85.987056,39.189418],[-85.981031,39.191561],[-85.981148,39.194076],[-85.974256,39.193743],[-85.974205,39.192337],[-85.971661,39.193117],[-85.971677,39.194628],[-85.974299,39.194575],[-85.974325,39.196023],[-85.977805,39.195957],[-85.977901,39.199392],[-85.975025,39.201073],[-85.967418,39.200855],[-85.967426,39.202342],[-85.95903,39.201596],[-85.959757,39.200482],[-85.954119,39.200822],[-85.957014,39.202688],[-85.93197,39.199769],[-85.926939,39.201305],[-85.927229,39.203127],[-85.932938,39.205946],[-85.92821,39.209367],[-85.9295,39.210828],[-85.931374,39.209272],[-85.938956,39.208784],[-85.938992,39.215415],[-85.934545,39.215307],[-85.934889,39.217478],[-85.932163,39.217428],[-85.932933,39.220717],[-85.940321,39.220823],[-85.940287,39.222514],[-85.945114,39.223165],[-85.9453,39.230034],[-85.954528,39.229751],[-85.954838,39.239762],[-85.950432,39.240123],[-85.950648,39.244619],[-85.948708,39.244597],[-85.948784,39.248196],[-85.950627,39.248216],[-85.950652,39.249765],[-85.943078,39.250716],[-85.941927,39.259577],[-85.927118,39.259421],[-85.92782,39.237199],[-85.922743,39.237556],[-85.924496,39.239367],[-85.921809,39.241205],[-85.923735,39.247821],[-85.920018,39.248742],[-85.920049,39.250773],[-85.91737,39.250473],[-85.916334,39.252516],[-85.918245,39.2524],[-85.918497,39.257075],[-85.92106,39.259525],[-85.912782,39.259674],[-85.913067,39.273819],[-85.880273,39.274856],[-85.880925,39.26411],[-85.887394,39.252241],[-85.881003,39.252914],[-85.880939,39.245506],[-85.871631,39.244399],[-85.869405,39.245379],[-85.86936,39.243596],[-85.867055,39.243619],[-85.867098,39.245403],[-85.862515,39.245501],[-85.862439,39.241901],[-85.853023,39.24204],[-85.852927,39.23841],[-85.857797,39.238366],[-85.857593,39.23251],[-85.852842,39.232566],[-85.851239,39.231125],[-85.851175,39.226218],[-85.85743,39.229589],[-85.857237,39.223866],[-85.854963,39.223931],[-85.854744,39.216395],[-85.863281,39.216274],[-85.866423,39.213791],[-85.866568,39.216307],[-85.869556,39.21628],[-85.869571,39.218502],[-85.871346,39.218492],[-85.871582,39.220755],[-85.873524,39.221312],[-85.873602,39.216229],[-85.875741,39.216219],[-85.8757,39.212784],[-85.877576,39.210832],[-85.873199,39.208341],[-85.866408,39.208662],[-85.866375,39.205448],[-85.870654,39.20684],[-85.871134,39.205392],[-85.875883,39.205339],[-85.875861,39.201711],[-85.87808,39.201673],[-85.878102,39.2053],[-85.880545,39.205256],[-85.879449,39.198027],[-85.875817,39.198088],[-85.875863,39.194461],[-85.879747,39.194391],[-85.879696,39.190395],[-85.882071,39.188997],[-85.880667,39.184976],[-85.885056,39.184375],[-85.885013,39.179694],[-85.892033,39.179573],[-85.894506,39.180483],[-85.894511,39.181983],[-85.903794,39.181886],[-85.903938,39.193058],[-85.912963,39.198769],[-85.911657,39.195431],[-85.915788,39.195386],[-85.917203,39.19325],[-85.916132,39.191495],[-85.918385,39.189901],[-85.919953,39.194544],[-85.924272,39.198413],[-85.92666,39.196932],[-85.929931,39.197892],[-85.930056,39.17298],[-85.928634,39.17219],[-85.930018,39.171521],[-85.938973,39.171255],[-85.93933,39.162828],[-85.953151,39.161562],[-85.953162,39.163361],[-85.958033,39.163333],[-85.957989,39.148939],[-85.94377,39.149017],[-85.946,39.149818],[-85.946026,39.152641],[-85.943811,39.152671],[-85.943821,39.155156],[-85.939307,39.155252],[-85.93924,39.149085],[-85.921883,39.149824],[-85.920338,39.148675],[-85.920126,39.135286],[-85.934249,39.134747],[-85.934202,39.131852],[-85.935827,39.130997],[-85.943472,39.130741],[-85.943444,39.127134],[-85.947728,39.127089],[-85.947987,39.123511],[-85.957967,39.123189],[-85.957893,39.120596],[-85.966803,39.120713],[-85.966966,39.134216],[-85.975621,39.134619],[-85.975702,39.141457],[-85.967038,39.141474],[-85.967162,39.148006],[-85.958569,39.149039],[-85.958642,39.170833],[-85.963726,39.170696],[-85.963692,39.166981],[-85.96725,39.166956],[-85.967247,39.169023],[-85.972604,39.170552],[-85.972626,39.174158],[-85.977342,39.174108],[-85.978546,39.177716],[-85.98599,39.177582],[-85.986747,39.170341],[-85.996183,39.170066],[-85.996206,39.171282],[-85.993838,39.171085],[-85.993235,39.177403],[-85.996454,39.178552],[-85.995747,39.186405],[-86.001137,39.185888],[-86.003001,39.197261]],[[-85.988441,39.180202],[-85.988416,39.178676],[-85.98688,39.178716],[-85.98694,39.180383],[-85.988441,39.180202]],[[-85.97958,39.192888],[-85.978124,39.192244],[-85.978167,39.193001],[-85.97958,39.192888]],[[-85.978007,39.178835],[-85.978558,39.178608],[-85.978003,39.178616],[-85.978007,39.178835]],[[-85.977415,39.179573],[-85.976636,39.179174],[-85.97663,39.179789],[-85.977415,39.179573]],[[-85.97182,39.196042],[-85.969379,39.195554],[-85.968592,39.197798],[-85.971707,39.197752],[-85.97182,39.196042]],[[-85.971815,39.139705],[-85.971794,39.138232],[-85.969152,39.138245],[-85.969126,39.13588],[-85.966975,39.1359],[-85.967026,39.140378],[-85.971815,39.139705]],[[-85.962175,39.132571],[-85.958783,39.132593],[-85.959271,39.13409],[-85.962175,39.132571]],[[-85.959615,39.136419],[-85.959223,39.134553],[-85.958593,39.136426],[-85.959615,39.136419]],[[-85.958623,39.194937],[-85.95808,39.168991],[-85.955782,39.16907],[-85.955823,39.17654],[-85.953735,39.17659],[-85.953764,39.178231],[-85.949063,39.178361],[-85.949017,39.175339],[-85.945993,39.174078],[-85.948996,39.174],[-85.948967,39.172071],[-85.951036,39.172014],[-85.949429,39.170271],[-85.941946,39.171348],[-85.94229,39.174141],[-85.939584,39.174158],[-85.939678,39.178585],[-85.931413,39.178779],[-85.931118,39.176714],[-85.936807,39.176602],[-85.936703,39.17152],[-85.930051,39.171668],[-85.930676,39.189404],[-85.932081,39.189417],[-85.930685,39.189842],[-85.93075,39.198235],[-85.944738,39.199306],[-85.944732,39.193797],[-85.956796,39.193283],[-85.958623,39.194937]],[[-85.954946,39.171451],[-85.954482,39.171032],[-85.954484,39.171464],[-85.954946,39.171451]],[[-85.945918,39.248167],[-85.947281,39.244613],[-85.94585,39.244586],[-85.945918,39.248167]],[[-85.945923,39.135946],[-85.944099,39.136012],[-85.943496,39.134415],[-85.943557,39.138038],[-85.945904,39.137956],[-85.945923,39.135946]],[[-85.940409,39.222711],[-85.933395,39.222662],[-85.934256,39.22628],[-85.940488,39.226382],[-85.940409,39.222711]],[[-85.932379,39.216367],[-85.93204,39.21637],[-85.932634,39.21738],[-85.932379,39.216367]],[[-85.920039,39.195869],[-85.918709,39.191808],[-85.917863,39.192018],[-85.918217,39.197963],[-85.920039,39.195869]],[[-85.885459,39.238012],[-85.883725,39.238051],[-85.881274,39.241551],[-85.885447,39.241393],[-85.885459,39.238012]]]]}},{"type":"Feature","properties":{"NAME":"Angola","state_abbr":"IN","state_name":"Indiana","ALAND":17084219},"geometry":{"type":"Polygon","coordinates":[[[-85.052865,41.635],[-85.046826,41.635643],[-85.047392,41.642206],[-85.036235,41.642377],[-85.036247,41.640621],[-85.0282,41.640541],[-85.028173,41.63918],[-85.025778,41.639186],[-85.025825,41.637039],[-85.018648,41.638657],[-85.018605,41.63998],[-85.016275,41.640021],[-85.016295,41.642356],[-85.010447,41.642377],[-85.010467,41.639554],[-85.004416,41.639523],[-85.005117,41.643128],[-85.008975,41.643047],[-85.009173,41.652189],[-85.009155,41.657249],[-85.0044,41.658381],[-85.004423,41.660712],[-85.009234,41.660746],[-85.009176,41.665799],[-85.016418,41.664398],[-85.016445,41.66747],[-85.010081,41.670578],[-85.004473,41.67747],[-84.994326,41.679252],[-84.990194,41.67479],[-84.987619,41.674341],[-84.987882,41.671924],[-84.994708,41.671835],[-84.994748,41.664653],[-84.987196,41.664711],[-84.990633,41.660223],[-84.985778,41.660296],[-84.98306,41.663259],[-84.980237,41.663242],[-84.980236,41.657405],[-84.985084,41.657398],[-84.985053,41.653947],[-84.982317,41.653741],[-84.98236,41.650095],[-84.984946,41.650085],[-84.984892,41.645655],[-84.987073,41.645547],[-84.987016,41.642721],[-84.989709,41.642654],[-84.989696,41.641193],[-84.987504,41.641193],[-84.987457,41.639105],[-84.986251,41.639105],[-84.987495,41.635076],[-84.969932,41.634372],[-84.9699,41.624716],[-84.982814,41.627268],[-84.982208,41.623933],[-84.982743,41.625468],[-84.99429,41.624163],[-84.99648,41.617122],[-84.999857,41.61706],[-85.001294,41.618625],[-85.000204,41.62074],[-85.007969,41.620676],[-85.009205,41.6238],[-85.00632,41.624276],[-85.013666,41.624221],[-85.013757,41.627882],[-85.021076,41.627829],[-85.021497,41.630829],[-85.033016,41.63142],[-85.033017,41.627814],[-85.037904,41.627757],[-85.037943,41.631371],[-85.042673,41.631334],[-85.042599,41.627689],[-85.048836,41.62765],[-85.048972,41.629535],[-85.052386,41.627632],[-85.052865,41.635]]]}},{"type":"Feature","properties":{"NAME":"Clear Lake","state_abbr":"IN","state_name":"Indiana","ALAND":2881818},"geometry":{"type":"Polygon","coordinates":[[[-84.859811,41.739985],[-84.850085,41.741593],[-84.849884,41.745794],[-84.846102,41.745765],[-84.847036,41.747273],[-84.845267,41.752153],[-84.837814,41.750993],[-84.836905,41.74897],[-84.833676,41.747739],[-84.833847,41.753394],[-84.840533,41.753296],[-84.840502,41.757097],[-84.830123,41.757119],[-84.830199,41.753447],[-84.83137,41.75343],[-84.830025,41.740826],[-84.820141,41.74089],[-84.820363,41.727912],[-84.82995,41.727817],[-84.830826,41.729229],[-84.83673,41.729686],[-84.845926,41.728974],[-84.845874,41.726323],[-84.855214,41.72871],[-84.855814,41.732324],[-84.859758,41.733093],[-84.859811,41.739985]]]}},{"type":"Feature","properties":{"NAME":"Fremont","state_abbr":"IN","state_name":"Indiana","ALAND":8048922},"geometry":{"type":"Polygon","coordinates":[[[-84.96708,41.73009],[-84.957541,41.730359],[-84.957605,41.731706],[-84.954537,41.731528],[-84.954592,41.734019],[-84.94751,41.734104],[-84.947604,41.741832],[-84.942745,41.741584],[-84.94273,41.738017],[-84.93788,41.738127],[-84.937906,41.743797],[-84.930934,41.743849],[-84.932713,41.7378],[-84.918274,41.73793],[-84.918092,41.730774],[-84.915779,41.730767],[-84.915518,41.727183],[-84.918007,41.727165],[-84.917941,41.723418],[-84.92282,41.723385],[-84.922716,41.719723],[-84.927642,41.719708],[-84.927593,41.717889],[-84.931465,41.717411],[-84.931456,41.715911],[-84.93681,41.715988],[-84.933843,41.72318],[-84.941428,41.715867],[-84.947137,41.715859],[-84.947068,41.713591],[-84.95678,41.717611],[-84.956873,41.723397],[-84.959398,41.723374],[-84.959197,41.719531],[-84.960895,41.719947],[-84.965247,41.724686],[-84.963844,41.725667],[-84.96708,41.73009]]]}},{"type":"Feature","properties":{"NAME":"Leesburg","state_abbr":"IN","state_name":"Indiana","ALAND":662454},"geometry":{"type":"Polygon","coordinates":[[[-85.857232,41.328841],[-85.855724,41.328862],[-85.853695,41.333331],[-85.848208,41.333428],[-85.846489,41.333966],[-85.846535,41.335627],[-85.844569,41.33565],[-85.844618,41.332067],[-85.84279,41.331728],[-85.841769,41.328068],[-85.857176,41.327314],[-85.857232,41.328841]]]}},{"type":"Feature","properties":{"NAME":"Mentone","state_abbr":"IN","state_name":"Indiana","ALAND":1509894},"geometry":{"type":"Polygon","coordinates":[[[-86.050204,41.17731],[-86.039843,41.175735],[-86.039924,41.180564],[-86.032084,41.180664],[-86.032107,41.177058],[-86.02777,41.177089],[-86.027671,41.174044],[-86.034185,41.172943],[-86.032765,41.169054],[-86.035203,41.169273],[-86.035145,41.166736],[-86.038944,41.166707],[-86.039791,41.169176],[-86.044649,41.169105],[-86.044831,41.172612],[-86.050136,41.173194],[-86.050204,41.17731]]]}},{"type":"Feature","properties":{"NAME":"Milford","state_abbr":"IN","state_name":"Indiana","ALAND":3760828},"geometry":{"type":"MultiPolygon","coordinates":[[[[-85.85516,41.399138],[-85.854996,41.420846],[-85.841893,41.421051],[-85.842244,41.428334],[-85.826799,41.427439],[-85.828802,41.427549],[-85.828769,41.425554],[-85.82632,41.424733],[-85.829202,41.423745],[-85.82631,41.423793],[-85.826284,41.42123],[-85.828821,41.421187],[-85.828843,41.42255],[-85.834347,41.4211],[-85.834361,41.422576],[-85.839011,41.421065],[-85.838958,41.41599],[-85.836589,41.416007],[-85.836573,41.41441],[-85.839027,41.413829],[-85.836883,41.412826],[-85.837545,41.410751],[-85.839963,41.409862],[-85.839954,41.405931],[-85.845154,41.404998],[-85.845091,41.399222],[-85.85516,41.399138]]],[[[-85.855187,41.412022],[-85.855915,41.413572],[-85.855195,41.413584],[-85.855187,41.412022]]]]}},{"type":"Feature","properties":{"NAME":"Sidney","state_abbr":"IN","state_name":"Indiana","ALAND":325044},"geometry":{"type":"Polygon","coordinates":[[[-85.747665,41.106431],[-85.743446,41.108734],[-85.743427,41.107173],[-85.738525,41.106357],[-85.738411,41.102768],[-85.743325,41.10154],[-85.743347,41.102663],[-85.74574,41.102595],[-85.745802,41.10549],[-85.747665,41.106431]]]}},{"type":"Feature","properties":{"NAME":"Syracuse","state_abbr":"IN","state_name":"Indiana","ALAND":5730419},"geometry":{"type":"MultiPolygon","coordinates":[[[[-85.757977,41.44917],[-85.751657,41.450537],[-85.750298,41.446966],[-85.756579,41.446106],[-85.757977,41.44917]]],[[[-85.7685,41.420918],[-85.75725,41.42248],[-85.764002,41.423223],[-85.764143,41.429428],[-85.759647,41.42953],[-85.760444,41.435866],[-85.74417,41.436087],[-85.744176,41.431877],[-85.742917,41.432324],[-85.734116,41.421296],[-85.735699,41.413333],[-85.733829,41.409487],[-85.734583,41.408235],[-85.739438,41.407528],[-85.740555,41.409158],[-85.743222,41.407935],[-85.743235,41.402676],[-85.744688,41.404247],[-85.747779,41.404236],[-85.747887,41.411592],[-85.755102,41.411462],[-85.755196,41.416498],[-85.763717,41.416726],[-85.764354,41.414933],[-85.759976,41.415012],[-85.759894,41.410095],[-85.768284,41.410032],[-85.7685,41.420918]]]]}},{"type":"Feature","properties":{"NAME":"Winona Lake","state_abbr":"IN","state_name":"Indiana","ALAND":7640669},"geometry":{"type":"Polygon","coordinates":[[[-85.835381,41.210814],[-85.834936,41.212626],[-85.828152,41.212757],[-85.828135,41.214458],[-85.830834,41.214396],[-85.8328,41.216523],[-85.828047,41.216672],[-85.828471,41.233502],[-85.794425,41.224391],[-85.79444,41.22055],[-85.789502,41.220571],[-85.787864,41.213343],[-85.77971,41.213425],[-85.779745,41.206231],[-85.781264,41.205753],[-85.779762,41.204694],[-85.779779,41.199003],[-85.784544,41.198906],[-85.78456,41.201997],[-85.789399,41.20189],[-85.789394,41.203591],[-85.786963,41.203613],[-85.787047,41.204911],[-85.794264,41.206037],[-85.794328,41.211949],[-85.807343,41.215385],[-85.806659,41.203487],[-85.823208,41.203275],[-85.823251,41.205636],[-85.827989,41.205591],[-85.828077,41.208395],[-85.832918,41.208329],[-85.832957,41.210812],[-85.835381,41.210814]],[[-85.783784,41.206193],[-85.784578,41.205499],[-85.783779,41.205507],[-85.783784,41.206193]],[[-85.782581,41.206171],[-85.782226,41.205591],[-85.782062,41.206],[-85.782581,41.206171]]]}},{"type":"Feature","properties":{"NAME":"Silver Lake","state_abbr":"IN","state_name":"Indiana","ALAND":1404698},"geometry":{"type":"Polygon","coordinates":[[[-85.902372,41.078507],[-85.900284,41.076521],[-85.897999,41.076803],[-85.899072,41.080071],[-85.897241,41.081352],[-85.896744,41.084894],[-85.896134,41.081794],[-85.892755,41.08303],[-85.891637,41.081569],[-85.89266,41.081006],[-85.890182,41.081015],[-85.890063,41.078351],[-85.891871,41.078335],[-85.890322,41.074622],[-85.882838,41.074681],[-85.880904,41.070059],[-85.883667,41.070636],[-85.883637,41.068393],[-85.885366,41.068389],[-85.88542,41.070587],[-85.889768,41.070536],[-85.891513,41.06964],[-85.891608,41.064774],[-85.893482,41.06477],[-85.893442,41.068965],[-85.896937,41.068949],[-85.897987,41.067291],[-85.896848,41.071916],[-85.900299,41.072562],[-85.897894,41.072433],[-85.897923,41.075646],[-85.901324,41.076144],[-85.902372,41.078507]],[[-85.892623,41.080241],[-85.891958,41.079992],[-85.891974,41.080244],[-85.892623,41.080241]]]}},{"type":"Feature","properties":{"NAME":"Kingsbury","state_abbr":"IN","state_name":"Indiana","ALAND":1534678},"geometry":{"type":"Polygon","coordinates":[[[-86.704645,41.519751],[-86.702264,41.522245],[-86.703443,41.528137],[-86.700793,41.529868],[-86.701094,41.538876],[-86.693257,41.539154],[-86.69285,41.535554],[-86.690639,41.535561],[-86.690478,41.532174],[-86.692625,41.531226],[-86.688354,41.531089],[-86.69149,41.530871],[-86.691309,41.52555],[-86.701806,41.521555],[-86.701804,41.517336],[-86.703414,41.517342],[-86.704645,41.519751]]]}},{"type":"Feature","properties":{"NAME":"La Crosse","state_abbr":"IN","state_name":"Indiana","ALAND":1472892},"geometry":{"type":"Polygon","coordinates":[[[-86.899313,41.317304],[-86.896095,41.317307],[-86.896173,41.320178],[-86.892463,41.320255],[-86.89142,41.325514],[-86.8866,41.325553],[-86.886553,41.32302],[-86.881786,41.323024],[-86.881238,41.316746],[-86.879007,41.316482],[-86.884877,41.316341],[-86.884629,41.314439],[-86.889134,41.314393],[-86.889076,41.310087],[-86.8958,41.310093],[-86.895997,41.315089],[-86.899264,41.31506],[-86.899313,41.317304]]]}},{"type":"Feature","properties":{"NAME":"Long Beach","state_abbr":"IN","state_name":"Indiana","ALAND":2699996},"geometry":{"type":"Polygon","coordinates":[[[-86.875443,41.738283],[-86.853073,41.747601],[-86.836492,41.755072],[-86.836384,41.74611],[-86.841187,41.745708],[-86.841184,41.739969],[-86.842436,41.73938],[-86.850075,41.736919],[-86.851247,41.738532],[-86.860793,41.73684],[-86.860903,41.73854],[-86.865624,41.738637],[-86.869001,41.737277],[-86.868065,41.735046],[-86.871636,41.736599],[-86.873285,41.734786],[-86.875327,41.734799],[-86.875443,41.738283]]]}},{"type":"Feature","properties":{"NAME":"Michiana Shores","state_abbr":"IN","state_name":"Indiana","ALAND":901963},"geometry":{"type":"Polygon","coordinates":[[[-86.825003,41.753128],[-86.824276,41.760298],[-86.81051,41.760284],[-86.812243,41.758555],[-86.812328,41.75284],[-86.815348,41.750905],[-86.81609,41.752539],[-86.825003,41.753128]]]}},{"type":"Feature","properties":{"NAME":"Straughn","state_abbr":"IN","state_name":"Indiana","ALAND":365382},"geometry":{"type":"Polygon","coordinates":[[[-85.295968,39.809457],[-85.290399,39.811444],[-85.286894,39.810553],[-85.28644,39.807188],[-85.288789,39.80687],[-85.288788,39.805478],[-85.293523,39.805388],[-85.292916,39.806945],[-85.294701,39.806865],[-85.295968,39.809457]]]}},{"type":"Feature","properties":{"NAME":"Hartford City","state_abbr":"IN","state_name":"Indiana","ALAND":10053896},"geometry":{"type":"MultiPolygon","coordinates":[[[[-85.369899,40.47383],[-85.370039,40.476374],[-85.367671,40.4764],[-85.369899,40.47383]]],[[[-85.407511,40.460094],[-85.40734,40.463304],[-85.393162,40.458056],[-85.393944,40.464747],[-85.38899,40.465013],[-85.384488,40.464977],[-85.38465,40.461351],[-85.381195,40.461335],[-85.379533,40.462594],[-85.379362,40.473607],[-85.370039,40.47383],[-85.37008,40.470244],[-85.360395,40.468601],[-85.360596,40.464739],[-85.358103,40.464699],[-85.360596,40.461016],[-85.360638,40.456512],[-85.35586,40.454936],[-85.349246,40.462805],[-85.356439,40.453381],[-85.351961,40.452051],[-85.353383,40.45028],[-85.3462,40.450114],[-85.34583,40.45388],[-85.341186,40.454958],[-85.341205,40.44982],[-85.355899,40.45019],[-85.355966,40.442423],[-85.352513,40.440676],[-85.359808,40.443904],[-85.359874,40.435822],[-85.364721,40.435858],[-85.364959,40.432376],[-85.370231,40.433856],[-85.370268,40.431584],[-85.374691,40.434255],[-85.374697,40.438765],[-85.371561,40.438807],[-85.37165,40.44134],[-85.372786,40.440823],[-85.374121,40.443179],[-85.372355,40.442428],[-85.372204,40.442882],[-85.373797,40.443181],[-85.376329,40.443288],[-85.382412,40.443138],[-85.382293,40.439808],[-85.38913,40.439781],[-85.389119,40.442117],[-85.390989,40.442521],[-85.389099,40.443147],[-85.389062,40.446778],[-85.390352,40.446108],[-85.39023,40.448284],[-85.393734,40.448431],[-85.393798,40.450635],[-85.384775,40.451106],[-85.384773,40.452316],[-85.393169,40.452739],[-85.393594,40.456721],[-85.398082,40.456847],[-85.397939,40.45897],[-85.407511,40.460094]]]]}},{"type":"Feature","properties":{"NAME":"Montpelier","state_abbr":"IN","state_name":"Indiana","ALAND":3878396},"geometry":{"type":"Polygon","coordinates":[[[-85.30196,40.55227],[-85.297144,40.551695],[-85.296971,40.547837],[-85.289909,40.547829],[-85.290569,40.552613],[-85.297272,40.552563],[-85.297495,40.560048],[-85.292602,40.560074],[-85.29235,40.553139],[-85.29043,40.554041],[-85.290446,40.559083],[-85.287879,40.560465],[-85.279706,40.556988],[-85.279215,40.559351],[-85.272415,40.559614],[-85.273517,40.551518],[-85.271899,40.551449],[-85.271889,40.548639],[-85.273802,40.548601],[-85.27395,40.545024],[-85.278325,40.545114],[-85.278323,40.542146],[-85.280404,40.542146],[-85.281592,40.542163],[-85.280698,40.54513],[-85.28662,40.54513],[-85.297098,40.53131],[-85.297253,40.545171],[-85.301926,40.545083],[-85.30196,40.55227]]]}},{"type":"Feature","properties":{"NAME":"Shamrock Lakes","state_abbr":"IN","state_name":"Indiana","ALAND":681433},"geometry":{"type":"Polygon","coordinates":[[[-85.431614,40.407389],[-85.432018,40.414528],[-85.427378,40.414519],[-85.430947,40.411846],[-85.426894,40.414567],[-85.426791,40.416799],[-85.421331,40.416874],[-85.421244,40.407365],[-85.431614,40.407389]]]}},{"type":"Feature","properties":{"NAME":"Corydon","state_abbr":"IN","state_name":"Indiana","ALAND":4279159},"geometry":{"type":"MultiPolygon","coordinates":[[[[-86.115318,38.205088],[-86.116853,38.20771],[-86.114377,38.206433],[-86.115318,38.205088]]],[[[-86.143346,38.219807],[-86.141721,38.222137],[-86.139881,38.222123],[-86.138729,38.226943],[-86.138795,38.225637],[-86.136486,38.225516],[-86.137219,38.226726],[-86.135153,38.228901],[-86.136285,38.230518],[-86.131373,38.232133],[-86.132606,38.227142],[-86.128617,38.221512],[-86.127511,38.222018],[-86.12741,38.219692],[-86.129916,38.218287],[-86.12989,38.221311],[-86.133304,38.221383],[-86.133399,38.217723],[-86.118488,38.219834],[-86.116968,38.217413],[-86.118404,38.21644],[-86.114988,38.21641],[-86.115064,38.213239],[-86.110341,38.211599],[-86.110419,38.209972],[-86.106723,38.209668],[-86.106753,38.206183],[-86.110716,38.205821],[-86.114462,38.207952],[-86.117806,38.208099],[-86.117836,38.207437],[-86.124152,38.209383],[-86.121961,38.207887],[-86.122489,38.206218],[-86.116235,38.205043],[-86.116844,38.198469],[-86.126388,38.198155],[-86.125583,38.200938],[-86.132445,38.20023],[-86.1324,38.201485],[-86.130111,38.20156],[-86.12944,38.205091],[-86.126596,38.204988],[-86.126432,38.208284],[-86.130801,38.208331],[-86.134055,38.210875],[-86.132593,38.213584],[-86.136422,38.217875],[-86.14266,38.216574],[-86.143346,38.219807]]]]}},{"type":"Feature","properties":{"NAME":"Elizabeth","state_abbr":"IN","state_name":"Indiana","ALAND":677072},"geometry":{"type":"Polygon","coordinates":[[[-85.981386,38.127951],[-85.976745,38.129627],[-85.976738,38.127163],[-85.969044,38.127241],[-85.967512,38.119844],[-85.971509,38.121277],[-85.973973,38.119192],[-85.977206,38.119781],[-85.976322,38.12367],[-85.978751,38.123656],[-85.978771,38.127146],[-85.981386,38.127951]],[[-85.971446,38.126035],[-85.970264,38.125546],[-85.96957,38.125551],[-85.970135,38.126377],[-85.971446,38.126035]],[[-85.970905,38.123564],[-85.969729,38.122053],[-85.969735,38.123567],[-85.970905,38.123564]]]}},{"type":"Feature","properties":{"NAME":"Lanesville","state_abbr":"IN","state_name":"Indiana","ALAND":2436353},"geometry":{"type":"Polygon","coordinates":[[[-85.995866,38.231909],[-85.993357,38.234864],[-85.987735,38.237274],[-85.990567,38.240244],[-85.984014,38.242352],[-85.983212,38.250825],[-85.977588,38.250816],[-85.972905,38.245317],[-85.971691,38.247274],[-85.971723,38.24343],[-85.973999,38.243002],[-85.973984,38.234313],[-85.981294,38.236107],[-85.983449,38.234662],[-85.980824,38.232924],[-85.983893,38.233929],[-85.983325,38.228804],[-85.992562,38.228976],[-85.992521,38.232635],[-85.99091,38.23331],[-85.991976,38.234179],[-85.995866,38.231909]]]}},{"type":"Feature","properties":{"NAME":"New Middletown","state_abbr":"IN","state_name":"Indiana","ALAND":90394},"geometry":{"type":"Polygon","coordinates":[[[-86.052878,38.163332],[-86.052534,38.166162],[-86.047721,38.164413],[-86.047704,38.163279],[-86.052878,38.163332]]]}},{"type":"Feature","properties":{"NAME":"Alamo","state_abbr":"IN","state_name":"Indiana","ALAND":161263},"geometry":{"type":"Polygon","coordinates":[[[-87.057795,39.985137],[-87.052644,39.985073],[-87.052756,39.981731],[-87.057738,39.981741],[-87.057795,39.985137]]]}},{"type":"Feature","properties":{"NAME":"New Richmond","state_abbr":"IN","state_name":"Indiana","ALAND":497684},"geometry":{"type":"Polygon","coordinates":[[[-86.984089,40.191691],[-86.984038,40.195398],[-86.980396,40.196927],[-86.974088,40.197133],[-86.974066,40.195982],[-86.969516,40.195812],[-86.969057,40.194059],[-86.97704,40.193787],[-86.977045,40.190234],[-86.979188,40.189821],[-86.980645,40.192731],[-86.984089,40.191691]]]}},{"type":"Feature","properties":{"NAME":"Cadiz","state_abbr":"IN","state_name":"Indiana","ALAND":373960},"geometry":{"type":"Polygon","coordinates":[[[-85.490829,39.946577],[-85.488761,39.951153],[-85.490823,39.951992],[-85.490809,39.953813],[-85.482916,39.953808],[-85.482887,39.948831],[-85.48934,39.949014],[-85.487892,39.946236],[-85.490829,39.946577]]]}},{"type":"Feature","properties":{"NAME":"Greensboro","state_abbr":"IN","state_name":"Indiana","ALAND":286182},"geometry":{"type":"Polygon","coordinates":[[[-85.467214,39.877346],[-85.465765,39.88211],[-85.462331,39.882125],[-85.461052,39.875274],[-85.466246,39.875828],[-85.467214,39.877346]]]}},{"type":"Feature","properties":{"NAME":"Lewisville","state_abbr":"IN","state_name":"Indiana","ALAND":665592},"geometry":{"type":"Polygon","coordinates":[[[-85.358425,39.809167],[-85.354762,39.809177],[-85.354089,39.81204],[-85.352003,39.813302],[-85.350414,39.812691],[-85.352107,39.811611],[-85.351515,39.809061],[-85.348156,39.809058],[-85.348117,39.807611],[-85.344381,39.806211],[-85.350858,39.805949],[-85.350796,39.804809],[-85.348026,39.804788],[-85.351694,39.803945],[-85.351151,39.800113],[-85.352661,39.800064],[-85.35436,39.800966],[-85.355043,39.804257],[-85.35791,39.804311],[-85.358425,39.809167]]]}},{"type":"Feature","properties":{"NAME":"Springport","state_abbr":"IN","state_name":"Indiana","ALAND":311557},"geometry":{"type":"Polygon","coordinates":[[[-85.397215,40.047301],[-85.3952,40.047305],[-85.39353,40.050153],[-85.390494,40.050146],[-85.390583,40.048096],[-85.38803,40.047371],[-85.389056,40.044282],[-85.390979,40.044279],[-85.390932,40.045915],[-85.39339,40.044491],[-85.397241,40.045237],[-85.397215,40.047301]]]}},{"type":"Feature","properties":{"NAME":"Gosport","state_abbr":"IN","state_name":"Indiana","ALAND":971379},"geometry":{"type":"Polygon","coordinates":[[[-86.676151,39.34789],[-86.67396,39.352736],[-86.670401,39.35286],[-86.66721,39.35521],[-86.661813,39.355293],[-86.661724,39.352434],[-86.658234,39.352506],[-86.660619,39.346721],[-86.66991,39.346731],[-86.669808,39.348823],[-86.676151,39.34789]]]}},{"type":"Feature","properties":{"NAME":"Spencer","state_abbr":"IN","state_name":"Indiana","ALAND":4129213},"geometry":{"type":"Polygon","coordinates":[[[-86.796575,39.289793],[-86.785001,39.289888],[-86.785009,39.291884],[-86.783585,39.291856],[-86.783612,39.289876],[-86.777818,39.289824],[-86.77373,39.292497],[-86.770456,39.292496],[-86.771532,39.291458],[-86.770459,39.290234],[-86.7648,39.29109],[-86.764588,39.292919],[-86.75643,39.292533],[-86.755139,39.294398],[-86.751513,39.291413],[-86.755101,39.289747],[-86.749349,39.288089],[-86.752371,39.286744],[-86.752357,39.284944],[-86.755743,39.284181],[-86.755723,39.278559],[-86.773366,39.282895],[-86.773375,39.285842],[-86.774422,39.285792],[-86.778202,39.275647],[-86.783348,39.275648],[-86.780075,39.277776],[-86.779995,39.281587],[-86.796548,39.282774],[-86.796575,39.289793]]]}},{"type":"Feature","properties":{"NAME":"Brooksburg","state_abbr":"IN","state_name":"Indiana","ALAND":263163},"geometry":{"type":"Polygon","coordinates":[[[-85.248404,38.733392],[-85.245025,38.738586],[-85.239544,38.735783],[-85.246273,38.731526],[-85.248404,38.733392]]]}},{"type":"Feature","properties":{"NAME":"Dupont","state_abbr":"IN","state_name":"Indiana","ALAND":2612514},"geometry":{"type":"Polygon","coordinates":[[[-85.528359,38.885702],[-85.528339,38.897248],[-85.505122,38.897416],[-85.505162,38.885619],[-85.528359,38.885702]]]}},{"type":"Feature","properties":{"NAME":"Chrisney","state_abbr":"IN","state_name":"Indiana","ALAND":1828365},"geometry":{"type":"Polygon","coordinates":[[[-87.041177,38.018054],[-87.038626,38.017625],[-87.03723,38.023045],[-87.034286,38.023312],[-87.034316,38.020946],[-87.036611,38.020969],[-87.036593,38.018217],[-87.028704,38.016472],[-87.028463,38.012647],[-87.022288,38.012662],[-87.019097,38.010645],[-87.019151,38.009246],[-87.022571,38.009173],[-87.023222,38.007112],[-87.025068,38.009233],[-87.024951,38.006539],[-87.026912,38.006555],[-87.026903,38.010089],[-87.034385,38.009331],[-87.034516,38.006472],[-87.031874,38.006502],[-87.031949,38.002985],[-87.0219,38.002939],[-87.026976,37.999261],[-87.036555,38.000295],[-87.03856,38.01743],[-87.041177,38.018054]]]}},{"type":"Feature","properties":{"NAME":"Darmstadt","state_abbr":"IN","state_name":"Indiana","ALAND":11697337},"geometry":{"type":"Polygon","coordinates":[[[-87.600326,38.080091],[-87.59966,38.10909],[-87.559732,38.108204],[-87.557779,38.085535],[-87.555839,38.079485],[-87.584295,38.079965],[-87.584483,38.076356],[-87.588797,38.076455],[-87.588753,38.079969],[-87.600326,38.080091]]]}},{"type":"Feature","properties":{"NAME":"Paoli","state_abbr":"IN","state_name":"Indiana","ALAND":9684553},"geometry":{"type":"Polygon","coordinates":[[[-86.498593,38.564835],[-86.493887,38.564675],[-86.493113,38.568728],[-86.486137,38.568712],[-86.486117,38.571466],[-86.460142,38.57145],[-86.462909,38.565912],[-86.458826,38.565667],[-86.460717,38.562134],[-86.445625,38.562197],[-86.44524,38.558222],[-86.448588,38.551153],[-86.448887,38.545136],[-86.459289,38.544978],[-86.45935,38.541996],[-86.464457,38.542001],[-86.464396,38.539263],[-86.467619,38.539289],[-86.467573,38.541935],[-86.480605,38.541619],[-86.480787,38.549355],[-86.478115,38.549346],[-86.477985,38.555746],[-86.493996,38.557246],[-86.497778,38.561421],[-86.498593,38.564835]]]}},{"type":"Feature","properties":{"NAME":"West Baden Springs","state_abbr":"IN","state_name":"Indiana","ALAND":2819844},"geometry":{"type":"Polygon","coordinates":[[[-86.624723,38.568741],[-86.620814,38.574171],[-86.614095,38.573191],[-86.61282,38.575034],[-86.607888,38.576388],[-86.607882,38.574195],[-86.598841,38.574149],[-86.598877,38.568862],[-86.603556,38.568921],[-86.603556,38.570283],[-86.605213,38.570338],[-86.605223,38.573483],[-86.605876,38.570537],[-86.607826,38.570522],[-86.606827,38.568288],[-86.608262,38.566791],[-86.601784,38.566913],[-86.603016,38.559198],[-86.61519,38.559286],[-86.615154,38.561543],[-86.617406,38.561551],[-86.617084,38.563158],[-86.624814,38.563424],[-86.624723,38.568741]]]}},{"type":"Feature","properties":{"NAME":"Kokomo","state_abbr":"IN","state_name":"Indiana","ALAND":94996838},"geometry":{"type":"Polygon","coordinates":[[[-86.184238,40.438293],[-86.184064,40.497611],[-86.175074,40.49774],[-86.175146,40.50496],[-86.172411,40.504994],[-86.172368,40.497733],[-86.157658,40.497922],[-86.157666,40.502401],[-86.150436,40.502357],[-86.150413,40.505232],[-86.145573,40.50526],[-86.144064,40.507559],[-86.145593,40.507559],[-86.146876,40.519672],[-86.14453,40.519689],[-86.144559,40.525489],[-86.129845,40.527157],[-86.129851,40.528953],[-86.126958,40.528979],[-86.126955,40.531712],[-86.125963,40.529841],[-86.125184,40.534399],[-86.117363,40.534587],[-86.117265,40.520233],[-86.107779,40.520274],[-86.107882,40.505691],[-86.084036,40.506155],[-86.088273,40.505521],[-86.085247,40.484159],[-86.069902,40.484301],[-86.069981,40.448556],[-86.076891,40.448469],[-86.076425,40.441413],[-86.079609,40.43398],[-86.079622,40.412212],[-86.097181,40.412873],[-86.100193,40.409817],[-86.101017,40.411929],[-86.126937,40.411592],[-86.132549,40.410253],[-86.13256,40.411494],[-86.136626,40.411422],[-86.136609,40.418683],[-86.160446,40.41836],[-86.162763,40.412233],[-86.165121,40.412066],[-86.165922,40.425526],[-86.179405,40.425412],[-86.178264,40.438032],[-86.184238,40.438293]],[[-86.098553,40.473591],[-86.09378,40.473594],[-86.093758,40.476804],[-86.097053,40.476756],[-86.098553,40.473591]]]}},{"type":"Feature","properties":{"NAME":"Sullivan","state_abbr":"IN","state_name":"Indiana","ALAND":4855754},"geometry":{"type":"Polygon","coordinates":[[[-87.418928,39.106536],[-87.411821,39.106539],[-87.411655,39.115738],[-87.405709,39.115666],[-87.405509,39.108944],[-87.403231,39.102993],[-87.399811,39.102947],[-87.399871,39.100397],[-87.390707,39.09981],[-87.390868,39.095124],[-87.393149,39.095052],[-87.393267,39.091885],[-87.391074,39.091897],[-87.391119,39.09006],[-87.400952,39.090402],[-87.404921,39.089075],[-87.404968,39.081193],[-87.40943,39.08121],[-87.409592,39.084334],[-87.41563,39.084271],[-87.415507,39.088115],[-87.417569,39.088137],[-87.417501,39.091731],[-87.418573,39.091761],[-87.418928,39.106536]]]}},{"type":"Feature","properties":{"NAME":"Center Point","state_abbr":"IN","state_name":"Indiana","ALAND":1917126},"geometry":{"type":"Polygon","coordinates":[[[-87.082322,39.408134],[-87.082143,39.422707],[-87.067991,39.422627],[-87.068142,39.408065],[-87.082322,39.408134]]]}},{"type":"Feature","properties":{"NAME":"Frankfort","state_abbr":"IN","state_name":"Indiana","ALAND":20862145},"geometry":{"type":"Polygon","coordinates":[[[-86.583265,40.281564],[-86.570311,40.281509],[-86.570277,40.2864],[-86.574594,40.286505],[-86.575635,40.28967],[-86.579648,40.292644],[-86.57901,40.300021],[-86.562215,40.291214],[-86.563263,40.286496],[-86.543308,40.286348],[-86.543293,40.281536],[-86.53553,40.281501],[-86.534911,40.27897],[-86.530169,40.279303],[-86.530256,40.282934],[-86.533293,40.283275],[-86.53333,40.284819],[-86.538327,40.284151],[-86.536088,40.285628],[-86.538531,40.286286],[-86.538551,40.289714],[-86.531069,40.289806],[-86.53321,40.298271],[-86.527216,40.294466],[-86.518874,40.295231],[-86.518841,40.293621],[-86.517423,40.293602],[-86.517525,40.297906],[-86.511623,40.297362],[-86.511548,40.300417],[-86.50136,40.300438],[-86.501409,40.293361],[-86.498962,40.293307],[-86.499039,40.289549],[-86.492116,40.289177],[-86.480022,40.293105],[-86.479911,40.286155],[-86.472719,40.286194],[-86.472574,40.278759],[-86.476347,40.278799],[-86.477551,40.271629],[-86.482339,40.271608],[-86.482339,40.266226],[-86.484698,40.266296],[-86.484711,40.264317],[-86.500633,40.263675],[-86.500622,40.262232],[-86.503189,40.262173],[-86.501859,40.260042],[-86.502891,40.259943],[-86.510671,40.264627],[-86.510677,40.26301],[-86.514747,40.263086],[-86.514734,40.266414],[-86.51271,40.26634],[-86.515546,40.268096],[-86.516875,40.271375],[-86.519951,40.271382],[-86.519958,40.268209],[-86.52051,40.269698],[-86.522514,40.269719],[-86.5206,40.274003],[-86.524656,40.27393],[-86.524713,40.275979],[-86.529915,40.274446],[-86.529917,40.275643],[-86.532278,40.275641],[-86.543371,40.274295],[-86.543374,40.271822],[-86.562327,40.271855],[-86.562327,40.269804],[-86.57166,40.26983],[-86.57168,40.2756],[-86.56853,40.276267],[-86.575718,40.275831],[-86.576651,40.279217],[-86.583256,40.279135],[-86.583265,40.281564]]]}},{"type":"Feature","properties":{"NAME":"Walton","state_abbr":"IN","state_name":"Indiana","ALAND":1107473},"geometry":{"type":"Polygon","coordinates":[[[-86.254471,40.663804],[-86.249718,40.663807],[-86.249772,40.669317],[-86.246857,40.66605],[-86.245854,40.667804],[-86.24477,40.66628],[-86.237439,40.665901],[-86.237356,40.655168],[-86.24223,40.656512],[-86.247003,40.661824],[-86.254503,40.660558],[-86.254471,40.663804]]]}},{"type":"Feature","properties":{"NAME":"Griffith","state_abbr":"IN","state_name":"Indiana","ALAND":20122381},"geometry":{"type":"Polygon","coordinates":[[[-87.451851,41.507784],[-87.451856,41.537432],[-87.432499,41.537325],[-87.432375,41.566366],[-87.413073,41.566333],[-87.413134,41.522644],[-87.393868,41.522621],[-87.393543,41.497076],[-87.400049,41.498607],[-87.40738,41.503583],[-87.417773,41.499997],[-87.418809,41.507676],[-87.451851,41.507784]]]}},{"type":"Feature","properties":{"NAME":"Losantville","state_abbr":"IN","state_name":"Indiana","ALAND":488523},"geometry":{"type":"Polygon","coordinates":[[[-85.188857,40.024203],[-85.188312,40.026634],[-85.179837,40.027133],[-85.179697,40.019171],[-85.183633,40.019222],[-85.183743,40.020974],[-85.188857,40.024203]]]}},{"type":"Feature","properties":{"NAME":"Saratoga","state_abbr":"IN","state_name":"Indiana","ALAND":685578},"geometry":{"type":"Polygon","coordinates":[[[-84.92125,40.23997],[-84.910059,40.240229],[-84.909967,40.234233],[-84.915857,40.234283],[-84.915824,40.233058],[-84.920255,40.23171],[-84.92125,40.23997]]]}},{"type":"Feature","properties":{"NAME":"Winchester","state_abbr":"IN","state_name":"Indiana","ALAND":8957533},"geometry":{"type":"Polygon","coordinates":[[[-84.998341,40.164699],[-84.998205,40.176488],[-84.986883,40.17516],[-84.984338,40.180726],[-84.985737,40.181824],[-84.985405,40.185264],[-84.983371,40.18296],[-84.984553,40.191142],[-84.980867,40.19197],[-84.978926,40.197479],[-84.966592,40.197509],[-84.966615,40.193814],[-84.97601,40.193817],[-84.972215,40.186395],[-84.97582,40.186305],[-84.976041,40.182907],[-84.972826,40.183047],[-84.972373,40.179371],[-84.970133,40.179361],[-84.970102,40.177008],[-84.966877,40.175714],[-84.966665,40.177168],[-84.963673,40.177168],[-84.962082,40.179456],[-84.956506,40.179392],[-84.956496,40.175206],[-84.948359,40.175267],[-84.948358,40.172066],[-84.957331,40.170349],[-84.957381,40.168496],[-84.961956,40.16867],[-84.960682,40.164728],[-84.962069,40.163554],[-84.959444,40.161334],[-84.964042,40.16173],[-84.965084,40.157214],[-84.967017,40.157237],[-84.967031,40.160184],[-84.972695,40.159145],[-84.97214,40.165063],[-84.973436,40.165061],[-84.973446,40.163264],[-84.976491,40.163239],[-84.976947,40.159337],[-84.974718,40.15882],[-84.976861,40.158803],[-84.976618,40.157459],[-84.973122,40.157946],[-84.973522,40.154422],[-84.975216,40.154344],[-84.976477,40.157047],[-84.976585,40.1503],[-84.978697,40.15014],[-84.987167,40.150464],[-84.985983,40.158803],[-84.988584,40.158863],[-84.987635,40.164451],[-84.991876,40.165371],[-84.991348,40.170408],[-84.992664,40.171679],[-84.993091,40.164715],[-84.998341,40.164699]],[[-84.980198,40.189071],[-84.978791,40.188444],[-84.978791,40.189071],[-84.980198,40.189071]]]}},{"type":"Feature","properties":{"NAME":"Merom","state_abbr":"IN","state_name":"Indiana","ALAND":920702},"geometry":{"type":"Polygon","coordinates":[[[-87.572444,39.058462],[-87.570156,39.059528],[-87.570157,39.06252],[-87.563669,39.062487],[-87.562574,39.04979],[-87.571523,39.049979],[-87.570532,39.053587],[-87.572444,39.058462]]]}},{"type":"Feature","properties":{"NAME":"Mount Carmel","state_abbr":"IN","state_name":"Indiana","ALAND":113338},"geometry":{"type":"Polygon","coordinates":[[[-84.878563,39.407297],[-84.876759,39.408881],[-84.873161,39.409019],[-84.874869,39.405433],[-84.878563,39.407297]]]}},{"type":"Feature","properties":{"NAME":"Bloomington","state_abbr":"IN","state_name":"Indiana","ALAND":60216843},"geometry":{"type":"MultiPolygon","coordinates":[[[[-86.587156,39.149476],[-86.582619,39.149756],[-86.582616,39.149481],[-86.587156,39.149476]]],[[[-86.587695,39.171985],[-86.583736,39.173989],[-86.583018,39.174088],[-86.583002,39.171923],[-86.587695,39.171985]]],[[[-86.591871,39.163178],[-86.582959,39.16475],[-86.582867,39.166979],[-86.576095,39.167468],[-86.576169,39.171625],[-86.573607,39.171937],[-86.573607,39.17338],[-86.568462,39.172884],[-86.559418,39.179148],[-86.555581,39.188268],[-86.554884,39.192939],[-86.556001,39.1938],[-86.552294,39.192063],[-86.551747,39.189996],[-86.553363,39.190002],[-86.55335,39.188378],[-86.551507,39.187295],[-86.541968,39.188709],[-86.542002,39.192536],[-86.540675,39.193537],[-86.547182,39.193736],[-86.547241,39.196309],[-86.551953,39.195966],[-86.553333,39.213756],[-86.549163,39.22137],[-86.547012,39.217874],[-86.547304,39.206465],[-86.538095,39.2065],[-86.53799,39.208247],[-86.510036,39.208009],[-86.509982,39.204383],[-86.512566,39.204395],[-86.512538,39.201814],[-86.514629,39.20134],[-86.513549,39.200404],[-86.50994,39.200758],[-86.509972,39.203481],[-86.508313,39.204376],[-86.500624,39.20434],[-86.500472,39.193432],[-86.495802,39.193407],[-86.495706,39.186165],[-86.491029,39.186148],[-86.489899,39.177002],[-86.481531,39.176857],[-86.481431,39.175155],[-86.475984,39.176745],[-86.477082,39.172248],[-86.473648,39.176829],[-86.472203,39.176803],[-86.471162,39.150211],[-86.476873,39.150158],[-86.47691,39.148601],[-86.481628,39.149777],[-86.482697,39.142929],[-86.480386,39.141931],[-86.485334,39.141102],[-86.491126,39.135838],[-86.496311,39.135947],[-86.500301,39.131761],[-86.500381,39.125073],[-86.503349,39.125075],[-86.503392,39.12267],[-86.508741,39.123022],[-86.510155,39.121401],[-86.522043,39.121447],[-86.522044,39.12328],[-86.528401,39.124185],[-86.529411,39.121366],[-86.537596,39.121508],[-86.53389,39.135946],[-86.548324,39.13626],[-86.552285,39.135728],[-86.554379,39.132895],[-86.567593,39.131588],[-86.566884,39.122143],[-86.571817,39.122303],[-86.573477,39.127137],[-86.573495,39.133815],[-86.571271,39.136797],[-86.572479,39.137528],[-86.572295,39.141807],[-86.576127,39.141844],[-86.577139,39.145221],[-86.58254,39.141448],[-86.582508,39.131992],[-86.580355,39.132882],[-86.58035,39.131069],[-86.582487,39.13106],[-86.582611,39.123363],[-86.582672,39.126556],[-86.591689,39.126723],[-86.59168,39.129614],[-86.584597,39.129537],[-86.584554,39.127337],[-86.582648,39.127357],[-86.582673,39.134072],[-86.583951,39.134874],[-86.582613,39.134885],[-86.582704,39.148683],[-86.581616,39.148692],[-86.582325,39.142349],[-86.579085,39.144369],[-86.579797,39.147345],[-86.577223,39.147347],[-86.577182,39.148616],[-86.579796,39.148614],[-86.579801,39.151447],[-86.573644,39.151553],[-86.57363,39.161844],[-86.581302,39.162113],[-86.581336,39.163825],[-86.587402,39.16329],[-86.587226,39.154429],[-86.591715,39.154344],[-86.591871,39.163178]],[[-86.569943,39.170349],[-86.568542,39.165099],[-86.567879,39.166475],[-86.566497,39.166469],[-86.5665,39.165005],[-86.561491,39.165239],[-86.561479,39.168084],[-86.565101,39.168065],[-86.565111,39.169785],[-86.561487,39.17039],[-86.561491,39.17214],[-86.566788,39.172658],[-86.569943,39.170349]],[[-86.567864,39.150897],[-86.566412,39.144113],[-86.563873,39.144049],[-86.564046,39.148325],[-86.561694,39.148773],[-86.560762,39.151339],[-86.550651,39.150947],[-86.550373,39.155313],[-86.561408,39.156133],[-86.567864,39.150897]],[[-86.564467,39.160628],[-86.564458,39.157864],[-86.559775,39.157058],[-86.555262,39.15939],[-86.559421,39.164041],[-86.564467,39.160628]]]]}},{"type":"Feature","properties":{"NAME":"Bryant","state_abbr":"IN","state_name":"Indiana","ALAND":825271},"geometry":{"type":"Polygon","coordinates":[[[-84.969004,40.537489],[-84.96742,40.537462],[-84.967517,40.540947],[-84.960755,40.541122],[-84.96118,40.53749],[-84.958226,40.537527],[-84.956214,40.532077],[-84.968735,40.531956],[-84.969004,40.537489]]]}},{"type":"Feature","properties":{"NAME":"Madison","state_abbr":"IN","state_name":"Indiana","ALAND":22376690},"geometry":{"type":"Polygon","coordinates":[[[-85.443183,38.718924],[-85.443002,38.730369],[-85.439698,38.734179],[-85.431403,38.738721],[-85.410765,38.742452],[-85.410353,38.752877],[-85.40597,38.752883],[-85.405803,38.76156],[-85.41932,38.761291],[-85.419427,38.769515],[-85.424409,38.768707],[-85.424399,38.77096],[-85.433042,38.77033],[-85.430364,38.771505],[-85.4309,38.774277],[-85.428513,38.774326],[-85.428494,38.778162],[-85.413576,38.779318],[-85.415536,38.781812],[-85.41291,38.781885],[-85.4129,38.785333],[-85.410473,38.785516],[-85.41052,38.790934],[-85.405941,38.791053],[-85.405942,38.788484],[-85.398918,38.7895],[-85.398964,38.78539],[-85.405949,38.785544],[-85.405955,38.781998],[-85.387299,38.782499],[-85.387201,38.783786],[-85.381787,38.782212],[-85.381556,38.785249],[-85.378109,38.785305],[-85.3757,38.784666],[-85.375984,38.781873],[-85.369237,38.78142],[-85.367589,38.775028],[-85.368732,38.774919],[-85.36879,38.767812],[-85.372245,38.767845],[-85.373613,38.763806],[-85.377815,38.7649],[-85.377825,38.760596],[-85.382572,38.760608],[-85.382456,38.759386],[-85.380224,38.757767],[-85.377128,38.748395],[-85.375028,38.748876],[-85.37288,38.745847],[-85.368872,38.745849],[-85.368734,38.736426],[-85.363674,38.734129],[-85.363329,38.730478],[-85.372657,38.730474],[-85.404165,38.736728],[-85.414144,38.736859],[-85.434755,38.729402],[-85.443183,38.718924]]]}},{"type":"Feature","properties":{"NAME":"Hanover","state_abbr":"IN","state_name":"Indiana","ALAND":5753606},"geometry":{"type":"Polygon","coordinates":[[[-85.488933,38.716293],[-85.486706,38.716332],[-85.486706,38.720244],[-85.482523,38.720194],[-85.479734,38.718017],[-85.479615,38.725196],[-85.471655,38.725107],[-85.471686,38.729423],[-85.470577,38.729417],[-85.470534,38.726313],[-85.467508,38.726333],[-85.467179,38.724543],[-85.461225,38.724517],[-85.461304,38.719988],[-85.45599,38.719998],[-85.456075,38.71417],[-85.460999,38.71215],[-85.461052,38.709134],[-85.459182,38.709136],[-85.460888,38.707704],[-85.460827,38.702942],[-85.462422,38.699839],[-85.465202,38.699172],[-85.4705,38.70182],[-85.470471,38.705354],[-85.474857,38.70538],[-85.474971,38.703921],[-85.47952,38.701807],[-85.488808,38.701868],[-85.488741,38.70741],[-85.484232,38.707316],[-85.484214,38.705442],[-85.47959,38.705476],[-85.479594,38.707204],[-85.479631,38.709082],[-85.488787,38.709256],[-85.488933,38.716293]]]}},{"type":"Feature","properties":{"NAME":"Dunkirk","state_abbr":"IN","state_name":"Indiana","ALAND":3043101},"geometry":{"type":"Polygon","coordinates":[[[-85.220252,40.379996],[-85.214539,40.377346],[-85.209841,40.379497],[-85.209953,40.382827],[-85.203488,40.381648],[-85.203499,40.380323],[-85.202053,40.380323],[-85.202046,40.382774],[-85.199744,40.382774],[-85.199724,40.380416],[-85.192388,40.379343],[-85.192408,40.372079],[-85.197289,40.372044],[-85.19737,40.369522],[-85.206095,40.370165],[-85.207405,40.365564],[-85.208471,40.367335],[-85.214408,40.368263],[-85.216288,40.363674],[-85.219726,40.360387],[-85.220252,40.379996]]]}},{"type":"Feature","properties":{"NAME":"English","state_abbr":"IN","state_name":"Indiana","ALAND":7883384},"geometry":{"type":"Polygon","coordinates":[[[-86.48087,38.333597],[-86.480567,38.341502],[-86.463055,38.348876],[-86.452258,38.35798],[-86.440419,38.359118],[-86.439944,38.343985],[-86.448001,38.34263],[-86.451622,38.339294],[-86.451155,38.338088],[-86.455953,38.336169],[-86.45325,38.328651],[-86.451409,38.329305],[-86.448342,38.32384],[-86.469859,38.323872],[-86.474631,38.333794],[-86.48087,38.333597]]]}},{"type":"Feature","properties":{"NAME":"Dale","state_abbr":"IN","state_name":"Indiana","ALAND":6259341},"geometry":{"type":"Polygon","coordinates":[[[-86.999609,38.171404],[-86.994027,38.170369],[-86.994154,38.177509],[-86.990222,38.177494],[-86.990096,38.183076],[-86.985843,38.185221],[-86.985719,38.188765],[-86.98314,38.18892],[-86.983444,38.192213],[-86.964035,38.192096],[-86.964003,38.190401],[-86.967451,38.189852],[-86.967452,38.188518],[-86.962193,38.188559],[-86.962139,38.185218],[-86.960592,38.185244],[-86.960662,38.179364],[-86.962433,38.179338],[-86.961685,38.177368],[-86.965486,38.177362],[-86.965427,38.179311],[-86.967324,38.179284],[-86.967246,38.177392],[-86.986777,38.177489],[-86.986873,38.173835],[-86.983334,38.173852],[-86.983295,38.170193],[-86.974299,38.170234],[-86.974292,38.168277],[-86.970122,38.168303],[-86.969261,38.165659],[-86.974267,38.166366],[-86.974198,38.162635],[-86.988913,38.162328],[-86.988954,38.158487],[-86.990971,38.158541],[-86.990713,38.155323],[-86.992813,38.155548],[-86.992526,38.159355],[-86.994209,38.159295],[-86.99191,38.162722],[-86.997962,38.162752],[-86.999609,38.171404]]]}},{"type":"Feature","properties":{"NAME":"Grandview","state_abbr":"IN","state_name":"Indiana","ALAND":2483658},"geometry":{"type":"Polygon","coordinates":[[[-86.995527,37.926819],[-86.9932,37.929939],[-86.994499,37.931776],[-86.991514,37.932906],[-86.992763,37.937452],[-86.990258,37.937417],[-86.99003,37.944932],[-86.972232,37.944742],[-86.972355,37.940139],[-86.975969,37.938785],[-86.979398,37.931114],[-86.995527,37.926819]]]}},{"type":"Feature","properties":{"NAME":"Gentryville","state_abbr":"IN","state_name":"Indiana","ALAND":1020757},"geometry":{"type":"Polygon","coordinates":[[[-87.036036,38.102797],[-87.036121,38.114505],[-87.023786,38.11524],[-87.023789,38.113448],[-87.026986,38.113668],[-87.027013,38.104299],[-87.032184,38.102848],[-87.036036,38.102797]]]}},{"type":"Feature","properties":{"NAME":"Lagro","state_abbr":"IN","state_name":"Indiana","ALAND":1536545},"geometry":{"type":"Polygon","coordinates":[[[-85.737834,40.835773],[-85.732034,40.838207],[-85.737831,40.837908],[-85.737823,40.840612],[-85.730868,40.840609],[-85.730931,40.844131],[-85.723935,40.845443],[-85.719607,40.844147],[-85.718233,40.846333],[-85.717538,40.842576],[-85.719751,40.842563],[-85.716577,40.83789],[-85.737821,40.831195],[-85.737834,40.835773]]]}},{"type":"Feature","properties":{"NAME":"North Webster","state_abbr":"IN","state_name":"Indiana","ALAND":2096185},"geometry":{"type":"Polygon","coordinates":[[[-85.707834,41.328026],[-85.706157,41.328054],[-85.706235,41.330387],[-85.701401,41.330467],[-85.701377,41.33347],[-85.696521,41.333486],[-85.696713,41.338299],[-85.695329,41.338311],[-85.695206,41.335158],[-85.691685,41.333502],[-85.691619,41.331499],[-85.693106,41.332498],[-85.694369,41.331166],[-85.695857,41.332686],[-85.696956,41.33113],[-85.694179,41.330995],[-85.69561,41.329543],[-85.694674,41.324763],[-85.693092,41.324921],[-85.694587,41.324627],[-85.693002,41.324293],[-85.693874,41.323411],[-85.69227,41.321289],[-85.687786,41.321342],[-85.688797,41.319448],[-85.686725,41.319445],[-85.686365,41.316171],[-85.695895,41.316652],[-85.703264,41.314829],[-85.705468,41.315902],[-85.705665,41.323148],[-85.701101,41.323223],[-85.703888,41.32323],[-85.704271,41.327954],[-85.707784,41.326732],[-85.707834,41.328026]]]}},{"type":"Feature","properties":{"NAME":"Charlestown","state_abbr":"IN","state_name":"Indiana","ALAND":29648915},"geometry":{"type":"Polygon","coordinates":[[[-85.723094,38.42423],[-85.692664,38.441207],[-85.694815,38.443619],[-85.690616,38.447044],[-85.691385,38.447979],[-85.691937,38.44651],[-85.693799,38.449822],[-85.687878,38.453539],[-85.690364,38.457242],[-85.684755,38.454318],[-85.681315,38.456366],[-85.678015,38.455596],[-85.677186,38.458738],[-85.671401,38.460935],[-85.675519,38.460336],[-85.671536,38.463401],[-85.67553,38.468093],[-85.672505,38.469791],[-85.669912,38.477062],[-85.668703,38.47717],[-85.669066,38.471988],[-85.664518,38.474349],[-85.662503,38.466399],[-85.664039,38.46538],[-85.662332,38.465568],[-85.659042,38.453206],[-85.656564,38.454617],[-85.653586,38.450595],[-85.656187,38.449048],[-85.65341,38.445613],[-85.65619,38.442499],[-85.653262,38.443232],[-85.651688,38.441642],[-85.653124,38.440732],[-85.649335,38.439241],[-85.654127,38.436773],[-85.657486,38.43758],[-85.633362,38.416458],[-85.620859,38.422628],[-85.620479,38.420922],[-85.632827,38.395641],[-85.640304,38.399357],[-85.644226,38.398427],[-85.650259,38.394112],[-85.653976,38.398609],[-85.658405,38.394664],[-85.657333,38.39358],[-85.660724,38.391688],[-85.665101,38.397381],[-85.670742,38.393505],[-85.67704,38.401493],[-85.673621,38.409351],[-85.675206,38.410085],[-85.671133,38.417581],[-85.676874,38.424119],[-85.681098,38.42193],[-85.682772,38.424387],[-85.684921,38.422993],[-85.685425,38.427303],[-85.708983,38.414265],[-85.714453,38.420417],[-85.718223,38.418574],[-85.723094,38.42423]],[[-85.680752,38.440826],[-85.673049,38.430598],[-85.668132,38.43287],[-85.671626,38.438669],[-85.674229,38.440194],[-85.667896,38.441651],[-85.66665,38.442346],[-85.66762,38.443453],[-85.672602,38.441684],[-85.675306,38.443826],[-85.680752,38.440826]]]}},{"type":"Feature","properties":{"NAME":"Greensburg","state_abbr":"IN","state_name":"Indiana","ALAND":24247875},"geometry":{"type":"Polygon","coordinates":[[[-85.559009,39.377406],[-85.555154,39.375945],[-85.555091,39.378218],[-85.550504,39.378177],[-85.550465,39.387323],[-85.543759,39.386835],[-85.533232,39.374023],[-85.519123,39.363423],[-85.517582,39.364725],[-85.522333,39.36665],[-85.522288,39.370612],[-85.51755,39.370663],[-85.517606,39.376556],[-85.512845,39.376602],[-85.512798,39.36563],[-85.508094,39.365659],[-85.508093,39.362587],[-85.499334,39.362618],[-85.498606,39.364817],[-85.498406,39.362616],[-85.483625,39.362686],[-85.47945,39.365886],[-85.479553,39.359458],[-85.473059,39.362068],[-85.460912,39.357034],[-85.460982,39.351496],[-85.465514,39.351491],[-85.465562,39.346732],[-85.46554,39.345515],[-85.460992,39.345505],[-85.460784,39.340318],[-85.464737,39.33674],[-85.470292,39.336678],[-85.470302,39.335165],[-85.460983,39.333405],[-85.46096,39.329463],[-85.465621,39.329454],[-85.466051,39.323345],[-85.461966,39.321909],[-85.464678,39.321488],[-85.464614,39.314803],[-85.4702,39.314792],[-85.470225,39.317483],[-85.467749,39.317491],[-85.467769,39.319655],[-85.474824,39.317568],[-85.474983,39.322075],[-85.478649,39.322064],[-85.478529,39.32626],[-85.474946,39.327853],[-85.474914,39.329452],[-85.487233,39.329358],[-85.487019,39.327746],[-85.491555,39.327747],[-85.492301,39.326469],[-85.49359,39.326452],[-85.49359,39.328722],[-85.498271,39.328631],[-85.4982,39.321719],[-85.506552,39.321556],[-85.505868,39.328979],[-85.518178,39.328808],[-85.518393,39.332772],[-85.509967,39.333872],[-85.509926,39.331503],[-85.499506,39.333169],[-85.499439,39.329097],[-85.495041,39.329181],[-85.49512,39.334849],[-85.502919,39.336351],[-85.502924,39.337482],[-85.500461,39.337518],[-85.502473,39.339069],[-85.501448,39.339913],[-85.499847,39.338875],[-85.499781,39.337886],[-85.498981,39.33754],[-85.498376,39.343834],[-85.503491,39.34397],[-85.506247,39.34223],[-85.513171,39.347086],[-85.513689,39.350966],[-85.521575,39.350936],[-85.542869,39.360192],[-85.555243,39.363234],[-85.555321,39.372632],[-85.559059,39.372611],[-85.559009,39.377406]],[[-85.547327,39.385279],[-85.548402,39.382533],[-85.545768,39.382473],[-85.547327,39.385279]],[[-85.500308,39.32908],[-85.50357,39.326861],[-85.501304,39.326939],[-85.500308,39.32908]],[[-85.491767,39.352621],[-85.489367,39.352884],[-85.489357,39.353505],[-85.49176,39.354281],[-85.491767,39.352621]],[[-85.49171,39.35488],[-85.489335,39.354863],[-85.488802,39.353125],[-85.489189,39.358454],[-85.491565,39.358485],[-85.49171,39.35488]],[[-85.488842,39.351221],[-85.489361,39.350449],[-85.488866,39.348763],[-85.488842,39.351221]],[[-85.47729,39.345147],[-85.472508,39.344148],[-85.47165,39.351415],[-85.47445,39.351353],[-85.473825,39.34595],[-85.47729,39.345147]],[[-85.47027,39.322087],[-85.468328,39.321551],[-85.468331,39.322102],[-85.47027,39.322087]]]}},{"type":"Feature","properties":{"NAME":"Georgetown","state_abbr":"IN","state_name":"Indiana","ALAND":5635756},"geometry":{"type":"MultiPolygon","coordinates":[[[[-85.942082,38.307405],[-85.94073,38.30741],[-85.94066,38.301823],[-85.942067,38.303263],[-85.942082,38.307405]]],[[[-85.995326,38.294264],[-85.995191,38.300973],[-85.991034,38.301749],[-85.989157,38.298193],[-85.98603,38.296841],[-85.985428,38.30186],[-85.96616,38.301738],[-85.966125,38.303627],[-85.956839,38.301774],[-85.956816,38.309077],[-85.952158,38.309093],[-85.952161,38.301788],[-85.948561,38.301794],[-85.948515,38.297858],[-85.94469,38.297855],[-85.943612,38.301822],[-85.940156,38.301303],[-85.941207,38.298125],[-85.943288,38.298126],[-85.944349,38.294486],[-85.948482,38.294414],[-85.947888,38.281228],[-85.937051,38.284862],[-85.937027,38.277052],[-85.938261,38.27496],[-85.940619,38.282306],[-85.94957,38.278726],[-85.951021,38.287218],[-85.954189,38.287186],[-85.956813,38.289853],[-85.956762,38.295574],[-85.969991,38.292173],[-85.975109,38.293241],[-85.977634,38.292263],[-85.984684,38.295585],[-85.98741,38.294489],[-85.987603,38.290905],[-85.993561,38.288919],[-85.995326,38.294264]],[[-85.990507,38.299248],[-85.990015,38.298494],[-85.990035,38.299672],[-85.990507,38.299248]],[[-85.988554,38.296939],[-85.988627,38.295699],[-85.988175,38.29678],[-85.988554,38.296939]]]]}},{"type":"Feature","properties":{"NAME":"New Albany","state_abbr":"IN","state_name":"Indiana","ALAND":40144542},"geometry":{"type":"MultiPolygon","coordinates":[[[[-85.822581,38.36393],[-85.813618,38.364377],[-85.81326,38.366814],[-85.810949,38.367631],[-85.813187,38.367351],[-85.80613,38.370978],[-85.801419,38.366003],[-85.811173,38.35988],[-85.815651,38.363646],[-85.816598,38.361233],[-85.822536,38.361249],[-85.822581,38.36393]]],[[[-85.86444,38.300787],[-85.849709,38.300631],[-85.850458,38.308291],[-85.846222,38.311336],[-85.850365,38.313134],[-85.853584,38.317252],[-85.852873,38.318532],[-85.845907,38.317353],[-85.844687,38.32099],[-85.840778,38.320759],[-85.838415,38.323682],[-85.840964,38.323723],[-85.841596,38.33187],[-85.836571,38.33187],[-85.83653,38.333277],[-85.846009,38.333282],[-85.846035,38.336377],[-85.844098,38.339009],[-85.846093,38.338998],[-85.846109,38.340724],[-85.836592,38.340899],[-85.836538,38.345368],[-85.833341,38.345812],[-85.828793,38.338905],[-85.828843,38.341957],[-85.827005,38.341102],[-85.829421,38.342938],[-85.829435,38.344891],[-85.825968,38.344486],[-85.826667,38.346851],[-85.822269,38.346603],[-85.817738,38.358873],[-85.814554,38.358738],[-85.816538,38.345682],[-85.810844,38.339144],[-85.803615,38.342322],[-85.80465,38.343662],[-85.798047,38.347315],[-85.799552,38.351631],[-85.795016,38.35128],[-85.790733,38.35402],[-85.792097,38.352186],[-85.788421,38.348113],[-85.794922,38.344646],[-85.793719,38.341862],[-85.79683,38.3375],[-85.794485,38.337653],[-85.790715,38.334845],[-85.795538,38.3351],[-85.797143,38.331643],[-85.794432,38.325096],[-85.782947,38.320832],[-85.793661,38.314645],[-85.793484,38.312724],[-85.787668,38.308383],[-85.795961,38.306571],[-85.790808,38.298291],[-85.790118,38.290859],[-85.792301,38.287455],[-85.824768,38.279686],[-85.829065,38.276554],[-85.834895,38.267457],[-85.837632,38.258999],[-85.846483,38.258968],[-85.84623,38.26732],[-85.855633,38.267347],[-85.855312,38.269403],[-85.858368,38.270107],[-85.855631,38.27014],[-85.855615,38.277247],[-85.863719,38.281272],[-85.855745,38.280222],[-85.855822,38.287933],[-85.856973,38.287926],[-85.857166,38.292236],[-85.859637,38.292831],[-85.860753,38.290268],[-85.863125,38.291441],[-85.862596,38.295215],[-85.859735,38.294354],[-85.859708,38.299541],[-85.864423,38.298898],[-85.86444,38.300787]],[[-85.834844,38.340214],[-85.832978,38.33938],[-85.832996,38.339988],[-85.834844,38.340214]],[[-85.83122,38.340473],[-85.831366,38.339416],[-85.830676,38.339424],[-85.83122,38.340473]],[[-85.828284,38.338877],[-85.825469,38.337828],[-85.823446,38.337664],[-85.827033,38.340557],[-85.828284,38.338877]],[[-85.826972,38.341726],[-85.826266,38.341378],[-85.826235,38.341707],[-85.826972,38.341726]],[[-85.798109,38.337024],[-85.797975,38.3361],[-85.797284,38.336853],[-85.798109,38.337024]]]]}},{"type":"Feature","properties":{"NAME":"Matthews","state_abbr":"IN","state_name":"Indiana","ALAND":912654},"geometry":{"type":"Polygon","coordinates":[[[-85.511928,40.391732],[-85.508988,40.391016],[-85.509834,40.390118],[-85.507466,40.388124],[-85.505082,40.390542],[-85.50307,40.390002],[-85.500424,40.391733],[-85.491528,40.3878],[-85.492664,40.386496],[-85.489245,40.386542],[-85.486303,40.389139],[-85.482461,40.386069],[-85.491013,40.386134],[-85.492024,40.384085],[-85.493068,40.386327],[-85.496822,40.382401],[-85.507691,40.388048],[-85.511928,40.391732]]]}},{"type":"Feature","properties":{"NAME":"Stinesville","state_abbr":"IN","state_name":"Indiana","ALAND":287113},"geometry":{"type":"Polygon","coordinates":[[[-86.653702,39.297819],[-86.650526,39.303505],[-86.645636,39.302763],[-86.645698,39.300747],[-86.647853,39.301145],[-86.647821,39.299076],[-86.649198,39.299072],[-86.649166,39.296016],[-86.653702,39.297819]]]}},{"type":"Feature","properties":{"NAME":"Grabill","state_abbr":"IN","state_name":"Indiana","ALAND":1685090},"geometry":{"type":"Polygon","coordinates":[[[-84.974919,41.205826],[-84.973095,41.205839],[-84.974905,41.215292],[-84.970453,41.21535],[-84.970573,41.219402],[-84.969376,41.219507],[-84.968888,41.216761],[-84.960756,41.215456],[-84.960581,41.209651],[-84.962964,41.209836],[-84.963978,41.202458],[-84.960324,41.202332],[-84.969804,41.200616],[-84.969145,41.202237],[-84.974785,41.202203],[-84.974919,41.205826]]]}},{"type":"Feature","properties":{"NAME":"Seymour","state_abbr":"IN","state_name":"Indiana","ALAND":31422741},"geometry":{"type":"Polygon","coordinates":[[[-85.930192,38.938996],[-85.925087,38.944063],[-85.926347,38.94899],[-85.922177,38.948967],[-85.921343,38.947676],[-85.919016,38.948549],[-85.918011,38.955869],[-85.919708,38.956543],[-85.918019,38.956648],[-85.919117,38.959078],[-85.917623,38.960513],[-85.917766,38.966582],[-85.912611,38.964614],[-85.906537,38.968245],[-85.900716,38.966664],[-85.900457,38.976406],[-85.895934,38.976412],[-85.895124,38.982165],[-85.885688,38.98145],[-85.880735,38.977512],[-85.87685,38.976891],[-85.877019,38.983863],[-85.872303,38.983919],[-85.871902,38.974923],[-85.865291,38.972787],[-85.864704,38.974586],[-85.860239,38.973902],[-85.860223,38.971647],[-85.857813,38.971633],[-85.857848,38.973841],[-85.853239,38.97386],[-85.853222,38.976404],[-85.848577,38.976433],[-85.848591,38.969031],[-85.853371,38.968909],[-85.853275,38.966649],[-85.857858,38.965617],[-85.857945,38.961758],[-85.843064,38.962312],[-85.842965,38.966181],[-85.840114,38.966202],[-85.839277,38.961932],[-85.834682,38.960646],[-85.834615,38.953937],[-85.839245,38.953823],[-85.838905,38.944473],[-85.842784,38.94433],[-85.842996,38.950972],[-85.853287,38.949974],[-85.853404,38.956312],[-85.85991,38.956656],[-85.859895,38.954553],[-85.863904,38.954466],[-85.862611,38.952591],[-85.864454,38.952576],[-85.8649,38.950355],[-85.876416,38.95003],[-85.876345,38.947577],[-85.871714,38.947025],[-85.871578,38.943118],[-85.871486,38.939674],[-85.876041,38.939673],[-85.875813,38.932162],[-85.880492,38.932163],[-85.879642,38.939677],[-85.880741,38.940313],[-85.886509,38.938954],[-85.88531,38.938957],[-85.88525,38.936869],[-85.889958,38.936814],[-85.889092,38.909991],[-85.925399,38.909116],[-85.926231,38.937736],[-85.930192,38.938996]],[[-85.926315,38.94],[-85.926245,38.93817],[-85.907673,38.938758],[-85.907843,38.94255],[-85.903689,38.942566],[-85.903669,38.939556],[-85.890653,38.939584],[-85.890772,38.943213],[-85.899429,38.943205],[-85.899553,38.947581],[-85.907961,38.947594],[-85.907843,38.944005],[-85.910855,38.94399],[-85.910858,38.946331],[-85.914919,38.945279],[-85.914843,38.940535],[-85.91985,38.940483],[-85.922158,38.943107],[-85.926315,38.94]],[[-85.868828,38.954433],[-85.866177,38.954434],[-85.866198,38.95565],[-85.86882,38.956089],[-85.868828,38.954433]],[[-85.860746,38.963146],[-85.859879,38.961775],[-85.859847,38.963147],[-85.860746,38.963146]],[[-85.848454,38.958002],[-85.84293,38.955029],[-85.839662,38.957821],[-85.84262,38.96076],[-85.848454,38.958002]]]}},{"type":"Feature","properties":{"NAME":"Greenwood","state_abbr":"IN","state_name":"Indiana","ALAND":72834253},"geometry":{"type":"Polygon","coordinates":[[[-86.167067,39.605728],[-86.16328,39.6058],[-86.163201,39.627702],[-86.166154,39.627642],[-86.166151,39.630731],[-86.163681,39.630745],[-86.163749,39.634999],[-86.058927,39.636929],[-86.058925,39.633241],[-86.05417,39.633356],[-86.054178,39.629698],[-86.056836,39.629052],[-86.05417,39.628873],[-86.05417,39.626747],[-86.056835,39.625917],[-86.054172,39.625947],[-86.054163,39.623034],[-86.061155,39.622122],[-86.061255,39.623435],[-86.063692,39.623389],[-86.063662,39.620094],[-86.049387,39.622322],[-86.04938,39.624147],[-86.04461,39.62421],[-86.044623,39.628419],[-86.037741,39.628405],[-86.039698,39.62253],[-86.04462,39.622425],[-86.04465,39.61515],[-86.048605,39.61506],[-86.048571,39.612164],[-86.044626,39.61179],[-86.044598,39.60918],[-86.03998,39.609182],[-86.041468,39.603946],[-86.040272,39.603898],[-86.04036,39.58779],[-86.04522,39.58776],[-86.04522,39.5804],[-86.060398,39.580261],[-86.056356,39.572811],[-86.08289,39.572244],[-86.082883,39.575917],[-86.087564,39.575836],[-86.086227,39.572122],[-86.095622,39.571893],[-86.09674,39.57484],[-86.101692,39.574667],[-86.100268,39.575238],[-86.101712,39.575923],[-86.100555,39.579204],[-86.102981,39.580935],[-86.1053,39.579075],[-86.11602,39.578733],[-86.11599,39.573197],[-86.120738,39.573002],[-86.120734,39.57128],[-86.13968,39.570978],[-86.14001,39.54855],[-86.15868,39.54833],[-86.15895,39.57775],[-86.16073,39.577732],[-86.159106,39.579574],[-86.159193,39.587319],[-86.160772,39.588781],[-86.159045,39.588799],[-86.15907,39.59247],[-86.161318,39.592406],[-86.161384,39.596107],[-86.159227,39.596145],[-86.159196,39.598682],[-86.160811,39.598631],[-86.159898,39.601237],[-86.164718,39.601083],[-86.164747,39.602676],[-86.166972,39.602612],[-86.167067,39.605728]]]}},{"type":"Feature","properties":{"NAME":"Crane","state_abbr":"IN","state_name":"Indiana","ALAND":311762},"geometry":{"type":"Polygon","coordinates":[[[-86.904201,38.891134],[-86.904204,38.896861],[-86.896263,38.896899],[-86.898161,38.895159],[-86.898071,38.892648],[-86.901851,38.892709],[-86.899872,38.890861],[-86.904201,38.891134]]]}},{"type":"Feature","properties":{"NAME":"Shoals","state_abbr":"IN","state_name":"Indiana","ALAND":4723690},"geometry":{"type":"Polygon","coordinates":[[[-86.808463,38.665857],[-86.806349,38.675348],[-86.799377,38.67553],[-86.79937,38.677732],[-86.802111,38.678321],[-86.797719,38.679696],[-86.797175,38.675881],[-86.781144,38.675513],[-86.780173,38.66822],[-86.776043,38.669711],[-86.775862,38.662134],[-86.782038,38.663174],[-86.78183,38.661671],[-86.78687,38.658548],[-86.791732,38.660576],[-86.794171,38.656868],[-86.796342,38.658297],[-86.795656,38.655923],[-86.797744,38.656171],[-86.796722,38.654061],[-86.797962,38.652276],[-86.798333,38.654116],[-86.801353,38.654237],[-86.801717,38.656237],[-86.804792,38.657396],[-86.808463,38.665857]]]}},{"type":"Feature","properties":{"NAME":"Napoleon","state_abbr":"IN","state_name":"Indiana","ALAND":579214},"geometry":{"type":"Polygon","coordinates":[[[-85.333853,39.206768],[-85.332835,39.208396],[-85.330025,39.208307],[-85.329796,39.206725],[-85.318932,39.206104],[-85.318922,39.204229],[-85.326598,39.204244],[-85.326586,39.200863],[-85.329992,39.20087],[-85.329087,39.198896],[-85.331497,39.198842],[-85.33197,39.205309],[-85.333853,39.206768]]]}},{"type":"Feature","properties":{"NAME":"Brook","state_abbr":"IN","state_name":"Indiana","ALAND":1754366},"geometry":{"type":"Polygon","coordinates":[[[-87.374145,40.873101],[-87.36375,40.872956],[-87.363721,40.871066],[-87.361334,40.871042],[-87.36134,40.86923],[-87.356571,40.869188],[-87.356506,40.865484],[-87.354228,40.865454],[-87.354264,40.864011],[-87.356677,40.862819],[-87.356548,40.860381],[-87.368394,40.86044],[-87.3684,40.862043],[-87.3732,40.862089],[-87.374145,40.873101]]]}},{"type":"Feature","properties":{"NAME":"Arcadia","state_abbr":"IN","state_name":"Indiana","ALAND":1426959},"geometry":{"type":"Polygon","coordinates":[[[-86.032044,40.17739],[-86.02783,40.176261],[-86.025489,40.17672],[-86.024927,40.179425],[-86.015213,40.179275],[-86.013104,40.176541],[-86.013084,40.16939],[-86.024341,40.168634],[-86.024314,40.171424],[-86.030309,40.171396],[-86.030295,40.175771],[-86.032054,40.175768],[-86.032044,40.17739]]]}},{"type":"Feature","properties":{"NAME":"Kentland","state_abbr":"IN","state_name":"Indiana","ALAND":3495893},"geometry":{"type":"Polygon","coordinates":[[[-87.467995,40.774696],[-87.460895,40.774531],[-87.460875,40.770235],[-87.458497,40.769467],[-87.450924,40.770229],[-87.449006,40.791086],[-87.439498,40.791053],[-87.43949,40.783805],[-87.448845,40.783841],[-87.448827,40.780225],[-87.438,40.780172],[-87.436311,40.767872],[-87.434815,40.767822],[-87.435049,40.766455],[-87.436934,40.766453],[-87.437916,40.761048],[-87.432995,40.761045],[-87.43302,40.759063],[-87.421218,40.758369],[-87.435263,40.758443],[-87.435225,40.760917],[-87.439518,40.76092],[-87.439366,40.764829],[-87.458362,40.765667],[-87.458384,40.768442],[-87.467249,40.7687],[-87.467995,40.774696]]]}},{"type":"Feature","properties":{"NAME":"Mount Ayr","state_abbr":"IN","state_name":"Indiana","ALAND":453324},"geometry":{"type":"Polygon","coordinates":[[[-87.30342,40.955033],[-87.294521,40.955005],[-87.294532,40.949486],[-87.303387,40.949586],[-87.30342,40.955033]]]}},{"type":"Feature","properties":{"NAME":"Andrews","state_abbr":"IN","state_name":"Indiana","ALAND":1643006},"geometry":{"type":"Polygon","coordinates":[[[-85.609358,40.85256],[-85.611394,40.862751],[-85.607093,40.862821],[-85.607101,40.861099],[-85.602763,40.86186],[-85.602787,40.865878],[-85.607301,40.865819],[-85.607749,40.867466],[-85.598417,40.870461],[-85.59736,40.862291],[-85.592696,40.862339],[-85.594019,40.86153],[-85.592787,40.859208],[-85.593936,40.853026],[-85.596376,40.853344],[-85.594765,40.853581],[-85.594845,40.855276],[-85.596895,40.85613],[-85.605418,40.855413],[-85.605406,40.852629],[-85.609358,40.85256]]]}},{"type":"Feature","properties":{"NAME":"Roanoke","state_abbr":"IN","state_name":"Indiana","ALAND":3205586},"geometry":{"type":"Polygon","coordinates":[[[-85.384874,40.975012],[-85.376255,40.975135],[-85.37539,40.974022],[-85.36978,40.97518],[-85.370419,40.973192],[-85.367929,40.972553],[-85.370796,40.96417],[-85.367456,40.964206],[-85.368781,40.961578],[-85.365602,40.960256],[-85.37443,40.948581],[-85.375662,40.948598],[-85.375267,40.954281],[-85.384642,40.953334],[-85.384671,40.957684],[-85.382264,40.957156],[-85.382291,40.960559],[-85.380661,40.960574],[-85.380706,40.962344],[-85.384713,40.962372],[-85.384874,40.975012]]]}},{"type":"Feature","properties":{"NAME":"Burlington","state_abbr":"IN","state_name":"Indiana","ALAND":1584611},"geometry":{"type":"MultiPolygon","coordinates":[[[[-86.400397,40.488937],[-86.399703,40.493839],[-86.397194,40.494059],[-86.397235,40.488988],[-86.394659,40.489004],[-86.394673,40.488928],[-86.400397,40.488937]]],[[[-86.405553,40.478629],[-86.405491,40.481737],[-86.396927,40.481926],[-86.396163,40.486743],[-86.386631,40.489322],[-86.38768,40.480255],[-86.392518,40.480331],[-86.392418,40.474511],[-86.389457,40.474524],[-86.389479,40.472413],[-86.393194,40.472306],[-86.39281,40.470477],[-86.395428,40.470444],[-86.39543,40.474386],[-86.397556,40.474381],[-86.397191,40.478125],[-86.405553,40.478629]]]]}},{"type":"Feature","properties":{"NAME":"Camden","state_abbr":"IN","state_name":"Indiana","ALAND":670323},"geometry":{"type":"Polygon","coordinates":[[[-86.547555,40.608237],[-86.544978,40.608542],[-86.545226,40.612182],[-86.539953,40.612369],[-86.539231,40.615803],[-86.536566,40.612028],[-86.532378,40.61205],[-86.532911,40.607199],[-86.537073,40.60814],[-86.545488,40.605779],[-86.545321,40.608012],[-86.547555,40.608237]]]}},{"type":"Feature","properties":{"NAME":"Delphi","state_abbr":"IN","state_name":"Indiana","ALAND":7031551},"geometry":{"type":"Polygon","coordinates":[[[-86.689931,40.591986],[-86.688465,40.592006],[-86.688454,40.59419],[-86.678811,40.595209],[-86.669939,40.591472],[-86.655086,40.599135],[-86.652073,40.599134],[-86.649257,40.602208],[-86.649812,40.59325],[-86.656717,40.594453],[-86.649552,40.592683],[-86.653871,40.590422],[-86.653748,40.576447],[-86.662673,40.576449],[-86.659991,40.571418],[-86.653746,40.576177],[-86.653668,40.561907],[-86.659825,40.569162],[-86.677622,40.569209],[-86.677699,40.575876],[-86.675047,40.576475],[-86.675768,40.580004],[-86.677539,40.579895],[-86.67885,40.577505],[-86.678794,40.5838],[-86.683323,40.582222],[-86.684018,40.585291],[-86.687203,40.587515],[-86.687169,40.591067],[-86.689931,40.591986]]]}},{"type":"Feature","properties":{"NAME":"Flora","state_abbr":"IN","state_name":"Indiana","ALAND":2973289},"geometry":{"type":"Polygon","coordinates":[[[-86.539069,40.551531],[-86.534328,40.551478],[-86.534305,40.547646],[-86.530722,40.54762],[-86.529544,40.553381],[-86.524578,40.553351],[-86.524639,40.555911],[-86.522968,40.554505],[-86.522961,40.555569],[-86.521191,40.554764],[-86.521608,40.550082],[-86.507929,40.551428],[-86.508007,40.546969],[-86.505635,40.546961],[-86.505638,40.543932],[-86.51529,40.544055],[-86.515301,40.541584],[-86.519127,40.543323],[-86.519187,40.539812],[-86.522776,40.539147],[-86.522871,40.532568],[-86.527839,40.532612],[-86.527829,40.536181],[-86.529707,40.536228],[-86.530271,40.53918],[-86.52965,40.54303],[-86.532813,40.543509],[-86.534363,40.547215],[-86.539144,40.547251],[-86.539069,40.551531]]]}},{"type":"Feature","properties":{"NAME":"Santa Claus","state_abbr":"IN","state_name":"Indiana","ALAND":16793606},"geometry":{"type":"Polygon","coordinates":[[[-86.979271,38.112075],[-86.979085,38.118503],[-86.930559,38.118481],[-86.92827,38.121912],[-86.933603,38.12547],[-86.932136,38.126606],[-86.927304,38.123269],[-86.925273,38.126055],[-86.918878,38.126029],[-86.91885,38.136778],[-86.91645,38.136842],[-86.916565,38.140506],[-86.918747,38.140513],[-86.91895,38.147603],[-86.914352,38.147657],[-86.914269,38.143898],[-86.909408,38.143876],[-86.909221,38.154775],[-86.904465,38.154759],[-86.904436,38.156855],[-86.898811,38.156909],[-86.899474,38.153114],[-86.904486,38.153196],[-86.904564,38.149544],[-86.899243,38.149567],[-86.899292,38.139862],[-86.904589,38.139822],[-86.901465,38.138753],[-86.901496,38.135288],[-86.904646,38.135277],[-86.904733,38.131222],[-86.902271,38.131232],[-86.902151,38.124466],[-86.904875,38.124495],[-86.904965,38.123311],[-86.902692,38.123286],[-86.902739,38.118939],[-86.90137,38.118169],[-86.908683,38.118244],[-86.907672,38.111799],[-86.905095,38.111514],[-86.907041,38.110758],[-86.90733,38.107006],[-86.904117,38.107024],[-86.904036,38.103434],[-86.913574,38.103728],[-86.913749,38.096548],[-86.918462,38.096711],[-86.919762,38.089413],[-86.923347,38.089535],[-86.923329,38.093133],[-86.932454,38.093115],[-86.932437,38.089564],[-86.93743,38.089582],[-86.93737,38.097509],[-86.927758,38.097441],[-86.927738,38.100565],[-86.925236,38.100569],[-86.925397,38.102339],[-86.927425,38.102397],[-86.927386,38.104398],[-86.941592,38.104414],[-86.941954,38.096968],[-86.951332,38.097115],[-86.951223,38.104818],[-86.965801,38.105174],[-86.968495,38.103903],[-86.969715,38.105001],[-86.969842,38.112124],[-86.979271,38.112075]]]}},{"type":"Feature","properties":{"NAME":"Colfax","state_abbr":"IN","state_name":"Indiana","ALAND":957569},"geometry":{"type":"Polygon","coordinates":[[[-86.674029,40.191642],[-86.672292,40.192712],[-86.673947,40.194456],[-86.672689,40.194463],[-86.671279,40.199729],[-86.667329,40.20085],[-86.662458,40.196138],[-86.664892,40.193735],[-86.657677,40.192948],[-86.662677,40.188603],[-86.666656,40.187417],[-86.665768,40.189858],[-86.66722,40.191813],[-86.671399,40.19175],[-86.672709,40.189785],[-86.674029,40.191642]]]}},{"type":"Feature","properties":{"NAME":"Albion","state_abbr":"IN","state_name":"Indiana","ALAND":4941869},"geometry":{"type":"Polygon","coordinates":[[[-85.438043,41.400582],[-85.433519,41.399547],[-85.433375,41.397064],[-85.428622,41.397135],[-85.42862,41.400814],[-85.425203,41.400829],[-85.425164,41.40296],[-85.428568,41.40296],[-85.428553,41.404786],[-85.425264,41.404797],[-85.425175,41.409014],[-85.426913,41.409009],[-85.426913,41.411133],[-85.410053,41.410558],[-85.410132,41.403344],[-85.415382,41.40327],[-85.415203,41.397394],[-85.412424,41.395905],[-85.395647,41.395941],[-85.395877,41.391898],[-85.40064,41.391847],[-85.400629,41.389675],[-85.408767,41.390202],[-85.408648,41.388811],[-85.416254,41.3881],[-85.416413,41.377984],[-85.418772,41.377984],[-85.41872,41.384575],[-85.421885,41.384574],[-85.421453,41.387362],[-85.424195,41.387334],[-85.423086,41.388475],[-85.432065,41.388309],[-85.431877,41.391731],[-85.43454,41.391912],[-85.43462,41.395646],[-85.437914,41.395619],[-85.438043,41.400582]]]}},{"type":"Feature","properties":{"NAME":"Salem","state_abbr":"IN","state_name":"Indiana","ALAND":10937951},"geometry":{"type":"Polygon","coordinates":[[[-86.133781,38.609302],[-86.132226,38.612512],[-86.132244,38.610469],[-86.126846,38.61044],[-86.126319,38.608995],[-86.120461,38.609521],[-86.118012,38.61188],[-86.115539,38.610345],[-86.114179,38.619698],[-86.111641,38.620582],[-86.112898,38.623604],[-86.110384,38.623694],[-86.110297,38.621374],[-86.107877,38.621355],[-86.107925,38.628116],[-86.101615,38.626061],[-86.100314,38.622388],[-86.103325,38.622387],[-86.103303,38.619039],[-86.081814,38.619015],[-86.082384,38.611922],[-86.085397,38.611895],[-86.081241,38.611119],[-86.081261,38.609295],[-86.093508,38.609668],[-86.093529,38.607914],[-86.090024,38.607574],[-86.090003,38.606185],[-86.083063,38.606705],[-86.083994,38.603456],[-86.081252,38.604412],[-86.081619,38.602566],[-86.079764,38.602583],[-86.079629,38.598278],[-86.078332,38.597351],[-86.066431,38.598921],[-86.066387,38.597694],[-86.070521,38.597481],[-86.070438,38.590137],[-86.067576,38.587817],[-86.059411,38.587862],[-86.060647,38.582316],[-86.0553,38.582265],[-86.055297,38.580489],[-86.058117,38.579831],[-86.067844,38.587722],[-86.079548,38.587149],[-86.079738,38.591515],[-86.084541,38.591423],[-86.084607,38.593829],[-86.090334,38.593798],[-86.092218,38.595725],[-86.097914,38.595017],[-86.098776,38.592991],[-86.104354,38.591045],[-86.105816,38.594901],[-86.109578,38.594899],[-86.112795,38.598695],[-86.120028,38.600857],[-86.120175,38.602567],[-86.128515,38.601691],[-86.126133,38.606689],[-86.133781,38.609302]]]}},{"type":"Feature","properties":{"NAME":"Saltillo","state_abbr":"IN","state_name":"Indiana","ALAND":2981853},"geometry":{"type":"Polygon","coordinates":[[[-86.308303,38.659332],[-86.307918,38.673679],[-86.287199,38.673623],[-86.286946,38.658795],[-86.308303,38.659332]]]}},{"type":"Feature","properties":{"NAME":"Avilla","state_abbr":"IN","state_name":"Indiana","ALAND":4464044},"geometry":{"type":"Polygon","coordinates":[[[-85.252263,41.360994],[-85.249344,41.362512],[-85.249337,41.365755],[-85.243468,41.363663],[-85.243097,41.36574],[-85.243163,41.369376],[-85.245798,41.369369],[-85.245828,41.372997],[-85.250579,41.372964],[-85.250611,41.376525],[-85.243118,41.376501],[-85.242422,41.373375],[-85.231688,41.373831],[-85.231661,41.372407],[-85.234014,41.3724],[-85.233967,41.370104],[-85.231679,41.370035],[-85.23094,41.365756],[-85.22679,41.36576],[-85.226726,41.369309],[-85.22216,41.369297],[-85.223096,41.364848],[-85.212387,41.363713],[-85.212421,41.36562],[-85.205877,41.365643],[-85.20515,41.364379],[-85.205109,41.36011],[-85.217122,41.360968],[-85.216999,41.351168],[-85.22151,41.351164],[-85.221268,41.358447],[-85.224291,41.35844],[-85.224258,41.356301],[-85.237818,41.356253],[-85.239002,41.36025],[-85.243685,41.360167],[-85.243339,41.362085],[-85.245048,41.362099],[-85.246146,41.35621],[-85.250473,41.356217],[-85.250493,41.360922],[-85.252263,41.360994]],[[-85.226063,41.365732],[-85.225496,41.36448],[-85.223359,41.364809],[-85.226063,41.365732]]]}},{"type":"Feature","properties":{"NAME":"Cromwell","state_abbr":"IN","state_name":"Indiana","ALAND":742891},"geometry":{"type":"Polygon","coordinates":[[[-85.621311,41.40316],[-85.616771,41.404689],[-85.616835,41.407509],[-85.606637,41.408274],[-85.605889,41.406288],[-85.611026,41.405539],[-85.609765,41.402756],[-85.61192,41.402742],[-85.611742,41.399107],[-85.614099,41.399146],[-85.614118,41.397284],[-85.617951,41.39861],[-85.616816,41.400245],[-85.621506,41.400182],[-85.621311,41.40316]]]}},{"type":"Feature","properties":{"NAME":"Boston","state_abbr":"IN","state_name":"Indiana","ALAND":562591},"geometry":{"type":"Polygon","coordinates":[[[-84.85587,39.737528],[-84.85576,39.744828],[-84.847684,39.744792],[-84.847769,39.737533],[-84.85587,39.737528]]]}},{"type":"Feature","properties":{"NAME":"East Germantown","state_abbr":"IN","state_name":"Indiana","ALAND":302217},"geometry":{"type":"Polygon","coordinates":[[[-85.141984,39.814594],[-85.134181,39.814479],[-85.134203,39.816216],[-85.132404,39.816157],[-85.132806,39.811485],[-85.141945,39.811407],[-85.141984,39.814594]]]}},{"type":"Feature","properties":{"NAME":"Whitewater","state_abbr":"IN","state_name":"Indiana","ALAND":203734},"geometry":{"type":"Polygon","coordinates":[[[-84.834064,39.945528],[-84.832589,39.947434],[-84.828639,39.946669],[-84.829999,39.941245],[-84.832163,39.941818],[-84.832126,39.944188],[-84.834064,39.945528]]]}},{"type":"Feature","properties":{"NAME":"French Lick","state_abbr":"IN","state_name":"Indiana","ALAND":4720786},"geometry":{"type":"Polygon","coordinates":[[[-86.642968,38.528086],[-86.64119,38.52982],[-86.642062,38.53287],[-86.635203,38.537648],[-86.63518,38.539173],[-86.631717,38.53954],[-86.6316,38.541532],[-86.628503,38.543454],[-86.628576,38.548847],[-86.624301,38.548815],[-86.624184,38.55779],[-86.617406,38.561551],[-86.615154,38.561543],[-86.61519,38.559286],[-86.605018,38.559231],[-86.605029,38.555812],[-86.609994,38.555939],[-86.607714,38.555172],[-86.606896,38.55272],[-86.60767,38.547183],[-86.60317,38.547123],[-86.603045,38.541515],[-86.622106,38.54143],[-86.622149,38.539952],[-86.626585,38.537277],[-86.626557,38.535381],[-86.629235,38.535349],[-86.629251,38.536785],[-86.629664,38.535464],[-86.631009,38.53678],[-86.632264,38.535395],[-86.631009,38.530509],[-86.635574,38.53053],[-86.636275,38.531973],[-86.638782,38.529499],[-86.636445,38.527502],[-86.64147,38.526871],[-86.642968,38.528086]]]}},{"type":"Feature","properties":{"NAME":"Orleans","state_abbr":"IN","state_name":"Indiana","ALAND":4427387},"geometry":{"type":"Polygon","coordinates":[[[-86.466027,38.664115],[-86.465883,38.666221],[-86.463382,38.664424],[-86.459606,38.66444],[-86.459887,38.676232],[-86.453202,38.676176],[-86.453918,38.680572],[-86.452353,38.680499],[-86.452618,38.675614],[-86.448856,38.675653],[-86.448825,38.672759],[-86.446713,38.672671],[-86.44676,38.667068],[-86.439356,38.667131],[-86.439404,38.665614],[-86.445555,38.66561],[-86.445608,38.662128],[-86.443033,38.662657],[-86.443549,38.660783],[-86.440248,38.660793],[-86.436784,38.662721],[-86.430833,38.659969],[-86.430872,38.657392],[-86.435616,38.659618],[-86.439475,38.657615],[-86.439461,38.654445],[-86.450242,38.65328],[-86.452337,38.653768],[-86.451186,38.655517],[-86.452768,38.655551],[-86.452891,38.653204],[-86.454069,38.65146],[-86.44877,38.652558],[-86.448779,38.650988],[-86.452389,38.650965],[-86.452703,38.648868],[-86.449381,38.648626],[-86.447069,38.643681],[-86.453418,38.642276],[-86.453174,38.644927],[-86.458962,38.644938],[-86.453266,38.653461],[-86.45938,38.653072],[-86.459625,38.657919],[-86.462466,38.657973],[-86.462429,38.659391],[-86.460262,38.659416],[-86.460241,38.661061],[-86.464004,38.659391],[-86.463933,38.662975],[-86.466027,38.664115]],[[-86.44649,38.655944],[-86.444707,38.656001],[-86.43916,38.658884],[-86.439158,38.659544],[-86.446449,38.658387],[-86.44649,38.655944]]]}},{"type":"Feature","properties":{"NAME":"Kendallville","state_abbr":"IN","state_name":"Indiana","ALAND":15838759},"geometry":{"type":"MultiPolygon","coordinates":[[[[-85.270621,41.474448],[-85.25623,41.474504],[-85.256178,41.476342],[-85.250992,41.476385],[-85.249694,41.471754],[-85.250877,41.470149],[-85.258733,41.470174],[-85.258729,41.471618],[-85.269332,41.470435],[-85.270621,41.474448]]],[[[-85.303366,41.446233],[-85.303352,41.450955],[-85.298494,41.452156],[-85.298439,41.455732],[-85.295671,41.453765],[-85.294475,41.453777],[-85.29566,41.455785],[-85.27428,41.454262],[-85.274963,41.456245],[-85.260586,41.456062],[-85.258327,41.454398],[-85.256969,41.455721],[-85.251034,41.454433],[-85.251113,41.452297],[-85.22828,41.452179],[-85.226955,41.449639],[-85.222157,41.449581],[-85.222052,41.445055],[-85.219383,41.445052],[-85.219382,41.442888],[-85.2128,41.442869],[-85.212795,41.444756],[-85.203741,41.444848],[-85.203023,41.441219],[-85.197955,41.441043],[-85.197855,41.437592],[-85.224597,41.438732],[-85.236525,41.442296],[-85.23663,41.440981],[-85.241269,41.441054],[-85.240958,41.432804],[-85.237227,41.432801],[-85.237387,41.430901],[-85.25075,41.430834],[-85.251173,41.423528],[-85.254197,41.424996],[-85.254274,41.42342],[-85.256177,41.423567],[-85.256041,41.419967],[-85.260692,41.419848],[-85.262238,41.423724],[-85.25803,41.424002],[-85.267577,41.424899],[-85.279962,41.433607],[-85.282832,41.437602],[-85.289262,41.437675],[-85.289218,41.44504],[-85.284268,41.444762],[-85.274588,41.444883],[-85.274534,41.44601],[-85.278307,41.445223],[-85.27911,41.44872],[-85.281835,41.449897],[-85.281978,41.448424],[-85.284106,41.448546],[-85.284863,41.444988],[-85.303366,41.446233]]]]}},{"type":"Feature","properties":{"NAME":"Vincennes","state_abbr":"IN","state_name":"Indiana","ALAND":19307838},"geometry":{"type":"MultiPolygon","coordinates":[[[[-87.508706,38.723862],[-87.505176,38.726992],[-87.502895,38.724068],[-87.507074,38.721939],[-87.508706,38.723862]]],[[[-87.529228,38.653926],[-87.528523,38.654846],[-87.528283,38.654109],[-87.529228,38.653926]]],[[[-87.549589,38.67478],[-87.537087,38.679389],[-87.529172,38.68456],[-87.520932,38.693141],[-87.518358,38.697283],[-87.517806,38.702086],[-87.514205,38.697712],[-87.507569,38.698506],[-87.503273,38.696799],[-87.506991,38.694326],[-87.504849,38.691694],[-87.497005,38.69537],[-87.497981,38.698223],[-87.496117,38.697464],[-87.49718,38.700163],[-87.494696,38.702086],[-87.497353,38.706487],[-87.494954,38.706221],[-87.491807,38.703079],[-87.496227,38.700714],[-87.494548,38.696506],[-87.496871,38.693161],[-87.49303,38.692404],[-87.490743,38.689112],[-87.492009,38.692863],[-87.48988,38.695799],[-87.486297,38.692933],[-87.48349,38.695344],[-87.486581,38.698234],[-87.483652,38.70178],[-87.480993,38.701495],[-87.478574,38.699031],[-87.476676,38.701385],[-87.475383,38.700138],[-87.477808,38.698587],[-87.476197,38.697017],[-87.480474,38.694364],[-87.474995,38.690783],[-87.477007,38.689592],[-87.47577,38.68653],[-87.468604,38.682456],[-87.479289,38.684993],[-87.473959,38.682691],[-87.477262,38.680623],[-87.481155,38.68445],[-87.485831,38.686064],[-87.488646,38.684322],[-87.491482,38.688519],[-87.490505,38.678667],[-87.495073,38.672714],[-87.492461,38.671515],[-87.494779,38.667891],[-87.485918,38.661668],[-87.48642,38.660661],[-87.488472,38.662667],[-87.496522,38.658719],[-87.490854,38.651812],[-87.493265,38.648956],[-87.495487,38.650208],[-87.500364,38.645573],[-87.500066,38.644296],[-87.505327,38.65086],[-87.501149,38.653343],[-87.505333,38.657164],[-87.506989,38.658264],[-87.50587,38.654405],[-87.507441,38.65518],[-87.507624,38.653739],[-87.512509,38.65466],[-87.513382,38.657303],[-87.511671,38.657623],[-87.512813,38.660063],[-87.519963,38.655223],[-87.523002,38.664788],[-87.528769,38.658111],[-87.530517,38.658011],[-87.529442,38.654305],[-87.530868,38.651704],[-87.533298,38.651218],[-87.533991,38.653391],[-87.536252,38.652953],[-87.537413,38.656455],[-87.534944,38.656914],[-87.539112,38.662572],[-87.542708,38.674258],[-87.54904,38.672978],[-87.549589,38.67478]]]]}},{"type":"Feature","properties":{"NAME":"Sandborn","state_abbr":"IN","state_name":"Indiana","ALAND":1010780},"geometry":{"type":"Polygon","coordinates":[[[-87.191888,38.892919],[-87.191592,38.90016],[-87.177201,38.900896],[-87.176661,38.899885],[-87.177161,38.895392],[-87.180497,38.895399],[-87.180493,38.892852],[-87.186807,38.892887],[-87.186779,38.891174],[-87.188328,38.891169],[-87.188324,38.892891],[-87.191888,38.892919]]]}},{"type":"Feature","properties":{"NAME":"Greenville","state_abbr":"IN","state_name":"Indiana","ALAND":2341820},"geometry":{"type":"MultiPolygon","coordinates":[[[[-85.966149,38.365201],[-85.96693,38.366354],[-85.966125,38.366349],[-85.966149,38.365201]]],[[[-86.003824,38.3777],[-85.999325,38.380432],[-85.9954,38.380772],[-85.995372,38.378881],[-85.997022,38.378402],[-85.995461,38.377076],[-85.993746,38.377576],[-85.994598,38.379848],[-85.992484,38.379767],[-85.990854,38.37903],[-85.993254,38.377055],[-85.984321,38.376401],[-85.984318,38.37505],[-85.981828,38.375035],[-85.981474,38.371429],[-85.975568,38.368799],[-85.975315,38.374356],[-85.97008,38.374384],[-85.969218,38.372593],[-85.965684,38.372364],[-85.964055,38.367865],[-85.964909,38.366335],[-85.967125,38.366767],[-85.967181,38.365342],[-85.967768,38.366765],[-85.97402,38.366804],[-85.975335,38.364777],[-85.985196,38.364468],[-85.982649,38.365437],[-85.983594,38.367818],[-85.981757,38.369726],[-85.983284,38.370435],[-85.986092,38.36562],[-85.98829,38.364844],[-85.989263,38.366679],[-85.987363,38.366928],[-85.988509,38.367857],[-85.986901,38.367426],[-85.98506,38.369876],[-85.990882,38.371779],[-85.995128,38.369119],[-85.995116,38.37442],[-86.003824,38.3777]],[[-85.995461,38.377076],[-85.997871,38.377218],[-85.998965,38.376457],[-85.995527,38.375551],[-85.995461,38.377076]]]]}},{"type":"Feature","properties":{"NAME":"Gaston","state_abbr":"IN","state_name":"Indiana","ALAND":942400},"geometry":{"type":"Polygon","coordinates":[[[-85.509131,40.319162],[-85.500797,40.31925],[-85.499216,40.317415],[-85.49686,40.317451],[-85.496843,40.314707],[-85.493264,40.314688],[-85.494035,40.310026],[-85.499851,40.311109],[-85.499843,40.306407],[-85.501476,40.306401],[-85.501487,40.308759],[-85.508185,40.314153],[-85.504963,40.314101],[-85.505083,40.315432],[-85.509131,40.319162]]]}},{"type":"Feature","properties":{"NAME":"Middletown","state_abbr":"IN","state_name":"Indiana","ALAND":3000564},"geometry":{"type":"Polygon","coordinates":[[[-85.557382,40.062903],[-85.556646,40.069668],[-85.554853,40.06968],[-85.554843,40.067541],[-85.553642,40.067544],[-85.552659,40.069687],[-85.546893,40.069699],[-85.546823,40.066035],[-85.537486,40.066117],[-85.537449,40.063382],[-85.532383,40.064018],[-85.533569,40.061965],[-85.532355,40.060184],[-85.533544,40.059645],[-85.529613,40.059624],[-85.527096,40.055172],[-85.528872,40.054374],[-85.528738,40.051506],[-85.533289,40.052851],[-85.53261,40.05186],[-85.53716,40.049687],[-85.537292,40.051407],[-85.542085,40.052032],[-85.551983,40.051573],[-85.550914,40.052756],[-85.551972,40.053402],[-85.549749,40.0534],[-85.549546,40.057851],[-85.546749,40.057859],[-85.546777,40.062368],[-85.552157,40.061575],[-85.557382,40.062903]]]}},{"type":"Feature","properties":{"NAME":"Dunreith","state_abbr":"IN","state_name":"Indiana","ALAND":322347},"geometry":{"type":"Polygon","coordinates":[[[-85.44144,39.804072],[-85.432725,39.804997],[-85.433095,39.801846],[-85.431226,39.801389],[-85.440041,39.800298],[-85.438622,39.802198],[-85.44144,39.804072]]]}},{"type":"Feature","properties":{"NAME":"Franklin","state_abbr":"IN","state_name":"Indiana","ALAND":39639564},"geometry":{"type":"Polygon","coordinates":[[[-86.095379,39.534008],[-86.092037,39.534068],[-86.092092,39.5397],[-86.088835,39.542574],[-86.08416,39.54258],[-86.081475,39.535733],[-86.082605,39.535166],[-86.05907,39.53563],[-86.05901,39.53188],[-86.060132,39.531858],[-86.05901,39.531493],[-86.058928,39.523998],[-86.054217,39.524085],[-86.05416,39.52082],[-86.04792,39.520919],[-86.047887,39.515988],[-86.064615,39.515753],[-86.061442,39.507588],[-86.061864,39.510607],[-86.05953,39.511744],[-86.05839,39.50757],[-86.05533,39.50761],[-86.057905,39.508427],[-86.057364,39.511719],[-86.045781,39.511898],[-86.045884,39.517992],[-86.034373,39.517207],[-86.03595,39.517942],[-86.035413,39.521218],[-86.032954,39.521276],[-86.032736,39.517599],[-86.028875,39.514607],[-86.026158,39.508987],[-86.027598,39.507352],[-86.032907,39.507711],[-86.032906,39.500246],[-86.031111,39.499107],[-86.038822,39.494911],[-86.041963,39.495155],[-86.041863,39.492841],[-86.037658,39.493221],[-86.03354,39.49075],[-86.02857,39.493952],[-86.028584,39.495671],[-86.01771,39.49624],[-86.017061,39.493921],[-85.984969,39.495403],[-85.984218,39.489552],[-85.986956,39.485582],[-85.984218,39.485285],[-85.984091,39.479956],[-85.988916,39.479712],[-85.988976,39.484537],[-85.998312,39.483605],[-85.99833,39.479436],[-85.995712,39.479513],[-85.995875,39.477696],[-86.003008,39.477985],[-86.00303,39.47337],[-85.99824,39.473209],[-85.998279,39.464569],[-86.004886,39.464414],[-86.011953,39.475906],[-86.013432,39.475901],[-86.026009,39.475208],[-86.025967,39.468235],[-86.033808,39.472109],[-86.032316,39.47404],[-86.034703,39.472545],[-86.037288,39.47383],[-86.039166,39.471776],[-86.040622,39.472746],[-86.040603,39.467536],[-86.038902,39.469574],[-86.036055,39.468062],[-86.037817,39.463665],[-86.045329,39.463716],[-86.045334,39.460763],[-86.05067,39.46072],[-86.061888,39.473987],[-86.062959,39.46681],[-86.061136,39.465876],[-86.063376,39.463329],[-86.078911,39.46293],[-86.078886,39.470342],[-86.074194,39.470555],[-86.074163,39.474409],[-86.077556,39.471765],[-86.079929,39.471953],[-86.082804,39.47368],[-86.081474,39.477717],[-86.08607,39.47768],[-86.086105,39.4797],[-86.094494,39.477034],[-86.094711,39.481348],[-86.084541,39.481405],[-86.084557,39.483003],[-86.089615,39.485051],[-86.088872,39.488531],[-86.093472,39.492498],[-86.093577,39.500015],[-86.089669,39.500064],[-86.089674,39.494422],[-86.083936,39.494504],[-86.083978,39.500133],[-86.080406,39.500186],[-86.079192,39.503986],[-86.075471,39.50318],[-86.074495,39.507819],[-86.093648,39.507294],[-86.093668,39.51493],[-86.08033,39.515208],[-86.080287,39.521353],[-86.082491,39.521321],[-86.08254,39.527558],[-86.090118,39.52645],[-86.091871,39.53118],[-86.095379,39.534008]],[[-86.083625,39.48137],[-86.08166,39.481377],[-86.08163,39.4821],[-86.08291,39.48249],[-86.083625,39.48137]],[[-86.08134,39.48002],[-86.079991,39.477028],[-86.07421,39.47791],[-86.07418,39.47989],[-86.08032,39.48172],[-86.08134,39.48002]],[[-86.072164,39.485509],[-86.072129,39.4797],[-86.065765,39.481082],[-86.06574,39.485672],[-86.072164,39.485509]],[[-86.063668,39.525071],[-86.06223,39.523847],[-86.062247,39.525096],[-86.063668,39.525071]],[[-86.05945,39.502684],[-86.058965,39.501443],[-86.055284,39.501452],[-86.055303,39.502701],[-86.05945,39.502684]],[[-86.0589,39.52074],[-86.058357,39.518131],[-86.05839,39.520744],[-86.0589,39.52074]],[[-86.039891,39.491915],[-86.041857,39.491038],[-86.039895,39.491052],[-86.039891,39.491915]],[[-86.040852,39.50822],[-86.036061,39.50792],[-86.03608,39.511629],[-86.040869,39.51195],[-86.040852,39.50822]],[[-86.040036,39.476723],[-86.04063,39.47548],[-86.040395,39.475363],[-86.040036,39.476723]],[[-86.039863,39.500683],[-86.037925,39.500539],[-86.037904,39.502914],[-86.039201,39.502911],[-86.039863,39.500683]],[[-86.038927,39.47604],[-86.03868,39.474517],[-86.038051,39.47567],[-86.038927,39.47604]],[[-86.035952,39.515816],[-86.034343,39.515181],[-86.034364,39.515777],[-86.035952,39.515816]],[[-86.005341,39.48349],[-86.00767,39.482165],[-86.00536,39.482227],[-86.005341,39.48349]]]}},{"type":"Feature","properties":{"NAME":"Carlisle","state_abbr":"IN","state_name":"Indiana","ALAND":1342284},"geometry":{"type":"Polygon","coordinates":[[[-87.408755,38.962849],[-87.399841,38.968285],[-87.394755,38.968114],[-87.396505,38.956723],[-87.398371,38.955655],[-87.403957,38.960037],[-87.405069,38.959393],[-87.405948,38.955379],[-87.401181,38.953429],[-87.403897,38.948467],[-87.406799,38.952514],[-87.408755,38.962849]]]}},{"type":"Feature","properties":{"NAME":"Dugger","state_abbr":"IN","state_name":"Indiana","ALAND":1517180},"geometry":{"type":"Polygon","coordinates":[[[-87.268988,39.067542],[-87.268996,39.0748],[-87.250394,39.074597],[-87.250379,39.064978],[-87.259653,39.064971],[-87.259633,39.067103],[-87.268988,39.067542]]]}},{"type":"Feature","properties":{"NAME":"Hymera","state_abbr":"IN","state_name":"Indiana","ALAND":1844510},"geometry":{"type":"Polygon","coordinates":[[[-87.308467,39.186344],[-87.306302,39.186461],[-87.306294,39.193583],[-87.301042,39.193647],[-87.30085,39.190454],[-87.289163,39.189963],[-87.289033,39.184107],[-87.291765,39.183033],[-87.291686,39.179847],[-87.306295,39.179942],[-87.308467,39.186344]]]}},{"type":"Feature","properties":{"NAME":"Huntington","state_abbr":"IN","state_name":"Indiana","ALAND":24457511},"geometry":{"type":"MultiPolygon","coordinates":[[[[-85.445411,40.893958],[-85.445399,40.899926],[-85.441571,40.900237],[-85.441447,40.895042],[-85.445411,40.893958]]],[[[-85.542838,40.866668],[-85.533451,40.867124],[-85.534094,40.871296],[-85.531375,40.877599],[-85.536432,40.878893],[-85.536564,40.882456],[-85.540969,40.881732],[-85.538506,40.883331],[-85.538525,40.888268],[-85.529455,40.88817],[-85.52939,40.899592],[-85.518688,40.900239],[-85.518141,40.902414],[-85.516786,40.901022],[-85.51445,40.902205],[-85.515224,40.903002],[-85.511708,40.903055],[-85.512955,40.90506],[-85.508921,40.90535],[-85.509082,40.912369],[-85.502007,40.911611],[-85.497285,40.905181],[-85.492776,40.906872],[-85.4906,40.905494],[-85.490656,40.908541],[-85.487695,40.908591],[-85.487719,40.909995],[-85.481036,40.910086],[-85.481004,40.906797],[-85.483868,40.904005],[-85.482406,40.902777],[-85.483238,40.900625],[-85.490539,40.900586],[-85.490527,40.898406],[-85.492898,40.898407],[-85.489628,40.892632],[-85.478459,40.894389],[-85.4749,40.897812],[-85.47362,40.892946],[-85.471229,40.892964],[-85.471019,40.87987],[-85.473565,40.879876],[-85.474782,40.87667],[-85.478237,40.876611],[-85.476739,40.874776],[-85.480028,40.874932],[-85.479884,40.86714],[-85.484978,40.867246],[-85.484924,40.864038],[-85.494797,40.863482],[-85.494883,40.861195],[-85.499437,40.859536],[-85.499395,40.856792],[-85.496798,40.856071],[-85.500589,40.853899],[-85.501511,40.850989],[-85.509211,40.860417],[-85.512197,40.861435],[-85.519646,40.861816],[-85.517041,40.859309],[-85.521189,40.859243],[-85.521086,40.855609],[-85.528392,40.855403],[-85.528373,40.853578],[-85.537851,40.853575],[-85.538073,40.859032],[-85.542731,40.858958],[-85.542838,40.866668]]]]}},{"type":"Feature","properties":{"NAME":"Aurora","state_abbr":"IN","state_name":"Indiana","ALAND":8527500},"geometry":{"type":"Polygon","coordinates":[[[-84.932051,39.034736],[-84.922967,39.048984],[-84.923387,39.051822],[-84.926294,39.050863],[-84.92967,39.052018],[-84.928733,39.054928],[-84.917387,39.054361],[-84.906614,39.05707],[-84.909404,39.058577],[-84.908368,39.059895],[-84.910138,39.063933],[-84.908923,39.065866],[-84.911419,39.065784],[-84.911388,39.069431],[-84.906192,39.067618],[-84.90731,39.075836],[-84.912898,39.079564],[-84.91484,39.078854],[-84.913965,39.076996],[-84.916202,39.076132],[-84.913968,39.074613],[-84.917584,39.074592],[-84.918507,39.077671],[-84.914552,39.081714],[-84.921181,39.076589],[-84.92464,39.076289],[-84.925674,39.085317],[-84.922281,39.088885],[-84.905375,39.088759],[-84.904294,39.085666],[-84.902733,39.085683],[-84.90276,39.07812],[-84.892863,39.078145],[-84.891622,39.081173],[-84.887844,39.081204],[-84.888044,39.074506],[-84.86729,39.074539],[-84.889059,39.066126],[-84.897885,39.056672],[-84.897429,39.052288],[-84.887917,39.038696],[-84.889369,39.03806],[-84.893796,39.04591],[-84.898941,39.045887],[-84.90185,39.048012],[-84.900686,39.04944],[-84.901737,39.05097],[-84.906366,39.052257],[-84.905147,39.055044],[-84.915762,39.050161],[-84.914661,39.048733],[-84.920877,39.048619],[-84.921074,39.045828],[-84.922858,39.045817],[-84.925629,39.042359],[-84.9239,39.042362],[-84.923858,39.03938],[-84.920955,39.038791],[-84.92385,39.038826],[-84.925286,39.034896],[-84.932051,39.034736]],[[-84.915886,39.078318],[-84.915499,39.078129],[-84.91561,39.078525],[-84.915886,39.078318]]]}},{"type":"Feature","properties":{"NAME":"Lawrenceburg","state_abbr":"IN","state_name":"Indiana","ALAND":13689509},"geometry":{"type":"Polygon","coordinates":[[[-84.899561,39.118497],[-84.897543,39.122459],[-84.89796,39.125166],[-84.893856,39.124923],[-84.893824,39.130798],[-84.886903,39.128528],[-84.885958,39.131974],[-84.876578,39.132162],[-84.876501,39.128738],[-84.878321,39.12874],[-84.877951,39.123434],[-84.880189,39.123112],[-84.877802,39.118582],[-84.881109,39.118357],[-84.880604,39.11626],[-84.875329,39.115138],[-84.880214,39.114372],[-84.870094,39.114072],[-84.872696,39.108142],[-84.86373,39.098216],[-84.860793,39.100036],[-84.859543,39.10582],[-84.8414,39.106167],[-84.841486,39.100203],[-84.837268,39.100223],[-84.837298,39.097165],[-84.857538,39.0804],[-84.867112,39.074611],[-84.888044,39.074506],[-84.887844,39.081204],[-84.891625,39.08022],[-84.892642,39.082298],[-84.89402,39.081998],[-84.89401,39.088711],[-84.891104,39.088687],[-84.891085,39.089785],[-84.878459,39.088662],[-84.871144,39.093918],[-84.873089,39.093384],[-84.875295,39.095164],[-84.875327,39.102932],[-84.884603,39.103053],[-84.886823,39.112142],[-84.896752,39.113732],[-84.89674,39.114896],[-84.893896,39.114927],[-84.893874,39.11791],[-84.899561,39.118497]]]}},{"type":"Feature","properties":{"NAME":"Lawrence","state_abbr":"IN","state_name":"Indiana","ALAND":52182050},"geometry":{"type":"Polygon","coordinates":[[[-86.055664,39.84771],[-86.050923,39.847719],[-86.051035,39.855052],[-86.04713,39.855043],[-86.045874,39.865984],[-86.038999,39.869238],[-86.039141,39.872929],[-86.035477,39.876218],[-86.021092,39.876254],[-86.0207,39.878748],[-86.016376,39.879955],[-86.016294,39.875897],[-86.013291,39.875943],[-86.013642,39.877747],[-86.010687,39.879488],[-86.00378,39.879373],[-86.004497,39.88046],[-86.002974,39.88167],[-86.004538,39.884345],[-86.001241,39.88615],[-86.00057,39.890118],[-85.994605,39.899945],[-85.992186,39.898167],[-85.976131,39.898257],[-85.97529,39.901839],[-85.957157,39.902547],[-85.957006,39.912808],[-85.938099,39.913028],[-85.938067,39.869812],[-85.954013,39.869646],[-85.953489,39.841465],[-85.991319,39.841002],[-85.991266,39.838306],[-86.00537,39.838225],[-86.005502,39.836237],[-86.010118,39.835677],[-86.01008,39.833361],[-86.016104,39.833325],[-86.016174,39.838025],[-86.01966,39.837992],[-86.023344,39.836228],[-86.023296,39.83327],[-86.033535,39.833324],[-86.045862,39.827336],[-86.046064,39.840397],[-86.055535,39.840385],[-86.055664,39.84771]]]}},{"type":"Feature","properties":{"NAME":"Wynnedale","state_abbr":"IN","state_name":"Indiana","ALAND":412959},"geometry":{"type":"Polygon","coordinates":[[[-86.204367,39.835374],[-86.197463,39.835484],[-86.197449,39.833088],[-86.195622,39.833143],[-86.195591,39.829674],[-86.203899,39.829916],[-86.204367,39.835374]]]}},{"type":"Feature","properties":{"NAME":"Dyer","state_abbr":"IN","state_name":"Indiana","ALAND":15943033},"geometry":{"type":"Polygon","coordinates":[[[-87.525671,41.464602],[-87.525626,41.471815],[-87.524042,41.471863],[-87.52404,41.475497],[-87.525539,41.475487],[-87.525561,41.522651],[-87.491004,41.523144],[-87.492991,41.522125],[-87.492943,41.519227],[-87.490396,41.517324],[-87.492017,41.513322],[-87.486914,41.510846],[-87.486954,41.507977],[-87.490445,41.507998],[-87.489991,41.478983],[-87.511287,41.47917],[-87.511261,41.477346],[-87.50887,41.477351],[-87.509992,41.47191],[-87.518416,41.471861],[-87.518357,41.466862],[-87.50876,41.468267],[-87.513569,41.467374],[-87.513542,41.464672],[-87.51697,41.464646],[-87.516799,41.465702],[-87.518346,41.465689],[-87.518328,41.463695],[-87.525671,41.464602]]]}},{"type":"Feature","properties":{"NAME":"East Chicago","state_abbr":"IN","state_name":"Indiana","ALAND":36544093},"geometry":{"type":"Polygon","coordinates":[[[-87.49024,41.61007],[-87.490474,41.657649],[-87.480952,41.657518],[-87.481055,41.664802],[-87.476434,41.664737],[-87.476445,41.66839],[-87.462165,41.668303],[-87.462226,41.67857],[-87.446939,41.685847],[-87.442223,41.673117],[-87.443004,41.66755],[-87.438083,41.664615],[-87.433738,41.66814],[-87.439251,41.679612],[-87.440495,41.679365],[-87.43848,41.674364],[-87.438811,41.674208],[-87.438935,41.674361],[-87.441198,41.680895],[-87.440323,41.679577],[-87.435949,41.68224],[-87.422054,41.692588],[-87.400458,41.677617],[-87.420611,41.659406],[-87.43215,41.656294],[-87.435694,41.65857],[-87.433348,41.655971],[-87.438784,41.653878],[-87.435418,41.653616],[-87.433268,41.651393],[-87.432594,41.613036],[-87.449273,41.611281],[-87.453692,41.615756],[-87.457302,41.617116],[-87.461505,41.613955],[-87.461439,41.609944],[-87.49024,41.61007]]]}},{"type":"Feature","properties":{"NAME":"Highland","state_abbr":"IN","state_name":"Indiana","ALAND":17935200},"geometry":{"type":"Polygon","coordinates":[[[-87.481129,41.56756],[-87.468279,41.570255],[-87.458933,41.569242],[-87.454998,41.573534],[-87.45359,41.572499],[-87.456101,41.569667],[-87.454518,41.568677],[-87.449482,41.567654],[-87.449046,41.56991],[-87.443712,41.570159],[-87.441962,41.569944],[-87.441901,41.566545],[-87.434156,41.567818],[-87.432375,41.566366],[-87.432499,41.537325],[-87.451856,41.537432],[-87.451813,41.522909],[-87.48074,41.523087],[-87.481129,41.56756]]]}},{"type":"Feature","properties":{"NAME":"Hobart","state_abbr":"IN","state_name":"Indiana","ALAND":67844628},"geometry":{"type":"Polygon","coordinates":[[[-87.317153,41.551634],[-87.312802,41.552364],[-87.31294,41.554729],[-87.311732,41.554727],[-87.311642,41.55114],[-87.282324,41.551006],[-87.278331,41.548782],[-87.278323,41.551026],[-87.264841,41.550807],[-87.264892,41.552633],[-87.260068,41.552635],[-87.259333,41.556181],[-87.255934,41.555241],[-87.250513,41.556142],[-87.250543,41.557945],[-87.240927,41.557926],[-87.238189,41.561747],[-87.238517,41.565151],[-87.227825,41.565088],[-87.226524,41.561464],[-87.221686,41.561444],[-87.220194,41.507054],[-87.230382,41.507037],[-87.231402,41.504622],[-87.228379,41.503256],[-87.231994,41.498975],[-87.231814,41.496123],[-87.239224,41.497723],[-87.239345,41.50057],[-87.233622,41.499803],[-87.233691,41.50608],[-87.231645,41.507037],[-87.239386,41.507048],[-87.239346,41.500903],[-87.240921,41.499815],[-87.244187,41.499824],[-87.244206,41.503439],[-87.253911,41.504433],[-87.253578,41.463653],[-87.316423,41.463827],[-87.317153,41.551634]]]}},{"type":"Feature","properties":{"NAME":"Lake Station","state_abbr":"IN","state_name":"Indiana","ALAND":21478165},"geometry":{"type":"MultiPolygon","coordinates":[[[[-87.260134,41.555619],[-87.259333,41.556181],[-87.259326,41.555736],[-87.260134,41.555619]]],[[[-87.269845,41.557525],[-87.262786,41.559931],[-87.261681,41.561779],[-87.261045,41.56059],[-87.260906,41.554924],[-87.263271,41.554492],[-87.264841,41.550807],[-87.267346,41.550844],[-87.267432,41.554431],[-87.269777,41.554463],[-87.269845,41.557525]]],[[[-87.311114,41.551141],[-87.309881,41.558865],[-87.303796,41.565604],[-87.297929,41.565599],[-87.297977,41.569726],[-87.278753,41.57341],[-87.278765,41.587238],[-87.275217,41.587215],[-87.27523,41.589124],[-87.2663,41.59008],[-87.26634,41.594295],[-87.222221,41.594031],[-87.221686,41.561444],[-87.226524,41.561464],[-87.227825,41.565088],[-87.238517,41.565151],[-87.238189,41.561747],[-87.240927,41.557926],[-87.250543,41.557945],[-87.250513,41.556142],[-87.256441,41.555245],[-87.257863,41.556179],[-87.253309,41.556516],[-87.253085,41.557196],[-87.255382,41.557968],[-87.255465,41.561585],[-87.260306,41.56162],[-87.260412,41.565331],[-87.265224,41.565373],[-87.269978,41.56264],[-87.270041,41.565411],[-87.278659,41.565506],[-87.278324,41.550996],[-87.311114,41.551141]]]]}},{"type":"Feature","properties":{"NAME":"Poneto","state_abbr":"IN","state_name":"Indiana","ALAND":297129},"geometry":{"type":"Polygon","coordinates":[[[-85.226586,40.654588],[-85.222684,40.66136],[-85.22053,40.657168],[-85.21862,40.657139],[-85.218633,40.654605],[-85.226586,40.654588]]]}},{"type":"Feature","properties":{"NAME":"Orestes","state_abbr":"IN","state_name":"Indiana","ALAND":1212855},"geometry":{"type":"Polygon","coordinates":[[[-85.737753,40.270229],[-85.733003,40.270191],[-85.731597,40.273322],[-85.728212,40.27333],[-85.728224,40.277396],[-85.717521,40.277011],[-85.718705,40.275475],[-85.718284,40.270253],[-85.720516,40.270235],[-85.718711,40.267066],[-85.726901,40.267438],[-85.726936,40.265695],[-85.725168,40.265702],[-85.725167,40.262888],[-85.728291,40.262915],[-85.728274,40.265764],[-85.730334,40.265808],[-85.728194,40.268717],[-85.737753,40.270229]]]}},{"type":"Feature","properties":{"NAME":"Pendleton","state_abbr":"IN","state_name":"Indiana","ALAND":34597590},"geometry":{"type":"Polygon","coordinates":[[[-85.843163,40.000938],[-85.843156,40.002333],[-85.814861,40.002473],[-85.814778,40.031591],[-85.78938,40.031506],[-85.764904,40.017048],[-85.759768,40.023323],[-85.752976,40.028005],[-85.737316,40.033116],[-85.732575,40.033138],[-85.726652,40.030499],[-85.729972,40.025725],[-85.730081,40.01228],[-85.725313,40.013292],[-85.7253,40.009756],[-85.73237,40.010748],[-85.732615,40.008254],[-85.730085,40.007609],[-85.73013,40.005605],[-85.722104,40.005354],[-85.722437,40.003713],[-85.725284,40.003699],[-85.725215,39.98911],[-85.729958,39.989041],[-85.72994,39.986145],[-85.733934,39.985886],[-85.733934,39.983612],[-85.72993,39.983637],[-85.729921,39.981723],[-85.731162,39.981725],[-85.729918,39.981381],[-85.729895,39.974411],[-85.734641,39.974389],[-85.73463,39.972462],[-85.737573,39.972459],[-85.73757,39.970706],[-85.740744,39.970681],[-85.740737,39.973455],[-85.737953,39.97346],[-85.739402,39.978948],[-85.750541,39.9782],[-85.750533,39.976088],[-85.758376,39.977818],[-85.758379,39.980941],[-85.755546,39.983593],[-85.762461,39.986749],[-85.754798,39.991172],[-85.755566,39.996352],[-85.767912,39.990057],[-85.767928,39.996038],[-85.778524,39.996095],[-85.787003,39.991595],[-85.824314,39.991566],[-85.839502,39.993937],[-85.833727,39.993926],[-85.833737,39.995041],[-85.838448,39.995044],[-85.838449,40.000591],[-85.843163,40.000938]],[[-85.812075,40.013323],[-85.814084,40.012825],[-85.812074,40.012817],[-85.812075,40.013323]],[[-85.808981,40.012497],[-85.808981,40.011037],[-85.807519,40.011039],[-85.807521,40.012277],[-85.808981,40.012497]],[[-85.805458,40.011746],[-85.803452,40.009776],[-85.802807,40.010675],[-85.805458,40.011746]],[[-85.800763,40.00798],[-85.796209,40.007948],[-85.796212,39.998688],[-85.786991,39.998559],[-85.786972,40.002743],[-85.791705,40.002254],[-85.791591,40.004306],[-85.794072,40.004413],[-85.793926,40.006034],[-85.78697,40.004841],[-85.786942,40.007752],[-85.790122,40.00777],[-85.791282,40.009577],[-85.789422,40.01341],[-85.798376,40.013584],[-85.798396,40.009712],[-85.800674,40.009843],[-85.800763,40.00798]],[[-85.786934,40.01299],[-85.786335,40.00898],[-85.786269,40.012997],[-85.786934,40.01299]],[[-85.737065,39.989064],[-85.73234,39.988566],[-85.732066,39.989042],[-85.737065,39.989064]]]}},{"type":"Feature","properties":{"NAME":"River Forest","state_abbr":"IN","state_name":"Indiana","ALAND":41167},"geometry":{"type":"Polygon","coordinates":[[[-85.72998,40.112095],[-85.72808,40.110952],[-85.728549,40.109107],[-85.729978,40.109183],[-85.72998,40.112095]]]}},{"type":"Feature","properties":{"NAME":"Vernon","state_abbr":"IN","state_name":"Indiana","ALAND":536639},"geometry":{"type":"Polygon","coordinates":[[[-85.614843,38.989775],[-85.609296,38.989544],[-85.607828,38.986497],[-85.604249,38.985597],[-85.604364,38.983999],[-85.608565,38.981065],[-85.611575,38.98141],[-85.614552,38.984025],[-85.613118,38.987095],[-85.614843,38.989775]]]}},{"type":"Feature","properties":{"NAME":"Lowell","state_abbr":"IN","state_name":"Indiana","ALAND":18188285},"geometry":{"type":"MultiPolygon","coordinates":[[[[-87.410234,41.254225],[-87.408116,41.254948],[-87.408123,41.257006],[-87.40043,41.256972],[-87.400428,41.253389],[-87.393405,41.253399],[-87.389296,41.247012],[-87.395557,41.246134],[-87.395519,41.249754],[-87.405312,41.250393],[-87.405275,41.253377],[-87.410234,41.254225]]],[[[-87.420758,41.265809],[-87.414934,41.266988],[-87.414712,41.260675],[-87.420654,41.260727],[-87.420758,41.265809]]],[[[-87.468419,41.28636],[-87.458485,41.286385],[-87.458314,41.290021],[-87.446233,41.289999],[-87.445461,41.288785],[-87.44488,41.30455],[-87.440078,41.304536],[-87.440317,41.315491],[-87.430637,41.31543],[-87.430553,41.311772],[-87.42371,41.311733],[-87.423554,41.304451],[-87.420759,41.30445],[-87.420979,41.315405],[-87.416112,41.31537],[-87.416052,41.311715],[-87.402744,41.311673],[-87.401386,41.304399],[-87.397733,41.304388],[-87.39832,41.298942],[-87.401261,41.298925],[-87.401219,41.297121],[-87.391471,41.297096],[-87.389912,41.300608],[-87.390861,41.303007],[-87.387255,41.304323],[-87.385945,41.304311],[-87.387591,41.302379],[-87.384784,41.302386],[-87.388202,41.29708],[-87.382663,41.297011],[-87.382485,41.289728],[-87.39134,41.289809],[-87.391181,41.283557],[-87.392715,41.283215],[-87.391175,41.283214],[-87.3911,41.279335],[-87.395225,41.279366],[-87.395144,41.275569],[-87.400724,41.273401],[-87.400598,41.267916],[-87.405274,41.267941],[-87.4056,41.275262],[-87.413277,41.275343],[-87.415235,41.278562],[-87.41529,41.282554],[-87.410569,41.282548],[-87.410692,41.286186],[-87.420296,41.286234],[-87.419313,41.284621],[-87.422691,41.285754],[-87.424285,41.283575],[-87.429818,41.283543],[-87.43185,41.282618],[-87.431801,41.280761],[-87.429717,41.280797],[-87.429652,41.279057],[-87.434549,41.279082],[-87.434353,41.275447],[-87.439136,41.275467],[-87.439275,41.279057],[-87.444085,41.27903],[-87.444354,41.286295],[-87.449144,41.286356],[-87.449029,41.282712],[-87.45388,41.282715],[-87.453711,41.279082],[-87.461103,41.279057],[-87.4682,41.279083],[-87.468419,41.28636]],[[-87.437277,41.304525],[-87.436164,41.303797],[-87.43618,41.30452],[-87.437277,41.304525]],[[-87.435102,41.300821],[-87.430322,41.300851],[-87.430381,41.304476],[-87.435232,41.304517],[-87.435102,41.300821]],[[-87.420759,41.30445],[-87.4196,41.297142],[-87.416119,41.297125],[-87.415927,41.304432],[-87.420759,41.30445]],[[-87.430459,41.30745],[-87.429539,41.304476],[-87.429614,41.307446],[-87.430459,41.30745]]]]}},{"type":"Feature","properties":{"NAME":"Merrillville","state_abbr":"IN","state_name":"Indiana","ALAND":86037191},"geometry":{"type":"Polygon","coordinates":[[[-87.393868,41.522621],[-87.316653,41.52205],[-87.316423,41.463827],[-87.253578,41.463653],[-87.253729,41.48178],[-87.229641,41.481689],[-87.229666,41.485],[-87.220021,41.484983],[-87.219625,41.434595],[-87.335535,41.434823],[-87.335835,41.449319],[-87.364809,41.449418],[-87.364872,41.45303],[-87.369671,41.453957],[-87.374613,41.453942],[-87.374296,41.449416],[-87.392678,41.449663],[-87.393868,41.522621]]]}},{"type":"Feature","properties":{"NAME":"Munster","state_abbr":"IN","state_name":"Indiana","ALAND":19519801},"geometry":{"type":"Polygon","coordinates":[[[-87.525561,41.522651],[-87.525302,41.581361],[-87.525013,41.578242],[-87.519739,41.576893],[-87.517142,41.57136],[-87.514252,41.573549],[-87.513352,41.571766],[-87.506898,41.571056],[-87.502092,41.568609],[-87.497827,41.570676],[-87.493106,41.568893],[-87.490992,41.566197],[-87.481129,41.56756],[-87.48074,41.523087],[-87.525561,41.522651]]]}},{"type":"Feature","properties":{"NAME":"St. John","state_abbr":"IN","state_name":"Indiana","ALAND":32992729},"geometry":{"type":"Polygon","coordinates":[[[-87.525908,41.427],[-87.51432,41.426193],[-87.513156,41.434458],[-87.508352,41.435606],[-87.508527,41.45013],[-87.510371,41.451457],[-87.509895,41.453762],[-87.508575,41.453768],[-87.50876,41.468267],[-87.489805,41.468131],[-87.489751,41.464513],[-87.477648,41.464494],[-87.477339,41.465725],[-87.480068,41.465079],[-87.484956,41.469357],[-87.481776,41.471728],[-87.474069,41.471717],[-87.474045,41.469881],[-87.471806,41.469877],[-87.471815,41.471712],[-87.466234,41.471675],[-87.466433,41.457227],[-87.465541,41.464367],[-87.461863,41.463074],[-87.461886,41.46435],[-87.451065,41.464299],[-87.451022,41.461088],[-87.453722,41.458992],[-87.452788,41.456994],[-87.441258,41.458375],[-87.439679,41.460633],[-87.436427,41.46062],[-87.4364,41.459262],[-87.431534,41.459158],[-87.433179,41.456986],[-87.436356,41.457],[-87.436289,41.453331],[-87.418166,41.454225],[-87.418078,41.44972],[-87.426537,41.44972],[-87.426323,41.436088],[-87.420268,41.435201],[-87.421484,41.424482],[-87.431181,41.424543],[-87.43118,41.420364],[-87.440878,41.420433],[-87.440906,41.413675],[-87.450594,41.413733],[-87.450572,41.435327],[-87.455508,41.435344],[-87.455489,41.432504],[-87.459513,41.43252],[-87.460267,41.435386],[-87.465558,41.435402],[-87.465492,41.428428],[-87.45878,41.428387],[-87.454728,41.421058],[-87.474916,41.421185],[-87.47485,41.424837],[-87.476085,41.424846],[-87.477314,41.421189],[-87.4893,41.421236],[-87.490455,41.4202],[-87.489321,41.417462],[-87.494124,41.417396],[-87.494113,41.413941],[-87.497966,41.413929],[-87.498949,41.426773],[-87.502155,41.42675],[-87.502121,41.421175],[-87.503827,41.421165],[-87.504438,41.42462],[-87.520732,41.425132],[-87.525908,41.427]],[[-87.506221,41.436299],[-87.505632,41.435603],[-87.505637,41.436296],[-87.506221,41.436299]],[[-87.502274,41.45075],[-87.501525,41.450098],[-87.501534,41.450844],[-87.502274,41.45075]],[[-87.501765,41.435594],[-87.498837,41.435586],[-87.498868,41.436998],[-87.500533,41.43776],[-87.501765,41.435594]],[[-87.499121,41.451073],[-87.497895,41.450075],[-87.497913,41.450996],[-87.499121,41.451073]],[[-87.496528,41.436452],[-87.494969,41.435626],[-87.495028,41.436877],[-87.496528,41.436452]],[[-87.495841,41.464023],[-87.495783,41.460928],[-87.492094,41.460904],[-87.492144,41.464521],[-87.495841,41.464023]],[[-87.494136,41.425765],[-87.489375,41.424891],[-87.489352,41.42581],[-87.494136,41.425765]],[[-87.465908,41.433761],[-87.466437,41.432096],[-87.466407,41.429537],[-87.465908,41.433761]],[[-87.45371,41.464006],[-87.453579,41.463786],[-87.453582,41.464005],[-87.45371,41.464006]],[[-87.451657,41.456275],[-87.452806,41.453447],[-87.451568,41.453436],[-87.451657,41.456275]],[[-87.451767,41.462317],[-87.451474,41.462218],[-87.451475,41.462314],[-87.451767,41.462317]],[[-87.431175,41.428145],[-87.429872,41.428141],[-87.429931,41.431574],[-87.431169,41.431557],[-87.431175,41.428145]],[[-87.426323,41.436088],[-87.43088,41.436698],[-87.433279,41.436795],[-87.433255,41.435256],[-87.426323,41.436088]]]}},{"type":"Feature","properties":{"NAME":"Schneider","state_abbr":"IN","state_name":"Indiana","ALAND":2227376},"geometry":{"type":"Polygon","coordinates":[[[-87.467223,41.188667],[-87.453064,41.188642],[-87.454451,41.190935],[-87.449359,41.190904],[-87.449513,41.202685],[-87.438743,41.202603],[-87.438618,41.188035],[-87.442766,41.188082],[-87.442767,41.181032],[-87.448846,41.180027],[-87.453982,41.188269],[-87.467223,41.188667]]]}},{"type":"Feature","properties":{"NAME":"Whiting","state_abbr":"IN","state_name":"Indiana","ALAND":4679363},"geometry":{"type":"Polygon","coordinates":[[[-87.500283,41.689212],[-87.490052,41.684123],[-87.48474,41.6835],[-87.485426,41.681201],[-87.480684,41.678709],[-87.479051,41.679877],[-87.477428,41.678892],[-87.474228,41.674345],[-87.467727,41.673123],[-87.462226,41.67857],[-87.462165,41.668303],[-87.476445,41.66839],[-87.476434,41.664737],[-87.481055,41.664802],[-87.480952,41.657518],[-87.490474,41.657649],[-87.490484,41.664891],[-87.491678,41.66488],[-87.490561,41.674344],[-87.50019,41.675648],[-87.500283,41.689212]]]}},{"type":"Feature","properties":{"NAME":"Monroeville","state_abbr":"IN","state_name":"Indiana","ALAND":2029857},"geometry":{"type":"Polygon","coordinates":[[[-84.882045,40.97518],[-84.882012,40.98064],[-84.873192,40.977913],[-84.872673,40.982142],[-84.869292,40.982189],[-84.865424,40.975558],[-84.866272,40.974818],[-84.86298,40.973299],[-84.86308,40.979143],[-84.858295,40.979316],[-84.858199,40.971589],[-84.853388,40.969815],[-84.85336,40.96853],[-84.862292,40.968332],[-84.862787,40.964686],[-84.868174,40.964557],[-84.869501,40.971776],[-84.872502,40.970989],[-84.872471,40.969717],[-84.878249,40.969616],[-84.878291,40.971602],[-84.872531,40.972162],[-84.872563,40.975033],[-84.882045,40.97518]]]}},{"type":"Feature","properties":{"NAME":"Galveston","state_abbr":"IN","state_name":"Indiana","ALAND":1489416},"geometry":{"type":"Polygon","coordinates":[[[-86.207807,40.576738],[-86.196689,40.577304],[-86.196831,40.582393],[-86.189275,40.580563],[-86.184035,40.582076],[-86.183001,40.580503],[-86.18448,40.576499],[-86.181642,40.572347],[-86.18439,40.571536],[-86.190637,40.573281],[-86.190621,40.572186],[-86.198323,40.571428],[-86.198425,40.574149],[-86.207797,40.574999],[-86.207807,40.576738]]]}},{"type":"Feature","properties":{"NAME":"Onward","state_abbr":"IN","state_name":"Indiana","ALAND":267927},"geometry":{"type":"Polygon","coordinates":[[[-86.1981,40.692972],[-86.197942,40.696933],[-86.19152,40.69696],[-86.19159,40.69248],[-86.1981,40.692972]]]}},{"type":"Feature","properties":{"NAME":"Royal Center","state_abbr":"IN","state_name":"Indiana","ALAND":1477871},"geometry":{"type":"Polygon","coordinates":[[[-86.506696,40.870496],[-86.494551,40.871266],[-86.493989,40.859612],[-86.492305,40.859204],[-86.492303,40.856889],[-86.506664,40.859486],[-86.506696,40.870496]]]}},{"type":"Feature","properties":{"NAME":"Shelbyville","state_abbr":"IN","state_name":"Indiana","ALAND":35466179},"geometry":{"type":"MultiPolygon","coordinates":[[[[-85.791653,39.562195],[-85.776037,39.562213],[-85.775865,39.557973],[-85.772778,39.557928],[-85.77396,39.555998],[-85.775819,39.55606],[-85.775762,39.553943],[-85.770984,39.554859],[-85.770863,39.549246],[-85.774218,39.552567],[-85.780432,39.553396],[-85.791653,39.562195]]],[[[-85.837881,39.580301],[-85.833098,39.580302],[-85.833231,39.58399],[-85.830006,39.583988],[-85.829413,39.580303],[-85.816473,39.580344],[-85.821715,39.584686],[-85.818977,39.584973],[-85.823796,39.585765],[-85.828692,39.589048],[-85.827715,39.593339],[-85.825397,39.594984],[-85.81721,39.595512],[-85.819111,39.591357],[-85.814194,39.591396],[-85.816639,39.595054],[-85.814296,39.595057],[-85.814356,39.596979],[-85.809562,39.596972],[-85.8095,39.598843],[-85.799895,39.598631],[-85.799354,39.572303],[-85.80414,39.571775],[-85.809002,39.575212],[-85.809011,39.576651],[-85.811383,39.576922],[-85.812052,39.574864],[-85.809009,39.572969],[-85.808946,39.569297],[-85.813758,39.569297],[-85.813579,39.561919],[-85.803885,39.561925],[-85.803812,39.558288],[-85.80863,39.558242],[-85.808575,39.554619],[-85.799062,39.554679],[-85.79889,39.551035],[-85.790531,39.550559],[-85.78797,39.548085],[-85.785232,39.548108],[-85.785286,39.551143],[-85.789641,39.551151],[-85.791664,39.554798],[-85.794416,39.555748],[-85.790139,39.556436],[-85.790076,39.554794],[-85.783942,39.554837],[-85.775731,39.548712],[-85.774918,39.549916],[-85.76886,39.547421],[-85.770876,39.547441],[-85.769147,39.543372],[-85.762717,39.543762],[-85.761118,39.542812],[-85.760998,39.539988],[-85.753396,39.540048],[-85.754109,39.538533],[-85.741817,39.529506],[-85.741766,39.532667],[-85.724745,39.532808],[-85.724793,39.535021],[-85.720553,39.535064],[-85.720504,39.533304],[-85.725446,39.53088],[-85.725307,39.525413],[-85.721196,39.525437],[-85.721106,39.522019],[-85.724839,39.520751],[-85.73185,39.524439],[-85.733913,39.526734],[-85.731529,39.526993],[-85.731567,39.528286],[-85.737986,39.525567],[-85.737889,39.519335],[-85.740366,39.519375],[-85.740352,39.517656],[-85.738831,39.517618],[-85.737944,39.514431],[-85.737652,39.505814],[-85.747748,39.504622],[-85.750279,39.50633],[-85.752005,39.505114],[-85.747959,39.504617],[-85.74312,39.50095],[-85.74581,39.500905],[-85.745718,39.497276],[-85.76135,39.497256],[-85.761282,39.493581],[-85.769567,39.493439],[-85.770003,39.495391],[-85.775378,39.495855],[-85.775626,39.49809],[-85.774245,39.500572],[-85.773041,39.499063],[-85.770882,39.499542],[-85.770929,39.502305],[-85.770633,39.500915],[-85.766211,39.500885],[-85.766222,39.504567],[-85.770885,39.50462],[-85.770843,39.503161],[-85.773263,39.502921],[-85.773329,39.504643],[-85.783224,39.504705],[-85.783219,39.502675],[-85.783847,39.504701],[-85.786985,39.504693],[-85.787636,39.500997],[-85.789081,39.500974],[-85.787737,39.500417],[-85.788967,39.496903],[-85.794153,39.497236],[-85.794146,39.495801],[-85.804893,39.494754],[-85.805059,39.500971],[-85.801964,39.503995],[-85.80342,39.504583],[-85.803484,39.511964],[-85.799824,39.512009],[-85.799725,39.517402],[-85.796984,39.516695],[-85.797573,39.519216],[-85.792216,39.519352],[-85.792556,39.521258],[-85.794319,39.52013],[-85.795959,39.523198],[-85.798473,39.521717],[-85.798443,39.523456],[-85.793565,39.525756],[-85.793766,39.529573],[-85.789123,39.529858],[-85.789056,39.528206],[-85.787328,39.529717],[-85.777986,39.528948],[-85.779992,39.533344],[-85.78019,39.540104],[-85.784858,39.540431],[-85.784958,39.535879],[-85.787921,39.537839],[-85.784831,39.535508],[-85.784753,39.530047],[-85.786413,39.53482],[-85.798519,39.531452],[-85.798574,39.536247],[-85.793879,39.535594],[-85.794822,39.537059],[-85.79493,39.542189],[-85.795325,39.539997],[-85.79802,39.539944],[-85.797209,39.543723],[-85.798256,39.544492],[-85.802544,39.547298],[-85.808394,39.547284],[-85.809447,39.554618],[-85.814717,39.555196],[-85.814875,39.561918],[-85.818522,39.561912],[-85.818372,39.557573],[-85.823106,39.560528],[-85.823123,39.562904],[-85.825286,39.562904],[-85.824003,39.57663],[-85.828042,39.576629],[-85.827899,39.569265],[-85.837684,39.569213],[-85.837881,39.580301]],[[-85.80111,39.500884],[-85.799627,39.500891],[-85.79962,39.501916],[-85.801005,39.502148],[-85.80111,39.500884]],[[-85.798622,39.507264],[-85.798056,39.507819],[-85.798606,39.508162],[-85.798622,39.507264]],[[-85.79408,39.540006],[-85.794628,39.538806],[-85.794021,39.538819],[-85.79408,39.540006]],[[-85.786715,39.545736],[-85.787365,39.545068],[-85.786317,39.545073],[-85.786715,39.545736]],[[-85.787353,39.543465],[-85.78546,39.543493],[-85.787358,39.543711],[-85.787353,39.543465]],[[-85.777334,39.537876],[-85.775861,39.53786],[-85.77534,39.540079],[-85.777278,39.539264],[-85.777334,39.537876]],[[-85.776824,39.542358],[-85.775532,39.541405],[-85.775568,39.542514],[-85.776824,39.542358]],[[-85.77637,39.544236],[-85.775571,39.542579],[-85.77563,39.544212],[-85.77637,39.544236]],[[-85.770766,39.522799],[-85.76169,39.513903],[-85.76168,39.512121],[-85.75879,39.511897],[-85.750959,39.506778],[-85.761429,39.513915],[-85.770766,39.522799]],[[-85.766274,39.50977],[-85.764425,39.50942],[-85.764435,39.509798],[-85.766274,39.50977]],[[-85.761748,39.516898],[-85.76107,39.51654],[-85.761075,39.516915],[-85.761748,39.516898]],[[-85.76155,39.506237],[-85.760223,39.505804],[-85.76022,39.506242],[-85.76155,39.506237]],[[-85.761518,39.503033],[-85.761482,39.501003],[-85.759089,39.501023],[-85.759126,39.503176],[-85.761518,39.503033]],[[-85.760424,39.524113],[-85.759785,39.521127],[-85.755102,39.521643],[-85.755135,39.525194],[-85.760424,39.524113]],[[-85.759307,39.504993],[-85.758709,39.50452],[-85.758718,39.504988],[-85.759307,39.504993]],[[-85.75875,39.506045],[-85.758074,39.505815],[-85.758078,39.506041],[-85.75875,39.506045]],[[-85.756221,39.53243],[-85.754145,39.533288],[-85.754175,39.534963],[-85.756246,39.533986],[-85.756221,39.53243]],[[-85.754654,39.525233],[-85.752348,39.525319],[-85.753191,39.52616],[-85.754654,39.525233]],[[-85.752116,39.512428],[-85.748767,39.511964],[-85.749407,39.515948],[-85.752133,39.515949],[-85.752116,39.512428]],[[-85.747917,39.526107],[-85.746379,39.524429],[-85.744579,39.524446],[-85.745987,39.527158],[-85.747917,39.526107]],[[-85.747218,39.50826],[-85.742417,39.508317],[-85.740785,39.511989],[-85.742494,39.511977],[-85.742463,39.510033],[-85.747218,39.50826]],[[-85.741483,39.516099],[-85.740308,39.515225],[-85.740335,39.516114],[-85.741483,39.516099]],[[-85.766222,39.504567],[-85.761944,39.504499],[-85.760158,39.504507],[-85.762915,39.50563],[-85.766197,39.505632],[-85.766222,39.504567]],[[-85.81911,39.590943],[-85.819944,39.591354],[-85.819939,39.59094],[-85.81911,39.590943]],[[-85.794183,39.541695],[-85.792893,39.540014],[-85.791695,39.540026],[-85.794183,39.541695]],[[-85.74339,39.511974],[-85.742499,39.512648],[-85.743214,39.512649],[-85.74339,39.511974]]]]}},{"type":"Feature","properties":{"NAME":"Morocco","state_abbr":"IN","state_name":"Indiana","ALAND":2759936},"geometry":{"type":"Polygon","coordinates":[[[-87.464646,40.947268],[-87.464623,40.951746],[-87.450209,40.951665],[-87.450228,40.955305],[-87.445517,40.955299],[-87.443473,40.940737],[-87.435493,40.940734],[-87.435563,40.933494],[-87.438969,40.933503],[-87.445351,40.940009],[-87.445352,40.938144],[-87.450141,40.937171],[-87.459793,40.937183],[-87.454987,40.937855],[-87.454982,40.939717],[-87.460686,40.942069],[-87.459796,40.947136],[-87.464646,40.947268]],[[-87.46141,40.948058],[-87.460664,40.947472],[-87.460655,40.948051],[-87.46141,40.948058]]]}},{"type":"Feature","properties":{"NAME":"Michigantown","state_abbr":"IN","state_name":"Indiana","ALAND":701668},"geometry":{"type":"Polygon","coordinates":[[[-86.39631,40.328753],[-86.392993,40.331187],[-86.392996,40.333881],[-86.388137,40.333974],[-86.387962,40.323008],[-86.396167,40.324042],[-86.395209,40.328042],[-86.39631,40.328753]]]}},{"type":"Feature","properties":{"NAME":"Owensville","state_abbr":"IN","state_name":"Indiana","ALAND":1473705},"geometry":{"type":"Polygon","coordinates":[[[-87.703509,38.270372],[-87.692002,38.274322],[-87.695835,38.275632],[-87.685125,38.280019],[-87.686066,38.279067],[-87.683934,38.277779],[-87.684481,38.276759],[-87.682119,38.27666],[-87.684334,38.276353],[-87.685342,38.269883],[-87.680193,38.268498],[-87.685348,38.269296],[-87.687938,38.268813],[-87.690592,38.265875],[-87.695058,38.26589],[-87.693818,38.267366],[-87.700526,38.266771],[-87.700494,38.268746],[-87.703498,38.268624],[-87.703509,38.270372]]]}},{"type":"Feature","properties":{"NAME":"Patoka","state_abbr":"IN","state_name":"Indiana","ALAND":3088226},"geometry":{"type":"Polygon","coordinates":[[[-87.598208,38.3979],[-87.59193,38.398779],[-87.591849,38.399817],[-87.595177,38.399283],[-87.592914,38.413573],[-87.583789,38.413529],[-87.583857,38.410451],[-87.579234,38.408489],[-87.57925,38.405416],[-87.584082,38.403732],[-87.583919,38.399859],[-87.585246,38.398668],[-87.574625,38.398764],[-87.577179,38.397027],[-87.574642,38.397249],[-87.574697,38.392338],[-87.581472,38.392373],[-87.585875,38.390804],[-87.585718,38.388614],[-87.587145,38.388535],[-87.587163,38.391347],[-87.5894,38.391553],[-87.587413,38.396686],[-87.58635,38.395939],[-87.586524,38.399047],[-87.588669,38.399194],[-87.588066,38.396718],[-87.590021,38.391554],[-87.597973,38.391594],[-87.598208,38.3979]]]}},{"type":"Feature","properties":{"NAME":"New Chicago","state_abbr":"IN","state_name":"Indiana","ALAND":1743188},"geometry":{"type":"MultiPolygon","coordinates":[[[[-87.278659,41.565506],[-87.270041,41.565411],[-87.269978,41.56264],[-87.265224,41.565373],[-87.260412,41.565331],[-87.260282,41.560829],[-87.261635,41.560404],[-87.261681,41.561779],[-87.262786,41.559931],[-87.269845,41.557525],[-87.269777,41.554463],[-87.267432,41.554431],[-87.267346,41.550844],[-87.278323,41.551026],[-87.278659,41.565506]]],[[[-87.279402,41.550999],[-87.278331,41.548782],[-87.282324,41.551006],[-87.279402,41.550999]]]]}},{"type":"Feature","properties":{"NAME":"Schererville","state_abbr":"IN","state_name":"Indiana","ALAND":39133007},"geometry":{"type":"Polygon","coordinates":[[[-87.493159,41.479015],[-87.489991,41.478983],[-87.490445,41.507998],[-87.486954,41.507977],[-87.486914,41.510846],[-87.491722,41.512669],[-87.490396,41.517324],[-87.492943,41.519227],[-87.492991,41.522125],[-87.451966,41.522909],[-87.451851,41.507784],[-87.432514,41.507701],[-87.432209,41.494093],[-87.428333,41.494086],[-87.427357,41.492576],[-87.417606,41.492892],[-87.417521,41.485921],[-87.40783,41.485977],[-87.407958,41.493267],[-87.413949,41.5013],[-87.407342,41.503578],[-87.400049,41.498607],[-87.393543,41.497076],[-87.392641,41.447843],[-87.397522,41.449671],[-87.397347,41.440228],[-87.402094,41.435116],[-87.409327,41.435148],[-87.409335,41.431562],[-87.411783,41.431566],[-87.411792,41.42798],[-87.421479,41.428063],[-87.420268,41.435201],[-87.417116,41.434293],[-87.416629,41.431644],[-87.416627,41.43518],[-87.414575,41.435171],[-87.415945,41.444011],[-87.413927,41.443596],[-87.413231,41.441316],[-87.41189,41.442152],[-87.412036,41.450783],[-87.409687,41.45214],[-87.409591,41.449671],[-87.40425,41.449671],[-87.40253,41.459047],[-87.404881,41.457894],[-87.410567,41.46235],[-87.402594,41.462194],[-87.402749,41.471408],[-87.407603,41.471452],[-87.408903,41.464154],[-87.412289,41.464146],[-87.412331,41.46611],[-87.415518,41.466141],[-87.41881,41.468697],[-87.441436,41.467885],[-87.441503,41.477],[-87.446493,41.477023],[-87.447744,41.478776],[-87.447714,41.476983],[-87.448926,41.477008],[-87.448963,41.478781],[-87.451385,41.478792],[-87.451244,41.471104],[-87.449035,41.470636],[-87.451221,41.470184],[-87.451163,41.467488],[-87.446258,41.466112],[-87.451122,41.466111],[-87.451065,41.464299],[-87.458008,41.464332],[-87.45806,41.467214],[-87.460147,41.46748],[-87.460102,41.464342],[-87.46366,41.464359],[-87.463696,41.46801],[-87.46558,41.468028],[-87.465738,41.478928],[-87.466234,41.471675],[-87.470393,41.471099],[-87.471815,41.471712],[-87.471767,41.475344],[-87.489913,41.475366],[-87.489873,41.472643],[-87.493077,41.475026],[-87.493159,41.479015]],[[-87.413341,41.435163],[-87.412287,41.434169],[-87.412282,41.435158],[-87.413341,41.435163]],[[-87.403822,41.488562],[-87.401027,41.487603],[-87.398201,41.486538],[-87.403025,41.489439],[-87.403822,41.488562]],[[-87.409327,41.435148],[-87.409367,41.43754],[-87.410913,41.438462],[-87.410855,41.435154],[-87.409327,41.435148]]]}},{"type":"Feature","properties":{"NAME":"Prince's Lakes","state_abbr":"IN","state_name":"Indiana","ALAND":3462704},"geometry":{"type":"Polygon","coordinates":[[[-86.125027,39.358369],[-86.107847,39.358175],[-86.108892,39.361353],[-86.104262,39.361422],[-86.10432,39.36389],[-86.10184,39.36201],[-86.102601,39.358221],[-86.104185,39.358219],[-86.104173,39.354544],[-86.092596,39.354909],[-86.092639,39.358626],[-86.08859,39.35872],[-86.09825,39.34541],[-86.102763,39.343845],[-86.123194,39.343413],[-86.123232,39.355132],[-86.124917,39.35552],[-86.123233,39.355545],[-86.123237,39.356975],[-86.125027,39.358369]]]}},{"type":"Feature","properties":{"NAME":"Boswell","state_abbr":"IN","state_name":"Indiana","ALAND":2289585},"geometry":{"type":"MultiPolygon","coordinates":[[[[-87.375466,40.512006],[-87.375644,40.518739],[-87.359877,40.518599],[-87.359923,40.508669],[-87.363583,40.507845],[-87.363681,40.511936],[-87.367516,40.5136],[-87.373306,40.513551],[-87.375466,40.512006]]],[[[-87.387682,40.513139],[-87.38775,40.524392],[-87.376787,40.525022],[-87.375979,40.511893],[-87.377294,40.511369],[-87.378264,40.513647],[-87.387682,40.513139]]]]}},{"type":"Feature","properties":{"NAME":"Earl Park","state_abbr":"IN","state_name":"Indiana","ALAND":2394185},"geometry":{"type":"Polygon","coordinates":[[[-87.429329,40.693595],[-87.419788,40.693552],[-87.418746,40.690453],[-87.410243,40.690129],[-87.41024,40.68646],[-87.408851,40.686411],[-87.409954,40.679088],[-87.429265,40.679079],[-87.429329,40.693595]]]}},{"type":"Feature","properties":{"NAME":"Fowler","state_abbr":"IN","state_name":"Indiana","ALAND":3657724},"geometry":{"type":"Polygon","coordinates":[[[-87.337875,40.621369],[-87.323562,40.6245],[-87.323586,40.62691],[-87.320794,40.626894],[-87.320778,40.624499],[-87.314119,40.624484],[-87.314169,40.6225],[-87.304716,40.622532],[-87.304616,40.60643],[-87.308391,40.606227],[-87.316522,40.611525],[-87.320011,40.611603],[-87.320177,40.614136],[-87.323413,40.613387],[-87.323404,40.61142],[-87.333159,40.611309],[-87.333234,40.621207],[-87.337875,40.621369]]]}},{"type":"Feature","properties":{"NAME":"Jonesboro","state_abbr":"IN","state_name":"Indiana","ALAND":2312508},"geometry":{"type":"Polygon","coordinates":[[[-85.640084,40.472459],[-85.638975,40.480121],[-85.639918,40.487588],[-85.63858,40.487949],[-85.638334,40.483907],[-85.635439,40.483915],[-85.635519,40.480493],[-85.634315,40.480502],[-85.634797,40.489194],[-85.628587,40.489167],[-85.624797,40.491383],[-85.626369,40.484261],[-85.625062,40.480094],[-85.621864,40.47824],[-85.617083,40.471436],[-85.622816,40.469344],[-85.624487,40.473455],[-85.628497,40.473108],[-85.628306,40.474472],[-85.640084,40.472459]]]}},{"type":"Feature","properties":{"NAME":"Jasonville","state_abbr":"IN","state_name":"Indiana","ALAND":3283691},"geometry":{"type":"Polygon","coordinates":[[[-87.212756,39.16341],[-87.208263,39.163283],[-87.208206,39.166358],[-87.211341,39.166389],[-87.211341,39.170055],[-87.194246,39.170644],[-87.194227,39.166411],[-87.189549,39.167514],[-87.190621,39.164804],[-87.184801,39.164766],[-87.184747,39.159123],[-87.187979,39.159202],[-87.187983,39.161212],[-87.191236,39.160447],[-87.189608,39.156051],[-87.193671,39.15669],[-87.19397,39.153935],[-87.197591,39.15399],[-87.197637,39.15027],[-87.203657,39.152273],[-87.203656,39.155859],[-87.210743,39.156079],[-87.211271,39.162411],[-87.212854,39.161248],[-87.212756,39.16341]]]}},{"type":"Feature","properties":{"NAME":"Newberry","state_abbr":"IN","state_name":"Indiana","ALAND":1241505},"geometry":{"type":"Polygon","coordinates":[[[-87.026375,38.91934],[-87.026388,38.929884],[-87.011076,38.927643],[-87.011619,38.920426],[-87.026375,38.91934]]]}},{"type":"Feature","properties":{"NAME":"Culver","state_abbr":"IN","state_name":"Indiana","ALAND":2999125},"geometry":{"type":"Polygon","coordinates":[[[-86.433927,41.225816],[-86.431872,41.22598],[-86.433682,41.226341],[-86.433772,41.22829],[-86.430654,41.22846],[-86.430654,41.226434],[-86.412555,41.22572],[-86.41035,41.223063],[-86.410635,41.22004],[-86.418902,41.217645],[-86.421326,41.214671],[-86.418905,41.205381],[-86.414611,41.204408],[-86.416231,41.20347],[-86.420049,41.203679],[-86.421509,41.205458],[-86.433541,41.20531],[-86.433585,41.214022],[-86.430226,41.214064],[-86.430251,41.216666],[-86.428758,41.216758],[-86.431153,41.216658],[-86.431199,41.219777],[-86.433608,41.219809],[-86.431882,41.224448],[-86.433874,41.224468],[-86.433927,41.225816]],[[-86.430169,41.22254],[-86.429006,41.218252],[-86.427588,41.218257],[-86.427449,41.222487],[-86.430169,41.22254]]]}},{"type":"Feature","properties":{"NAME":"Kouts","state_abbr":"IN","state_name":"Indiana","ALAND":3142546},"geometry":{"type":"Polygon","coordinates":[[[-87.040756,41.31834],[-87.038041,41.3197],[-87.038018,41.318325],[-87.035428,41.318325],[-87.035469,41.325505],[-87.016267,41.325453],[-87.016125,41.309118],[-87.030558,41.309259],[-87.030474,41.307445],[-87.032397,41.307468],[-87.032341,41.309263],[-87.038376,41.309349],[-87.038302,41.311068],[-87.035596,41.311058],[-87.035533,41.316043],[-87.040737,41.316033],[-87.040756,41.31834]]]}},{"type":"Feature","properties":{"NAME":"Hudson","state_abbr":"IN","state_name":"Indiana","ALAND":1802129},"geometry":{"type":"Polygon","coordinates":[[[-85.095551,41.534204],[-85.083778,41.534991],[-85.083656,41.537913],[-85.075278,41.538446],[-85.074764,41.527039],[-85.095311,41.526933],[-85.095551,41.534204]]]}},{"type":"Feature","properties":{"NAME":"Orland","state_abbr":"IN","state_name":"Indiana","ALAND":1776148},"geometry":{"type":"Polygon","coordinates":[[[-85.180944,41.732861],[-85.175212,41.732938],[-85.175233,41.736594],[-85.171387,41.736648],[-85.171472,41.74069],[-85.169395,41.740413],[-85.166642,41.738615],[-85.167652,41.733041],[-85.161658,41.73312],[-85.161595,41.729411],[-85.166192,41.729358],[-85.166025,41.725256],[-85.178311,41.72407],[-85.178266,41.722056],[-85.179675,41.722047],[-85.180926,41.724067],[-85.180944,41.732861]]]}},{"type":"Feature","properties":{"NAME":"Argos","state_abbr":"IN","state_name":"Indiana","ALAND":3329701},"geometry":{"type":"MultiPolygon","coordinates":[[[[-86.265036,41.238704],[-86.263858,41.244343],[-86.263073,41.244219],[-86.26189,41.23872],[-86.265036,41.238704]]],[[[-86.270337,41.234556],[-86.260682,41.235211],[-86.260895,41.246811],[-86.247098,41.24794],[-86.245442,41.244562],[-86.241913,41.244589],[-86.238427,41.231434],[-86.244007,41.23209],[-86.241852,41.230563],[-86.244725,41.230017],[-86.24471,41.228194],[-86.250082,41.227261],[-86.254318,41.22828],[-86.254319,41.229948],[-86.249513,41.229966],[-86.249538,41.231973],[-86.254324,41.23193],[-86.254333,41.234497],[-86.26213,41.23451],[-86.262283,41.230769],[-86.270318,41.230694],[-86.270337,41.234556]]]]}},{"type":"Feature","properties":{"NAME":"Bourbon","state_abbr":"IN","state_name":"Indiana","ALAND":2981485},"geometry":{"type":"Polygon","coordinates":[[[-86.138573,41.299968],[-86.123642,41.296232],[-86.135298,41.299586],[-86.123818,41.296925],[-86.123917,41.299434],[-86.120974,41.299421],[-86.121012,41.303474],[-86.118257,41.303517],[-86.118181,41.306423],[-86.121068,41.306394],[-86.121106,41.308222],[-86.116345,41.308262],[-86.116357,41.312099],[-86.105532,41.309879],[-86.105479,41.308291],[-86.111458,41.308241],[-86.111446,41.306471],[-86.115197,41.306424],[-86.115168,41.304728],[-86.105258,41.302872],[-86.105223,41.292226],[-86.111333,41.293864],[-86.111321,41.291912],[-86.115017,41.291183],[-86.116174,41.28684],[-86.118477,41.290132],[-86.120944,41.290118],[-86.120938,41.288237],[-86.122786,41.289667],[-86.123612,41.295469],[-86.138516,41.296267],[-86.138573,41.299968]]]}},{"type":"Feature","properties":{"NAME":"Bremen","state_abbr":"IN","state_name":"Indiana","ALAND":7339434},"geometry":{"type":"Polygon","coordinates":[[[-86.172362,41.439127],[-86.174364,41.45328],[-86.156163,41.452171],[-86.156199,41.454538],[-86.161003,41.455664],[-86.161043,41.457298],[-86.156233,41.457299],[-86.156252,41.461182],[-86.141843,41.460128],[-86.141894,41.46466],[-86.13998,41.464661],[-86.140017,41.468325],[-86.137087,41.468345],[-86.13703,41.457687],[-86.133927,41.455864],[-86.137025,41.45659],[-86.136972,41.453846],[-86.13039,41.453413],[-86.130392,41.450684],[-86.136949,41.450907],[-86.137393,41.447193],[-86.130455,41.442914],[-86.130379,41.436902],[-86.131659,41.435613],[-86.137908,41.435613],[-86.146448,41.436907],[-86.146458,41.439684],[-86.14927,41.439656],[-86.14926,41.441172],[-86.153746,41.442636],[-86.156106,41.442613],[-86.156816,41.435551],[-86.160852,41.435548],[-86.160913,41.439176],[-86.172362,41.439127]],[[-86.148992,41.455982],[-86.146574,41.455981],[-86.146582,41.45737],[-86.149005,41.457361],[-86.148992,41.455982]]]}},{"type":"Feature","properties":{"NAME":"La Paz","state_abbr":"IN","state_name":"Indiana","ALAND":1004546},"geometry":{"type":"Polygon","coordinates":[[[-86.313109,41.457948],[-86.312609,41.462372],[-86.302902,41.462567],[-86.30278,41.460168],[-86.305762,41.460328],[-86.30317,41.459228],[-86.303167,41.457014],[-86.30564,41.454846],[-86.305635,41.447963],[-86.312012,41.44787],[-86.31069,41.456466],[-86.313109,41.457948]]]}},{"type":"Feature","properties":{"NAME":"Palmyra","state_abbr":"IN","state_name":"Indiana","ALAND":3096587},"geometry":{"type":"Polygon","coordinates":[[[-86.123627,38.412634],[-86.123406,38.416092],[-86.111794,38.415878],[-86.113662,38.417104],[-86.113262,38.419357],[-86.106876,38.419177],[-86.107834,38.412191],[-86.093023,38.411886],[-86.093013,38.404593],[-86.097431,38.40406],[-86.105996,38.40669],[-86.106211,38.404646],[-86.108759,38.40467],[-86.108891,38.39949],[-86.104143,38.399346],[-86.104143,38.394298],[-86.108028,38.394391],[-86.10699,38.397984],[-86.116255,38.397538],[-86.116205,38.409829],[-86.123627,38.412634]]]}},{"type":"Feature","properties":{"NAME":"Auburn","state_abbr":"IN","state_name":"Indiana","ALAND":20942419},"geometry":{"type":"Polygon","coordinates":[[[-85.097462,41.35272],[-85.081405,41.352874],[-85.080796,41.35442],[-85.078388,41.354436],[-85.078442,41.359263],[-85.085018,41.359301],[-85.086978,41.355011],[-85.088002,41.359305],[-85.091604,41.359326],[-85.091987,41.370899],[-85.089244,41.366819],[-85.078546,41.366621],[-85.080166,41.367181],[-85.079701,41.369287],[-85.074336,41.379878],[-85.067725,41.375489],[-85.069136,41.374092],[-85.062034,41.374206],[-85.062083,41.375986],[-85.059045,41.376067],[-85.058337,41.377422],[-85.062205,41.377281],[-85.063522,41.385141],[-85.065177,41.385653],[-85.062368,41.386386],[-85.062444,41.389391],[-85.069784,41.388649],[-85.066987,41.394028],[-85.057618,41.392711],[-85.055814,41.396372],[-85.045198,41.396658],[-85.047456,41.392976],[-85.042879,41.393099],[-85.042852,41.389558],[-85.044814,41.388229],[-85.049658,41.389555],[-85.052521,41.383735],[-85.042758,41.384569],[-85.042852,41.389468],[-85.023798,41.388984],[-85.023534,41.379717],[-85.025592,41.378856],[-85.024592,41.37356],[-85.028219,41.373226],[-85.028341,41.367815],[-85.023241,41.367948],[-85.022117,41.365508],[-85.031632,41.357512],[-85.030775,41.353],[-85.03205,41.352972],[-85.031918,41.349595],[-85.027665,41.349636],[-85.028667,41.345469],[-85.031756,41.345248],[-85.036957,41.350652],[-85.035386,41.350669],[-85.036444,41.351765],[-85.039248,41.352794],[-85.041658,41.35276],[-85.041564,41.350477],[-85.050221,41.350364],[-85.050019,41.352348],[-85.057766,41.350807],[-85.058216,41.348882],[-85.043036,41.346206],[-85.042945,41.343607],[-85.050908,41.343635],[-85.050995,41.3459],[-85.056639,41.345916],[-85.056729,41.34445],[-85.05982,41.344458],[-85.059107,41.345922],[-85.076255,41.345842],[-85.075783,41.34772],[-85.077412,41.348204],[-85.075465,41.350543],[-85.077578,41.348488],[-85.078225,41.349527],[-85.087246,41.348195],[-85.087141,41.345774],[-85.088706,41.345007],[-85.096019,41.345101],[-85.095317,41.352048],[-85.097462,41.35272]],[[-85.034446,41.367606],[-85.034394,41.366292],[-85.032977,41.36684],[-85.032801,41.360328],[-85.029544,41.36039],[-85.028917,41.367815],[-85.034446,41.367606]],[[-85.031632,41.357512],[-85.032758,41.358078],[-85.03551,41.35806],[-85.032742,41.356344],[-85.031632,41.357512]]]}},{"type":"Feature","properties":{"NAME":"Hammond","state_abbr":"IN","state_name":"Indiana","ALAND":58897789},"geometry":{"type":"Polygon","coordinates":[[[-87.525013,41.578242],[-87.524442,41.704046],[-87.524174,41.708181],[-87.521119,41.710104],[-87.514826,41.704454],[-87.516853,41.703099],[-87.510322,41.697227],[-87.510712,41.695989],[-87.506705,41.693682],[-87.504013,41.693892],[-87.504651,41.691821],[-87.500283,41.689212],[-87.50019,41.675648],[-87.490561,41.674344],[-87.491678,41.66488],[-87.490484,41.664891],[-87.49024,41.61007],[-87.461439,41.609944],[-87.461505,41.613955],[-87.457302,41.617116],[-87.453692,41.615756],[-87.449273,41.611281],[-87.432594,41.613036],[-87.432539,41.566713],[-87.435273,41.568057],[-87.441901,41.566545],[-87.441962,41.569944],[-87.443712,41.570159],[-87.449046,41.56991],[-87.449482,41.567654],[-87.454518,41.568677],[-87.456101,41.569667],[-87.45359,41.572499],[-87.454998,41.573534],[-87.458933,41.569242],[-87.468279,41.570255],[-87.490826,41.566177],[-87.493106,41.568893],[-87.497827,41.570676],[-87.502092,41.568609],[-87.506898,41.571056],[-87.513352,41.571766],[-87.514432,41.573558],[-87.517142,41.57136],[-87.519739,41.576893],[-87.525013,41.578242]]]}},{"type":"Feature","properties":{"NAME":"Winfield","state_abbr":"IN","state_name":"Indiana","ALAND":32108140},"geometry":{"type":"Polygon","coordinates":[[[-87.296908,41.3838],[-87.296869,41.434766],[-87.219625,41.434595],[-87.219602,41.420171],[-87.224492,41.420192],[-87.224487,41.418392],[-87.232868,41.418348],[-87.237812,41.414888],[-87.236081,41.41049],[-87.236473,41.398377],[-87.229327,41.398363],[-87.229308,41.39467],[-87.238964,41.394699],[-87.238951,41.391033],[-87.233531,41.389308],[-87.231455,41.391025],[-87.219693,41.390991],[-87.219659,41.383676],[-87.296908,41.3838]]]}},{"type":"Feature","properties":{"NAME":"Crown Point","state_abbr":"IN","state_name":"Indiana","ALAND":49238717},"geometry":{"type":"Polygon","coordinates":[[[-87.39732,41.438728],[-87.392482,41.438711],[-87.392678,41.449663],[-87.374296,41.449416],[-87.374613,41.453942],[-87.369671,41.453957],[-87.364872,41.45303],[-87.364809,41.449418],[-87.335835,41.449319],[-87.335535,41.434823],[-87.300409,41.434763],[-87.3016,41.430202],[-87.296818,41.430213],[-87.296765,41.423633],[-87.304706,41.422168],[-87.307501,41.42747],[-87.31127,41.427466],[-87.311227,41.420174],[-87.301602,41.420196],[-87.301618,41.416544],[-87.306434,41.416542],[-87.306469,41.413788],[-87.309406,41.414551],[-87.309908,41.412893],[-87.296801,41.412917],[-87.29681,41.39833],[-87.297418,41.405619],[-87.306479,41.405629],[-87.306461,41.403788],[-87.301684,41.40378],[-87.301703,41.401996],[-87.306491,41.402008],[-87.306577,41.398373],[-87.315541,41.398342],[-87.316194,41.391062],[-87.306533,41.391052],[-87.305825,41.394718],[-87.296861,41.394696],[-87.296892,41.387406],[-87.306524,41.387427],[-87.306516,41.38379],[-87.318085,41.383781],[-87.316154,41.382871],[-87.316082,41.376502],[-87.30651,41.378427],[-87.308301,41.374951],[-87.306506,41.374949],[-87.306524,41.369207],[-87.320586,41.370312],[-87.323961,41.379148],[-87.335436,41.380177],[-87.335442,41.383811],[-87.340196,41.383816],[-87.340277,41.391104],[-87.342687,41.391109],[-87.342669,41.392924],[-87.352342,41.392949],[-87.352338,41.39472],[-87.35481,41.394733],[-87.354776,41.39114],[-87.357349,41.391131],[-87.357303,41.383867],[-87.354731,41.383858],[-87.354783,41.376598],[-87.360347,41.376602],[-87.360364,41.375275],[-87.358906,41.375272],[-87.358924,41.37298],[-87.354818,41.372969],[-87.35488,41.362049],[-87.363955,41.362069],[-87.364428,41.372959],[-87.363099,41.372964],[-87.363044,41.376604],[-87.3616,41.377308],[-87.370801,41.37661],[-87.368363,41.384957],[-87.369268,41.387538],[-87.374112,41.387545],[-87.374122,41.378747],[-87.377934,41.378795],[-87.377994,41.376664],[-87.378656,41.377681],[-87.380611,41.376696],[-87.378768,41.376673],[-87.378906,41.373061],[-87.37769,41.373047],[-87.379012,41.369424],[-87.388692,41.367721],[-87.388614,41.376813],[-87.388587,41.373171],[-87.383816,41.373117],[-87.383785,41.376735],[-87.381374,41.378541],[-87.381358,41.384004],[-87.383206,41.384025],[-87.378954,41.387616],[-87.383768,41.387666],[-87.383763,41.384032],[-87.388599,41.384087],[-87.388582,41.391372],[-87.374107,41.391194],[-87.374101,41.395635],[-87.372563,41.397175],[-87.369282,41.394821],[-87.367906,41.405702],[-87.374079,41.405726],[-87.374067,41.398477],[-87.377312,41.398505],[-87.377339,41.394872],[-87.378909,41.394891],[-87.378884,41.398532],[-87.392531,41.399437],[-87.392523,41.405067],[-87.394939,41.405977],[-87.38616,41.405882],[-87.38614,41.409525],[-87.382257,41.409479],[-87.381216,41.420427],[-87.378762,41.42013],[-87.378857,41.427635],[-87.377256,41.427609],[-87.377187,41.430812],[-87.380538,41.430801],[-87.380579,41.427648],[-87.387277,41.427706],[-87.387275,41.429526],[-87.392435,41.43025],[-87.391035,41.435082],[-87.397255,41.435094],[-87.39732,41.438728]],[[-87.381505,41.388312],[-87.380387,41.387719],[-87.380143,41.388088],[-87.381505,41.388312]],[[-87.357794,41.383869],[-87.359597,41.383144],[-87.357783,41.383135],[-87.357794,41.383869]],[[-87.357173,41.400053],[-87.349906,41.4003],[-87.349903,41.401864],[-87.354779,41.400469],[-87.357182,41.402035],[-87.357173,41.400053]],[[-87.352306,41.396584],[-87.351127,41.394758],[-87.351124,41.396579],[-87.352306,41.396584]]]}},{"type":"Feature","properties":{"NAME":"Michigan City","state_abbr":"IN","state_name":"Indiana","ALAND":52852821},"geometry":{"type":"Polygon","coordinates":[[[-86.932731,41.710174],[-86.91644,41.716623],[-86.909466,41.727388],[-86.875443,41.738283],[-86.875327,41.734799],[-86.872003,41.734933],[-86.870317,41.736654],[-86.868065,41.735046],[-86.869001,41.737277],[-86.865624,41.738637],[-86.860903,41.73854],[-86.860793,41.73684],[-86.85567,41.736843],[-86.8557,41.738642],[-86.848183,41.737041],[-86.841184,41.739969],[-86.841187,41.745708],[-86.836384,41.74611],[-86.836475,41.753499],[-86.81609,41.752539],[-86.816377,41.686745],[-86.830706,41.686658],[-86.830593,41.683838],[-86.838286,41.683692],[-86.838323,41.68514],[-86.840858,41.685184],[-86.840818,41.68682],[-86.838212,41.686783],[-86.838319,41.688951],[-86.840657,41.687858],[-86.840512,41.689449],[-86.843134,41.688297],[-86.845365,41.68942],[-86.845396,41.702564],[-86.864784,41.707398],[-86.864781,41.691046],[-86.871423,41.691139],[-86.87138,41.694722],[-86.873628,41.694745],[-86.873532,41.687402],[-86.869721,41.686387],[-86.869721,41.680237],[-86.861299,41.680212],[-86.861222,41.68388],[-86.859891,41.683881],[-86.859358,41.687412],[-86.857513,41.687406],[-86.857535,41.683881],[-86.858834,41.68388],[-86.858891,41.680205],[-86.860076,41.680207],[-86.86014,41.672986],[-86.864957,41.672969],[-86.864891,41.676566],[-86.874603,41.676645],[-86.874561,41.680235],[-86.884014,41.680286],[-86.884373,41.665809],[-86.909031,41.665954],[-86.90968,41.680469],[-86.912049,41.679583],[-86.912042,41.676906],[-86.913319,41.676898],[-86.913322,41.679619],[-86.921713,41.678713],[-86.9217,41.680545],[-86.913321,41.680495],[-86.913192,41.688981],[-86.915236,41.688837],[-86.913181,41.690284],[-86.913199,41.694795],[-86.92053,41.694839],[-86.920548,41.690442],[-86.927551,41.685965],[-86.922401,41.694951],[-86.932407,41.688422],[-86.932731,41.710174]],[[-86.872658,41.726027],[-86.872245,41.724032],[-86.868617,41.722528],[-86.868319,41.720342],[-86.870849,41.716809],[-86.864888,41.71676],[-86.864916,41.725143],[-86.858327,41.727706],[-86.869344,41.727894],[-86.872658,41.726027]],[[-86.844752,41.694566],[-86.843194,41.694007],[-86.843182,41.694558],[-86.844752,41.694566]],[[-86.841297,41.694548],[-86.838119,41.692902],[-86.838124,41.694506],[-86.841297,41.694548]],[[-86.837982,41.689169],[-86.83582,41.689629],[-86.835842,41.690327],[-86.837982,41.689169]]]}},{"type":"Feature","properties":{"NAME":"Trail Creek","state_abbr":"IN","state_name":"Indiana","ALAND":3151225},"geometry":{"type":"Polygon","coordinates":[[[-86.864788,41.687435],[-86.864784,41.707398],[-86.845396,41.702564],[-86.84536,41.687515],[-86.864788,41.687435]]]}},{"type":"Feature","properties":{"NAME":"Wanatah","state_abbr":"IN","state_name":"Indiana","ALAND":3624529},"geometry":{"type":"Polygon","coordinates":[[[-86.910337,41.434185],[-86.905122,41.434153],[-86.905141,41.438622],[-86.900843,41.439259],[-86.891331,41.437895],[-86.891263,41.434908],[-86.871775,41.434015],[-86.871715,41.425599],[-86.891228,41.428263],[-86.891245,41.423812],[-86.899358,41.423578],[-86.899244,41.419273],[-86.910227,41.419306],[-86.910217,41.421254],[-86.900677,41.421151],[-86.900678,41.425304],[-86.906285,41.426317],[-86.906246,41.430838],[-86.910229,41.431477],[-86.910337,41.434185]]]}},{"type":"Feature","properties":{"NAME":"Jonesville","state_abbr":"IN","state_name":"Indiana","ALAND":376028},"geometry":{"type":"Polygon","coordinates":[[[-85.892665,39.062645],[-85.887491,39.064134],[-85.887905,39.062244],[-85.884637,39.06231],[-85.884559,39.05915],[-85.88324,39.058804],[-85.88455,39.058787],[-85.884502,39.056848],[-85.89149,39.056887],[-85.890526,39.062236],[-85.892665,39.062645]]]}},{"type":"Feature","properties":{"NAME":"West Lebanon","state_abbr":"IN","state_name":"Indiana","ALAND":1594025},"geometry":{"type":"Polygon","coordinates":[[[-87.395677,40.270849],[-87.395636,40.272823],[-87.386903,40.274132],[-87.386781,40.282666],[-87.380154,40.28271],[-87.380143,40.27462],[-87.381934,40.2745],[-87.381893,40.270904],[-87.379742,40.269977],[-87.381879,40.269998],[-87.381819,40.264822],[-87.386517,40.26478],[-87.38661,40.260403],[-87.383786,40.259277],[-87.386849,40.258968],[-87.38686,40.263852],[-87.392191,40.26524],[-87.392233,40.269925],[-87.395677,40.270849]]]}},{"type":"Feature","properties":{"NAME":"Seelyville","state_abbr":"IN","state_name":"Indiana","ALAND":2299334},"geometry":{"type":"MultiPolygon","coordinates":[[[[-87.252817,39.493159],[-87.25252,39.493479],[-87.250017,39.494138],[-87.252817,39.493159]]],[[[-87.277548,39.492017],[-87.276438,39.492263],[-87.276558,39.49843],[-87.268728,39.498803],[-87.268571,39.502421],[-87.265188,39.502448],[-87.265417,39.498738],[-87.257999,39.499094],[-87.257895,39.496954],[-87.251835,39.498474],[-87.245675,39.498249],[-87.257417,39.495995],[-87.257431,39.487934],[-87.274293,39.487876],[-87.274857,39.484476],[-87.277389,39.484482],[-87.277548,39.492017]]]]}},{"type":"Feature","properties":{"NAME":"Hope","state_abbr":"IN","state_name":"Indiana","ALAND":2466499},"geometry":{"type":"Polygon","coordinates":[[[-85.77614,39.298549],[-85.77616,39.305907],[-85.771495,39.305921],[-85.770284,39.307957],[-85.768178,39.307971],[-85.768157,39.306364],[-85.759885,39.305991],[-85.759898,39.30423],[-85.75224,39.30594],[-85.752306,39.298571],[-85.761738,39.298625],[-85.761821,39.294537],[-85.762203,39.297645],[-85.76648,39.297897],[-85.766638,39.283873],[-85.771312,39.286013],[-85.771315,39.29123],[-85.773773,39.291212],[-85.771445,39.292726],[-85.771426,39.295912],[-85.77362,39.295799],[-85.773629,39.298568],[-85.77614,39.298549]]]}},{"type":"Feature","properties":{"NAME":"Pennville","state_abbr":"IN","state_name":"Indiana","ALAND":1287905},"geometry":{"type":"Polygon","coordinates":[[[-85.153104,40.493566],[-85.153153,40.498612],[-85.148371,40.499853],[-85.14834,40.498157],[-85.144716,40.498088],[-85.144928,40.499938],[-85.142422,40.499975],[-85.142383,40.496565],[-85.141016,40.496153],[-85.141217,40.494584],[-85.143555,40.494439],[-85.143447,40.48757],[-85.140331,40.484388],[-85.143312,40.483133],[-85.143366,40.484687],[-85.145017,40.484679],[-85.144921,40.482444],[-85.147245,40.481497],[-85.148143,40.486663],[-85.150105,40.486693],[-85.153104,40.493566]]]}},{"type":"Feature","properties":{"NAME":"Portland","state_abbr":"IN","state_name":"Indiana","ALAND":12620093},"geometry":{"type":"Polygon","coordinates":[[[-85.009914,40.431729],[-85.006353,40.431789],[-85.006537,40.439008],[-85.001816,40.43909],[-85.001941,40.446465],[-84.997299,40.446598],[-84.997283,40.452484],[-84.981719,40.453145],[-84.98167,40.455595],[-84.973651,40.45758],[-84.973686,40.461313],[-84.959381,40.461591],[-84.959248,40.454298],[-84.96861,40.454129],[-84.968461,40.439702],[-84.965681,40.439747],[-84.965971,40.435116],[-84.963725,40.434654],[-84.964959,40.432543],[-84.96338,40.432579],[-84.968216,40.429331],[-84.968154,40.425239],[-84.97031,40.42519],[-84.966281,40.418058],[-84.975597,40.41786],[-84.97566,40.412414],[-84.977237,40.412891],[-84.977406,40.415921],[-84.982537,40.416887],[-84.98244,40.424061],[-84.987029,40.424035],[-84.986994,40.417538],[-84.991942,40.415066],[-84.996431,40.415684],[-84.998085,40.416858],[-84.99643,40.418546],[-84.996498,40.429274],[-85.009874,40.425762],[-85.009914,40.431729]]]}},{"type":"Feature","properties":{"NAME":"Redkey","state_abbr":"IN","state_name":"Indiana","ALAND":2256894},"geometry":{"type":"Polygon","coordinates":[[[-85.168424,40.343358],[-85.164702,40.348978],[-85.16621,40.348992],[-85.166216,40.350596],[-85.161629,40.350629],[-85.161563,40.352849],[-85.154724,40.355522],[-85.14816,40.355736],[-85.147919,40.351652],[-85.143579,40.353074],[-85.143567,40.350815],[-85.142332,40.350841],[-85.142221,40.347082],[-85.145119,40.347064],[-85.145147,40.345215],[-85.141701,40.343619],[-85.143388,40.343573],[-85.144121,40.341631],[-85.152062,40.342026],[-85.15443,40.343419],[-85.154451,40.346423],[-85.159436,40.343364],[-85.168424,40.343358]]]}},{"type":"Feature","properties":{"NAME":"Altona","state_abbr":"IN","state_name":"Indiana","ALAND":525053},"geometry":{"type":"Polygon","coordinates":[[[-85.159676,41.354086],[-85.150124,41.35513],[-85.150076,41.353166],[-85.145321,41.353261],[-85.145255,41.351576],[-85.147449,41.349235],[-85.150479,41.350405],[-85.150589,41.349248],[-85.155457,41.349159],[-85.155191,41.350926],[-85.159596,41.351319],[-85.159676,41.354086]]]}},{"type":"Feature","properties":{"NAME":"Ashley","state_abbr":"IN","state_name":"Indiana","ALAND":4931538},"geometry":{"type":"MultiPolygon","coordinates":[[[[-85.050905,41.534447],[-85.044862,41.534477],[-85.044844,41.53095],[-85.05086,41.530916],[-85.050905,41.534447]]],[[[-85.080813,41.527008],[-85.074764,41.527039],[-85.074647,41.531569],[-85.056183,41.53178],[-85.056678,41.527156],[-85.049348,41.527197],[-85.049358,41.53065],[-85.044842,41.530676],[-85.045699,41.520056],[-85.055868,41.519851],[-85.055517,41.50382],[-85.064281,41.503599],[-85.063146,41.506223],[-85.064363,41.507098],[-85.063361,41.508968],[-85.064483,41.512411],[-85.066544,41.51235],[-85.080813,41.527008]],[[-85.064892,41.521649],[-85.064334,41.52153],[-85.064336,41.521651],[-85.064892,41.521649]]]]}},{"type":"Feature","properties":{"NAME":"Butler","state_abbr":"IN","state_name":"Indiana","ALAND":5258334},"geometry":{"type":"Polygon","coordinates":[[[-84.900389,41.429269],[-84.89044,41.429496],[-84.890522,41.433354],[-84.880977,41.433246],[-84.881068,41.436915],[-84.856662,41.436919],[-84.856413,41.430165],[-84.861382,41.428893],[-84.85701,41.429482],[-84.856116,41.422378],[-84.861206,41.42239],[-84.86013,41.416451],[-84.862283,41.416435],[-84.862283,41.415175],[-84.880195,41.414881],[-84.875773,41.420273],[-84.875865,41.422368],[-84.885357,41.422218],[-84.882758,41.424095],[-84.882858,41.426708],[-84.90026,41.427188],[-84.900389,41.429269]],[[-84.861376,41.42879],[-84.864825,41.427283],[-84.864754,41.426059],[-84.861306,41.426076],[-84.861376,41.42879]]]}},{"type":"Feature","properties":{"NAME":"Corunna","state_abbr":"IN","state_name":"Indiana","ALAND":462774},"geometry":{"type":"Polygon","coordinates":[[[-85.152006,41.435855],[-85.148078,41.436052],[-85.1482,41.438289],[-85.138217,41.438431],[-85.138119,41.434485],[-85.143143,41.434659],[-85.147241,41.431974],[-85.152006,41.435855]],[[-85.14781,41.433043],[-85.147275,41.43272],[-85.14729,41.433053],[-85.14781,41.433043]]]}},{"type":"Feature","properties":{"NAME":"Garrett","state_abbr":"IN","state_name":"Indiana","ALAND":10788769},"geometry":{"type":"Polygon","coordinates":[[[-85.146844,41.350425],[-85.145255,41.351576],[-85.145439,41.355239],[-85.142953,41.355264],[-85.142997,41.358927],[-85.135918,41.360748],[-85.136067,41.36641],[-85.129159,41.365361],[-85.129188,41.366396],[-85.116898,41.366381],[-85.117165,41.373647],[-85.107675,41.373863],[-85.107532,41.370175],[-85.102759,41.370279],[-85.102654,41.367677],[-85.097875,41.367749],[-85.097467,41.352989],[-85.114699,41.352864],[-85.111783,41.351957],[-85.114513,41.351937],[-85.114733,41.346799],[-85.107678,41.346801],[-85.107788,41.344957],[-85.123375,41.344541],[-85.123823,41.338375],[-85.1322,41.33867],[-85.132281,41.33717],[-85.128322,41.337311],[-85.127345,41.325469],[-85.132095,41.322814],[-85.134528,41.323708],[-85.134603,41.328183],[-85.136948,41.328104],[-85.135196,41.329383],[-85.136982,41.329808],[-85.137088,41.337006],[-85.146731,41.336959],[-85.146253,41.343188],[-85.142914,41.343166],[-85.146172,41.344213],[-85.145618,41.349875],[-85.146844,41.350425]],[[-85.144764,41.3394],[-85.14286,41.339412],[-85.142876,41.341054],[-85.144781,41.340596],[-85.144764,41.3394]],[[-85.131972,41.358952],[-85.13183,41.352875],[-85.126106,41.352929],[-85.126219,41.359115],[-85.131972,41.358952]],[[-85.121093,41.359129],[-85.118899,41.359142],[-85.116738,41.36002],[-85.11901,41.360006],[-85.121093,41.359129]],[[-85.118308,41.365377],[-85.116843,41.364678],[-85.116862,41.365376],[-85.118308,41.365377]],[[-85.114032,41.366446],[-85.114773,41.365494],[-85.114008,41.365507],[-85.114032,41.366446]]]}},{"type":"Feature","properties":{"NAME":"Hamilton","state_abbr":"IN","state_name":"Indiana","ALAND":5440953},"geometry":{"type":"Polygon","coordinates":[[[-84.936813,41.54083],[-84.931897,41.538799],[-84.932827,41.562056],[-84.923198,41.561856],[-84.905871,41.547446],[-84.903335,41.549199],[-84.89834,41.549242],[-84.898288,41.546903],[-84.904493,41.54681],[-84.905525,41.545579],[-84.90831,41.548371],[-84.913253,41.548275],[-84.914628,41.543896],[-84.914586,41.539685],[-84.912592,41.539712],[-84.912721,41.543077],[-84.907961,41.543116],[-84.907681,41.535887],[-84.90527,41.535913],[-84.905076,41.528386],[-84.912066,41.528525],[-84.91198,41.526923],[-84.903429,41.526379],[-84.903653,41.522775],[-84.921451,41.521405],[-84.921701,41.528456],[-84.931341,41.528377],[-84.931463,41.52976],[-84.936361,41.530297],[-84.936113,41.535186],[-84.930903,41.533694],[-84.936683,41.53695],[-84.936813,41.54083]]]}},{"type":"Feature","properties":{"NAME":"Waterloo","state_abbr":"IN","state_name":"Indiana","ALAND":5465390},"geometry":{"type":"Polygon","coordinates":[[[-85.065835,41.439444],[-85.063166,41.439487],[-85.063007,41.442976],[-85.058194,41.443531],[-85.058165,41.441961],[-85.053482,41.441966],[-85.052247,41.439273],[-85.040295,41.439385],[-85.034401,41.436612],[-85.034381,41.435],[-85.028283,41.434282],[-85.02957,41.43694],[-85.024732,41.437793],[-85.024568,41.440223],[-85.014749,41.442225],[-85.015274,41.433561],[-85.013422,41.434193],[-85.009701,41.431375],[-85.00933,41.426363],[-85.015124,41.426579],[-85.014975,41.421868],[-85.018777,41.421912],[-85.019845,41.424837],[-85.019765,41.421037],[-85.030495,41.418998],[-85.027166,41.425518],[-85.028611,41.425445],[-85.028621,41.428837],[-85.034316,41.429413],[-85.031832,41.429886],[-85.031845,41.431618],[-85.034325,41.431713],[-85.034355,41.43348],[-85.044144,41.434763],[-85.04391,41.425797],[-85.052897,41.425565],[-85.052938,41.432675],[-85.061413,41.432972],[-85.061472,41.436263],[-85.06317,41.436277],[-85.063187,41.437912],[-85.065796,41.437249],[-85.065835,41.439444]],[[-85.028006,41.434197],[-85.027485,41.433744],[-85.027423,41.434017],[-85.028006,41.434197]],[[-85.025707,41.435812],[-85.024711,41.434664],[-85.024719,41.435812],[-85.025707,41.435812]]]}},{"type":"Feature","properties":{"NAME":"St. Joe","state_abbr":"IN","state_name":"Indiana","ALAND":868798},"geometry":{"type":"Polygon","coordinates":[[[-84.911143,41.316855],[-84.895352,41.318249],[-84.895334,41.317129],[-84.89163,41.317189],[-84.891506,41.312503],[-84.900079,41.312459],[-84.902426,41.310183],[-84.90248,41.312476],[-84.911065,41.312345],[-84.911143,41.316855]]]}},{"type":"Feature","properties":{"NAME":"Advance","state_abbr":"IN","state_name":"Indiana","ALAND":1525823},"geometry":{"type":"Polygon","coordinates":[[[-86.629327,39.995697],[-86.626898,39.99569],[-86.626837,40.001108],[-86.612499,40.001026],[-86.61266,39.990178],[-86.61988,39.990144],[-86.61987,39.988423],[-86.621277,39.988431],[-86.621337,39.990496],[-86.62678,39.990417],[-86.626891,39.993863],[-86.629295,39.9939],[-86.629327,39.995697]]]}},{"type":"Feature","properties":{"NAME":"Zionsville","state_abbr":"IN","state_name":"Indiana","ALAND":174020099},"geometry":{"type":"MultiPolygon","coordinates":[[[[-86.35602,40.069008],[-86.241458,40.070819],[-86.240736,39.926062],[-86.3402,39.92411],[-86.34027,39.927727],[-86.337959,39.927527],[-86.34229,39.93145],[-86.345049,39.931388],[-86.344999,39.938459],[-86.352505,39.947372],[-86.34514,39.949053],[-86.34512,39.94599],[-86.340524,39.945941],[-86.340557,39.949396],[-86.335426,39.949512],[-86.335395,39.94592],[-86.328519,39.945963],[-86.328531,39.949563],[-86.33283,39.94953],[-86.332811,39.951711],[-86.335607,39.951678],[-86.33566,39.95381],[-86.338173,39.953791],[-86.337558,39.955619],[-86.341417,39.955565],[-86.341369,39.95953],[-86.350681,39.960907],[-86.350686,39.964404],[-86.346021,39.964235],[-86.348273,39.964611],[-86.34819,39.96826],[-86.33648,39.968996],[-86.338133,39.971262],[-86.336494,39.971287],[-86.336492,39.974226],[-86.326992,39.973488],[-86.327158,39.975688],[-86.331727,39.975668],[-86.331826,39.981127],[-86.327035,39.982994],[-86.327075,40.003393],[-86.322261,40.003489],[-86.321868,40.006986],[-86.330003,40.006843],[-86.329978,40.011916],[-86.34593,40.01159],[-86.34618,40.03998],[-86.355893,40.039813],[-86.35602,40.069008]],[[-86.328652,40.024054],[-86.326273,40.024096],[-86.326232,40.026512],[-86.328632,40.025832],[-86.328652,40.024054]],[[-86.32482,40.012],[-86.32242,40.01204],[-86.322434,40.015216],[-86.324861,40.01563],[-86.32482,40.012]],[[-86.323657,40.017472],[-86.32244,40.016961],[-86.322451,40.01748],[-86.323657,40.017472]]],[[[-86.35998,39.927712],[-86.351906,39.927793],[-86.351833,39.924069],[-86.359962,39.923999],[-86.35998,39.927712]]],[[[-86.403351,39.986354],[-86.401783,39.984532],[-86.402437,39.984024],[-86.403335,39.98474],[-86.403351,39.986354]]],[[[-86.44985,39.923297],[-86.45093,39.977888],[-86.446044,39.977916],[-86.44618,39.98878],[-86.441448,39.98869],[-86.441325,39.996256],[-86.43187,39.996347],[-86.43187,39.992573],[-86.422346,39.99282],[-86.422353,39.98909],[-86.41541,39.989156],[-86.415369,39.987026],[-86.417708,39.986992],[-86.417606,39.982918],[-86.415543,39.981862],[-86.400922,39.98202],[-86.40288,39.98077],[-86.402896,39.978341],[-86.39854,39.977891],[-86.39853,39.9747],[-86.41281,39.97462],[-86.412793,39.971706],[-86.411679,39.971706],[-86.41279,39.96733],[-86.400302,39.967432],[-86.400298,39.968499],[-86.393978,39.967507],[-86.393825,39.958949],[-86.39764,39.959554],[-86.39847,39.957273],[-86.396634,39.956623],[-86.39847,39.956615],[-86.398403,39.955235],[-86.39374,39.955286],[-86.393127,39.94564],[-86.374082,39.945646],[-86.374083,39.940143],[-86.378981,39.940147],[-86.374079,39.938313],[-86.374066,39.931082],[-86.390656,39.931055],[-86.390565,39.923793],[-86.44985,39.923297]]]]}},{"type":"Feature","properties":{"NAME":"Alton","state_abbr":"IN","state_name":"Indiana","ALAND":445422},"geometry":{"type":"Polygon","coordinates":[[[-86.426514,38.123152],[-86.42413,38.124972],[-86.421767,38.123024],[-86.419601,38.124867],[-86.413586,38.120512],[-86.41718,38.116779],[-86.426514,38.123152]]]}},{"type":"Feature","properties":{"NAME":"Chesterton","state_abbr":"IN","state_name":"Indiana","ALAND":24364980},"geometry":{"type":"MultiPolygon","coordinates":[[[[-87.105356,41.597049],[-87.091214,41.603084],[-87.091152,41.600984],[-87.081423,41.600864],[-87.081625,41.610112],[-87.076959,41.610302],[-87.07702,41.612373],[-87.067966,41.617046],[-87.052789,41.616825],[-87.052836,41.620412],[-87.061854,41.620688],[-87.062484,41.622416],[-87.064852,41.622392],[-87.064929,41.627791],[-87.062512,41.627785],[-87.062526,41.629575],[-87.057706,41.629584],[-87.057638,41.623703],[-87.059879,41.622441],[-87.048067,41.622346],[-87.048126,41.625089],[-87.054786,41.624986],[-87.048345,41.62859],[-87.050221,41.630023],[-87.048073,41.630792],[-87.048138,41.632314],[-87.043963,41.632331],[-87.045715,41.629788],[-87.037015,41.635557],[-87.038449,41.637922],[-87.033681,41.637859],[-87.034831,41.643485],[-87.032057,41.644214],[-87.028848,41.644251],[-87.02886,41.645563],[-87.024046,41.645593],[-87.024035,41.644263],[-87.031758,41.644129],[-87.028793,41.640124],[-87.038673,41.634398],[-87.038625,41.629628],[-87.043369,41.629612],[-87.043301,41.625992],[-87.039642,41.626008],[-87.038449,41.622367],[-87.046006,41.62229],[-87.042509,41.617366],[-87.041249,41.617298],[-87.041218,41.619671],[-87.038698,41.618807],[-87.034102,41.620182],[-87.03358,41.61547],[-87.030606,41.615498],[-87.030574,41.614042],[-87.027872,41.613404],[-87.023918,41.61406],[-87.023551,41.604767],[-87.019216,41.604609],[-87.018223,41.606886],[-87.009523,41.606031],[-87.009378,41.600468],[-87.019147,41.601491],[-87.018807,41.589265],[-87.034616,41.589371],[-87.034542,41.586284],[-87.02849,41.586264],[-87.028251,41.579009],[-87.023385,41.578879],[-87.02326,41.571593],[-87.037707,41.572205],[-87.037642,41.569749],[-87.049875,41.568228],[-87.049869,41.565098],[-87.053829,41.565472],[-87.053917,41.571779],[-87.046365,41.571627],[-87.045434,41.578485],[-87.047395,41.576941],[-87.047445,41.579054],[-87.049729,41.579045],[-87.049752,41.580966],[-87.045395,41.581779],[-87.044728,41.586195],[-87.052382,41.586299],[-87.051903,41.593565],[-87.057225,41.593546],[-87.057248,41.589932],[-87.059619,41.589925],[-87.057248,41.589381],[-87.0563,41.586303],[-87.066742,41.586302],[-87.066795,41.589907],[-87.071598,41.589935],[-87.071654,41.593571],[-87.07589,41.593588],[-87.076417,41.591837],[-87.079644,41.591861],[-87.079603,41.589538],[-87.085901,41.58958],[-87.086015,41.586411],[-87.086099,41.593669],[-87.087246,41.592251],[-87.088454,41.593688],[-87.105299,41.593791],[-87.105356,41.597049]],[[-87.079679,41.593603],[-87.079081,41.592878],[-87.079086,41.593599],[-87.079679,41.593603]],[[-87.051669,41.592487],[-87.048367,41.593049],[-87.048347,41.591704],[-87.045562,41.591774],[-87.045718,41.593604],[-87.051675,41.593566],[-87.051669,41.592487]],[[-87.046934,41.591249],[-87.047556,41.589595],[-87.046909,41.589589],[-87.046934,41.591249]],[[-87.046471,41.579049],[-87.045657,41.578579],[-87.045603,41.579119],[-87.046471,41.579049]],[[-87.04622,41.580148],[-87.045532,41.579735],[-87.045498,41.580147],[-87.04622,41.580148]]],[[[-87.124699,41.593685],[-87.105299,41.593791],[-87.105259,41.586488],[-87.110097,41.586456],[-87.110079,41.584457],[-87.107115,41.584464],[-87.107078,41.579267],[-87.110029,41.57926],[-87.110059,41.58287],[-87.11969,41.582852],[-87.119747,41.586432],[-87.124582,41.586463],[-87.124699,41.593685]]]]}},{"type":"Feature","properties":{"NAME":"Yeoman","state_abbr":"IN","state_name":"Indiana","ALAND":329273},"geometry":{"type":"Polygon","coordinates":[[[-86.728432,40.666555],[-86.728379,40.669552],[-86.719147,40.669616],[-86.719147,40.665847],[-86.728432,40.666555]]]}},{"type":"Feature","properties":{"NAME":"Perrysville","state_abbr":"IN","state_name":"Indiana","ALAND":665921},"geometry":{"type":"Polygon","coordinates":[[[-87.440633,40.056989],[-87.430775,40.056885],[-87.431966,40.048696],[-87.440392,40.049333],[-87.440633,40.056989]]]}},{"type":"Feature","properties":{"NAME":"Brazil","state_abbr":"IN","state_name":"Indiana","ALAND":9549195},"geometry":{"type":"MultiPolygon","coordinates":[[[[-87.126866,39.503276],[-87.125473,39.503917],[-87.125501,39.503259],[-87.126866,39.503276]]],[[[-87.148726,39.519846],[-87.147876,39.525993],[-87.143899,39.525848],[-87.139996,39.52797],[-87.139981,39.540397],[-87.134283,39.540259],[-87.134266,39.536487],[-87.12501,39.536444],[-87.125017,39.534518],[-87.117288,39.53389],[-87.116536,39.536914],[-87.116534,39.534371],[-87.11516,39.534363],[-87.115109,39.53618],[-87.112636,39.536119],[-87.113378,39.532646],[-87.110356,39.532605],[-87.110736,39.534161],[-87.109033,39.532576],[-87.098528,39.532431],[-87.098869,39.519853],[-87.103464,39.51987],[-87.103499,39.518039],[-87.105877,39.518047],[-87.105878,39.521728],[-87.10343,39.521694],[-87.103436,39.525269],[-87.108145,39.525315],[-87.112058,39.524513],[-87.111989,39.521716],[-87.109268,39.521703],[-87.108217,39.519364],[-87.118872,39.518178],[-87.120285,39.516779],[-87.120347,39.514614],[-87.113267,39.514506],[-87.111862,39.51084],[-87.107532,39.510867],[-87.107627,39.50378],[-87.116842,39.503926],[-87.116835,39.505069],[-87.120135,39.505074],[-87.120334,39.50396],[-87.122289,39.506274],[-87.125453,39.506385],[-87.124345,39.511147],[-87.13758,39.511457],[-87.137555,39.512908],[-87.14027,39.511535],[-87.139624,39.514964],[-87.144282,39.514221],[-87.142676,39.515237],[-87.144274,39.515027],[-87.144389,39.519205],[-87.148726,39.519846]],[[-87.143385,39.522911],[-87.142524,39.52213],[-87.142494,39.522394],[-87.143385,39.522911]]]]}},{"type":"Feature","properties":{"NAME":"Carbon","state_abbr":"IN","state_name":"Indiana","ALAND":385454},"geometry":{"type":"Polygon","coordinates":[[[-87.114245,39.598187],[-87.112051,39.598887],[-87.11206,39.601433],[-87.106779,39.601381],[-87.106729,39.603361],[-87.103545,39.601807],[-87.10369,39.597685],[-87.106878,39.597705],[-87.106936,39.595316],[-87.109536,39.595326],[-87.109539,39.597766],[-87.114245,39.598187]]]}},{"type":"Feature","properties":{"NAME":"Clay City","state_abbr":"IN","state_name":"Indiana","ALAND":1395808},"geometry":{"type":"Polygon","coordinates":[[[-87.119883,39.27416],[-87.119819,39.281512],[-87.116217,39.281551],[-87.115587,39.284945],[-87.110468,39.284862],[-87.11054,39.281447],[-87.108437,39.281459],[-87.10841,39.277622],[-87.105776,39.277609],[-87.105327,39.270396],[-87.115496,39.270482],[-87.115333,39.274103],[-87.119883,39.27416]]]}},{"type":"Feature","properties":{"NAME":"Harmony","state_abbr":"IN","state_name":"Indiana","ALAND":2129813},"geometry":{"type":"Polygon","coordinates":[[[-87.080852,39.535026],[-87.075188,39.536447],[-87.075153,39.539209],[-87.079785,39.539234],[-87.079625,39.546472],[-87.075052,39.546484],[-87.075003,39.539978],[-87.065648,39.539924],[-87.065922,39.525055],[-87.079935,39.52528],[-87.079787,39.53443],[-87.080852,39.535026]]]}},{"type":"Feature","properties":{"NAME":"Knightsville","state_abbr":"IN","state_name":"Indiana","ALAND":2688995},"geometry":{"type":"Polygon","coordinates":[[[-87.09891,39.517992],[-87.098528,39.532389],[-87.089203,39.532186],[-87.079787,39.53443],[-87.080094,39.517756],[-87.09891,39.517992]]]}},{"type":"Feature","properties":{"NAME":"Staunton","state_abbr":"IN","state_name":"Indiana","ALAND":846441},"geometry":{"type":"Polygon","coordinates":[[[-87.197442,39.487681],[-87.195679,39.487637],[-87.195695,39.491253],[-87.182287,39.489251],[-87.181991,39.481973],[-87.183993,39.48202],[-87.183973,39.484751],[-87.186282,39.484814],[-87.186186,39.480743],[-87.18884,39.480706],[-87.189883,39.484939],[-87.195986,39.48481],[-87.197442,39.487681]]]}},{"type":"Feature","properties":{"NAME":"Pine Village","state_abbr":"IN","state_name":"Indiana","ALAND":311734},"geometry":{"type":"Polygon","coordinates":[[[-87.256594,40.447036],[-87.256541,40.452202],[-87.250316,40.452092],[-87.250212,40.446982],[-87.256594,40.447036]]]}},{"type":"Feature","properties":{"NAME":"Farmersburg","state_abbr":"IN","state_name":"Indiana","ALAND":1924272},"geometry":{"type":"Polygon","coordinates":[[[-87.39536,39.253658],[-87.395318,39.255346],[-87.388941,39.25419],[-87.388002,39.25924],[-87.381845,39.258981],[-87.381791,39.255567],[-87.379606,39.255495],[-87.379606,39.258135],[-87.377153,39.258129],[-87.375337,39.25735],[-87.375361,39.255563],[-87.370108,39.255577],[-87.370285,39.247903],[-87.373196,39.248312],[-87.373335,39.244648],[-87.374627,39.244638],[-87.379427,39.246715],[-87.379474,39.248286],[-87.388717,39.24822],[-87.38892,39.251604],[-87.392277,39.251602],[-87.392262,39.253395],[-87.39536,39.253658]]]}},{"type":"Feature","properties":{"NAME":"Shelburn","state_abbr":"IN","state_name":"Indiana","ALAND":1788482},"geometry":{"type":"Polygon","coordinates":[[[-87.408792,39.182009],[-87.408755,39.186433],[-87.40429,39.186434],[-87.404303,39.182967],[-87.401615,39.182968],[-87.40164,39.186441],[-87.397056,39.186408],[-87.396271,39.187671],[-87.396228,39.186455],[-87.392783,39.18645],[-87.393527,39.185124],[-87.396233,39.185493],[-87.396272,39.182851],[-87.390437,39.182784],[-87.39001,39.179196],[-87.386586,39.17918],[-87.387742,39.171837],[-87.394805,39.171924],[-87.393667,39.174249],[-87.390056,39.174255],[-87.393109,39.17508],[-87.399451,39.17326],[-87.399475,39.171908],[-87.404353,39.171905],[-87.40429,39.175481],[-87.400062,39.175485],[-87.400024,39.177987],[-87.401284,39.177955],[-87.401329,39.180386],[-87.404084,39.180334],[-87.404054,39.18183],[-87.408792,39.182009]]]}},{"type":"Feature","properties":{"NAME":"Beverly Shores","state_abbr":"IN","state_name":"Indiana","ALAND":9280365},"geometry":{"type":"Polygon","coordinates":[[[-87.009872,41.690053],[-86.973567,41.703691],[-86.932895,41.718939],[-86.932619,41.704708],[-86.960278,41.691718],[-86.96726,41.691259],[-86.971365,41.689295],[-86.971157,41.678729],[-87.009591,41.662319],[-87.009872,41.690053]]]}},{"type":"Feature","properties":{"NAME":"Burns Harbor","state_abbr":"IN","state_name":"Indiana","ALAND":16671262},"geometry":{"type":"Polygon","coordinates":[[[-87.144753,41.606821],[-87.144537,41.645667],[-87.130979,41.649674],[-87.126375,41.643758],[-87.125841,41.637392],[-87.106043,41.637533],[-87.105692,41.63114],[-87.111925,41.628808],[-87.129016,41.619481],[-87.135304,41.618181],[-87.127045,41.619471],[-87.105843,41.630491],[-87.105299,41.593791],[-87.131807,41.59377],[-87.131817,41.598944],[-87.144112,41.596345],[-87.144197,41.601128],[-87.139499,41.602079],[-87.140728,41.602189],[-87.139695,41.60371],[-87.141341,41.603685],[-87.141314,41.605317],[-87.144216,41.605258],[-87.144753,41.606821]]]}},{"type":"Feature","properties":{"NAME":"Salamonia","state_abbr":"IN","state_name":"Indiana","ALAND":1898444},"geometry":{"type":"Polygon","coordinates":[[[-84.872022,40.378753],[-84.871715,40.393193],[-84.857698,40.393099],[-84.857767,40.382172],[-84.859209,40.382175],[-84.857854,40.378922],[-84.872022,40.378753]]]}},{"type":"Feature","properties":{"NAME":"Hebron","state_abbr":"IN","state_name":"Indiana","ALAND":5180947},"geometry":{"type":"Polygon","coordinates":[[[-87.220269,41.334294],[-87.212275,41.328199],[-87.212364,41.333335],[-87.21034,41.33333],[-87.210239,41.339229],[-87.190744,41.340262],[-87.190726,41.336626],[-87.195596,41.336804],[-87.195592,41.333149],[-87.200415,41.333877],[-87.200287,41.329623],[-87.192392,41.328258],[-87.190663,41.329431],[-87.190585,41.321938],[-87.189289,41.321878],[-87.190532,41.316629],[-87.19018,41.31772],[-87.183238,41.318014],[-87.181103,41.316074],[-87.190532,41.316486],[-87.188179,41.315051],[-87.192316,41.31634],[-87.192224,41.31242],[-87.19827,41.31265],[-87.197913,41.309477],[-87.204825,41.309538],[-87.204766,41.315151],[-87.209873,41.315003],[-87.209915,41.320501],[-87.212518,41.318701],[-87.212624,41.322352],[-87.217486,41.322368],[-87.217591,41.326027],[-87.216174,41.326022],[-87.215227,41.329748],[-87.220269,41.334294]],[[-87.19954,41.336525],[-87.200422,41.334845],[-87.199527,41.334846],[-87.19954,41.336525]]]}},{"type":"Feature","properties":{"NAME":"Ogden Dunes","state_abbr":"IN","state_name":"Indiana","ALAND":1923602},"geometry":{"type":"Polygon","coordinates":[[[-87.202933,41.637176],[-87.183347,41.641492],[-87.183526,41.622935],[-87.188339,41.622963],[-87.187798,41.614206],[-87.193143,41.614154],[-87.19315,41.617164],[-87.202752,41.617196],[-87.202933,41.637176]]]}},{"type":"Feature","properties":{"NAME":"Portage","state_abbr":"IN","state_name":"Indiana","ALAND":66391084},"geometry":{"type":"Polygon","coordinates":[[[-87.222932,41.632596],[-87.202933,41.637176],[-87.202752,41.617196],[-87.19315,41.617164],[-87.193143,41.614154],[-87.187798,41.614206],[-87.188339,41.622963],[-87.183526,41.622935],[-87.183347,41.641492],[-87.162703,41.644324],[-87.145284,41.649071],[-87.147069,41.646201],[-87.144537,41.645667],[-87.144753,41.606821],[-87.144216,41.605258],[-87.141314,41.605317],[-87.141341,41.603685],[-87.139695,41.60371],[-87.140728,41.602189],[-87.139499,41.602079],[-87.144197,41.601128],[-87.144112,41.596345],[-87.131817,41.598944],[-87.131807,41.59377],[-87.124699,41.593685],[-87.124597,41.573697],[-87.130423,41.571849],[-87.143729,41.571839],[-87.143617,41.564853],[-87.15327,41.565065],[-87.153055,41.563773],[-87.157732,41.565032],[-87.157732,41.562745],[-87.153079,41.562749],[-87.153027,41.561336],[-87.158783,41.561403],[-87.158881,41.556483],[-87.15383,41.556471],[-87.15306,41.539536],[-87.182444,41.539526],[-87.182373,41.536044],[-87.183514,41.537192],[-87.183817,41.536056],[-87.191998,41.536064],[-87.191834,41.528792],[-87.196675,41.528817],[-87.196759,41.532441],[-87.194337,41.532431],[-87.193196,41.536066],[-87.199265,41.53609],[-87.199265,41.537976],[-87.201548,41.538017],[-87.201441,41.539489],[-87.221126,41.539438],[-87.222932,41.632596]],[[-87.211524,41.551525],[-87.21103,41.550595],[-87.211019,41.551735],[-87.211524,41.551525]],[[-87.20619,41.553022],[-87.205413,41.550598],[-87.198438,41.550608],[-87.198487,41.554091],[-87.20619,41.553022]],[[-87.153379,41.573361],[-87.153359,41.571844],[-87.148303,41.571865],[-87.153379,41.573361]]]}},{"type":"Feature","properties":{"NAME":"Porter","state_abbr":"IN","state_name":"Indiana","ALAND":15956983},"geometry":{"type":"Polygon","coordinates":[[[-87.105356,41.597049],[-87.105844,41.630733],[-87.078309,41.639149],[-87.076265,41.637221],[-87.077026,41.640047],[-87.075151,41.6406],[-87.074627,41.654502],[-87.077129,41.654513],[-87.076963,41.667073],[-87.067562,41.669954],[-87.067432,41.651329],[-87.062661,41.651325],[-87.062531,41.64054],[-87.043752,41.639388],[-87.043866,41.632002],[-87.051134,41.631904],[-87.050863,41.62963],[-87.062526,41.629575],[-87.062512,41.627785],[-87.064929,41.627791],[-87.064472,41.621336],[-87.052836,41.620412],[-87.052789,41.616825],[-87.067966,41.617046],[-87.07702,41.612373],[-87.076959,41.610302],[-87.081625,41.610112],[-87.081423,41.600864],[-87.091152,41.600984],[-87.091214,41.603084],[-87.105356,41.597049]]]}},{"type":"Feature","properties":{"NAME":"Town of Pines","state_abbr":"IN","state_name":"Indiana","ALAND":5840184},"geometry":{"type":"Polygon","coordinates":[[[-86.971365,41.689295],[-86.96726,41.691259],[-86.960278,41.691718],[-86.932639,41.704694],[-86.932395,41.688275],[-86.943333,41.682068],[-86.955261,41.682299],[-86.956468,41.676972],[-86.97112,41.672928],[-86.971365,41.689295]]]}},{"type":"Feature","properties":{"NAME":"Mitchell","state_abbr":"IN","state_name":"Indiana","ALAND":9307302},"geometry":{"type":"Polygon","coordinates":[[[-86.495186,38.751406],[-86.481721,38.751361],[-86.483904,38.755358],[-86.474821,38.750923],[-86.470414,38.750893],[-86.46541,38.747018],[-86.460849,38.747074],[-86.460717,38.734892],[-86.454048,38.736554],[-86.454149,38.723631],[-86.468776,38.723378],[-86.468711,38.720938],[-86.47064,38.72095],[-86.470643,38.723323],[-86.473274,38.723843],[-86.474428,38.719917],[-86.471405,38.715652],[-86.476356,38.72157],[-86.476986,38.719143],[-86.48015,38.719092],[-86.481348,38.722732],[-86.477267,38.722522],[-86.479459,38.72445],[-86.488535,38.724302],[-86.488563,38.726138],[-86.484702,38.727932],[-86.488697,38.730604],[-86.490222,38.729848],[-86.490931,38.732479],[-86.494704,38.732475],[-86.494844,38.738569],[-86.493709,38.738562],[-86.495186,38.751406]]]}},{"type":"Feature","properties":{"NAME":"Cayuga","state_abbr":"IN","state_name":"Indiana","ALAND":2624846},"geometry":{"type":"Polygon","coordinates":[[[-87.476771,39.947112],[-87.475742,39.950529],[-87.476401,39.95448],[-87.474773,39.953151],[-87.470736,39.954728],[-87.470774,39.953206],[-87.468467,39.954093],[-87.45141,39.952243],[-87.451167,39.945363],[-87.455456,39.945385],[-87.455765,39.941366],[-87.473424,39.939741],[-87.473511,39.946025],[-87.476771,39.947112]]]}},{"type":"Feature","properties":{"NAME":"Elnora","state_abbr":"IN","state_name":"Indiana","ALAND":2526656},"geometry":{"type":"Polygon","coordinates":[[[-87.093737,38.871992],[-87.093425,38.883946],[-87.077993,38.884159],[-87.074963,38.880975],[-87.076758,38.86791],[-87.086333,38.868091],[-87.087694,38.866856],[-87.08766,38.868113],[-87.090591,38.869119],[-87.09003,38.87102],[-87.093737,38.871992]]]}},{"type":"Feature","properties":{"NAME":"Francesville","state_abbr":"IN","state_name":"Indiana","ALAND":786277},"geometry":{"type":"Polygon","coordinates":[[[-86.891408,40.983392],[-86.891453,40.988025],[-86.877164,40.988868],[-86.876298,40.98769],[-86.876309,40.984589],[-86.879318,40.984546],[-86.879528,40.979925],[-86.882509,40.979916],[-86.88251,40.982608],[-86.885823,40.982618],[-86.886787,40.981014],[-86.886781,40.984623],[-86.890859,40.984626],[-86.891408,40.983392]]]}},{"type":"Feature","properties":{"NAME":"Pierceton","state_abbr":"IN","state_name":"Indiana","ALAND":3232246},"geometry":{"type":"Polygon","coordinates":[[[-85.719615,41.206871],[-85.690784,41.208182],[-85.690688,41.199967],[-85.694984,41.199941],[-85.695862,41.198087],[-85.699157,41.198975],[-85.699151,41.197397],[-85.696712,41.197405],[-85.695582,41.185546],[-85.700401,41.185474],[-85.700395,41.189989],[-85.706496,41.189519],[-85.706454,41.192613],[-85.710213,41.192546],[-85.710223,41.190815],[-85.711835,41.190785],[-85.711823,41.192519],[-85.715135,41.192613],[-85.710294,41.193509],[-85.710983,41.198395],[-85.715131,41.198351],[-85.713201,41.202828],[-85.719563,41.204564],[-85.719615,41.206871]],[[-85.710165,41.203429],[-85.706866,41.202592],[-85.706891,41.204714],[-85.710098,41.205573],[-85.710165,41.203429]]]}},{"type":"Feature","properties":{"NAME":"Warsaw","state_abbr":"IN","state_name":"Indiana","ALAND":35081906},"geometry":{"type":"Polygon","coordinates":[[[-85.891257,41.241888],[-85.884004,41.241914],[-85.8823,41.24437],[-85.877503,41.24442],[-85.877596,41.247245],[-85.882676,41.247246],[-85.88382,41.247997],[-85.875299,41.248468],[-85.873113,41.246845],[-85.873026,41.24843],[-85.869197,41.248712],[-85.865552,41.24557],[-85.867976,41.245551],[-85.868236,41.242237],[-85.870934,41.242211],[-85.870869,41.241111],[-85.865359,41.241122],[-85.865032,41.247473],[-85.862279,41.247515],[-85.861879,41.262795],[-85.866734,41.262719],[-85.86616,41.265595],[-85.871722,41.265506],[-85.871775,41.269707],[-85.885863,41.270279],[-85.885985,41.273253],[-85.88267,41.273305],[-85.882779,41.276978],[-85.863815,41.27725],[-85.863807,41.273668],[-85.862382,41.273606],[-85.862375,41.277272],[-85.860418,41.277305],[-85.859689,41.282168],[-85.862476,41.282129],[-85.862519,41.284527],[-85.860203,41.284562],[-85.86046,41.285772],[-85.85675,41.28792],[-85.855225,41.286824],[-85.856765,41.289203],[-85.853839,41.290284],[-85.852377,41.284678],[-85.834691,41.284967],[-85.834595,41.282858],[-85.843497,41.282732],[-85.843332,41.277593],[-85.830388,41.27781],[-85.830346,41.275731],[-85.827597,41.275785],[-85.827661,41.277849],[-85.823846,41.277899],[-85.823787,41.2754],[-85.818926,41.275462],[-85.818901,41.270705],[-85.834796,41.270461],[-85.834759,41.268648],[-85.828486,41.269128],[-85.828424,41.266932],[-85.823599,41.26702],[-85.823559,41.264564],[-85.821979,41.263891],[-85.82439,41.263374],[-85.824946,41.260683],[-85.814572,41.257268],[-85.818535,41.256522],[-85.818467,41.25102],[-85.813672,41.251146],[-85.813741,41.245627],[-85.808854,41.24574],[-85.808928,41.240516],[-85.811971,41.239463],[-85.810729,41.236435],[-85.806454,41.234561],[-85.802719,41.234902],[-85.802506,41.237717],[-85.8007,41.237731],[-85.800897,41.23503],[-85.79933,41.235042],[-85.799179,41.240378],[-85.799898,41.238908],[-85.804063,41.238896],[-85.803903,41.245501],[-85.79431,41.24538],[-85.794405,41.242277],[-85.789536,41.242299],[-85.789546,41.236308],[-85.792883,41.236297],[-85.794406,41.238956],[-85.797307,41.238384],[-85.796948,41.231299],[-85.79451,41.231321],[-85.795239,41.22755],[-85.789433,41.227876],[-85.78954,41.233292],[-85.784698,41.235115],[-85.784584,41.226259],[-85.782483,41.226286],[-85.782271,41.223945],[-85.784556,41.223899],[-85.784548,41.22221],[-85.785804,41.224137],[-85.788027,41.224789],[-85.788094,41.223073],[-85.798453,41.228143],[-85.799551,41.226053],[-85.828471,41.233502],[-85.828047,41.216672],[-85.841352,41.216214],[-85.840116,41.213658],[-85.842382,41.212543],[-85.854381,41.212383],[-85.852924,41.209619],[-85.847001,41.211682],[-85.846943,41.205223],[-85.860548,41.204872],[-85.861643,41.206405],[-85.867076,41.206397],[-85.864983,41.212064],[-85.866896,41.212032],[-85.864936,41.219325],[-85.885666,41.218944],[-85.885943,41.229856],[-85.890788,41.229718],[-85.891257,41.241888]],[[-85.878349,41.248203],[-85.878747,41.247665],[-85.878305,41.247688],[-85.878349,41.248203]],[[-85.854814,41.286846],[-85.854102,41.285463],[-85.853155,41.286868],[-85.854814,41.286846]],[[-85.843848,41.270318],[-85.845016,41.269461],[-85.843804,41.269495],[-85.843848,41.270318]],[[-85.839086,41.270391],[-85.83827,41.269858],[-85.83828,41.270404],[-85.839086,41.270391]],[[-85.825654,41.257963],[-85.823976,41.257961],[-85.823412,41.256833],[-85.823411,41.258579],[-85.825654,41.257963]],[[-85.824117,41.256707],[-85.823414,41.256431],[-85.823413,41.256704],[-85.824117,41.256707]],[[-85.802007,41.234871],[-85.800976,41.233324],[-85.800912,41.234916],[-85.802007,41.234871]],[[-85.799114,41.242285],[-85.799855,41.240535],[-85.799172,41.24054],[-85.799114,41.242285]]]}},{"type":"Feature","properties":{"NAME":"Clinton","state_abbr":"IN","state_name":"Indiana","ALAND":5831628},"geometry":{"type":"Polygon","coordinates":[[[-87.432457,39.658173],[-87.431304,39.660754],[-87.429509,39.659845],[-87.430448,39.657534],[-87.422072,39.654004],[-87.416728,39.65774],[-87.415431,39.658504],[-87.41413,39.658798],[-87.414064,39.662154],[-87.410237,39.666131],[-87.415563,39.670466],[-87.415323,39.673358],[-87.408222,39.6733],[-87.408226,39.680656],[-87.40262,39.680685],[-87.40215,39.689334],[-87.398868,39.687848],[-87.398949,39.670251],[-87.396345,39.669986],[-87.396146,39.659982],[-87.393865,39.659149],[-87.395839,39.65145],[-87.398201,39.651339],[-87.398709,39.637036],[-87.40795,39.637351],[-87.408111,39.651433],[-87.412529,39.651435],[-87.414101,39.658719],[-87.416685,39.657674],[-87.421916,39.653926],[-87.422811,39.653767],[-87.432457,39.658173]]]}},{"type":"Feature","properties":{"NAME":"Fairview Park","state_abbr":"IN","state_name":"Indiana","ALAND":2264369},"geometry":{"type":"Polygon","coordinates":[[[-87.427253,39.687505],[-87.40215,39.687518],[-87.40262,39.680685],[-87.408226,39.680656],[-87.408222,39.6733],[-87.417463,39.673295],[-87.417389,39.680596],[-87.427203,39.680638],[-87.427253,39.687505]]]}},{"type":"Feature","properties":{"NAME":"Newport","state_abbr":"IN","state_name":"Indiana","ALAND":2257616},"geometry":{"type":"Polygon","coordinates":[[[-87.423798,39.889572],[-87.411471,39.889535],[-87.411522,39.88709],[-87.409319,39.886646],[-87.403393,39.889787],[-87.401573,39.889196],[-87.402393,39.886503],[-87.400008,39.886164],[-87.394439,39.889213],[-87.393976,39.884314],[-87.392746,39.884347],[-87.39377,39.87892],[-87.417344,39.879014],[-87.417551,39.884244],[-87.423798,39.889572]]]}},{"type":"Feature","properties":{"NAME":"Universal","state_abbr":"IN","state_name":"Indiana","ALAND":932624},"geometry":{"type":"Polygon","coordinates":[[[-87.463384,39.627527],[-87.459294,39.625827],[-87.450269,39.625389],[-87.451135,39.62265],[-87.440678,39.621737],[-87.450543,39.621732],[-87.44952,39.617192],[-87.450829,39.61843],[-87.459416,39.61855],[-87.459343,39.621893],[-87.463184,39.622004],[-87.463384,39.627527]]]}},{"type":"Feature","properties":{"NAME":"Kingman","state_abbr":"IN","state_name":"Indiana","ALAND":1708431},"geometry":{"type":"Polygon","coordinates":[[[-87.289961,39.968571],[-87.280605,39.968898],[-87.280632,39.971064],[-87.277692,39.970956],[-87.276523,39.974847],[-87.27127,39.97487],[-87.271079,39.960063],[-87.285205,39.959934],[-87.282751,39.963539],[-87.289935,39.965038],[-87.289961,39.968571]]]}},{"type":"Feature","properties":{"NAME":"Wallace","state_abbr":"IN","state_name":"Indiana","ALAND":369726},"geometry":{"type":"Polygon","coordinates":[[[-87.151748,39.986651],[-87.151131,39.989322],[-87.146222,39.990082],[-87.143301,39.989235],[-87.143201,39.984368],[-87.148446,39.984354],[-87.151748,39.986651]]]}},{"type":"Feature","properties":{"NAME":"Plymouth","state_abbr":"IN","state_name":"Indiana","ALAND":19609231},"geometry":{"type":"Polygon","coordinates":[[[-86.357589,41.368818],[-86.345732,41.368933],[-86.345708,41.367524],[-86.343759,41.367524],[-86.343205,41.368945],[-86.333898,41.362345],[-86.332276,41.367886],[-86.328964,41.367908],[-86.32898,41.368993],[-86.314777,41.369168],[-86.314707,41.365583],[-86.312348,41.366039],[-86.311958,41.363928],[-86.312283,41.366386],[-86.310381,41.367581],[-86.300158,41.367696],[-86.30115,41.371251],[-86.299666,41.371172],[-86.298673,41.367717],[-86.294262,41.367757],[-86.294218,41.365686],[-86.29052,41.365715],[-86.290501,41.363433],[-86.306491,41.36398],[-86.305843,41.36247],[-86.307123,41.362413],[-86.312196,41.363703],[-86.311777,41.360658],[-86.301899,41.362046],[-86.30187,41.360376],[-86.306105,41.358678],[-86.304936,41.357066],[-86.30383,41.357686],[-86.304536,41.356447],[-86.301511,41.355831],[-86.294863,41.357841],[-86.290348,41.354728],[-86.29007,41.334054],[-86.297909,41.334001],[-86.297808,41.331296],[-86.300923,41.331256],[-86.300854,41.329574],[-86.284117,41.329691],[-86.283621,41.320528],[-86.296033,41.320648],[-86.299232,41.324017],[-86.304234,41.323942],[-86.30427,41.326068],[-86.311687,41.329895],[-86.316584,41.328414],[-86.316549,41.324929],[-86.319124,41.324913],[-86.319048,41.330938],[-86.323115,41.330977],[-86.32382,41.336672],[-86.328666,41.3365],[-86.328635,41.332009],[-86.340888,41.332141],[-86.340938,41.335761],[-86.343089,41.335756],[-86.343126,41.33945],[-86.338321,41.339419],[-86.337111,41.349945],[-86.34789,41.35081],[-86.347915,41.354425],[-86.352728,41.354364],[-86.352686,41.349792],[-86.357486,41.352372],[-86.357589,41.368818]],[[-86.307506,41.358146],[-86.30804,41.35629],[-86.306651,41.356984],[-86.307506,41.358146]]]}},{"type":"Feature","properties":{"NAME":"Medaryville","state_abbr":"IN","state_name":"Indiana","ALAND":1188595},"geometry":{"type":"Polygon","coordinates":[[[-86.8993,41.081889],[-86.896578,41.081879],[-86.896578,41.085404],[-86.889395,41.085437],[-86.88242,41.08244],[-86.88233,41.078235],[-86.886007,41.078036],[-86.885901,41.074848],[-86.892252,41.074689],[-86.892219,41.076367],[-86.896222,41.07637],[-86.896216,41.078182],[-86.89812,41.078187],[-86.8993,41.081889]]]}},{"type":"Feature","properties":{"NAME":"Monterey","state_abbr":"IN","state_name":"Indiana","ALAND":474052},"geometry":{"type":"Polygon","coordinates":[[[-86.486395,41.159372],[-86.478369,41.159178],[-86.47772,41.153214],[-86.486229,41.153177],[-86.486395,41.159372]]]}},{"type":"Feature","properties":{"NAME":"Winamac","state_abbr":"IN","state_name":"Indiana","ALAND":3525926},"geometry":{"type":"Polygon","coordinates":[[[-86.613194,41.062343],[-86.606444,41.06252],[-86.605974,41.06962],[-86.601306,41.069569],[-86.602203,41.062565],[-86.597516,41.062629],[-86.597544,41.060974],[-86.593443,41.059025],[-86.591608,41.055005],[-86.597826,41.054944],[-86.596309,41.050347],[-86.599634,41.049553],[-86.596546,41.048983],[-86.59817,41.046796],[-86.593174,41.046731],[-86.593389,41.040904],[-86.596298,41.040886],[-86.597394,41.042411],[-86.598181,41.041174],[-86.603651,41.04115],[-86.605202,41.044482],[-86.612965,41.044432],[-86.613194,41.062343]]]}},{"type":"Feature","properties":{"NAME":"Etna Green","state_abbr":"IN","state_name":"Indiana","ALAND":1297512},"geometry":{"type":"MultiPolygon","coordinates":[[[[-86.056644,41.278009],[-86.049046,41.278995],[-86.049125,41.281888],[-86.043492,41.281802],[-86.043454,41.280652],[-86.033027,41.277191],[-86.032952,41.27455],[-86.04398,41.274459],[-86.04395,41.272997],[-86.041931,41.273005],[-86.041794,41.267194],[-86.046637,41.267137],[-86.045598,41.273031],[-86.04673,41.271689],[-86.051426,41.271646],[-86.051438,41.274366],[-86.056574,41.27518],[-86.056644,41.278009]],[[-86.050129,41.274343],[-86.050103,41.273068],[-86.046764,41.273074],[-86.046799,41.274427],[-86.050129,41.274343]],[[-86.043367,41.277375],[-86.041217,41.276358],[-86.037186,41.275333],[-86.03726,41.278212],[-86.039679,41.279035],[-86.043411,41.279023],[-86.043367,41.277375]]],[[[-86.056734,41.281635],[-86.055131,41.281642],[-86.055082,41.279938],[-86.056701,41.280349],[-86.056734,41.281635]]]]}},{"type":"Feature","properties":{"NAME":"Nappanee","state_abbr":"IN","state_name":"Indiana","ALAND":12765547},"geometry":{"type":"MultiPolygon","coordinates":[[[[-85.943715,41.446533],[-85.929268,41.446641],[-85.929267,41.445665],[-85.930219,41.442973],[-85.932706,41.442957],[-85.932661,41.43933],[-85.938815,41.439292],[-85.938834,41.442919],[-85.942725,41.442897],[-85.943715,41.446533]],[[-85.936058,41.445609],[-85.938618,41.442921],[-85.935992,41.442936],[-85.936058,41.445609]]],[[[-86.042114,41.449962],[-86.039994,41.449955],[-86.040013,41.455351],[-86.027943,41.453088],[-86.027944,41.45599],[-86.026004,41.457252],[-86.025986,41.455999],[-86.021891,41.45601],[-86.022164,41.451278],[-86.020655,41.450009],[-86.008649,41.449927],[-86.011027,41.450801],[-86.01106,41.456585],[-86.003277,41.456523],[-86.003468,41.458226],[-86.001492,41.458215],[-86.003237,41.465667],[-86.001513,41.465651],[-86.001487,41.464322],[-85.991995,41.464412],[-85.991921,41.457982],[-85.982304,41.458018],[-85.982296,41.456414],[-85.977646,41.455481],[-85.975056,41.457243],[-85.976314,41.45283],[-85.982268,41.45281],[-85.982252,41.449946],[-85.980177,41.449946],[-85.980161,41.448651],[-85.982247,41.448642],[-85.982225,41.445853],[-85.974178,41.446969],[-85.969627,41.444965],[-85.969667,41.449184],[-85.964148,41.449514],[-85.964123,41.446495],[-85.963011,41.446505],[-85.96407,41.442795],[-85.967303,41.443386],[-85.968018,41.442073],[-85.962949,41.441207],[-85.964165,41.439126],[-85.962909,41.438139],[-85.972473,41.438894],[-85.972746,41.433039],[-85.9783,41.432983],[-85.978318,41.430113],[-85.982079,41.430077],[-85.982087,41.435399],[-85.991656,41.435413],[-85.991744,41.427214],[-85.994912,41.42667],[-85.994827,41.430303],[-86.001377,41.431417],[-85.999501,41.434049],[-86.001414,41.434046],[-86.001434,41.43542],[-86.011025,41.435428],[-86.011023,41.44148],[-86.042107,41.444175],[-86.042114,41.449962]],[[-86.003629,41.455751],[-86.002505,41.454695],[-86.002515,41.455757],[-86.003629,41.455751]],[[-86.002532,41.457123],[-86.002912,41.45652],[-86.002522,41.456517],[-86.002532,41.457123]],[[-85.99676,41.458166],[-85.996338,41.457128],[-85.994401,41.457128],[-85.994411,41.458965],[-85.99676,41.458166]],[[-85.971469,41.442669],[-85.971441,41.440174],[-85.970109,41.440151],[-85.970125,41.441654],[-85.971469,41.442669]]]]}},{"type":"Feature","properties":{"NAME":"Fortville","state_abbr":"IN","state_name":"Indiana","ALAND":9341636},"geometry":{"type":"Polygon","coordinates":[[[-85.868219,39.923674],[-85.867438,39.928895],[-85.866639,39.927824],[-85.862395,39.928943],[-85.862379,39.934384],[-85.857809,39.934723],[-85.857783,39.936318],[-85.862385,39.936224],[-85.862489,39.943618],[-85.854835,39.93977],[-85.854233,39.943725],[-85.837609,39.944029],[-85.837579,39.93924],[-85.828177,39.94414],[-85.819855,39.944286],[-85.819897,39.936915],[-85.824605,39.936812],[-85.824572,39.93318],[-85.838829,39.932994],[-85.838817,39.929365],[-85.84069,39.929344],[-85.839884,39.925695],[-85.838714,39.925705],[-85.838701,39.918419],[-85.8398,39.918463],[-85.838489,39.916395],[-85.840557,39.914759],[-85.839468,39.913127],[-85.829179,39.91305],[-85.829159,39.911228],[-85.825615,39.911262],[-85.825654,39.914898],[-85.824464,39.914096],[-85.825424,39.907625],[-85.832823,39.907513],[-85.83167,39.905764],[-85.836107,39.903882],[-85.836732,39.900329],[-85.838974,39.899421],[-85.845182,39.90095],[-85.86207,39.899817],[-85.862096,39.907069],[-85.852636,39.907272],[-85.852787,39.914553],[-85.848431,39.914639],[-85.848056,39.910936],[-85.84331,39.909969],[-85.843347,39.91251],[-85.844535,39.911672],[-85.845141,39.913252],[-85.841802,39.913664],[-85.843362,39.913695],[-85.844633,39.917441],[-85.843402,39.917453],[-85.843417,39.921517],[-85.840953,39.922048],[-85.841558,39.922934],[-85.848039,39.922891],[-85.849366,39.925521],[-85.862299,39.925317],[-85.862338,39.926647],[-85.868219,39.923674]],[[-85.85652,39.934667],[-85.854297,39.934282],[-85.854333,39.936381],[-85.856512,39.936346],[-85.85652,39.934667]],[[-85.844147,39.907894],[-85.843277,39.907496],[-85.843282,39.907906],[-85.844147,39.907894]],[[-85.844142,39.909244],[-85.843291,39.908541],[-85.843299,39.909258],[-85.844142,39.909244]],[[-85.844037,39.9243],[-85.842832,39.923256],[-85.841762,39.92336],[-85.842543,39.92467],[-85.844037,39.9243]],[[-85.842512,39.929324],[-85.841146,39.928726],[-85.841176,39.929339],[-85.842512,39.929324]],[[-85.842477,39.914735],[-85.842472,39.914108],[-85.840799,39.914756],[-85.842477,39.914735]],[[-85.836118,39.909789],[-85.833203,39.90999],[-85.83327,39.911007],[-85.835016,39.910937],[-85.836118,39.909789]],[[-85.831589,39.936733],[-85.832644,39.93632],[-85.831585,39.936332],[-85.831589,39.936733]]]}},{"type":"Feature","properties":{"NAME":"Spurgeon","state_abbr":"IN","state_name":"Indiana","ALAND":454236},"geometry":{"type":"Polygon","coordinates":[[[-87.261324,38.250791],[-87.261242,38.260294],[-87.256251,38.26028],[-87.256752,38.253487],[-87.255227,38.251204],[-87.261324,38.250791]]]}},{"type":"Feature","properties":{"NAME":"Spring Lake","state_abbr":"IN","state_name":"Indiana","ALAND":395375},"geometry":{"type":"Polygon","coordinates":[[[-85.858935,39.774329],[-85.857489,39.778903],[-85.849049,39.779323],[-85.848947,39.774358],[-85.858935,39.774329]]]}},{"type":"Feature","properties":{"NAME":"New Haven","state_abbr":"IN","state_name":"Indiana","ALAND":30823085},"geometry":{"type":"Polygon","coordinates":[[[-85.07782,41.074593],[-85.055123,41.07461],[-85.053209,41.074966],[-85.053248,41.076769],[-85.046845,41.076915],[-85.04683,41.074248],[-85.041564,41.074267],[-85.033892,41.074728],[-85.033909,41.077195],[-85.030204,41.077269],[-85.030284,41.079788],[-85.02639,41.080294],[-85.026068,41.09248],[-85.02401,41.092536],[-85.024173,41.096166],[-85.02529,41.09615],[-85.02546,41.099763],[-85.031428,41.099666],[-85.032286,41.107867],[-85.022829,41.114335],[-85.020305,41.114378],[-85.020165,41.110775],[-85.017726,41.110875],[-85.017652,41.109541],[-85.022421,41.109365],[-85.021847,41.099859],[-85.01237,41.100226],[-85.012192,41.097041],[-85.013908,41.092793],[-85.021414,41.092604],[-85.02122,41.090969],[-85.015848,41.091105],[-85.016749,41.085739],[-85.019729,41.08609],[-85.020367,41.084422],[-85.01539,41.083905],[-85.015499,41.086081],[-85.009612,41.087843],[-85.009442,41.085042],[-85.006642,41.086571],[-85.00305,41.085505],[-85.003406,41.089123],[-85.001843,41.089873],[-85.001507,41.082755],[-84.999528,41.082747],[-84.998786,41.077733],[-84.995986,41.077817],[-84.995858,41.074207],[-84.9905,41.074391],[-84.990364,41.077996],[-84.981644,41.078262],[-84.981439,41.073082],[-84.966282,41.078671],[-84.923829,41.079805],[-84.923511,41.073106],[-84.981382,41.071904],[-84.981076,41.063692],[-84.968914,41.064072],[-84.966674,41.062859],[-84.966476,41.056932],[-84.971568,41.057517],[-84.971539,41.056508],[-84.975155,41.058554],[-84.976019,41.056671],[-84.980837,41.056548],[-84.980988,41.061034],[-85.001092,41.063982],[-85.000787,41.041666],[-85.010488,41.041416],[-85.010717,41.048693],[-85.013123,41.04865],[-85.015487,41.048597],[-85.015264,41.041362],[-85.023793,41.041166],[-85.025206,41.054036],[-85.028443,41.05559],[-85.046524,41.055174],[-85.046418,41.05059],[-85.053525,41.0499],[-85.053492,41.047764],[-85.040778,41.048082],[-85.0416,41.053049],[-85.039254,41.053102],[-85.039098,41.048123],[-85.037322,41.046479],[-85.034395,41.047481],[-85.034309,41.044591],[-85.039029,41.044495],[-85.038705,41.033609],[-85.053027,41.033257],[-85.042454,41.038543],[-85.063058,41.047814],[-85.063459,41.062058],[-85.077667,41.061722],[-85.07782,41.074593]],[[-85.023963,41.049365],[-85.022777,41.048452],[-85.022784,41.049388],[-85.023963,41.049365]],[[-85.022185,41.049099],[-85.021601,41.048473],[-85.021625,41.04911],[-85.022185,41.049099]],[[-85.010717,41.048693],[-85.00585,41.04883],[-85.005852,41.049431],[-85.009464,41.04933],[-85.010765,41.050865],[-85.010717,41.048693]]]}},{"type":"Feature","properties":{"NAME":"Woodburn","state_abbr":"IN","state_name":"Indiana","ALAND":2495399},"geometry":{"type":"Polygon","coordinates":[[[-84.867108,41.12479],[-84.862338,41.12556],[-84.862512,41.131119],[-84.85686,41.131459],[-84.858346,41.133179],[-84.852906,41.12933],[-84.848088,41.129257],[-84.843345,41.131299],[-84.847327,41.131752],[-84.848273,41.137514],[-84.838778,41.139899],[-84.838333,41.125352],[-84.847982,41.124559],[-84.847181,41.121508],[-84.857424,41.120694],[-84.858977,41.120814],[-84.859054,41.12371],[-84.866982,41.121112],[-84.867108,41.12479]]]}},{"type":"Feature","properties":{"NAME":"Waveland","state_abbr":"IN","state_name":"Indiana","ALAND":798738},"geometry":{"type":"Polygon","coordinates":[[[-87.053905,39.879041],[-87.04947,39.878011],[-87.048535,39.881543],[-87.038043,39.879323],[-87.037235,39.882422],[-87.034919,39.87823],[-87.041315,39.876706],[-87.041524,39.874802],[-87.05385,39.874263],[-87.053905,39.879041]]]}},{"type":"Feature","properties":{"NAME":"Waynetown","state_abbr":"IN","state_name":"Indiana","ALAND":1152456},"geometry":{"type":"Polygon","coordinates":[[[-87.074368,40.086668],[-87.073103,40.090638],[-87.068446,40.091358],[-87.068467,40.094961],[-87.058999,40.091053],[-87.058997,40.08272],[-87.068434,40.082726],[-87.06844,40.085533],[-87.074368,40.086668]]]}},{"type":"Feature","properties":{"NAME":"Evansville","state_abbr":"IN","state_name":"Indiana","ALAND":122648922},"geometry":{"type":"Polygon","coordinates":[[[-87.637534,37.953883],[-87.636825,37.97954],[-87.622397,37.978806],[-87.619577,37.976442],[-87.619362,37.982994],[-87.627612,37.986673],[-87.62746,37.992684],[-87.61832,37.994971],[-87.618219,37.998922],[-87.609727,37.996949],[-87.607788,37.998461],[-87.610199,38.00318],[-87.602805,38.000753],[-87.588048,38.000106],[-87.584872,38.003189],[-87.586899,38.006943],[-87.588267,38.036688],[-87.582143,38.035959],[-87.573727,38.039955],[-87.574012,38.041225],[-87.569001,38.039782],[-87.569015,38.037563],[-87.570474,38.037206],[-87.564209,38.035718],[-87.562153,38.033729],[-87.559583,38.033828],[-87.555397,38.037572],[-87.546603,38.03782],[-87.538478,38.041942],[-87.536975,38.049279],[-87.539872,38.050175],[-87.536514,38.050201],[-87.536897,38.053783],[-87.531543,38.053702],[-87.529684,38.051757],[-87.531224,38.050054],[-87.520582,38.049919],[-87.518852,38.051268],[-87.519635,38.053199],[-87.518084,38.053554],[-87.521228,38.05492],[-87.51486,38.054831],[-87.513362,38.057094],[-87.504854,38.056048],[-87.505325,38.052236],[-87.509579,38.0494],[-87.512585,38.049277],[-87.51451,38.03678],[-87.516786,38.036719],[-87.516816,38.035303],[-87.526775,38.035436],[-87.53263,38.027976],[-87.519358,38.027928],[-87.519476,38.022479],[-87.514929,38.022433],[-87.515045,38.015109],[-87.510478,38.014682],[-87.510931,38.013201],[-87.501396,38.013124],[-87.497204,38.010985],[-87.49459,38.013667],[-87.49273,38.020666],[-87.470111,38.020346],[-87.466769,38.013125],[-87.450153,38.012992],[-87.45057,37.955037],[-87.488206,37.954975],[-87.48824,37.95333],[-87.480701,37.948663],[-87.480708,37.947734],[-87.48494,37.949484],[-87.484965,37.947756],[-87.492948,37.94779],[-87.492959,37.939183],[-87.514372,37.939961],[-87.533543,37.935811],[-87.54886,37.940897],[-87.556031,37.946713],[-87.566471,37.951006],[-87.57321,37.950227],[-87.573567,37.951722],[-87.577511,37.951661],[-87.574513,37.958296],[-87.575354,37.966661],[-87.57823,37.97054],[-87.587408,37.975276],[-87.594844,37.975109],[-87.600101,37.972507],[-87.603368,37.966931],[-87.607212,37.967068],[-87.610141,37.963193],[-87.609672,37.957723],[-87.617035,37.95316],[-87.637534,37.953883]]]}},{"type":"Feature","properties":{"NAME":"Larwill","state_abbr":"IN","state_name":"Indiana","ALAND":464831},"geometry":{"type":"Polygon","coordinates":[[[-85.629956,41.180032],[-85.628139,41.180176],[-85.62646,41.183814],[-85.624724,41.183819],[-85.624758,41.181456],[-85.615913,41.178292],[-85.625322,41.175927],[-85.629956,41.180032]]]}},{"type":"Feature","properties":{"NAME":"Mishawaka","state_abbr":"IN","state_name":"Indiana","ALAND":46694802},"geometry":{"type":"Polygon","coordinates":[[[-86.215806,41.661359],[-86.205091,41.65876],[-86.19645,41.660526],[-86.196325,41.70996],[-86.198499,41.709269],[-86.198567,41.712895],[-86.19734,41.712904],[-86.197175,41.715591],[-86.194693,41.714749],[-86.194647,41.711101],[-86.191949,41.709341],[-86.191992,41.715768],[-86.197053,41.715699],[-86.196063,41.716511],[-86.197452,41.718801],[-86.19419,41.718762],[-86.196278,41.720169],[-86.191612,41.721424],[-86.188886,41.727963],[-86.187853,41.725086],[-86.182995,41.724915],[-86.18309,41.730286],[-86.178239,41.73035],[-86.178252,41.731398],[-86.173375,41.730596],[-86.173266,41.725812],[-86.168435,41.725882],[-86.168405,41.724098],[-86.160632,41.725257],[-86.159358,41.724211],[-86.162965,41.722196],[-86.16344,41.719741],[-86.155515,41.724249],[-86.159875,41.725406],[-86.159907,41.726952],[-86.158737,41.728496],[-86.153908,41.728539],[-86.153332,41.735974],[-86.1506,41.735524],[-86.142274,41.727944],[-86.1442,41.727935],[-86.144124,41.724308],[-86.148967,41.7243],[-86.148996,41.727128],[-86.158362,41.721533],[-86.157713,41.719391],[-86.155074,41.72093],[-86.140687,41.7207],[-86.140335,41.718934],[-86.144402,41.713395],[-86.148805,41.713371],[-86.14995,41.709715],[-86.158586,41.709577],[-86.159827,41.708723],[-86.158425,41.706425],[-86.168379,41.707013],[-86.17768,41.702186],[-86.172883,41.700284],[-86.172864,41.698745],[-86.161954,41.698732],[-86.16196,41.699733],[-86.158458,41.700188],[-86.159217,41.698752],[-86.15488,41.698797],[-86.15791,41.692833],[-86.152819,41.692867],[-86.152837,41.695197],[-86.150427,41.695208],[-86.150452,41.698221],[-86.147431,41.698855],[-86.148441,41.692152],[-86.143577,41.692135],[-86.147158,41.691197],[-86.147,41.680752],[-86.14343,41.680784],[-86.143406,41.673347],[-86.140489,41.673313],[-86.140493,41.671044],[-86.138687,41.671041],[-86.13806,41.664051],[-86.133983,41.66429],[-86.113338,41.673319],[-86.100798,41.675203],[-86.09978,41.664744],[-86.098017,41.665094],[-86.099769,41.661813],[-86.105761,41.661617],[-86.105791,41.66335],[-86.107281,41.663348],[-86.109427,41.660632],[-86.114293,41.660169],[-86.114247,41.657148],[-86.116687,41.657065],[-86.116716,41.66057],[-86.122099,41.66036],[-86.122092,41.6589],[-86.138513,41.659614],[-86.137072,41.659362],[-86.138513,41.658468],[-86.137047,41.657475],[-86.138502,41.657008],[-86.133611,41.656198],[-86.133581,41.651438],[-86.131786,41.651448],[-86.129958,41.655148],[-86.123932,41.655249],[-86.123919,41.653507],[-86.119469,41.653586],[-86.119451,41.651674],[-86.114241,41.651751],[-86.1142,41.650041],[-86.113048,41.651767],[-86.109451,41.650732],[-86.109306,41.646597],[-86.114178,41.646563],[-86.114155,41.644422],[-86.138416,41.644192],[-86.138447,41.650498],[-86.14559,41.651359],[-86.145689,41.644111],[-86.150169,41.644095],[-86.150118,41.63865],[-86.152472,41.638698],[-86.152686,41.635056],[-86.154436,41.635054],[-86.154429,41.633262],[-86.157487,41.633248],[-86.157505,41.640399],[-86.162295,41.640375],[-86.162326,41.637936],[-86.160726,41.638674],[-86.160698,41.633178],[-86.162305,41.633162],[-86.162296,41.631305],[-86.157333,41.631339],[-86.157483,41.624365],[-86.17647,41.625944],[-86.182235,41.62487],[-86.182247,41.625942],[-86.179157,41.625944],[-86.179177,41.628828],[-86.177987,41.628833],[-86.179513,41.629471],[-86.180076,41.633459],[-86.176814,41.633423],[-86.176645,41.629945],[-86.171963,41.629568],[-86.172009,41.642018],[-86.174075,41.643333],[-86.176839,41.642573],[-86.176839,41.643982],[-86.186602,41.644538],[-86.186657,41.638901],[-86.184844,41.638905],[-86.185901,41.636903],[-86.201201,41.636871],[-86.201221,41.647795],[-86.215727,41.647614],[-86.215806,41.661359]],[[-86.17565,41.721852],[-86.173232,41.720401],[-86.173236,41.722188],[-86.17565,41.721852]],[[-86.172717,41.693203],[-86.172445,41.684073],[-86.169396,41.684046],[-86.169259,41.680695],[-86.168777,41.684041],[-86.167537,41.684029],[-86.167454,41.680687],[-86.165007,41.684146],[-86.163877,41.680645],[-86.157905,41.680736],[-86.157958,41.683979],[-86.160223,41.683992],[-86.160251,41.68607],[-86.163643,41.686076],[-86.162802,41.689514],[-86.158066,41.689497],[-86.158252,41.69406],[-86.160278,41.691221],[-86.162922,41.691244],[-86.16297,41.69329],[-86.166309,41.693321],[-86.166389,41.694913],[-86.168981,41.694088],[-86.167871,41.693203],[-86.172717,41.693203]],[[-86.168234,41.709578],[-86.16711,41.70958],[-86.167155,41.712802],[-86.161447,41.710604],[-86.16322,41.713255],[-86.168205,41.71326],[-86.168234,41.709578]],[[-86.167216,41.644604],[-86.157518,41.644],[-86.157544,41.647651],[-86.159597,41.648966],[-86.159589,41.647642],[-86.162471,41.647653],[-86.162391,41.644914],[-86.167216,41.644604]],[[-86.166067,41.710213],[-86.166389,41.709586],[-86.166063,41.709589],[-86.166067,41.710213]],[[-86.162912,41.651256],[-86.163908,41.649892],[-86.162902,41.649901],[-86.162912,41.651256]],[[-86.163387,41.708942],[-86.161283,41.708951],[-86.160055,41.708961],[-86.160729,41.709671],[-86.163387,41.708942]],[[-86.159437,41.651267],[-86.15756,41.6499],[-86.157568,41.650608],[-86.159437,41.651267]],[[-86.157892,41.692114],[-86.157662,41.680691],[-86.152917,41.68069],[-86.152002,41.691626],[-86.157892,41.692114]],[[-86.152578,41.680958],[-86.152253,41.680691],[-86.152247,41.680959],[-86.152578,41.680958]],[[-86.168359,41.722985],[-86.169564,41.724084],[-86.169542,41.722979],[-86.168359,41.722985]],[[-86.161184,41.7105],[-86.160935,41.709937],[-86.160115,41.710498],[-86.161184,41.7105]],[[-86.16322,41.713255],[-86.158519,41.713278],[-86.158595,41.716878],[-86.160945,41.71686],[-86.162043,41.7185],[-86.163345,41.715343],[-86.166508,41.71532],[-86.163339,41.715073],[-86.16322,41.713255]]]}},{"type":"Feature","properties":{"NAME":"Gary","state_abbr":"IN","state_name":"Indiana","ALAND":129322611},"geometry":{"type":"MultiPolygon","coordinates":[[[[-87.359249,41.5333],[-87.358034,41.53329],[-87.358033,41.531466],[-87.359223,41.531479],[-87.359249,41.5333]]],[[[-87.43313,41.649979],[-87.421231,41.641],[-87.418974,41.642032],[-87.416854,41.640903],[-87.41137,41.643695],[-87.401031,41.639001],[-87.372066,41.630691],[-87.352172,41.626874],[-87.325119,41.624563],[-87.288831,41.624025],[-87.288809,41.620725],[-87.286353,41.620335],[-87.257361,41.620885],[-87.222642,41.624427],[-87.222221,41.594031],[-87.26634,41.594295],[-87.2663,41.59008],[-87.27523,41.589124],[-87.275217,41.587215],[-87.278765,41.587238],[-87.278753,41.57341],[-87.297977,41.569726],[-87.297929,41.565599],[-87.303796,41.565604],[-87.309881,41.558865],[-87.311146,41.554727],[-87.317195,41.554742],[-87.316735,41.52205],[-87.345797,41.522235],[-87.345927,41.533176],[-87.355605,41.533253],[-87.355819,41.54846],[-87.413075,41.549571],[-87.413073,41.566333],[-87.432538,41.566367],[-87.43313,41.649979]]]]}},{"type":"Feature","properties":{"NAME":"Elizabethtown","state_abbr":"IN","state_name":"Indiana","ALAND":676864},"geometry":{"type":"Polygon","coordinates":[[[-85.817875,39.131862],[-85.817971,39.138516],[-85.811077,39.137023],[-85.811783,39.138705],[-85.808717,39.140773],[-85.807694,39.139265],[-85.810995,39.136971],[-85.803315,39.132151],[-85.817875,39.131862]]]}},{"type":"Feature","properties":{"NAME":"Alfordsville","state_abbr":"IN","state_name":"Indiana","ALAND":170030},"geometry":{"type":"Polygon","coordinates":[[[-86.950624,38.560713],[-86.949708,38.563353],[-86.947468,38.563287],[-86.94598,38.562072],[-86.946604,38.557866],[-86.948138,38.557312],[-86.950624,38.560713]]]}},{"type":"Feature","properties":{"NAME":"Roseland","state_abbr":"IN","state_name":"Indiana","ALAND":977529},"geometry":{"type":"Polygon","coordinates":[[[-86.255428,41.723138],[-86.245639,41.723119],[-86.24554,41.713516],[-86.249035,41.713496],[-86.250129,41.710565],[-86.252306,41.710506],[-86.25523,41.713806],[-86.255428,41.723138]]]}},{"type":"Feature","properties":{"NAME":"Sharpsville","state_abbr":"IN","state_name":"Indiana","ALAND":596702},"geometry":{"type":"Polygon","coordinates":[[[-86.091961,40.378262],[-86.090997,40.383071],[-86.088603,40.383099],[-86.08869,40.38678],[-86.086605,40.386778],[-86.085711,40.380545],[-86.081357,40.379566],[-86.080007,40.375949],[-86.084036,40.376449],[-86.083329,40.375034],[-86.085485,40.375201],[-86.091961,40.378262]]]}},{"type":"Feature","properties":{"NAME":"Dune Acres","state_abbr":"IN","state_name":"Indiana","ALAND":5508059},"geometry":{"type":"Polygon","coordinates":[[[-87.120522,41.653473],[-87.076963,41.667073],[-87.077129,41.654513],[-87.074627,41.654502],[-87.074753,41.651109],[-87.081294,41.651097],[-87.081359,41.638211],[-87.105844,41.630733],[-87.106012,41.64411],[-87.110803,41.644105],[-87.110832,41.640503],[-87.120373,41.640488],[-87.120522,41.653473]]]}},{"type":"Feature","properties":{"NAME":"Cannelburg","state_abbr":"IN","state_name":"Indiana","ALAND":536282},"geometry":{"type":"Polygon","coordinates":[[[-87.003259,38.669595],[-87.00182,38.669695],[-87.001835,38.671275],[-86.993355,38.671435],[-86.993869,38.66347],[-86.99848,38.663412],[-86.998389,38.666404],[-87.002656,38.666558],[-87.003259,38.669595]]]}},{"type":"Feature","properties":{"NAME":"Montgomery","state_abbr":"IN","state_name":"Indiana","ALAND":4186014},"geometry":{"type":"Polygon","coordinates":[[[-87.067011,38.663098],[-87.058642,38.665017],[-87.058448,38.669655],[-87.05328,38.669679],[-87.051744,38.672683],[-87.050209,38.672689],[-87.050151,38.6749],[-87.045709,38.67534],[-87.045777,38.677159],[-87.036767,38.677237],[-87.036802,38.673393],[-87.031929,38.672421],[-87.031972,38.667517],[-87.036613,38.667218],[-87.036654,38.662652],[-87.041317,38.662604],[-87.041369,38.658578],[-87.053806,38.657994],[-87.053867,38.655138],[-87.067028,38.655245],[-87.067011,38.663098]]]}},{"type":"Feature","properties":{"NAME":"Odon","state_abbr":"IN","state_name":"Indiana","ALAND":2405135},"geometry":{"type":"MultiPolygon","coordinates":[[[[-86.999424,38.834546],[-86.996805,38.834647],[-86.996772,38.832966],[-86.999354,38.832905],[-86.999424,38.834546]]],[[[-87.006127,38.845299],[-86.998093,38.844924],[-86.998233,38.848681],[-86.982931,38.848293],[-86.982912,38.846478],[-86.97365,38.846645],[-86.973585,38.843274],[-86.98194,38.841207],[-86.981889,38.837608],[-86.987558,38.838313],[-86.987528,38.83401],[-86.99215,38.834003],[-86.996805,38.834647],[-86.996831,38.836784],[-86.999055,38.836822],[-86.997463,38.837315],[-86.997746,38.843535],[-87.004771,38.843477],[-87.006127,38.845299]]]]}},{"type":"Feature","properties":{"NAME":"Plainville","state_abbr":"IN","state_name":"Indiana","ALAND":893958},"geometry":{"type":"Polygon","coordinates":[[[-87.158782,38.807504],[-87.153993,38.808262],[-87.154297,38.807045],[-87.153089,38.809543],[-87.1464,38.810767],[-87.146104,38.804133],[-87.146798,38.802435],[-87.148901,38.802412],[-87.148818,38.79842],[-87.153091,38.798427],[-87.153056,38.800971],[-87.156383,38.801401],[-87.156663,38.80706],[-87.158782,38.807504]]]}},{"type":"Feature","properties":{"NAME":"Burket","state_abbr":"IN","state_name":"Indiana","ALAND":184736},"geometry":{"type":"Polygon","coordinates":[[[-85.971117,41.15617],[-85.96642,41.157012],[-85.966304,41.153068],[-85.97097,41.153082],[-85.971117,41.15617]]]}},{"type":"Feature","properties":{"NAME":"Valparaiso","state_abbr":"IN","state_name":"Indiana","ALAND":43456314},"geometry":{"type":"Polygon","coordinates":[[[-87.12202,41.498235],[-87.118127,41.49794],[-87.118119,41.495093],[-87.11427,41.49472],[-87.114283,41.499749],[-87.109464,41.499773],[-87.109455,41.507048],[-87.094912,41.507136],[-87.0949,41.499826],[-87.077464,41.499935],[-87.077623,41.50172],[-87.082575,41.501722],[-87.082609,41.507241],[-87.075571,41.507231],[-87.075564,41.503474],[-87.070832,41.501756],[-87.070858,41.507225],[-87.066029,41.506646],[-87.066011,41.509182],[-87.07085,41.509504],[-87.070849,41.510868],[-87.065044,41.511935],[-87.056328,41.510749],[-87.056303,41.507229],[-87.046604,41.507256],[-87.046557,41.499984],[-87.041931,41.499984],[-87.0376,41.507274],[-87.038561,41.507997],[-87.035229,41.51089],[-87.034751,41.514024],[-87.032011,41.514011],[-87.031968,41.512555],[-87.02336,41.512586],[-87.024033,41.50732],[-87.019886,41.507305],[-87.020406,41.505504],[-87.017456,41.505492],[-87.017479,41.507293],[-87.007804,41.507241],[-87.007758,41.499953],[-87.01745,41.5],[-87.017455,41.496372],[-87.023129,41.496388],[-87.024227,41.494281],[-87.024248,41.492791],[-87.022298,41.492784],[-87.022288,41.489557],[-87.027181,41.489585],[-87.027136,41.487426],[-87.020976,41.487708],[-87.02192,41.492861],[-87.020099,41.489092],[-87.01839,41.49219],[-87.014403,41.492733],[-87.015017,41.489066],[-87.012622,41.489066],[-87.01259,41.485401],[-87.008964,41.485398],[-87.008972,41.482951],[-87.012591,41.482958],[-87.013416,41.484297],[-87.014204,41.478147],[-87.017441,41.478977],[-87.019555,41.478165],[-87.019538,41.476395],[-87.007536,41.477168],[-87.007368,41.469832],[-87.017411,41.469026],[-87.01739,41.463584],[-87.011461,41.463557],[-87.011463,41.456282],[-87.023144,41.45631],[-87.024116,41.45284],[-87.018404,41.449848],[-87.006401,41.447112],[-87.005244,41.448967],[-87.00286,41.448958],[-87.002819,41.445656],[-86.988314,41.442747],[-86.988335,41.440745],[-86.981091,41.4418],[-86.980424,41.439149],[-86.978643,41.439053],[-86.978555,41.43135],[-86.987977,41.434344],[-86.993358,41.434376],[-86.993159,41.441659],[-87.002825,41.441689],[-87.002784,41.43905],[-87.014497,41.442668],[-87.014475,41.439127],[-87.012567,41.439039],[-87.012549,41.434434],[-87.013009,41.438562],[-87.026182,41.438589],[-87.027074,41.434488],[-87.036674,41.4345],[-87.03659,41.436039],[-87.032671,41.436054],[-87.031802,41.445375],[-87.027716,41.445376],[-87.027812,41.450742],[-87.034834,41.452168],[-87.034798,41.457934],[-87.037753,41.460078],[-87.042998,41.459989],[-87.053744,41.456676],[-87.062697,41.45877],[-87.06657,41.454391],[-87.069239,41.454299],[-87.073249,41.450659],[-87.080319,41.449469],[-87.080339,41.45882],[-87.084751,41.460978],[-87.094836,41.461333],[-87.094938,41.464943],[-87.089048,41.46497],[-87.093439,41.466462],[-87.094867,41.468914],[-87.093398,41.469708],[-87.108201,41.470819],[-87.108698,41.473822],[-87.114261,41.473757],[-87.114223,41.476571],[-87.104551,41.478088],[-87.104559,41.479435],[-87.08724,41.469712],[-87.087242,41.468527],[-87.080018,41.468625],[-87.076426,41.469114],[-87.075604,41.470877],[-87.080129,41.47331],[-87.079904,41.475262],[-87.075664,41.474441],[-87.075603,41.479028],[-87.085255,41.480583],[-87.085494,41.485365],[-87.090099,41.485334],[-87.090089,41.479761],[-87.098714,41.483639],[-87.101216,41.486123],[-87.101025,41.48846],[-87.103276,41.489231],[-87.103291,41.492553],[-87.11427,41.493996],[-87.114251,41.492498],[-87.121632,41.49247],[-87.12202,41.498235]],[[-87.079316,41.474106],[-87.079041,41.473277],[-87.079044,41.474095],[-87.079316,41.474106]],[[-87.036727,41.504855],[-87.034353,41.504866],[-87.035516,41.500005],[-87.031815,41.500017],[-87.031942,41.503673],[-87.027212,41.503694],[-87.027247,41.507176],[-87.035281,41.507149],[-87.036727,41.504855]],[[-87.030991,41.492787],[-87.027162,41.492703],[-87.027156,41.494706],[-87.024735,41.494691],[-87.024721,41.496395],[-87.027806,41.496403],[-87.027828,41.493285],[-87.030991,41.492787]],[[-87.02711,41.473335],[-87.027107,41.471339],[-87.022265,41.471671],[-87.022269,41.473522],[-87.02711,41.473335]],[[-87.023698,41.463603],[-87.019793,41.463591],[-87.019814,41.467752],[-87.022125,41.466725],[-87.023698,41.463603]]]}},{"type":"Feature","properties":{"NAME":"Borden","state_abbr":"IN","state_name":"Indiana","ALAND":3604815},"geometry":{"type":"Polygon","coordinates":[[[-85.973783,38.479447],[-85.973828,38.488732],[-85.969339,38.488804],[-85.968694,38.485403],[-85.964189,38.485368],[-85.970164,38.48131],[-85.962613,38.474766],[-85.960835,38.47408],[-85.960058,38.476082],[-85.954859,38.476272],[-85.951489,38.472035],[-85.951428,38.473216],[-85.951145,38.470131],[-85.948357,38.470338],[-85.948812,38.474693],[-85.939487,38.474864],[-85.93926,38.470593],[-85.936379,38.469492],[-85.936927,38.464684],[-85.934948,38.461139],[-85.934985,38.462733],[-85.92739,38.462035],[-85.928331,38.458659],[-85.921751,38.457551],[-85.92214,38.455886],[-85.929045,38.453092],[-85.937628,38.457838],[-85.940873,38.464238],[-85.951525,38.465987],[-85.951647,38.467237],[-85.970887,38.476313],[-85.973783,38.479447]]]}},{"type":"Feature","properties":{"NAME":"Sellersburg","state_abbr":"IN","state_name":"Indiana","ALAND":19195303},"geometry":{"type":"Polygon","coordinates":[[[-85.809003,38.4407],[-85.803627,38.444844],[-85.802695,38.443845],[-85.796837,38.44665],[-85.761244,38.407424],[-85.756851,38.409447],[-85.75267,38.408665],[-85.750832,38.397474],[-85.745832,38.399004],[-85.743734,38.395089],[-85.748285,38.392537],[-85.744621,38.388519],[-85.740386,38.387332],[-85.737363,38.383453],[-85.730075,38.379336],[-85.735756,38.376617],[-85.738004,38.379314],[-85.740535,38.376979],[-85.73878,38.374861],[-85.746496,38.370577],[-85.745937,38.367535],[-85.747972,38.366475],[-85.746189,38.364203],[-85.748059,38.363139],[-85.749859,38.362177],[-85.753281,38.366662],[-85.755673,38.365302],[-85.755354,38.362296],[-85.758171,38.363861],[-85.762112,38.361563],[-85.766472,38.36715],[-85.756561,38.371464],[-85.759087,38.381275],[-85.761649,38.38068],[-85.763768,38.383345],[-85.761968,38.38439],[-85.763285,38.385903],[-85.766449,38.386617],[-85.768646,38.380673],[-85.766965,38.379933],[-85.769031,38.379908],[-85.767192,38.379009],[-85.769302,38.379451],[-85.770182,38.37799],[-85.768597,38.376291],[-85.774881,38.378174],[-85.769789,38.381094],[-85.77164,38.384695],[-85.77647,38.383083],[-85.777953,38.384823],[-85.787892,38.37838],[-85.790234,38.381023],[-85.773308,38.390514],[-85.779359,38.395782],[-85.781686,38.394465],[-85.783154,38.395321],[-85.781197,38.397449],[-85.784904,38.401283],[-85.779488,38.404064],[-85.804039,38.430416],[-85.808939,38.436686],[-85.809003,38.4407]],[[-85.765299,38.400042],[-85.765547,38.399441],[-85.765171,38.399495],[-85.765299,38.400042]],[[-85.765158,38.400117],[-85.764672,38.400179],[-85.764714,38.400368],[-85.765158,38.400117]],[[-85.761276,38.392532],[-85.763735,38.390475],[-85.760312,38.392377],[-85.761276,38.392532]],[[-85.735596,38.379724],[-85.734787,38.379646],[-85.73505,38.379999],[-85.735596,38.379724]]]}},{"type":"Feature","properties":{"NAME":"Jeffersonville","state_abbr":"IN","state_name":"Indiana","ALAND":88257935},"geometry":{"type":"Polygon","coordinates":[[[-85.757401,38.290146],[-85.754387,38.298037],[-85.752313,38.296456],[-85.751221,38.323418],[-85.744644,38.359143],[-85.738917,38.354486],[-85.7356,38.356054],[-85.734782,38.360112],[-85.729844,38.363723],[-85.732596,38.369212],[-85.733262,38.374224],[-85.731896,38.376113],[-85.726925,38.37109],[-85.720903,38.371458],[-85.733949,38.383763],[-85.724283,38.379998],[-85.71906,38.393001],[-85.72219,38.395948],[-85.716263,38.399227],[-85.714786,38.397543],[-85.707203,38.402732],[-85.704024,38.399241],[-85.712129,38.394542],[-85.703582,38.385072],[-85.707451,38.382846],[-85.696633,38.37472],[-85.69817,38.37354],[-85.696064,38.371237],[-85.698303,38.367027],[-85.697327,38.366667],[-85.689929,38.380283],[-85.683614,38.385579],[-85.686549,38.388894],[-85.683957,38.393765],[-85.685687,38.396017],[-85.685056,38.397646],[-85.682304,38.396957],[-85.681001,38.39938],[-85.67727,38.398213],[-85.676571,38.400811],[-85.670742,38.393505],[-85.665101,38.397381],[-85.660724,38.391688],[-85.657333,38.39358],[-85.658405,38.394664],[-85.653976,38.398609],[-85.650259,38.394112],[-85.644226,38.398427],[-85.640304,38.399357],[-85.632827,38.395641],[-85.635049,38.388905],[-85.640279,38.389871],[-85.647743,38.380413],[-85.643089,38.369663],[-85.642986,38.357969],[-85.645715,38.359185],[-85.646726,38.356584],[-85.654119,38.350119],[-85.662369,38.351621],[-85.666346,38.349331],[-85.668612,38.34658],[-85.663124,38.340828],[-85.675072,38.335706],[-85.667961,38.32761],[-85.669685,38.326244],[-85.66581,38.32188],[-85.662781,38.324486],[-85.659334,38.319722],[-85.670221,38.308267],[-85.673762,38.302247],[-85.685208,38.294692],[-85.743475,38.267294],[-85.751202,38.26794],[-85.749897,38.28045],[-85.751958,38.282556],[-85.751278,38.284511],[-85.754596,38.285689],[-85.752658,38.286769],[-85.752621,38.291848],[-85.757401,38.290146]]]}},{"type":"Feature","properties":{"NAME":"Utica","state_abbr":"IN","state_name":"Indiana","ALAND":3085813},"geometry":{"type":"MultiPolygon","coordinates":[[[[-85.639115,38.382436],[-85.637183,38.383261],[-85.637435,38.382294],[-85.639115,38.382436]]],[[[-85.639651,38.374479],[-85.638338,38.376105],[-85.638524,38.374528],[-85.639651,38.374479]]],[[[-85.65416,38.341831],[-85.652775,38.343683],[-85.652286,38.342952],[-85.65416,38.341831]]],[[[-85.66046,38.340926],[-85.65809,38.342345],[-85.657278,38.341623],[-85.659582,38.34025],[-85.66046,38.340926]]],[[[-85.66164,38.33893],[-85.659582,38.34025],[-85.658286,38.339227],[-85.660437,38.337877],[-85.66164,38.33893]]],[[[-85.663616,38.350903],[-85.654119,38.350119],[-85.646726,38.356584],[-85.645715,38.359185],[-85.643218,38.358093],[-85.642627,38.352483],[-85.644523,38.346007],[-85.653423,38.348741],[-85.659143,38.343188],[-85.661796,38.346907],[-85.660272,38.348619],[-85.663616,38.350903]]],[[[-85.666497,38.347316],[-85.665356,38.348032],[-85.664634,38.34573],[-85.665724,38.34511],[-85.666497,38.347316]]],[[[-85.664796,38.342553],[-85.665724,38.34511],[-85.663979,38.343018],[-85.664796,38.342553]]],[[[-85.670052,38.330746],[-85.662025,38.333332],[-85.661858,38.337065],[-85.656038,38.334269],[-85.656123,38.33757],[-85.658219,38.339174],[-85.654781,38.341488],[-85.653825,38.340758],[-85.65416,38.341831],[-85.650832,38.340931],[-85.650832,38.342241],[-85.649087,38.340864],[-85.648199,38.343023],[-85.646539,38.341798],[-85.652264,38.328792],[-85.659334,38.319722],[-85.662781,38.324486],[-85.66581,38.32188],[-85.669685,38.326244],[-85.667915,38.327522],[-85.670052,38.330746]]]]}},{"type":"Feature","properties":{"NAME":"Clarksville","state_abbr":"IN","state_name":"Indiana","ALAND":26002837},"geometry":{"type":"Polygon","coordinates":[[[-85.79715,38.332478],[-85.794848,38.334234],[-85.783649,38.327704],[-85.775869,38.332758],[-85.782148,38.33995],[-85.78148,38.341873],[-85.769821,38.34364],[-85.768824,38.345754],[-85.758102,38.351824],[-85.768777,38.364112],[-85.771585,38.362574],[-85.772802,38.363961],[-85.771294,38.364735],[-85.774716,38.366101],[-85.770613,38.368553],[-85.773782,38.372128],[-85.769707,38.369046],[-85.766864,38.370578],[-85.772945,38.375545],[-85.778623,38.37056],[-85.783674,38.378662],[-85.787892,38.37838],[-85.777953,38.384823],[-85.77647,38.383083],[-85.77164,38.384695],[-85.769804,38.381157],[-85.774304,38.377468],[-85.772779,38.378311],[-85.768597,38.376291],[-85.770182,38.37799],[-85.769302,38.379451],[-85.767081,38.379182],[-85.758929,38.371264],[-85.766472,38.36715],[-85.762112,38.361563],[-85.758171,38.363861],[-85.755354,38.362296],[-85.751848,38.36449],[-85.748004,38.360074],[-85.744804,38.360906],[-85.75148,38.320854],[-85.75291,38.317457],[-85.760504,38.311024],[-85.756693,38.307504],[-85.754737,38.308409],[-85.756482,38.307278],[-85.755404,38.306167],[-85.753773,38.307039],[-85.752596,38.305908],[-85.753597,38.299394],[-85.758789,38.291252],[-85.755215,38.286862],[-85.75687,38.290095],[-85.75299,38.291558],[-85.753021,38.286866],[-85.754575,38.285494],[-85.751278,38.284511],[-85.751958,38.282556],[-85.749897,38.28045],[-85.751202,38.26794],[-85.760922,38.271914],[-85.76664,38.276338],[-85.766176,38.280249],[-85.773074,38.285761],[-85.781188,38.288307],[-85.791038,38.287571],[-85.790792,38.2982],[-85.788045,38.298646],[-85.791061,38.298764],[-85.791495,38.30078],[-85.787066,38.302467],[-85.791449,38.306101],[-85.786005,38.30996],[-85.788296,38.312284],[-85.786192,38.313464],[-85.789267,38.316897],[-85.786768,38.317459],[-85.784747,38.314343],[-85.783454,38.314616],[-85.781804,38.31603],[-85.783059,38.317785],[-85.780939,38.318274],[-85.782976,38.32067],[-85.779016,38.319315],[-85.782438,38.323993],[-85.784947,38.322489],[-85.794087,38.324845],[-85.79715,38.332478]],[[-85.789515,38.300994],[-85.787533,38.298767],[-85.781792,38.302843],[-85.785782,38.302694],[-85.789515,38.300994]],[[-85.778306,38.317917],[-85.778897,38.317315],[-85.77817,38.31771],[-85.778306,38.317917]]]}},{"type":"Feature","properties":{"NAME":"Bedford","state_abbr":"IN","state_name":"Indiana","ALAND":31623689},"geometry":{"type":"Polygon","coordinates":[[[-86.526354,38.836283],[-86.526251,38.868208],[-86.523626,38.868175],[-86.522432,38.875539],[-86.517819,38.875519],[-86.516529,38.879181],[-86.507176,38.880915],[-86.507195,38.886331],[-86.493396,38.88641],[-86.493421,38.882789],[-86.450039,38.883004],[-86.44951,38.859607],[-86.438136,38.860858],[-86.438015,38.855749],[-86.440637,38.85675],[-86.443473,38.854237],[-86.449204,38.855579],[-86.449233,38.84691],[-86.493029,38.846645],[-86.491518,38.842177],[-86.49488,38.838636],[-86.495603,38.83407],[-86.504253,38.825589],[-86.508223,38.824935],[-86.507372,38.827143],[-86.512472,38.825833],[-86.515458,38.831273],[-86.526354,38.836283]]]}},{"type":"Feature","properties":{"NAME":"Oolitic","state_abbr":"IN","state_name":"Indiana","ALAND":1727478},"geometry":{"type":"Polygon","coordinates":[[[-86.53584,38.897732],[-86.532659,38.898539],[-86.533753,38.900636],[-86.527328,38.900759],[-86.527344,38.902908],[-86.525933,38.903001],[-86.516044,38.889474],[-86.519055,38.889762],[-86.520176,38.886069],[-86.52245,38.885418],[-86.522499,38.882492],[-86.525685,38.882589],[-86.525538,38.889673],[-86.530637,38.891127],[-86.531851,38.89478],[-86.533381,38.894333],[-86.534414,38.897492],[-86.53584,38.897732]]]}},{"type":"Feature","properties":{"NAME":"Greentown","state_abbr":"IN","state_name":"Indiana","ALAND":3580484},"geometry":{"type":"MultiPolygon","coordinates":[[[[-85.956673,40.451659],[-85.955006,40.454657],[-85.953184,40.454642],[-85.95309,40.451604],[-85.956673,40.451659]]],[[[-85.966445,40.471457],[-85.961732,40.471535],[-85.961683,40.46793],[-85.966411,40.467873],[-85.966445,40.471457]]],[[[-85.978024,40.476269],[-85.974872,40.47537],[-85.972654,40.47543],[-85.977411,40.477004],[-85.977056,40.48036],[-85.976009,40.477357],[-85.973028,40.479395],[-85.974152,40.482171],[-85.973022,40.485151],[-85.975715,40.485151],[-85.975877,40.487267],[-85.966579,40.487903],[-85.966587,40.485183],[-85.957044,40.485193],[-85.957069,40.481678],[-85.947557,40.484219],[-85.947577,40.480691],[-85.949941,40.478008],[-85.949397,40.474113],[-85.9475,40.474137],[-85.949344,40.473974],[-85.949328,40.472166],[-85.947444,40.471555],[-85.95461,40.471534],[-85.955349,40.469895],[-85.956991,40.470152],[-85.95691,40.465713],[-85.958139,40.465717],[-85.958385,40.471544],[-85.961732,40.471535],[-85.961762,40.473351],[-85.966518,40.474041],[-85.967769,40.471482],[-85.973337,40.471273],[-85.978024,40.476269]],[[-85.957086,40.479038],[-85.953771,40.478956],[-85.953768,40.479072],[-85.955273,40.479508],[-85.957086,40.479038]],[[-85.956356,40.476901],[-85.956251,40.476638],[-85.95626,40.477454],[-85.956356,40.476901]],[[-85.953726,40.478006],[-85.955505,40.47739],[-85.953739,40.477377],[-85.953726,40.478006]],[[-85.953582,40.478006],[-85.953051,40.477446],[-85.953047,40.478007],[-85.953582,40.478006]]]]}},{"type":"Feature","properties":{"NAME":"Rising Sun","state_abbr":"IN","state_name":"Indiana","ALAND":3890576},"geometry":{"type":"Polygon","coordinates":[[[-84.870769,38.949928],[-84.862343,38.959423],[-84.866077,38.959167],[-84.8662,38.961027],[-84.856785,38.961371],[-84.856322,38.959313],[-84.85072,38.959343],[-84.850179,38.964071],[-84.848973,38.962556],[-84.844258,38.962531],[-84.843844,38.96494],[-84.841255,38.965013],[-84.841109,38.959849],[-84.833289,38.960016],[-84.840812,38.95359],[-84.842231,38.954631],[-84.840881,38.958131],[-84.841962,38.958157],[-84.843266,38.954559],[-84.841224,38.95311],[-84.849429,38.948132],[-84.856263,38.940677],[-84.859933,38.94261],[-84.86275,38.939586],[-84.865351,38.941069],[-84.862659,38.94449],[-84.870769,38.949928]]]}},{"type":"Feature","properties":{"NAME":"Cedar Lake","state_abbr":"IN","state_name":"Indiana","ALAND":23835825},"geometry":{"type":"Polygon","coordinates":[[[-87.479705,41.388607],[-87.479652,41.395668],[-87.472031,41.395621],[-87.472021,41.394234],[-87.47004,41.394222],[-87.471535,41.392838],[-87.470022,41.391969],[-87.427455,41.391717],[-87.426364,41.393496],[-87.423845,41.393491],[-87.421555,41.393466],[-87.421555,41.391671],[-87.411937,41.391581],[-87.411901,41.376999],[-87.40225,41.376922],[-87.402257,41.369699],[-87.399878,41.369715],[-87.399817,41.362363],[-87.411887,41.362453],[-87.411886,41.358806],[-87.409987,41.358795],[-87.408858,41.35709],[-87.41014,41.355825],[-87.408672,41.355281],[-87.41195,41.352293],[-87.411927,41.347865],[-87.397516,41.347803],[-87.39744,41.344451],[-87.402309,41.344456],[-87.402229,41.340803],[-87.410223,41.340824],[-87.412498,41.346738],[-87.42156,41.347919],[-87.421491,41.340862],[-87.428752,41.340884],[-87.428762,41.342697],[-87.431177,41.3427],[-87.431227,41.348009],[-87.443555,41.348073],[-87.44093,41.345672],[-87.440744,41.337346],[-87.443592,41.337378],[-87.44363,41.339047],[-87.445636,41.339071],[-87.445668,41.337402],[-87.45045,41.337469],[-87.450626,41.344796],[-87.455441,41.344772],[-87.455427,41.353609],[-87.47001,41.353613],[-87.470008,41.357326],[-87.462636,41.359],[-87.462648,41.362758],[-87.465117,41.36346],[-87.465138,41.366412],[-87.470063,41.366416],[-87.470109,41.368836],[-87.468323,41.368854],[-87.468329,41.37008],[-87.474803,41.37013],[-87.4752,41.388345],[-87.479705,41.388607]],[[-87.46313,41.367454],[-87.463027,41.367294],[-87.462924,41.367455],[-87.46313,41.367454]],[[-87.455443,41.35543],[-87.450582,41.355394],[-87.450582,41.362673],[-87.455402,41.362709],[-87.455443,41.35543]],[[-87.452193,41.353711],[-87.450587,41.353105],[-87.450585,41.353706],[-87.452193,41.353711]],[[-87.411929,41.347119],[-87.412147,41.347865],[-87.413527,41.347876],[-87.411929,41.347119]],[[-87.415956,41.347798],[-87.414127,41.347271],[-87.4139,41.347463],[-87.414296,41.347881],[-87.415956,41.347798]],[[-87.450626,41.344796],[-87.448902,41.344769],[-87.449258,41.347618],[-87.450671,41.347618],[-87.450626,41.344796]]]}},{"type":"Feature","properties":{"NAME":"Russiaville","state_abbr":"IN","state_name":"Indiana","ALAND":2316780},"geometry":{"type":"Polygon","coordinates":[[[-86.285556,40.416525],[-86.276764,40.416614],[-86.279482,40.417307],[-86.276803,40.418294],[-86.276837,40.422939],[-86.278591,40.424353],[-86.276166,40.424629],[-86.27615,40.426729],[-86.272563,40.426772],[-86.272527,40.428088],[-86.261908,40.428428],[-86.261899,40.42482],[-86.259827,40.424809],[-86.259811,40.422273],[-86.261888,40.422284],[-86.261897,40.424312],[-86.266621,40.42424],[-86.266623,40.420229],[-86.2619,40.419376],[-86.261191,40.417602],[-86.26833,40.414926],[-86.26832,40.413164],[-86.270878,40.412059],[-86.285575,40.410043],[-86.285556,40.416525]]]}},{"type":"Feature","properties":{"NAME":"Milltown","state_abbr":"IN","state_name":"Indiana","ALAND":3452504},"geometry":{"type":"Polygon","coordinates":[[[-86.288459,38.336168],[-86.288367,38.349383],[-86.280386,38.348378],[-86.275602,38.350213],[-86.267308,38.350222],[-86.266851,38.345924],[-86.262728,38.345552],[-86.262818,38.341707],[-86.260129,38.341567],[-86.260128,38.337128],[-86.266533,38.337156],[-86.266738,38.332094],[-86.268902,38.332108],[-86.268913,38.335083],[-86.272979,38.335866],[-86.282005,38.335812],[-86.281967,38.333687],[-86.285243,38.336174],[-86.288459,38.336168]]]}},{"type":"Feature","properties":{"NAME":"Russellville","state_abbr":"IN","state_name":"Indiana","ALAND":521827},"geometry":{"type":"Polygon","coordinates":[[[-86.986427,39.85251],[-86.984994,39.862534],[-86.981435,39.862488],[-86.981427,39.85759],[-86.978642,39.857552],[-86.978606,39.855062],[-86.983315,39.852383],[-86.986427,39.85251]]]}},{"type":"Feature","properties":{"NAME":"Bainbridge","state_abbr":"IN","state_name":"Indiana","ALAND":1037444},"geometry":{"type":"Polygon","coordinates":[[[-86.821085,39.761494],[-86.817208,39.762019],[-86.817027,39.765003],[-86.814776,39.765006],[-86.814088,39.767938],[-86.811794,39.767418],[-86.811815,39.764952],[-86.803664,39.764902],[-86.803626,39.760758],[-86.806931,39.759455],[-86.806882,39.756779],[-86.816551,39.756187],[-86.817404,39.761351],[-86.821085,39.761494]]]}},{"type":"Feature","properties":{"NAME":"Cloverdale","state_abbr":"IN","state_name":"Indiana","ALAND":9033744},"geometry":{"type":"Polygon","coordinates":[[[-86.827647,39.52183],[-86.819656,39.522548],[-86.819587,39.525919],[-86.821145,39.525938],[-86.821118,39.533062],[-86.80476,39.533613],[-86.805794,39.537917],[-86.799543,39.537067],[-86.799535,39.52941],[-86.77373,39.529209],[-86.776909,39.514758],[-86.786179,39.514764],[-86.78624,39.508109],[-86.788974,39.508806],[-86.78963,39.506172],[-86.791242,39.506137],[-86.787805,39.505338],[-86.788225,39.50064],[-86.79503,39.500731],[-86.79501,39.504793],[-86.797006,39.50487],[-86.796968,39.507587],[-86.801837,39.507608],[-86.801362,39.513273],[-86.797949,39.512714],[-86.797754,39.514586],[-86.827485,39.51513],[-86.827647,39.52183]],[[-86.809052,39.525828],[-86.808456,39.525448],[-86.808476,39.525823],[-86.809052,39.525828]],[[-86.788462,39.514792],[-86.792037,39.513582],[-86.788515,39.513018],[-86.788462,39.514792]]]}},{"type":"Feature","properties":{"NAME":"Fillmore","state_abbr":"IN","state_name":"Indiana","ALAND":5046503},"geometry":{"type":"Polygon","coordinates":[[[-86.767252,39.676113],[-86.741368,39.683205],[-86.740962,39.659906],[-86.742835,39.658696],[-86.753218,39.658787],[-86.753204,39.660018],[-86.767239,39.660183],[-86.767252,39.676113]]]}},{"type":"Feature","properties":{"NAME":"Alexandria","state_abbr":"IN","state_name":"Indiana","ALAND":7834168},"geometry":{"type":"MultiPolygon","coordinates":[[[[-85.663438,40.292496],[-85.656415,40.306372],[-85.65293,40.306359],[-85.652708,40.29141],[-85.663438,40.292496]]],[[[-85.669027,40.22336],[-85.665025,40.223364],[-85.665059,40.222068],[-85.669027,40.22207],[-85.669027,40.22336]]],[[[-85.69919,40.266454],[-85.696346,40.266635],[-85.696337,40.267875],[-85.685641,40.268032],[-85.687038,40.270121],[-85.68297,40.270227],[-85.683018,40.273243],[-85.68089,40.273207],[-85.680875,40.274698],[-85.6856,40.274713],[-85.685584,40.277391],[-85.676163,40.275841],[-85.67615,40.277655],[-85.679113,40.277565],[-85.676459,40.278149],[-85.676971,40.280259],[-85.67465,40.28042],[-85.674653,40.278202],[-85.670422,40.278974],[-85.668685,40.274082],[-85.665553,40.274236],[-85.666155,40.270294],[-85.664575,40.269789],[-85.666643,40.269788],[-85.666658,40.268612],[-85.663888,40.268632],[-85.666669,40.263238],[-85.668717,40.263235],[-85.669056,40.261022],[-85.67131,40.260269],[-85.671443,40.258822],[-85.668405,40.258094],[-85.668407,40.255957],[-85.666666,40.255944],[-85.666574,40.252421],[-85.669107,40.252422],[-85.670229,40.249701],[-85.666502,40.249695],[-85.666484,40.248606],[-85.670339,40.248605],[-85.671387,40.246842],[-85.66645,40.246359],[-85.666353,40.241322],[-85.66159,40.241373],[-85.661542,40.237663],[-85.669543,40.237767],[-85.667567,40.236339],[-85.668356,40.23483],[-85.665926,40.234025],[-85.670961,40.233987],[-85.671406,40.237729],[-85.680742,40.237605],[-85.680535,40.252209],[-85.685509,40.252118],[-85.685524,40.261127],[-85.687125,40.26142],[-85.687092,40.259396],[-85.690259,40.26043],[-85.690261,40.262233],[-85.692604,40.262986],[-85.692607,40.264705],[-85.690665,40.264723],[-85.691154,40.266635],[-85.69919,40.266454]],[[-85.669543,40.238452],[-85.66854,40.238463],[-85.669543,40.238987],[-85.669543,40.238452]]],[[[-85.699781,40.266614],[-85.698659,40.266964],[-85.698654,40.266617],[-85.699781,40.266614]]]]}},{"type":"Feature","properties":{"NAME":"Edgewood","state_abbr":"IN","state_name":"Indiana","ALAND":2081237},"geometry":{"type":"Polygon","coordinates":[[[-85.748921,40.105075],[-85.748899,40.110569],[-85.744147,40.110655],[-85.744131,40.112391],[-85.739344,40.112391],[-85.739378,40.108744],[-85.734799,40.108754],[-85.734801,40.106015],[-85.732087,40.106018],[-85.732078,40.108738],[-85.734351,40.108746],[-85.734354,40.110615],[-85.729926,40.109183],[-85.728728,40.097827],[-85.730095,40.097824],[-85.730084,40.095468],[-85.732104,40.095481],[-85.7321,40.094115],[-85.730084,40.094101],[-85.730089,40.091667],[-85.734805,40.090719],[-85.734796,40.09414],[-85.73717,40.094137],[-85.737166,40.097767],[-85.739504,40.097767],[-85.739488,40.101584],[-85.744049,40.101621],[-85.744051,40.105076],[-85.748921,40.105075]]]}},{"type":"Feature","properties":{"NAME":"Frankton","state_abbr":"IN","state_name":"Indiana","ALAND":2741093},"geometry":{"type":"Polygon","coordinates":[[[-85.787806,40.225031],[-85.785797,40.225236],[-85.785791,40.226792],[-85.763952,40.226827],[-85.760173,40.225649],[-85.757774,40.21664],[-85.766348,40.216186],[-85.765022,40.213592],[-85.76816,40.212346],[-85.767687,40.210173],[-85.768742,40.210172],[-85.76874,40.212527],[-85.77105,40.214576],[-85.776982,40.214572],[-85.775015,40.215424],[-85.777976,40.215601],[-85.778191,40.219556],[-85.785746,40.217657],[-85.785724,40.223363],[-85.787495,40.221817],[-85.787806,40.225031]],[[-85.766357,40.217765],[-85.765406,40.216672],[-85.765399,40.217768],[-85.766357,40.217765]]]}},{"type":"Feature","properties":{"NAME":"Ingalls","state_abbr":"IN","state_name":"Indiana","ALAND":7786728},"geometry":{"type":"MultiPolygon","coordinates":[[[[-85.817162,39.951568],[-85.815207,39.951613],[-85.815207,39.950993],[-85.817149,39.94999],[-85.817162,39.951568]]],[[[-85.862246,39.984689],[-85.86224,39.995018],[-85.847864,39.993956],[-85.84794,40.002336],[-85.838449,40.000591],[-85.838448,39.995044],[-85.833737,39.995041],[-85.833727,39.993926],[-85.839502,39.993937],[-85.837829,39.993507],[-85.824314,39.991566],[-85.796188,39.992107],[-85.796238,39.976822],[-85.786817,39.980161],[-85.78678,39.965728],[-85.796221,39.960808],[-85.797025,39.955574],[-85.800956,39.955546],[-85.800948,39.951062],[-85.802624,39.951067],[-85.802576,39.952882],[-85.805493,39.952898],[-85.806112,39.949816],[-85.810445,39.948057],[-85.810415,39.944453],[-85.824033,39.944245],[-85.824907,39.945465],[-85.808017,39.954695],[-85.812962,39.953777],[-85.815115,39.955035],[-85.813995,39.955861],[-85.815179,39.957088],[-85.808025,39.956348],[-85.808062,39.958787],[-85.810401,39.958761],[-85.809641,39.966084],[-85.800996,39.966195],[-85.800941,39.971575],[-85.805639,39.971698],[-85.805609,39.973379],[-85.797643,39.973157],[-85.797664,39.976862],[-85.800947,39.976956],[-85.800907,39.980578],[-85.805583,39.980714],[-85.805494,39.991299],[-85.823962,39.991003],[-85.84315,39.992996],[-85.843153,39.991287],[-85.841838,39.991215],[-85.843186,39.985503],[-85.845459,39.985501],[-85.845458,39.987756],[-85.857527,39.98768],[-85.857518,39.984741],[-85.862246,39.984689]]]]}},{"type":"Feature","properties":{"NAME":"Lapel","state_abbr":"IN","state_name":"Indiana","ALAND":26854964},"geometry":{"type":"Polygon","coordinates":[[[-85.863005,40.065045],[-85.853448,40.065066],[-85.853492,40.069322],[-85.855352,40.070426],[-85.851273,40.070548],[-85.851298,40.073266],[-85.855136,40.074623],[-85.843385,40.077298],[-85.834484,40.081619],[-85.834493,40.074891],[-85.843993,40.073827],[-85.843963,40.068942],[-85.839168,40.069914],[-85.839158,40.060886],[-85.834386,40.060237],[-85.834392,40.058061],[-85.83631,40.058116],[-85.834394,40.057818],[-85.834471,40.05294],[-85.82487,40.052447],[-85.819427,40.049235],[-85.819426,40.046252],[-85.814894,40.046283],[-85.814861,40.002473],[-85.86224,40.002288],[-85.863005,40.065045]],[[-85.854196,40.061886],[-85.853421,40.061337],[-85.853426,40.061888],[-85.854196,40.061886]],[[-85.846164,40.07347],[-85.846233,40.073174],[-85.846162,40.073175],[-85.846164,40.07347]],[[-85.843918,40.063678],[-85.84504,40.051361],[-85.843854,40.051365],[-85.841453,40.054365],[-85.840701,40.059039],[-85.843093,40.060713],[-85.84267,40.062943],[-85.843918,40.063678]]]}},{"type":"Feature","properties":{"NAME":"Markleville","state_abbr":"IN","state_name":"Indiana","ALAND":1443577},"geometry":{"type":"Polygon","coordinates":[[[-85.633719,39.981276],[-85.633706,39.982336],[-85.620468,39.97881],[-85.620472,39.981248],[-85.617526,39.981254],[-85.617513,39.98438],[-85.619287,39.984828],[-85.615541,39.984851],[-85.615101,39.981259],[-85.609758,39.982551],[-85.610649,39.97672],[-85.608335,39.97488],[-85.610437,39.974763],[-85.60976,39.971125],[-85.61453,39.971145],[-85.614534,39.969884],[-85.61544,39.971606],[-85.618532,39.971589],[-85.61933,39.967939],[-85.62353,39.967926],[-85.623511,39.971587],[-85.621359,39.971567],[-85.620504,39.975255],[-85.623014,39.975674],[-85.622497,39.97915],[-85.633719,39.981276]],[[-85.62177,39.978998],[-85.622304,39.978483],[-85.621765,39.978479],[-85.62177,39.978998]],[[-85.621063,39.978861],[-85.620467,39.978028],[-85.620468,39.978734],[-85.621063,39.978861]],[[-85.616423,39.973435],[-85.615804,39.97243],[-85.614553,39.972434],[-85.614543,39.973435],[-85.616423,39.973435]]]}},{"type":"Feature","properties":{"NAME":"Albany","state_abbr":"IN","state_name":"Indiana","ALAND":5130921},"geometry":{"type":"Polygon","coordinates":[[[-85.254503,40.298584],[-85.25621,40.306174],[-85.252141,40.30624],[-85.252142,40.303168],[-85.246783,40.303215],[-85.246845,40.306388],[-85.242067,40.306424],[-85.242098,40.308348],[-85.239363,40.308358],[-85.239359,40.31002],[-85.233212,40.310129],[-85.233219,40.313482],[-85.228498,40.313268],[-85.233213,40.31424],[-85.233244,40.320978],[-85.223792,40.321097],[-85.223708,40.315551],[-85.218918,40.315594],[-85.218717,40.304405],[-85.214659,40.303564],[-85.214608,40.300067],[-85.218643,40.30021],[-85.218619,40.298847],[-85.2242,40.299739],[-85.224196,40.297263],[-85.227926,40.296399],[-85.25035,40.295984],[-85.250324,40.298581],[-85.254503,40.298584]],[[-85.230762,40.317585],[-85.22829,40.31804],[-85.227959,40.319049],[-85.229498,40.319682],[-85.230762,40.317585]]]}},{"type":"Feature","properties":{"NAME":"Chesterfield","state_abbr":"IN","state_name":"Indiana","ALAND":3544646},"geometry":{"type":"Polygon","coordinates":[[[-85.618477,40.115039],[-85.618316,40.116785],[-85.610514,40.11624],[-85.610548,40.117681],[-85.614859,40.118319],[-85.613525,40.121642],[-85.606329,40.119905],[-85.603202,40.12084],[-85.602079,40.120318],[-85.606195,40.118097],[-85.60621,40.116619],[-85.598921,40.11575],[-85.598222,40.12052],[-85.595143,40.119571],[-85.595351,40.116842],[-85.592951,40.116454],[-85.592373,40.117891],[-85.590287,40.117702],[-85.589338,40.121459],[-85.585502,40.119504],[-85.585502,40.114842],[-85.590385,40.113431],[-85.59036,40.10977],[-85.572291,40.116633],[-85.5723,40.113923],[-85.570449,40.113871],[-85.569699,40.11194],[-85.576047,40.111932],[-85.576086,40.106674],[-85.590289,40.106295],[-85.5903,40.104482],[-85.596023,40.104388],[-85.595854,40.106173],[-85.598208,40.106125],[-85.597369,40.109212],[-85.59996,40.108799],[-85.599941,40.107015],[-85.604832,40.106855],[-85.604832,40.113445],[-85.618477,40.115039]]]}},{"type":"Feature","properties":{"NAME":"Daleville","state_abbr":"IN","state_name":"Indiana","ALAND":5512267},"geometry":{"type":"Polygon","coordinates":[[[-85.576054,40.111593],[-85.569699,40.11194],[-85.570449,40.113871],[-85.5723,40.113923],[-85.572291,40.116633],[-85.576011,40.115284],[-85.575837,40.119781],[-85.564038,40.121862],[-85.561723,40.128379],[-85.557084,40.131178],[-85.557026,40.133532],[-85.549881,40.13275],[-85.548907,40.134449],[-85.550095,40.136373],[-85.547392,40.136467],[-85.547364,40.134668],[-85.539901,40.134616],[-85.547003,40.129172],[-85.547087,40.113411],[-85.530546,40.113359],[-85.530498,40.11133],[-85.53755,40.111825],[-85.537536,40.10973],[-85.546945,40.108992],[-85.563116,40.110171],[-85.563197,40.10643],[-85.569075,40.106581],[-85.569089,40.103607],[-85.571481,40.103656],[-85.571373,40.110346],[-85.57605,40.110406],[-85.576054,40.111593]]]}},{"type":"Feature","properties":{"NAME":"Eaton","state_abbr":"IN","state_name":"Indiana","ALAND":9651802},"geometry":{"type":"Polygon","coordinates":[[[-85.371773,40.313335],[-85.36943,40.313332],[-85.369414,40.315109],[-85.369509,40.341837],[-85.371499,40.344493],[-85.365465,40.343201],[-85.360177,40.344245],[-85.360156,40.349434],[-85.357926,40.34948],[-85.358018,40.353076],[-85.350755,40.353004],[-85.350754,40.345797],[-85.34599,40.345887],[-85.345985,40.343181],[-85.343745,40.343167],[-85.345457,40.339237],[-85.341286,40.339207],[-85.341181,40.335918],[-85.341361,40.333415],[-85.350723,40.333937],[-85.350676,40.331096],[-85.35535,40.331118],[-85.355229,40.306015],[-85.349281,40.306007],[-85.349401,40.291759],[-85.368098,40.291555],[-85.3682,40.304082],[-85.369435,40.310844],[-85.371769,40.310404],[-85.371773,40.313335]]]}},{"type":"Feature","properties":{"NAME":"Selma","state_abbr":"IN","state_name":"Indiana","ALAND":2318646},"geometry":{"type":"MultiPolygon","coordinates":[[[[-85.282978,40.193103],[-85.276609,40.196142],[-85.273404,40.195362],[-85.273431,40.196847],[-85.268629,40.196898],[-85.268531,40.194726],[-85.255733,40.193424],[-85.254421,40.190288],[-85.258109,40.190315],[-85.25809,40.192522],[-85.262766,40.192496],[-85.262754,40.19024],[-85.266609,40.190126],[-85.266595,40.185896],[-85.268652,40.185859],[-85.268548,40.180586],[-85.273255,40.180533],[-85.2747,40.189436],[-85.27615,40.189445],[-85.275236,40.190768],[-85.282949,40.190892],[-85.282978,40.193103]],[[-85.272703,40.195382],[-85.273394,40.194552],[-85.272746,40.19464],[-85.272703,40.195382]]],[[[-85.292257,40.189611],[-85.284059,40.18971],[-85.284098,40.187667],[-85.282896,40.187647],[-85.282861,40.184901],[-85.288699,40.185886],[-85.286829,40.178604],[-85.29194,40.178641],[-85.292257,40.189611]]]]}},{"type":"Feature","properties":{"NAME":"Muncie","state_abbr":"IN","state_name":"Indiana","ALAND":70975434},"geometry":{"type":"Polygon","coordinates":[[[-85.471016,40.219337],[-85.466498,40.219334],[-85.466518,40.222741],[-85.45697,40.222731],[-85.45669,40.217664],[-85.447404,40.217138],[-85.44739,40.219081],[-85.452289,40.219087],[-85.4523,40.226158],[-85.443493,40.22315],[-85.443596,40.233584],[-85.447964,40.233755],[-85.447808,40.235589],[-85.442797,40.235931],[-85.442782,40.233541],[-85.435463,40.233482],[-85.435489,40.231079],[-85.427332,40.231097],[-85.427313,40.233507],[-85.411075,40.233439],[-85.415278,40.240755],[-85.405506,40.240732],[-85.40043,40.233472],[-85.358464,40.233586],[-85.358549,40.226368],[-85.345652,40.226417],[-85.336589,40.211111],[-85.336016,40.198183],[-85.334461,40.198153],[-85.33444,40.196767],[-85.329841,40.196936],[-85.329929,40.200728],[-85.320929,40.200773],[-85.320736,40.193356],[-85.32975,40.193295],[-85.329787,40.191311],[-85.346131,40.19161],[-85.346077,40.185617],[-85.351008,40.185604],[-85.342178,40.178427],[-85.340731,40.171466],[-85.344066,40.170524],[-85.342663,40.166888],[-85.348401,40.166006],[-85.348496,40.167774],[-85.352698,40.164369],[-85.353458,40.160271],[-85.362404,40.16022],[-85.36236,40.156468],[-85.382693,40.15648],[-85.380284,40.149195],[-85.390624,40.14922],[-85.390927,40.167416],[-85.40989,40.167444],[-85.409952,40.16927],[-85.419472,40.169219],[-85.420212,40.163813],[-85.424046,40.163808],[-85.423332,40.169195],[-85.42667,40.169175],[-85.426673,40.171106],[-85.433657,40.171085],[-85.433776,40.179948],[-85.452319,40.176673],[-85.452286,40.181051],[-85.45435,40.181083],[-85.454332,40.185654],[-85.442659,40.18563],[-85.442679,40.187554],[-85.44747,40.187056],[-85.447471,40.191115],[-85.445766,40.191116],[-85.445769,40.192873],[-85.442687,40.192469],[-85.442703,40.197686],[-85.461716,40.20277],[-85.461714,40.214908],[-85.471021,40.215909],[-85.471016,40.219337]],[[-85.365326,40.160126],[-85.364728,40.159401],[-85.364734,40.160125],[-85.365326,40.160126]],[[-85.358366,40.207462],[-85.348803,40.207473],[-85.349084,40.219105],[-85.358366,40.219036],[-85.358366,40.207462]]]}},{"type":"Feature","properties":{"NAME":"New Point","state_abbr":"IN","state_name":"Indiana","ALAND":808260},"geometry":{"type":"Polygon","coordinates":[[[-85.338989,39.309243],[-85.337249,39.309227],[-85.338172,39.313073],[-85.33527,39.31308],[-85.335283,39.311218],[-85.331915,39.311301],[-85.332186,39.312506],[-85.330484,39.311341],[-85.324424,39.312103],[-85.324422,39.310989],[-85.316645,39.30941],[-85.316638,39.311581],[-85.313244,39.311555],[-85.313221,39.309226],[-85.314858,39.309268],[-85.313697,39.305579],[-85.316612,39.306149],[-85.31665,39.309241],[-85.322305,39.309268],[-85.323439,39.306798],[-85.325919,39.306709],[-85.333517,39.308504],[-85.338984,39.307945],[-85.3375,39.308669],[-85.338989,39.309243]]]}},{"type":"Feature","properties":{"NAME":"Westport","state_abbr":"IN","state_name":"Indiana","ALAND":2979376},"geometry":{"type":"Polygon","coordinates":[[[-85.584398,39.168513],[-85.584893,39.182958],[-85.577903,39.183145],[-85.577854,39.184857],[-85.576049,39.184893],[-85.575986,39.190611],[-85.573574,39.190593],[-85.573583,39.183027],[-85.564464,39.183365],[-85.564652,39.168892],[-85.584398,39.168513]]]}},{"type":"Feature","properties":{"NAME":"Ambia","state_abbr":"IN","state_name":"Indiana","ALAND":390978},"geometry":{"type":"Polygon","coordinates":[[[-87.519278,40.486198],[-87.520204,40.492234],[-87.512823,40.492067],[-87.512755,40.486676],[-87.519278,40.486198]]]}},{"type":"Feature","properties":{"NAME":"Oxford","state_abbr":"IN","state_name":"Indiana","ALAND":1418260},"geometry":{"type":"Polygon","coordinates":[[[-87.254681,40.513906],[-87.255037,40.523651],[-87.253221,40.523636],[-87.252506,40.526214],[-87.2477,40.526757],[-87.249322,40.531698],[-87.245601,40.531738],[-87.243625,40.522572],[-87.240638,40.521134],[-87.240547,40.516979],[-87.242451,40.516989],[-87.242457,40.51536],[-87.250072,40.515405],[-87.252779,40.517549],[-87.253106,40.513944],[-87.254681,40.513906]]]}},{"type":"Feature","properties":{"NAME":"Carthage","state_abbr":"IN","state_name":"Indiana","ALAND":1463888},"geometry":{"type":"Polygon","coordinates":[[[-85.582458,39.727887],[-85.577515,39.734254],[-85.578319,39.734975],[-85.573668,39.738543],[-85.56932,39.747053],[-85.566597,39.747412],[-85.566529,39.742845],[-85.56262,39.742798],[-85.564948,39.741746],[-85.564917,39.739602],[-85.561264,39.739278],[-85.561254,39.737896],[-85.563918,39.737881],[-85.565036,39.734574],[-85.572595,39.733979],[-85.573256,39.72789],[-85.582458,39.727887]]]}},{"type":"Feature","properties":{"NAME":"Bristol","state_abbr":"IN","state_name":"Indiana","ALAND":11590199},"geometry":{"type":"MultiPolygon","coordinates":[[[[-85.841737,41.726479],[-85.836931,41.726549],[-85.836834,41.723266],[-85.834457,41.723325],[-85.834624,41.721982],[-85.837848,41.721904],[-85.837688,41.718639],[-85.841694,41.721871],[-85.83991,41.723194],[-85.840178,41.726104],[-85.841737,41.726479]]],[[[-85.860794,41.708926],[-85.851273,41.712972],[-85.851147,41.708346],[-85.844703,41.710114],[-85.84628,41.709824],[-85.84729,41.715116],[-85.843375,41.721156],[-85.837785,41.71799],[-85.833863,41.718609],[-85.832077,41.723387],[-85.834457,41.723325],[-85.834517,41.726594],[-85.832154,41.726643],[-85.832212,41.732068],[-85.803137,41.731657],[-85.800652,41.734212],[-85.794834,41.734507],[-85.790675,41.733227],[-85.788494,41.73512],[-85.788614,41.739587],[-85.783707,41.739594],[-85.783632,41.734875],[-85.777597,41.731562],[-85.793107,41.725852],[-85.794921,41.728618],[-85.797874,41.728598],[-85.797926,41.73008],[-85.802429,41.729283],[-85.802641,41.710355],[-85.817226,41.710303],[-85.817111,41.704782],[-85.821985,41.704731],[-85.821975,41.702981],[-85.851019,41.70276],[-85.850976,41.700656],[-85.860716,41.700645],[-85.860794,41.708926]]]]}},{"type":"Feature","properties":{"NAME":"Middlebury","state_abbr":"IN","state_name":"Indiana","ALAND":11863584},"geometry":{"type":"Polygon","coordinates":[[[-85.738987,41.66259],[-85.738683,41.668141],[-85.720314,41.668461],[-85.720485,41.673431],[-85.716797,41.673506],[-85.71684,41.675819],[-85.715676,41.675838],[-85.716781,41.690509],[-85.714589,41.690538],[-85.711202,41.683275],[-85.711203,41.686276],[-85.708967,41.686287],[-85.709006,41.689372],[-85.712162,41.693819],[-85.711351,41.696372],[-85.701752,41.69643],[-85.701566,41.690715],[-85.70108,41.692001],[-85.695425,41.691991],[-85.691314,41.697882],[-85.686108,41.696519],[-85.68602,41.694278],[-85.689684,41.694325],[-85.689753,41.685626],[-85.686779,41.68563],[-85.686645,41.683427],[-85.688686,41.683437],[-85.688675,41.6816],[-85.691589,41.681793],[-85.691659,41.676142],[-85.691814,41.677472],[-85.696076,41.677519],[-85.696407,41.675511],[-85.694093,41.676169],[-85.694035,41.672215],[-85.691481,41.672227],[-85.694034,41.672051],[-85.694003,41.669501],[-85.696208,41.669534],[-85.694394,41.668752],[-85.694397,41.665137],[-85.705839,41.66501],[-85.705791,41.662263],[-85.70176,41.662299],[-85.703382,41.660355],[-85.70576,41.660333],[-85.704195,41.654897],[-85.696108,41.650555],[-85.696085,41.643284],[-85.700641,41.643239],[-85.700552,41.639578],[-85.705217,41.640738],[-85.7129,41.639477],[-85.712601,41.645819],[-85.715017,41.645801],[-85.714977,41.643275],[-85.719895,41.64317],[-85.719877,41.640961],[-85.724754,41.640848],[-85.7249,41.648798],[-85.719949,41.650229],[-85.719924,41.646629],[-85.717217,41.646677],[-85.717569,41.651894],[-85.713373,41.658439],[-85.716875,41.660833],[-85.734794,41.66082],[-85.734809,41.662641],[-85.738987,41.66259]],[[-85.715111,41.653887],[-85.715083,41.651686],[-85.710311,41.651703],[-85.710358,41.654028],[-85.715111,41.653887]],[[-85.70297,41.6419],[-85.70523,41.641317],[-85.702952,41.641327],[-85.70297,41.6419]]]}},{"type":"Feature","properties":{"NAME":"Millersburg","state_abbr":"IN","state_name":"Indiana","ALAND":1673048},"geometry":{"type":"Polygon","coordinates":[[[-85.703252,41.52256],[-85.702872,41.53539],[-85.693322,41.537139],[-85.694536,41.530389],[-85.69266,41.528312],[-85.685067,41.527364],[-85.68507,41.525298],[-85.692359,41.521695],[-85.692359,41.519449],[-85.69874,41.522461],[-85.699785,41.520292],[-85.70326,41.520255],[-85.703253,41.522252],[-85.70147,41.522538],[-85.703252,41.52256]]]}},{"type":"Feature","properties":{"NAME":"Wakarusa","state_abbr":"IN","state_name":"Indiana","ALAND":5708584},"geometry":{"type":"Polygon","coordinates":[[[-86.04027,41.532642],[-86.034103,41.532639],[-86.034176,41.536037],[-86.033971,41.534226],[-86.031516,41.534229],[-86.030726,41.543266],[-86.02103,41.542195],[-86.021031,41.539662],[-86.017728,41.541356],[-86.017706,41.539735],[-86.011246,41.539761],[-86.0113,41.543416],[-86.001563,41.543526],[-86.002731,41.545525],[-86.001642,41.547189],[-85.999219,41.547017],[-85.999201,41.543426],[-85.995344,41.543457],[-85.995937,41.536168],[-85.999181,41.536139],[-85.999652,41.533652],[-85.999605,41.530869],[-85.996645,41.530878],[-85.996607,41.52818],[-85.998933,41.528618],[-85.997686,41.5281],[-85.99765,41.52177],[-86.006194,41.522267],[-86.006241,41.525298],[-86.011058,41.525306],[-86.011027,41.523753],[-86.013682,41.523745],[-86.013676,41.522557],[-86.02069,41.522536],[-86.020725,41.524069],[-86.017366,41.525217],[-86.017379,41.52737],[-86.040183,41.52877],[-86.04027,41.532642]],[[-86.001551,41.543161],[-86.002628,41.542713],[-86.001543,41.542716],[-86.001551,41.543161]]]}},{"type":"Feature","properties":{"NAME":"Akron","state_abbr":"IN","state_name":"Indiana","ALAND":1188354},"geometry":{"type":"Polygon","coordinates":[[[-86.032958,41.03612],[-86.033007,41.042386],[-86.028319,41.042529],[-86.028322,41.044899],[-86.025788,41.044935],[-86.025743,41.04305],[-86.023404,41.041795],[-86.01594,41.042006],[-86.015874,41.038484],[-86.018708,41.037554],[-86.018627,41.033091],[-86.032958,41.03612]]]}},{"type":"Feature","properties":{"NAME":"Fulton","state_abbr":"IN","state_name":"Indiana","ALAND":482874},"geometry":{"type":"Polygon","coordinates":[[[-86.268977,40.947368],[-86.265882,40.950442],[-86.258997,40.948531],[-86.26408,40.941111],[-86.267749,40.941099],[-86.264934,40.944958],[-86.268977,40.947368]]]}},{"type":"Feature","properties":{"NAME":"Kewanna","state_abbr":"IN","state_name":"Indiana","ALAND":1418819},"geometry":{"type":"Polygon","coordinates":[[[-86.421731,41.023398],[-86.404811,41.024272],[-86.404694,41.014672],[-86.411213,41.014627],[-86.412605,41.012068],[-86.41599,41.012735],[-86.416077,41.0172],[-86.421632,41.017374],[-86.421731,41.023398]]]}},{"type":"Feature","properties":{"NAME":"Rochester","state_abbr":"IN","state_name":"Indiana","ALAND":11841405},"geometry":{"type":"Polygon","coordinates":[[[-86.228723,41.063355],[-86.228671,41.065026],[-86.225679,41.064996],[-86.22526,41.080465],[-86.221047,41.080447],[-86.220087,41.076674],[-86.21568,41.073243],[-86.205813,41.073247],[-86.205856,41.070924],[-86.202202,41.072017],[-86.202197,41.076042],[-86.187779,41.076342],[-86.187779,41.0721],[-86.180892,41.07318],[-86.180741,41.066018],[-86.168697,41.063641],[-86.168715,41.057787],[-86.163973,41.055606],[-86.163961,41.049428],[-86.166478,41.050129],[-86.16537,41.047122],[-86.159194,41.047104],[-86.159182,41.045434],[-86.164352,41.045433],[-86.162933,41.039853],[-86.177074,41.038764],[-86.179974,41.042859],[-86.180101,41.040177],[-86.181723,41.040815],[-86.181014,41.042169],[-86.187969,41.042446],[-86.188524,41.046492],[-86.192721,41.046597],[-86.189319,41.047096],[-86.189294,41.048333],[-86.191647,41.048333],[-86.191763,41.052475],[-86.195553,41.052483],[-86.195541,41.054411],[-86.206153,41.054496],[-86.206195,41.049165],[-86.208675,41.049098],[-86.209083,41.047729],[-86.21585,41.047788],[-86.215859,41.045606],[-86.226075,41.047608],[-86.225974,41.052999],[-86.22235,41.055033],[-86.225735,41.055081],[-86.225683,41.061355],[-86.228723,41.063355]]]}},{"type":"Feature","properties":{"NAME":"Converse","state_abbr":"IN","state_name":"Indiana","ALAND":2561211},"geometry":{"type":"MultiPolygon","coordinates":[[[[-85.882919,40.587188],[-85.878847,40.587286],[-85.878878,40.588729],[-85.876082,40.585891],[-85.876115,40.587274],[-85.873428,40.587321],[-85.873356,40.582999],[-85.844846,40.577282],[-85.844728,40.574785],[-85.858223,40.576806],[-85.858217,40.575886],[-85.859474,40.575887],[-85.860284,40.574952],[-85.861871,40.574651],[-85.874701,40.574974],[-85.875803,40.579183],[-85.878654,40.579908],[-85.877183,40.582864],[-85.878844,40.587167],[-85.882919,40.587188]],[[-85.859956,40.580055],[-85.863723,40.579934],[-85.858885,40.579075],[-85.859956,40.580055]],[[-85.861011,40.575279],[-85.860369,40.575057],[-85.860358,40.575297],[-85.861011,40.575279]],[[-85.856494,40.578349],[-85.856211,40.578159],[-85.855077,40.578156],[-85.856494,40.578349]],[[-85.855999,40.577772],[-85.855219,40.577474],[-85.85524,40.577791],[-85.855999,40.577772]],[[-85.853047,40.576752],[-85.854967,40.576674],[-85.851849,40.576453],[-85.853047,40.576752]],[[-85.85495,40.577463],[-85.853668,40.577471],[-85.851014,40.576546],[-85.851274,40.577689],[-85.85495,40.577463]],[[-85.849756,40.576294],[-85.846368,40.57566],[-85.844983,40.575723],[-85.845015,40.576115],[-85.849756,40.576294]],[[-85.845057,40.575384],[-85.847926,40.575692],[-85.844994,40.574928],[-85.845057,40.575384]]],[[[-85.905522,40.577742],[-85.897435,40.577784],[-85.896994,40.579667],[-85.897022,40.577783],[-85.893699,40.577766],[-85.893581,40.568766],[-85.90544,40.568661],[-85.905522,40.577742]]]]}},{"type":"Feature","properties":{"NAME":"Fairmount","state_abbr":"IN","state_name":"Indiana","ALAND":4107807},"geometry":{"type":"Polygon","coordinates":[[[-85.661419,40.423564],[-85.654103,40.423622],[-85.654109,40.425407],[-85.650619,40.425397],[-85.650336,40.422652],[-85.647525,40.429961],[-85.648363,40.434612],[-85.644638,40.435803],[-85.644633,40.43075],[-85.641152,40.430732],[-85.643485,40.42423],[-85.639988,40.424249],[-85.640215,40.42217],[-85.637729,40.422179],[-85.637694,40.415994],[-85.635436,40.41606],[-85.635383,40.408744],[-85.646055,40.408511],[-85.645962,40.404007],[-85.65401,40.403861],[-85.655984,40.406511],[-85.652988,40.407912],[-85.653777,40.409822],[-85.656007,40.408427],[-85.656061,40.413145],[-85.660616,40.413131],[-85.660622,40.414533],[-85.658862,40.414539],[-85.659051,40.422775],[-85.661419,40.423564]]]}},{"type":"Feature","properties":{"NAME":"Fowlerton","state_abbr":"IN","state_name":"Indiana","ALAND":506563},"geometry":{"type":"Polygon","coordinates":[[[-85.578254,40.408818],[-85.576841,40.414611],[-85.576242,40.412323],[-85.568766,40.412157],[-85.568736,40.408575],[-85.564114,40.408486],[-85.564119,40.407259],[-85.571149,40.408399],[-85.571177,40.40504],[-85.573526,40.40509],[-85.574747,40.408397],[-85.578254,40.408818]]]}},{"type":"Feature","properties":{"NAME":"Nashville","state_abbr":"IN","state_name":"Indiana","ALAND":4149097},"geometry":{"type":"MultiPolygon","coordinates":[[[[-86.201584,39.194243],[-86.19997,39.195858],[-86.193457,39.195826],[-86.196486,39.191721],[-86.201584,39.194243]]],[[[-86.204397,39.195512],[-86.202286,39.195723],[-86.201936,39.19509],[-86.202317,39.194457],[-86.204397,39.195512]]],[[[-86.234592,39.194157],[-86.227427,39.195889],[-86.226248,39.198022],[-86.225233,39.192046],[-86.234592,39.194157]]],[[[-86.257681,39.223853],[-86.25019,39.224821],[-86.247835,39.221188],[-86.251385,39.22065],[-86.2492,39.219319],[-86.247204,39.219133],[-86.247246,39.221415],[-86.240352,39.221477],[-86.240802,39.208671],[-86.238958,39.20733],[-86.239233,39.210323],[-86.233289,39.211548],[-86.233655,39.209987],[-86.232313,39.209863],[-86.233909,39.205131],[-86.228115,39.210523],[-86.225504,39.210549],[-86.227069,39.209843],[-86.226334,39.207325],[-86.227449,39.206549],[-86.221111,39.204568],[-86.220729,39.199445],[-86.226309,39.198591],[-86.226273,39.200103],[-86.228654,39.200925],[-86.225549,39.20304],[-86.234976,39.202965],[-86.23735,39.202039],[-86.237309,39.198909],[-86.239597,39.19889],[-86.239621,39.196673],[-86.248796,39.202713],[-86.251109,39.202743],[-86.251415,39.210284],[-86.249018,39.210299],[-86.247084,39.217615],[-86.249437,39.216198],[-86.255917,39.217452],[-86.254337,39.219704],[-86.256269,39.219678],[-86.257681,39.223853]]]]}},{"type":"Feature","properties":{"NAME":"West Harrison","state_abbr":"IN","state_name":"Indiana","ALAND":572580},"geometry":{"type":"Polygon","coordinates":[[[-84.829307,39.256667],[-84.828654,39.258492],[-84.822033,39.258504],[-84.823429,39.26214],[-84.819707,39.267385],[-84.820068,39.251137],[-84.829307,39.256667]]]}},{"type":"Feature","properties":{"NAME":"Danville","state_abbr":"IN","state_name":"Indiana","ALAND":26059918},"geometry":{"type":"MultiPolygon","coordinates":[[[[-86.471468,39.756497],[-86.457258,39.756826],[-86.457239,39.75459],[-86.467277,39.754592],[-86.471468,39.756497]]],[[[-86.512153,39.755458],[-86.511796,39.75625],[-86.511637,39.755733],[-86.512153,39.755458]]],[[[-86.561163,39.767859],[-86.534397,39.767775],[-86.535924,39.770334],[-86.533442,39.770675],[-86.533442,39.772519],[-86.538249,39.772515],[-86.540151,39.774823],[-86.533436,39.775181],[-86.533476,39.777439],[-86.526531,39.777439],[-86.525421,39.775786],[-86.519471,39.775629],[-86.520442,39.770092],[-86.519052,39.767996],[-86.517117,39.769313],[-86.515271,39.766611],[-86.513029,39.766557],[-86.513733,39.770743],[-86.518558,39.771441],[-86.514677,39.777376],[-86.504387,39.777266],[-86.504413,39.781253],[-86.491107,39.784177],[-86.490509,39.775643],[-86.486487,39.77564],[-86.487074,39.773615],[-86.48537,39.770544],[-86.486411,39.770155],[-86.476734,39.769266],[-86.47674,39.775646],[-86.474131,39.775654],[-86.474145,39.769285],[-86.47144,39.769304],[-86.471504,39.764168],[-86.466748,39.764009],[-86.465726,39.762703],[-86.4666,39.775688],[-86.462733,39.774675],[-86.462774,39.775926],[-86.450253,39.775773],[-86.450179,39.771176],[-86.451868,39.771165],[-86.451897,39.769575],[-86.450155,39.769417],[-86.450121,39.767705],[-86.452355,39.767719],[-86.452445,39.763743],[-86.455102,39.763749],[-86.455112,39.761985],[-86.459406,39.760778],[-86.457252,39.757756],[-86.472337,39.758396],[-86.472396,39.750942],[-86.467214,39.749399],[-86.466675,39.738015],[-86.466659,39.732605],[-86.470949,39.732624],[-86.471987,39.726685],[-86.475074,39.726685],[-86.47502,39.732643],[-86.481439,39.73267],[-86.48143,39.738762],[-86.476953,39.738725],[-86.476992,39.7572],[-86.4973,39.756216],[-86.497243,39.75328],[-86.481537,39.753205],[-86.481478,39.745907],[-86.485961,39.746097],[-86.484503,39.746928],[-86.484493,39.749629],[-86.488604,39.749749],[-86.487752,39.746072],[-86.49085,39.74609],[-86.490758,39.73629],[-86.494358,39.736256],[-86.49549,39.738722],[-86.495407,39.731336],[-86.500188,39.731291],[-86.500091,39.727668],[-86.503431,39.727696],[-86.503441,39.731263],[-86.504751,39.731253],[-86.506685,39.738054],[-86.512417,39.744568],[-86.517524,39.747349],[-86.520084,39.751818],[-86.536445,39.750045],[-86.536503,39.751733],[-86.53786,39.75169],[-86.537839,39.749744],[-86.551613,39.746063],[-86.55162,39.749605],[-86.54915,39.749599],[-86.549117,39.753021],[-86.551808,39.753004],[-86.55177,39.760592],[-86.561055,39.760586],[-86.561163,39.767859]],[[-86.549162,39.761146],[-86.548589,39.760561],[-86.548608,39.761139],[-86.549162,39.761146]],[[-86.53654,39.752687],[-86.537863,39.751967],[-86.536513,39.751999],[-86.53654,39.752687]],[[-86.522579,39.76871],[-86.52389,39.767631],[-86.522581,39.767629],[-86.522579,39.76871]],[[-86.514566,39.758293],[-86.513902,39.754743],[-86.510133,39.754687],[-86.512757,39.759997],[-86.514566,39.758293]],[[-86.51068,39.760462],[-86.510143,39.759749],[-86.510151,39.76046],[-86.51068,39.760462]],[[-86.509107,39.769656],[-86.50514,39.769362],[-86.505145,39.770061],[-86.507927,39.770552],[-86.509107,39.769656]],[[-86.507965,39.767652],[-86.507916,39.764839],[-86.505099,39.764792],[-86.505051,39.767755],[-86.507965,39.767652]],[[-86.503138,39.776784],[-86.502662,39.774925],[-86.501951,39.774924],[-86.501656,39.777707],[-86.503138,39.776784]],[[-86.500379,39.760847],[-86.502139,39.759383],[-86.500346,39.759412],[-86.500379,39.760847]],[[-86.500876,39.775627],[-86.500244,39.774927],[-86.500246,39.775625],[-86.500876,39.775627]],[[-86.497375,39.775632],[-86.497046,39.774974],[-86.497047,39.775633],[-86.497375,39.775632]],[[-86.495375,39.760434],[-86.496086,39.758969],[-86.495158,39.759349],[-86.495375,39.760434]],[[-86.493987,39.776224],[-86.493194,39.775634],[-86.493192,39.776237],[-86.493987,39.776224]],[[-86.492073,39.762434],[-86.491529,39.761613],[-86.491543,39.76244],[-86.492073,39.762434]],[[-86.486639,39.760312],[-86.48415,39.76065],[-86.484149,39.761657],[-86.484872,39.760733],[-86.486639,39.760312]],[[-86.486635,39.759512],[-86.484893,39.759167],[-86.484903,39.759538],[-86.486635,39.759512]],[[-86.486627,39.75878],[-86.484865,39.758052],[-86.484884,39.758821],[-86.486627,39.75878]],[[-86.484586,39.762273],[-86.485642,39.761764],[-86.484573,39.761781],[-86.484586,39.762273]],[[-86.48168,39.76232],[-86.481033,39.761838],[-86.481049,39.762324],[-86.48168,39.76232]],[[-86.479027,39.761607],[-86.478051,39.760889],[-86.478065,39.761618],[-86.479027,39.761607]],[[-86.471518,39.763018],[-86.472225,39.761936],[-86.471529,39.76195],[-86.471518,39.763018]],[[-86.469471,39.761746],[-86.468499,39.761042],[-86.4685,39.761762],[-86.469471,39.761746]],[[-86.468331,39.759489],[-86.467322,39.759471],[-86.468327,39.758604],[-86.46618,39.758783],[-86.46621,39.760191],[-86.468331,39.759489]],[[-86.465721,39.761911],[-86.467334,39.760989],[-86.46571,39.760992],[-86.465721,39.761911]],[[-86.461978,39.762035],[-86.459583,39.762848],[-86.459616,39.765631],[-86.461972,39.765594],[-86.461978,39.762035]],[[-86.513747,39.771467],[-86.512559,39.770794],[-86.512582,39.771467],[-86.513747,39.771467]],[[-86.506284,39.770572],[-86.505156,39.770576],[-86.505089,39.772581],[-86.505885,39.772567],[-86.506284,39.770572]]]]}},{"type":"Feature","properties":{"NAME":"Goodland","state_abbr":"IN","state_name":"Indiana","ALAND":1970389},"geometry":{"type":"Polygon","coordinates":[[[-87.305823,40.765622],[-87.301772,40.76644],[-87.3018,40.768456],[-87.296323,40.768467],[-87.296386,40.772924],[-87.289237,40.77293],[-87.289235,40.769272],[-87.286646,40.769275],[-87.287789,40.765664],[-87.286601,40.76382],[-87.289686,40.763453],[-87.291282,40.754893],[-87.293714,40.754724],[-87.293685,40.751112],[-87.296075,40.751107],[-87.296103,40.754729],[-87.298268,40.754726],[-87.298653,40.760199],[-87.300909,40.760196],[-87.300937,40.762029],[-87.305719,40.761991],[-87.305823,40.765622]],[[-87.28951,40.768256],[-87.289586,40.768124],[-87.289477,40.767469],[-87.28951,40.768256]]]}},{"type":"Feature","properties":{"NAME":"Battle Ground","state_abbr":"IN","state_name":"Indiana","ALAND":2644111},"geometry":{"type":"Polygon","coordinates":[[[-86.873257,40.502022],[-86.870422,40.502476],[-86.870217,40.503987],[-86.862233,40.504063],[-86.862458,40.512519],[-86.860932,40.513987],[-86.862953,40.51488],[-86.858808,40.516589],[-86.854495,40.515193],[-86.854401,40.507714],[-86.845501,40.507821],[-86.845492,40.510758],[-86.838736,40.511319],[-86.836887,40.5151],[-86.828324,40.516184],[-86.828197,40.512983],[-86.830279,40.511145],[-86.836934,40.506924],[-86.839817,40.508178],[-86.839208,40.508994],[-86.847286,40.503245],[-86.851737,40.504202],[-86.858381,40.501521],[-86.859269,40.502658],[-86.860156,40.501358],[-86.863769,40.501348],[-86.863728,40.498618],[-86.86608,40.497517],[-86.873213,40.498771],[-86.873257,40.502022]]]}},{"type":"Feature","properties":{"NAME":"Gas City","state_abbr":"IN","state_name":"Indiana","ALAND":13020252},"geometry":{"type":"Polygon","coordinates":[[[-85.625062,40.480094],[-85.625074,40.491096],[-85.619871,40.494728],[-85.620146,40.497862],[-85.61549,40.4976],[-85.615516,40.506038],[-85.62063,40.506187],[-85.625064,40.518708],[-85.615628,40.51859],[-85.615571,40.509341],[-85.600346,40.510129],[-85.600166,40.506563],[-85.597899,40.50657],[-85.597753,40.504533],[-85.60012,40.504554],[-85.599978,40.495142],[-85.591812,40.496158],[-85.591166,40.491542],[-85.588406,40.491543],[-85.588607,40.49617],[-85.586921,40.496185],[-85.586586,40.48774],[-85.589992,40.487738],[-85.59,40.4865],[-85.587717,40.485249],[-85.586617,40.486235],[-85.586602,40.484652],[-85.582311,40.482388],[-85.57533,40.480777],[-85.576787,40.484335],[-85.574082,40.484293],[-85.571889,40.481395],[-85.563459,40.480749],[-85.563513,40.48252],[-85.56744,40.48252],[-85.56744,40.484399],[-85.542448,40.48723],[-85.540048,40.486848],[-85.53998,40.480479],[-85.542001,40.480505],[-85.541835,40.474005],[-85.548075,40.474039],[-85.549241,40.484607],[-85.549286,40.474052],[-85.553419,40.475318],[-85.553432,40.476958],[-85.557814,40.476305],[-85.567031,40.479032],[-85.567897,40.474392],[-85.597038,40.474292],[-85.597163,40.480674],[-85.59999,40.479301],[-85.600015,40.480676],[-85.602585,40.480684],[-85.602604,40.479013],[-85.606634,40.478714],[-85.607765,40.476706],[-85.609713,40.477614],[-85.611866,40.475235],[-85.616323,40.47741],[-85.621177,40.477385],[-85.625062,40.480094]],[[-85.595175,40.48054],[-85.592751,40.480496],[-85.592759,40.485222],[-85.595175,40.48464],[-85.595175,40.48054]],[[-85.562596,40.480745],[-85.561318,40.480739],[-85.561325,40.482562],[-85.562559,40.482562],[-85.562596,40.480745]]]}},{"type":"Feature","properties":{"NAME":"Swayzee","state_abbr":"IN","state_name":"Indiana","ALAND":1213702},"geometry":{"type":"Polygon","coordinates":[[[-85.83192,40.51427],[-85.830278,40.514271],[-85.830278,40.510145],[-85.825956,40.511075],[-85.824654,40.513954],[-85.824655,40.511695],[-85.818706,40.512115],[-85.817639,40.508934],[-85.814581,40.509912],[-85.814571,40.508314],[-85.811059,40.507973],[-85.819749,40.506546],[-85.819379,40.504586],[-85.82332,40.504574],[-85.823327,40.501069],[-85.828199,40.499452],[-85.828015,40.497204],[-85.830137,40.497172],[-85.830764,40.501317],[-85.829061,40.50135],[-85.829096,40.50385],[-85.830664,40.504633],[-85.829605,40.508173],[-85.83192,40.51427]]]}},{"type":"Feature","properties":{"NAME":"Sweetser","state_abbr":"IN","state_name":"Indiana","ALAND":2611341},"geometry":{"type":"Polygon","coordinates":[[[-85.806965,40.572644],[-85.775044,40.568479],[-85.77392,40.573926],[-85.770139,40.573969],[-85.770157,40.575464],[-85.769232,40.574071],[-85.765057,40.574133],[-85.765083,40.576742],[-85.759853,40.576799],[-85.75981,40.574185],[-85.750332,40.574264],[-85.750266,40.572266],[-85.754354,40.572254],[-85.755756,40.569338],[-85.762673,40.570241],[-85.763176,40.566896],[-85.756403,40.566047],[-85.755998,40.569007],[-85.75012,40.568008],[-85.750167,40.569553],[-85.747765,40.569361],[-85.747714,40.567497],[-85.750114,40.567811],[-85.750025,40.564718],[-85.765322,40.564948],[-85.765332,40.559949],[-85.769015,40.558767],[-85.770084,40.561878],[-85.780668,40.564746],[-85.780614,40.568833],[-85.806965,40.572644]]]}},{"type":"Feature","properties":{"NAME":"Van Buren","state_abbr":"IN","state_name":"Indiana","ALAND":1510619},"geometry":{"type":"Polygon","coordinates":[[[-85.514936,40.615971],[-85.513225,40.619951],[-85.508448,40.619553],[-85.508674,40.624802],[-85.507373,40.623143],[-85.503358,40.623786],[-85.503539,40.621352],[-85.501533,40.621346],[-85.503135,40.618913],[-85.494854,40.617376],[-85.494814,40.610494],[-85.499973,40.610441],[-85.499913,40.614932],[-85.502297,40.614929],[-85.501904,40.610121],[-85.5007,40.610133],[-85.504762,40.606939],[-85.504785,40.610245],[-85.510162,40.610203],[-85.510152,40.611425],[-85.508415,40.611396],[-85.509466,40.616726],[-85.514936,40.615971]],[[-85.503551,40.614856],[-85.502318,40.615589],[-85.503564,40.615545],[-85.503551,40.614856]]]}},{"type":"Feature","properties":{"NAME":"Leavenworth","state_abbr":"IN","state_name":"Indiana","ALAND":2273583},"geometry":{"type":"Polygon","coordinates":[[[-86.359135,38.207396],[-86.353212,38.207174],[-86.353082,38.205485],[-86.338762,38.204769],[-86.340697,38.202249],[-86.338186,38.199345],[-86.338276,38.203305],[-86.333827,38.203287],[-86.333315,38.191223],[-86.33692,38.193715],[-86.342443,38.191733],[-86.348553,38.195685],[-86.358013,38.198813],[-86.357811,38.205493],[-86.35908,38.205502],[-86.359135,38.207396]]]}},{"type":"Feature","properties":{"NAME":"Marengo","state_abbr":"IN","state_name":"Indiana","ALAND":2761991},"geometry":{"type":"Polygon","coordinates":[[[-86.351749,38.364564],[-86.351554,38.380095],[-86.336992,38.379947],[-86.337167,38.372663],[-86.331089,38.37225],[-86.327389,38.36746],[-86.329352,38.368855],[-86.332899,38.369877],[-86.332454,38.371214],[-86.337131,38.369849],[-86.330824,38.369037],[-86.326249,38.365545],[-86.34182,38.365543],[-86.34014,38.363062],[-86.34362,38.365591],[-86.345259,38.362003],[-86.351267,38.361062],[-86.350081,38.364518],[-86.351749,38.364564]],[[-86.350081,38.364518],[-86.347194,38.364658],[-86.347184,38.365555],[-86.347872,38.365224],[-86.350081,38.364518]]]}},{"type":"Feature","properties":{"NAME":"Fort Wayne","state_abbr":"IN","state_name":"Indiana","ALAND":286524379},"geometry":{"type":"Polygon","coordinates":[[[-85.303328,41.037783],[-85.274771,41.037836],[-85.274819,41.045134],[-85.284346,41.045073],[-85.284401,41.059607],[-85.300966,41.059353],[-85.300938,41.062993],[-85.293751,41.073842],[-85.272475,41.074176],[-85.272472,41.081407],[-85.265413,41.081437],[-85.265419,41.083606],[-85.255847,41.083672],[-85.255804,41.081558],[-85.250992,41.081619],[-85.249934,41.078677],[-85.236589,41.080038],[-85.23658,41.082671],[-85.214649,41.081763],[-85.214622,41.075644],[-85.212227,41.075299],[-85.209833,41.075309],[-85.209861,41.081775],[-85.208647,41.081778],[-85.179253,41.074821],[-85.179613,41.085051],[-85.189857,41.084211],[-85.190122,41.088433],[-85.191877,41.088439],[-85.192176,41.102897],[-85.196905,41.102918],[-85.198305,41.117418],[-85.211505,41.117533],[-85.21163,41.122932],[-85.221026,41.122797],[-85.221075,41.125141],[-85.226417,41.125194],[-85.226318,41.132269],[-85.216334,41.131098],[-85.216248,41.125468],[-85.206718,41.125612],[-85.206798,41.132115],[-85.21151,41.132156],[-85.211556,41.140244],[-85.209112,41.141274],[-85.215421,41.146714],[-85.182865,41.14653],[-85.182927,41.150077],[-85.179409,41.1501],[-85.179428,41.153862],[-85.175049,41.153913],[-85.175707,41.177535],[-85.190024,41.17745],[-85.190376,41.191419],[-85.167431,41.191934],[-85.165932,41.186359],[-85.159152,41.186515],[-85.159848,41.184678],[-85.147901,41.185012],[-85.147041,41.19371],[-85.142208,41.193125],[-85.142101,41.188767],[-85.137434,41.188827],[-85.137545,41.192431],[-85.13261,41.19249],[-85.132894,41.200467],[-85.120278,41.19998],[-85.120076,41.192706],[-85.123257,41.192679],[-85.123216,41.189014],[-85.11384,41.189201],[-85.113726,41.185565],[-85.104057,41.185578],[-85.103912,41.181959],[-85.098581,41.182013],[-85.098471,41.178943],[-85.094123,41.179112],[-85.093848,41.174177],[-85.085631,41.15698],[-85.079116,41.15457],[-85.072514,41.159707],[-85.064266,41.15674],[-85.058791,41.156886],[-85.058306,41.149571],[-85.053438,41.149664],[-85.053081,41.142524],[-85.046257,41.142674],[-85.046683,41.149906],[-85.024919,41.150447],[-85.024902,41.154188],[-85.01921,41.153171],[-85.015274,41.149337],[-85.014106,41.138317],[-85.009037,41.133097],[-85.004062,41.130848],[-85.004084,41.12318],[-85.00134,41.122905],[-85.000801,41.121331],[-85.003795,41.117678],[-85.003985,41.121258],[-85.01823,41.121681],[-85.022605,41.114336],[-85.032286,41.107867],[-85.031428,41.099666],[-85.02546,41.099763],[-85.02529,41.09615],[-85.024173,41.096166],[-85.02401,41.092536],[-85.026068,41.09248],[-85.025668,41.083066],[-85.026979,41.079667],[-85.034827,41.080464],[-85.045472,41.086974],[-85.057834,41.08023],[-85.06132,41.075404],[-85.067653,41.07711],[-85.068301,41.074696],[-85.077802,41.074693],[-85.077667,41.061722],[-85.063459,41.062058],[-85.063058,41.047814],[-85.042454,41.038543],[-85.053027,41.033257],[-85.072205,41.032813],[-85.072604,41.047308],[-85.078011,41.047184],[-85.086876,41.043505],[-85.086793,41.03989],[-85.084357,41.039918],[-85.087086,41.038454],[-85.086539,41.03267],[-85.079507,41.032687],[-85.073095,41.018278],[-85.086303,41.017988],[-85.086317,41.010756],[-85.095853,41.010549],[-85.095849,41.008719],[-85.09854,41.008676],[-85.098547,41.01051],[-85.105448,41.010385],[-85.105466,41.007699],[-85.121482,41.006386],[-85.121395,41.003227],[-85.12617,41.003121],[-85.126256,41.006293],[-85.128623,41.006247],[-85.128577,41.009872],[-85.12551,41.01014],[-85.126428,41.01354],[-85.134428,41.013469],[-85.136073,41.016874],[-85.141322,41.018026],[-85.1481,41.017287],[-85.151835,41.011138],[-85.149224,41.008216],[-85.151155,41.004841],[-85.15529,41.009526],[-85.159622,41.009446],[-85.159528,41.002213],[-85.168916,41.002158],[-85.168449,40.989249],[-85.17304,40.989209],[-85.172906,40.981949],[-85.178778,40.981894],[-85.178689,40.974627],[-85.193978,40.974567],[-85.205802,40.9651],[-85.210079,40.968307],[-85.201926,40.974644],[-85.206862,40.974632],[-85.206917,40.978364],[-85.202038,40.978856],[-85.202064,40.981829],[-85.197159,40.981824],[-85.197231,40.985807],[-85.198917,40.987857],[-85.202192,40.986936],[-85.202253,40.989104],[-85.207045,40.989123],[-85.207049,40.996421],[-85.201012,40.99638],[-85.201065,41.001951],[-85.207234,41.002075],[-85.207284,41.014227],[-85.198912,41.016386],[-85.188669,41.016533],[-85.189202,41.035896],[-85.193998,41.03592],[-85.194276,41.041541],[-85.217771,41.033521],[-85.217916,41.038392],[-85.22077,41.03833],[-85.220716,41.043766],[-85.214494,41.044828],[-85.21462,41.051],[-85.216925,41.050979],[-85.219226,41.050329],[-85.219206,41.047632],[-85.230594,41.042396],[-85.238053,41.044635],[-85.246409,41.036541],[-85.260312,41.02944],[-85.260248,41.023144],[-85.279443,41.01607],[-85.27946,41.01766],[-85.291924,41.015499],[-85.303287,41.0156],[-85.303328,41.037783]]]}},{"type":"Feature","properties":{"NAME":"Boonville","state_abbr":"IN","state_name":"Indiana","ALAND":14842409},"geometry":{"type":"MultiPolygon","coordinates":[[[[-87.24381,38.038764],[-87.241694,38.039842],[-87.23747,38.038797],[-87.237486,38.032448],[-87.244031,38.032621],[-87.24381,38.038764]]],[[[-87.338552,38.034192],[-87.338357,38.040609],[-87.330388,38.040661],[-87.330419,38.044973],[-87.321919,38.044194],[-87.321902,38.047407],[-87.320183,38.048446],[-87.310489,38.048615],[-87.310827,38.061616],[-87.30965,38.063413],[-87.301517,38.059968],[-87.291815,38.058882],[-87.287228,38.058799],[-87.287151,38.060162],[-87.282491,38.060687],[-87.282183,38.062696],[-87.280803,38.062691],[-87.281768,38.060362],[-87.274406,38.06097],[-87.273159,38.058693],[-87.269318,38.05863],[-87.264538,38.061285],[-87.264647,38.058458],[-87.266867,38.058494],[-87.266299,38.05498],[-87.264742,38.056033],[-87.265797,38.051487],[-87.26044,38.050945],[-87.259519,38.045487],[-87.253691,38.047316],[-87.25389,38.043511],[-87.258353,38.043795],[-87.257875,38.040264],[-87.254711,38.040189],[-87.25496,38.037254],[-87.256537,38.037239],[-87.255668,38.035031],[-87.262406,38.033886],[-87.26234,38.036842],[-87.27018,38.03841],[-87.269868,38.033058],[-87.273022,38.033126],[-87.272383,38.02908],[-87.27444,38.029124],[-87.274452,38.026091],[-87.280894,38.026116],[-87.279186,38.035302],[-87.281458,38.035625],[-87.279182,38.036122],[-87.279177,38.037604],[-87.286796,38.037001],[-87.285222,38.040232],[-87.307108,38.040434],[-87.312594,38.037699],[-87.318156,38.037405],[-87.330663,38.028805],[-87.334613,38.028516],[-87.334545,38.034032],[-87.338552,38.034192]],[[-87.276201,38.030253],[-87.274753,38.030465],[-87.274768,38.033154],[-87.275976,38.033162],[-87.276201,38.030253]]]]}},{"type":"Feature","properties":{"NAME":"Chandler","state_abbr":"IN","state_name":"Indiana","ALAND":7547697},"geometry":{"type":"MultiPolygon","coordinates":[[[[-87.415633,38.022907],[-87.408556,38.027375],[-87.4018,38.027971],[-87.390183,38.034388],[-87.390397,38.038171],[-87.39621,38.038549],[-87.39626,38.041687],[-87.386209,38.041774],[-87.386218,38.040004],[-87.383272,38.040078],[-87.383305,38.041724],[-87.380312,38.041707],[-87.380328,38.043878],[-87.378714,38.041734],[-87.378732,38.043832],[-87.377123,38.043827],[-87.377134,38.050739],[-87.367868,38.050758],[-87.36785,38.048835],[-87.342662,38.048217],[-87.346603,38.046628],[-87.346122,38.045249],[-87.351324,38.043892],[-87.355343,38.038607],[-87.361039,38.038513],[-87.365767,38.036105],[-87.357408,38.035239],[-87.361664,38.027108],[-87.385207,38.027202],[-87.385225,38.02531],[-87.390974,38.024599],[-87.392346,38.022043],[-87.392907,38.02723],[-87.400691,38.027265],[-87.415633,38.022907]]],[[[-87.418081,38.021241],[-87.416496,38.022964],[-87.415954,38.022417],[-87.418081,38.021241]]]]}},{"type":"Feature","properties":{"NAME":"Elberfeld","state_abbr":"IN","state_name":"Indiana","ALAND":792330},"geometry":{"type":"Polygon","coordinates":[[[-87.455323,38.157696],[-87.449809,38.164005],[-87.449477,38.16583],[-87.452797,38.165795],[-87.452856,38.168393],[-87.448208,38.168815],[-87.44619,38.167453],[-87.444883,38.160695],[-87.440734,38.159295],[-87.441095,38.157515],[-87.447435,38.156133],[-87.449776,38.158085],[-87.455323,38.157696]]]}},{"type":"Feature","properties":{"NAME":"Morgantown","state_abbr":"IN","state_name":"Indiana","ALAND":978281},"geometry":{"type":"Polygon","coordinates":[[[-86.266515,39.371367],[-86.263252,39.37267],[-86.262078,39.376035],[-86.25152,39.37959],[-86.2515,39.37122],[-86.257243,39.371054],[-86.258911,39.368823],[-86.265361,39.366353],[-86.266515,39.371367]]]}},{"type":"Feature","properties":{"NAME":"Dana","state_abbr":"IN","state_name":"Indiana","ALAND":756246},"geometry":{"type":"Polygon","coordinates":[[[-87.499792,39.804111],[-87.499669,39.811245],[-87.489904,39.810384],[-87.488749,39.804138],[-87.492566,39.804121],[-87.492501,39.802432],[-87.494276,39.801858],[-87.49532,39.804067],[-87.499792,39.804111]]]}},{"type":"Feature","properties":{"NAME":"Cynthiana","state_abbr":"IN","state_name":"Indiana","ALAND":1032900},"geometry":{"type":"Polygon","coordinates":[[[-87.716912,38.185983],[-87.716264,38.190328],[-87.697598,38.190621],[-87.697562,38.18787],[-87.702481,38.187955],[-87.703922,38.186772],[-87.703958,38.183413],[-87.71537,38.182936],[-87.715209,38.186629],[-87.716912,38.185983]]]}},{"type":"Feature","properties":{"NAME":"New Harmony","state_abbr":"IN","state_name":"Indiana","ALAND":2110282},"geometry":{"type":"Polygon","coordinates":[[[-87.943087,38.128185],[-87.938605,38.13454],[-87.928778,38.134557],[-87.928757,38.131636],[-87.917508,38.134306],[-87.917579,38.129779],[-87.919669,38.129789],[-87.919974,38.125098],[-87.923626,38.122617],[-87.924247,38.125574],[-87.928443,38.124511],[-87.928484,38.122715],[-87.935147,38.122366],[-87.935264,38.119941],[-87.936396,38.123815],[-87.938297,38.123909],[-87.938324,38.127471],[-87.943087,38.128185]]]}},{"type":"Feature","properties":{"NAME":"Poseyville","state_abbr":"IN","state_name":"Indiana","ALAND":1671569},"geometry":{"type":"Polygon","coordinates":[[[-87.792898,38.1674],[-87.791259,38.166768],[-87.791376,38.171574],[-87.784442,38.172074],[-87.785229,38.180301],[-87.781029,38.18026],[-87.779419,38.171807],[-87.771843,38.172521],[-87.771836,38.169928],[-87.777666,38.169922],[-87.77766,38.166411],[-87.780091,38.166414],[-87.780104,38.162127],[-87.781801,38.16214],[-87.781791,38.160059],[-87.783307,38.160035],[-87.783299,38.162183],[-87.78675,38.16218],[-87.786784,38.165046],[-87.788523,38.165728],[-87.788462,38.163451],[-87.790295,38.163398],[-87.792898,38.1674]]]}},{"type":"Feature","properties":{"NAME":"Huntertown","state_abbr":"IN","state_name":"Indiana","ALAND":18142931},"geometry":{"type":"Polygon","coordinates":[[[-85.210571,41.192048],[-85.210003,41.198512],[-85.190362,41.19881],[-85.190485,41.206067],[-85.184302,41.20611],[-85.184425,41.211736],[-85.179018,41.213452],[-85.179151,41.220698],[-85.183891,41.220652],[-85.18392,41.222268],[-85.186443,41.222256],[-85.186639,41.227865],[-85.177498,41.229539],[-85.173459,41.233671],[-85.176974,41.233601],[-85.178731,41.23945],[-85.175382,41.239163],[-85.178623,41.244676],[-85.17754,41.246337],[-85.172748,41.246825],[-85.167449,41.243765],[-85.167087,41.240102],[-85.164615,41.242678],[-85.161484,41.242833],[-85.161785,41.24456],[-85.156461,41.245485],[-85.1565,41.25026],[-85.152688,41.250345],[-85.152639,41.247388],[-85.149211,41.248448],[-85.149048,41.243907],[-85.150307,41.243141],[-85.143821,41.243204],[-85.14362,41.235947],[-85.134103,41.236115],[-85.133634,41.221614],[-85.148156,41.221353],[-85.148291,41.224969],[-85.157567,41.224738],[-85.157339,41.217444],[-85.152563,41.217558],[-85.152508,41.215758],[-85.157267,41.215662],[-85.157055,41.206644],[-85.152208,41.20677],[-85.151897,41.195832],[-85.157075,41.192091],[-85.210571,41.192048]],[[-85.173558,41.209792],[-85.17343,41.20617],[-85.161863,41.206519],[-85.161987,41.209993],[-85.168045,41.209893],[-85.1682,41.213609],[-85.161931,41.213785],[-85.162109,41.216109],[-85.170783,41.215753],[-85.171796,41.217002],[-85.171036,41.209899],[-85.173558,41.209792]]]}},{"type":"Feature","properties":{"NAME":"Leo-Cedarville","state_abbr":"IN","state_name":"Indiana","ALAND":9645689},"geometry":{"type":"Polygon","coordinates":[[[-85.038297,41.230008],[-85.019242,41.23033],[-85.019471,41.237565],[-85.000189,41.237921],[-84.999906,41.226052],[-84.99504,41.226148],[-84.994712,41.216316],[-85.014634,41.2159],[-85.015354,41.211617],[-85.013849,41.209862],[-85.017633,41.204249],[-85.020505,41.203042],[-85.020475,41.200307],[-85.03751,41.199326],[-85.038297,41.230008]]]}},{"type":"Feature","properties":{"NAME":"Austin","state_abbr":"IN","state_name":"Indiana","ALAND":8090192},"geometry":{"type":"MultiPolygon","coordinates":[[[[-85.796416,38.734569],[-85.794183,38.733359],[-85.794195,38.732366],[-85.795591,38.732347],[-85.796416,38.734569]]],[[[-85.817271,38.760973],[-85.81581,38.76085],[-85.813879,38.757591],[-85.817271,38.760973]]],[[[-85.833253,38.743343],[-85.829882,38.743846],[-85.832062,38.74489],[-85.832124,38.747358],[-85.828868,38.747439],[-85.826951,38.747399],[-85.826918,38.743865],[-85.820188,38.743834],[-85.821794,38.746672],[-85.817993,38.746691],[-85.8159,38.74576],[-85.815881,38.743734],[-85.807862,38.74368],[-85.808775,38.745474],[-85.806946,38.746205],[-85.813854,38.757562],[-85.79475,38.757753],[-85.794767,38.745208],[-85.792379,38.745204],[-85.792382,38.743248],[-85.795119,38.743306],[-85.795204,38.735105],[-85.80114,38.73501],[-85.794805,38.726454],[-85.794761,38.724335],[-85.796691,38.725543],[-85.826759,38.726832],[-85.826786,38.734994],[-85.832649,38.734983],[-85.833253,38.743343]],[[-85.814862,38.735],[-85.813514,38.732773],[-85.811934,38.733669],[-85.811979,38.735069],[-85.814862,38.735]],[[-85.81147,38.735082],[-85.811285,38.733672],[-85.811325,38.735084],[-85.81147,38.735082]]]]}},{"type":"Feature","properties":{"NAME":"Brooklyn","state_abbr":"IN","state_name":"Indiana","ALAND":2563099},"geometry":{"type":"Polygon","coordinates":[[[-86.382144,39.550667],[-86.379331,39.557371],[-86.371227,39.553981],[-86.371107,39.550935],[-86.367513,39.549007],[-86.364216,39.548446],[-86.362752,39.549745],[-86.362748,39.547278],[-86.359674,39.546794],[-86.361046,39.549861],[-86.354973,39.550048],[-86.354906,39.544348],[-86.364794,39.544326],[-86.365387,39.5408],[-86.363576,39.540803],[-86.363564,39.539563],[-86.366681,39.538717],[-86.36554,39.537207],[-86.367972,39.535812],[-86.370711,39.535761],[-86.373219,39.531956],[-86.374712,39.532544],[-86.372957,39.534151],[-86.375836,39.53555],[-86.371631,39.538797],[-86.373053,39.54019],[-86.375469,39.539659],[-86.376951,39.542589],[-86.378382,39.542544],[-86.378873,39.550677],[-86.382144,39.550667]]]}},{"type":"Feature","properties":{"NAME":"Paragon","state_abbr":"IN","state_name":"Indiana","ALAND":712368},"geometry":{"type":"MultiPolygon","coordinates":[[[[-86.564021,39.382964],[-86.564914,39.383781],[-86.563754,39.383775],[-86.564021,39.382964]]],[[[-86.570353,39.395148],[-86.56806,39.395559],[-86.568001,39.398273],[-86.557844,39.398236],[-86.554554,39.396053],[-86.554573,39.393904],[-86.561251,39.393685],[-86.561276,39.391091],[-86.564242,39.390962],[-86.566321,39.392147],[-86.566324,39.394149],[-86.570349,39.391799],[-86.570353,39.395148]]]]}},{"type":"Feature","properties":{"NAME":"Scottsburg","state_abbr":"IN","state_name":"Indiana","ALAND":14347565},"geometry":{"type":"Polygon","coordinates":[[[-85.816189,38.682785],[-85.813162,38.682518],[-85.812269,38.684455],[-85.808979,38.685081],[-85.808941,38.679711],[-85.804336,38.679731],[-85.804395,38.681537],[-85.801707,38.681616],[-85.801745,38.685758],[-85.806878,38.685074],[-85.806084,38.689761],[-85.808449,38.689765],[-85.808496,38.692306],[-85.80491,38.692328],[-85.804763,38.691184],[-85.803816,38.696008],[-85.79935,38.695983],[-85.799331,38.694146],[-85.797711,38.694153],[-85.797673,38.695998],[-85.799068,38.696259],[-85.799211,38.706834],[-85.800551,38.708312],[-85.802625,38.706884],[-85.802635,38.709146],[-85.80313,38.70689],[-85.803932,38.709532],[-85.803935,38.717711],[-85.802258,38.717705],[-85.792887,38.704168],[-85.794344,38.707209],[-85.788402,38.707525],[-85.787428,38.710667],[-85.787476,38.707523],[-85.780015,38.707571],[-85.775824,38.702024],[-85.775756,38.69768],[-85.774005,38.69768],[-85.77296,38.695389],[-85.772617,38.696411],[-85.768448,38.69513],[-85.768514,38.69952],[-85.767091,38.699519],[-85.76536,38.69798],[-85.764831,38.693152],[-85.761215,38.693234],[-85.760592,38.678668],[-85.765198,38.678651],[-85.765343,38.671167],[-85.762781,38.671191],[-85.762769,38.66266],[-85.76069,38.662659],[-85.760691,38.660942],[-85.765143,38.660943],[-85.765123,38.662985],[-85.774655,38.663405],[-85.774665,38.661991],[-85.771074,38.66204],[-85.771058,38.657952],[-85.784302,38.657496],[-85.784349,38.659888],[-85.788315,38.659875],[-85.786857,38.663565],[-85.782054,38.663597],[-85.785154,38.674502],[-85.78663,38.674434],[-85.786843,38.670902],[-85.78682,38.674415],[-85.789977,38.6749],[-85.789901,38.676174],[-85.786076,38.676222],[-85.786849,38.678156],[-85.79416,38.678114],[-85.794209,38.682619],[-85.796714,38.682643],[-85.796803,38.685049],[-85.798324,38.685057],[-85.799358,38.677734],[-85.803775,38.677714],[-85.803809,38.6742],[-85.805272,38.674208],[-85.805259,38.675883],[-85.808734,38.675917],[-85.809848,38.67777],[-85.812264,38.675948],[-85.81318,38.682212],[-85.816189,38.682785]],[[-85.799635,38.686829],[-85.798995,38.685061],[-85.798977,38.686834],[-85.799635,38.686829]],[[-85.794344,38.695665],[-85.794328,38.692953],[-85.788592,38.692939],[-85.789292,38.696718],[-85.794344,38.695665]],[[-85.770221,38.670929],[-85.768906,38.669953],[-85.768911,38.670949],[-85.770221,38.670929]],[[-85.768505,38.694002],[-85.767463,38.693093],[-85.767494,38.693991],[-85.768505,38.694002]]]}},{"type":"Feature","properties":{"NAME":"Ferdinand","state_abbr":"IN","state_name":"Indiana","ALAND":5948028},"geometry":{"type":"Polygon","coordinates":[[[-86.879599,38.240819],[-86.874893,38.240811],[-86.874871,38.239446],[-86.872732,38.239409],[-86.87273,38.236956],[-86.870066,38.237409],[-86.870128,38.240871],[-86.865765,38.240491],[-86.865025,38.238292],[-86.864757,38.241346],[-86.860256,38.241353],[-86.860188,38.238247],[-86.8512,38.240738],[-86.851907,38.229117],[-86.844682,38.227982],[-86.844637,38.222555],[-86.850947,38.2231],[-86.847543,38.226399],[-86.853295,38.226288],[-86.853419,38.224239],[-86.856384,38.223872],[-86.856343,38.222669],[-86.854236,38.222663],[-86.856271,38.220995],[-86.851832,38.222361],[-86.851605,38.220603],[-86.85346,38.219598],[-86.851336,38.215821],[-86.859706,38.21586],[-86.861008,38.210891],[-86.863785,38.21009],[-86.86331,38.206716],[-86.865784,38.208404],[-86.870214,38.206442],[-86.870227,38.212304],[-86.867857,38.212241],[-86.867868,38.215904],[-86.870262,38.215893],[-86.870278,38.219518],[-86.874998,38.220327],[-86.873526,38.225287],[-86.874643,38.235302],[-86.879522,38.234457],[-86.879599,38.240819]],[[-86.873547,38.229419],[-86.873121,38.223299],[-86.870218,38.223301],[-86.870256,38.227307],[-86.873547,38.229419]],[[-86.86738,38.238908],[-86.867673,38.237816],[-86.867262,38.23789],[-86.86738,38.238908]]]}},{"type":"Feature","properties":{"NAME":"Holland","state_abbr":"IN","state_name":"Indiana","ALAND":967283},"geometry":{"type":"Polygon","coordinates":[[[-87.045158,38.243462],[-87.045229,38.248318],[-87.041535,38.248329],[-87.039836,38.25054],[-87.03796,38.250509],[-87.037943,38.252943],[-87.035297,38.252723],[-87.031633,38.245115],[-87.03362,38.245118],[-87.033547,38.242095],[-87.039335,38.242718],[-87.039407,38.239732],[-87.040622,38.239724],[-87.04319,38.24346],[-87.045158,38.243462]]]}},{"type":"Feature","properties":{"NAME":"Huntingburg","state_abbr":"IN","state_name":"Indiana","ALAND":13089145},"geometry":{"type":"Polygon","coordinates":[[[-86.988862,38.298282],[-86.983374,38.298284],[-86.980298,38.299545],[-86.980283,38.301196],[-86.976625,38.301203],[-86.976568,38.306067],[-86.979511,38.306071],[-86.979511,38.310993],[-86.981698,38.311768],[-86.981706,38.313436],[-86.984119,38.313446],[-86.98402,38.317392],[-86.979497,38.317388],[-86.979502,38.323047],[-86.976844,38.322987],[-86.976515,38.32078],[-86.969272,38.320804],[-86.961437,38.32267],[-86.961446,38.32425],[-86.950791,38.324541],[-86.950796,38.322608],[-86.960844,38.322476],[-86.960856,38.320275],[-86.951628,38.319508],[-86.95067,38.315194],[-86.947601,38.313517],[-86.950828,38.309518],[-86.950836,38.306871],[-86.937689,38.306283],[-86.93673,38.300459],[-86.936714,38.297759],[-86.948917,38.298592],[-86.946268,38.296599],[-86.947068,38.294447],[-86.945046,38.294627],[-86.945032,38.29589],[-86.939113,38.292788],[-86.94708,38.292332],[-86.942317,38.291604],[-86.942255,38.287821],[-86.940347,38.28785],[-86.939374,38.284084],[-86.950612,38.284004],[-86.950603,38.280338],[-86.956458,38.280372],[-86.956443,38.284043],[-86.958927,38.284042],[-86.96002,38.27675],[-86.958113,38.276729],[-86.958129,38.274831],[-86.961089,38.275881],[-86.961885,38.273082],[-86.966891,38.273045],[-86.966805,38.276685],[-86.964468,38.276725],[-86.964446,38.278869],[-86.969754,38.279221],[-86.970208,38.280594],[-86.970208,38.282189],[-86.961951,38.282648],[-86.961937,38.285858],[-86.963235,38.286616],[-86.965595,38.286634],[-86.965587,38.284124],[-86.970185,38.283904],[-86.97031,38.288395],[-86.966423,38.2897],[-86.966459,38.291219],[-86.988837,38.291514],[-86.988862,38.298282]]]}},{"type":"Feature","properties":{"NAME":"Monrovia","state_abbr":"IN","state_name":"Indiana","ALAND":4649564},"geometry":{"type":"Polygon","coordinates":[[[-86.491909,39.583367],[-86.491433,39.593576],[-86.487847,39.593687],[-86.486142,39.595483],[-86.481704,39.594353],[-86.481198,39.596712],[-86.479669,39.596722],[-86.479446,39.593391],[-86.465423,39.593338],[-86.465476,39.585985],[-86.467556,39.585953],[-86.467412,39.58466],[-86.465442,39.585106],[-86.465502,39.578747],[-86.474681,39.578813],[-86.474616,39.57163],[-86.488127,39.571505],[-86.488117,39.575325],[-86.491668,39.575374],[-86.491756,39.580856],[-86.485209,39.580794],[-86.485249,39.583367],[-86.491909,39.583367]]]}},{"type":"Feature","properties":{"NAME":"Holton","state_abbr":"IN","state_name":"Indiana","ALAND":4694775},"geometry":{"type":"Polygon","coordinates":[[[-85.400961,39.067682],[-85.400738,39.08116],[-85.395637,39.08113],[-85.395637,39.083799],[-85.376584,39.083724],[-85.376634,39.078972],[-85.367753,39.082438],[-85.36808,39.067848],[-85.400961,39.067682]]]}},{"type":"Feature","properties":{"NAME":"Sunman","state_abbr":"IN","state_name":"Indiana","ALAND":3029134},"geometry":{"type":"Polygon","coordinates":[[[-85.109125,39.228844],[-85.09561,39.229052],[-85.095579,39.232894],[-85.099356,39.232786],[-85.099314,39.236005],[-85.100831,39.236038],[-85.100822,39.237895],[-85.099344,39.237889],[-85.099421,39.251308],[-85.094449,39.251415],[-85.094578,39.244639],[-85.077595,39.244671],[-85.079077,39.236957],[-85.088055,39.236923],[-85.088068,39.235881],[-85.089795,39.236932],[-85.089875,39.233136],[-85.093462,39.23318],[-85.093539,39.222244],[-85.099711,39.222186],[-85.099646,39.225716],[-85.109081,39.225775],[-85.109125,39.228844]]]}},{"type":"Feature","properties":{"NAME":"Martinsville","state_abbr":"IN","state_name":"Indiana","ALAND":23717257},"geometry":{"type":"Polygon","coordinates":[[[-86.479628,39.379024],[-86.478653,39.38517],[-86.473059,39.381268],[-86.4705,39.383684],[-86.473156,39.386642],[-86.471322,39.39078],[-86.473596,39.392527],[-86.464907,39.393309],[-86.464833,39.396958],[-86.460371,39.397109],[-86.460268,39.404746],[-86.455688,39.404709],[-86.455664,39.411878],[-86.446339,39.411675],[-86.446323,39.426859],[-86.451902,39.426814],[-86.452051,39.432871],[-86.447083,39.434359],[-86.443529,39.438633],[-86.431217,39.445547],[-86.428562,39.445592],[-86.419456,39.442733],[-86.418318,39.438497],[-86.413709,39.438561],[-86.413789,39.445549],[-86.407628,39.445729],[-86.404083,39.442488],[-86.407254,39.441455],[-86.40845,39.442757],[-86.40821,39.441411],[-86.410378,39.440786],[-86.41246,39.443395],[-86.412355,39.438979],[-86.406219,39.439906],[-86.404416,39.437936],[-86.401754,39.439975],[-86.399549,39.43825],[-86.399593,39.434714],[-86.404268,39.433789],[-86.404247,39.430586],[-86.398695,39.433647],[-86.393283,39.435476],[-86.392069,39.438333],[-86.393799,39.438314],[-86.393822,39.439586],[-86.391731,39.440054],[-86.39188,39.436598],[-86.3929,39.435331],[-86.402629,39.431237],[-86.395165,39.430862],[-86.401741,39.425528],[-86.400336,39.424536],[-86.401249,39.423039],[-86.401946,39.424735],[-86.404352,39.422754],[-86.404378,39.419159],[-86.399542,39.419177],[-86.398778,39.41557],[-86.394469,39.414665],[-86.394497,39.41314],[-86.400096,39.413103],[-86.400324,39.401954],[-86.414087,39.401888],[-86.414114,39.398139],[-86.431733,39.398052],[-86.441241,39.401982],[-86.443431,39.399225],[-86.444971,39.401292],[-86.448788,39.399939],[-86.45006,39.397574],[-86.441748,39.397866],[-86.441765,39.393999],[-86.445598,39.393719],[-86.444641,39.395582],[-86.446424,39.395803],[-86.455591,39.393268],[-86.456018,39.395857],[-86.464916,39.388422],[-86.464913,39.386508],[-86.463722,39.386551],[-86.46376,39.3888],[-86.455809,39.391513],[-86.456532,39.387822],[-86.460719,39.387697],[-86.45577,39.385956],[-86.455741,39.379531],[-86.457031,39.37951],[-86.455771,39.375035],[-86.460402,39.37488],[-86.460426,39.377422],[-86.464944,39.377295],[-86.465792,39.37447],[-86.474615,39.374535],[-86.475697,39.375546],[-86.472039,39.377883],[-86.479628,39.379024]],[[-86.431074,39.413607],[-86.430921,39.410635],[-86.427905,39.410776],[-86.427916,39.413773],[-86.431074,39.413607]],[[-86.418428,39.438124],[-86.419401,39.438501],[-86.419409,39.438121],[-86.418428,39.438124]]]}},{"type":"Feature","properties":{"NAME":"Ulen","state_abbr":"IN","state_name":"Indiana","ALAND":591786},"geometry":{"type":"Polygon","coordinates":[[[-86.468583,40.061126],[-86.467317,40.071927],[-86.463037,40.071983],[-86.46194,40.06294],[-86.46488,40.06032],[-86.468583,40.061126]]]}},{"type":"Feature","properties":{"NAME":"Wolcott","state_abbr":"IN","state_name":"Indiana","ALAND":1535239},"geometry":{"type":"Polygon","coordinates":[[[-87.048128,40.752853],[-87.047803,40.765016],[-87.042498,40.764917],[-87.041744,40.770441],[-87.040687,40.764884],[-87.035949,40.764798],[-87.036056,40.753431],[-87.039586,40.753511],[-87.039325,40.750454],[-87.0433,40.750553],[-87.043238,40.752786],[-87.048128,40.752853]]]}},{"type":"Feature","properties":{"NAME":"Zanesville","state_abbr":"IN","state_name":"Indiana","ALAND":2143022},"geometry":{"type":"Polygon","coordinates":[[[-85.292353,40.91036],[-85.292352,40.912592],[-85.290216,40.912608],[-85.290203,40.917038],[-85.286096,40.917043],[-85.286143,40.92067],[-85.282966,40.920677],[-85.278711,40.924307],[-85.271226,40.922762],[-85.270181,40.918208],[-85.271107,40.91039],[-85.280652,40.910392],[-85.281524,40.911574],[-85.288292,40.907164],[-85.293939,40.908914],[-85.293939,40.91035],[-85.292353,40.91036]]]}},{"type":"Feature","properties":{"NAME":"Crawfordsville","state_abbr":"IN","state_name":"Indiana","ALAND":25870404},"geometry":{"type":"Polygon","coordinates":[[[-86.942841,40.036451],[-86.931904,40.035941],[-86.931935,40.037898],[-86.93688,40.039337],[-86.936894,40.040679],[-86.932237,40.043038],[-86.929151,40.048203],[-86.920967,40.050268],[-86.916038,40.04727],[-86.91172,40.048642],[-86.909792,40.05114],[-86.907269,40.050105],[-86.910005,40.051318],[-86.910397,40.053296],[-86.91019,40.055036],[-86.906931,40.052806],[-86.905198,40.053637],[-86.90841,40.057602],[-86.908487,40.062315],[-86.915843,40.061277],[-86.915931,40.06553],[-86.909299,40.064725],[-86.913372,40.068516],[-86.909034,40.06849],[-86.909,40.075778],[-86.912264,40.075792],[-86.912183,40.081244],[-86.90451,40.078007],[-86.903903,40.086193],[-86.9001,40.078996],[-86.891422,40.079216],[-86.898723,40.073927],[-86.895855,40.072006],[-86.895459,40.068475],[-86.891747,40.066366],[-86.889944,40.06727],[-86.889944,40.06601],[-86.883446,40.067086],[-86.885137,40.064687],[-86.88337,40.064734],[-86.884146,40.063121],[-86.880522,40.062887],[-86.8832,40.062752],[-86.880783,40.061334],[-86.885296,40.061355],[-86.885326,40.05555],[-86.879393,40.060337],[-86.882379,40.057349],[-86.876719,40.057333],[-86.87589,40.054077],[-86.866463,40.054038],[-86.866406,40.046084],[-86.865642,40.046765],[-86.865074,40.044616],[-86.857985,40.044308],[-86.857987,40.040992],[-86.859386,40.039592],[-86.863621,40.039577],[-86.863953,40.036604],[-86.861655,40.037654],[-86.861656,40.035882],[-86.857045,40.034417],[-86.857037,40.032531],[-86.862383,40.032223],[-86.862374,40.034096],[-86.864959,40.035609],[-86.866348,40.034421],[-86.866281,40.027061],[-86.87268,40.029742],[-86.870598,40.03224],[-86.873256,40.032243],[-86.873499,40.030071],[-86.875805,40.031029],[-86.87573,40.025011],[-86.878474,40.025022],[-86.880497,40.027774],[-86.880359,40.017755],[-86.894428,40.017762],[-86.894356,40.010518],[-86.89914,40.010501],[-86.898955,40.003199],[-86.9038,40.003217],[-86.904143,40.01047],[-86.91138,40.010478],[-86.911367,40.014391],[-86.908588,40.014398],[-86.908612,40.017173],[-86.904712,40.017157],[-86.904758,40.018391],[-86.912902,40.017762],[-86.909979,40.024402],[-86.906649,40.02477],[-86.907155,40.031034],[-86.910907,40.030503],[-86.910889,40.028679],[-86.913404,40.028692],[-86.91342,40.026185],[-86.9181,40.025042],[-86.918057,40.021073],[-86.922313,40.021063],[-86.922367,40.025062],[-86.926922,40.02506],[-86.927127,40.032343],[-86.942788,40.03212],[-86.942841,40.036451]],[[-86.927393,40.038317],[-86.927358,40.035684],[-86.922657,40.034107],[-86.923539,40.038432],[-86.927393,40.038317]],[[-86.902662,40.017289],[-86.899756,40.017092],[-86.900553,40.01972],[-86.901643,40.019728],[-86.902662,40.017289]],[[-86.894499,40.017762],[-86.899099,40.016804],[-86.894536,40.016217],[-86.894499,40.017762]]]}},{"type":"Feature","properties":{"NAME":"Darlington","state_abbr":"IN","state_name":"Indiana","ALAND":866979},"geometry":{"type":"Polygon","coordinates":[[[-86.786022,40.105332],[-86.781744,40.108184],[-86.783302,40.109804],[-86.780826,40.109791],[-86.780815,40.111089],[-86.782269,40.111892],[-86.772045,40.110631],[-86.769664,40.106282],[-86.767322,40.108354],[-86.767322,40.106039],[-86.769609,40.105952],[-86.769527,40.104415],[-86.774443,40.104437],[-86.774424,40.101687],[-86.774974,40.1044],[-86.786019,40.103852],[-86.786022,40.105332]]]}},{"type":"Feature","properties":{"NAME":"Ladoga","state_abbr":"IN","state_name":"Indiana","ALAND":1390740},"geometry":{"type":"Polygon","coordinates":[[[-86.809813,39.914073],[-86.80884,39.916318],[-86.803877,39.916763],[-86.803923,39.923026],[-86.794359,39.923025],[-86.794371,39.916662],[-86.789486,39.917165],[-86.789633,39.915166],[-86.787656,39.91573],[-86.789716,39.913392],[-86.794397,39.913494],[-86.79443,39.910966],[-86.79668,39.910737],[-86.809813,39.914073]]]}},{"type":"Feature","properties":{"NAME":"Linden","state_abbr":"IN","state_name":"Indiana","ALAND":1011846},"geometry":{"type":"Polygon","coordinates":[[[-86.907926,40.186136],[-86.907864,40.188775],[-86.904507,40.188784],[-86.906472,40.200642],[-86.904418,40.200647],[-86.904455,40.197012],[-86.898682,40.197793],[-86.899608,40.193215],[-86.903227,40.193256],[-86.903209,40.190777],[-86.89743,40.190581],[-86.894724,40.186146],[-86.902196,40.185572],[-86.901761,40.178341],[-86.904398,40.178354],[-86.904399,40.176861],[-86.905639,40.176867],[-86.904505,40.186163],[-86.907926,40.186136]]]}},{"type":"Feature","properties":{"NAME":"New Market","state_abbr":"IN","state_name":"Indiana","ALAND":705274},"geometry":{"type":"Polygon","coordinates":[[[-86.929726,39.95242],[-86.926699,39.952541],[-86.926281,39.955253],[-86.922601,39.955266],[-86.921523,39.957379],[-86.918555,39.957466],[-86.918579,39.954274],[-86.91627,39.955623],[-86.916291,39.954392],[-86.91345,39.954488],[-86.916838,39.95191],[-86.917442,39.948474],[-86.921384,39.947497],[-86.923662,39.951725],[-86.927847,39.949369],[-86.929726,39.95242]]]}},{"type":"Feature","properties":{"NAME":"Rushville","state_abbr":"IN","state_name":"Indiana","ALAND":8895870},"geometry":{"type":"MultiPolygon","coordinates":[[[[-85.435452,39.647932],[-85.433015,39.647956],[-85.432951,39.640659],[-85.434998,39.640628],[-85.435452,39.647932]]],[[[-85.462793,39.618464],[-85.458529,39.618547],[-85.459786,39.626593],[-85.457481,39.627347],[-85.457446,39.625735],[-85.454318,39.625759],[-85.454387,39.629996],[-85.447124,39.630163],[-85.445191,39.632325],[-85.453644,39.63312],[-85.449471,39.636189],[-85.445214,39.636168],[-85.445236,39.640351],[-85.450202,39.64027],[-85.450293,39.647749],[-85.445125,39.647773],[-85.44517,39.652651],[-85.435515,39.652734],[-85.436192,39.646282],[-85.440136,39.645978],[-85.440168,39.643038],[-85.444977,39.640479],[-85.444846,39.630309],[-85.441438,39.630351],[-85.44191,39.628195],[-85.444042,39.628171],[-85.441905,39.625997],[-85.430443,39.626042],[-85.430352,39.619205],[-85.438118,39.613275],[-85.439169,39.609747],[-85.441133,39.609429],[-85.441034,39.604943],[-85.436324,39.605541],[-85.438458,39.598976],[-85.435155,39.598378],[-85.437897,39.59716],[-85.431837,39.593048],[-85.430275,39.594446],[-85.42665,39.590879],[-85.438184,39.590885],[-85.438223,39.597382],[-85.440842,39.599526],[-85.442816,39.598254],[-85.441722,39.597432],[-85.443168,39.593289],[-85.449199,39.589358],[-85.448237,39.592002],[-85.446231,39.592055],[-85.447389,39.592638],[-85.446953,39.5957],[-85.449405,39.596261],[-85.448655,39.598298],[-85.45411,39.598274],[-85.454415,39.606289],[-85.460657,39.606144],[-85.460805,39.610971],[-85.462642,39.611012],[-85.460645,39.612637],[-85.462695,39.613163],[-85.462793,39.618464]]]]}},{"type":"Feature","properties":{"NAME":"Tennyson","state_abbr":"IN","state_name":"Indiana","ALAND":605591},"geometry":{"type":"Polygon","coordinates":[[[-87.124847,38.085483],[-87.113192,38.085112],[-87.113867,38.080503],[-87.116124,38.081002],[-87.118089,38.079476],[-87.116588,38.078811],[-87.116965,38.075505],[-87.118255,38.075083],[-87.117446,38.073359],[-87.11955,38.073339],[-87.119038,38.078788],[-87.121886,38.082424],[-87.124838,38.082429],[-87.124847,38.085483]]]}},{"type":"Feature","properties":{"NAME":"Wingate","state_abbr":"IN","state_name":"Indiana","ALAND":501235},"geometry":{"type":"Polygon","coordinates":[[[-87.077936,40.178266],[-87.07329,40.178287],[-87.070406,40.171693],[-87.065489,40.170064],[-87.068405,40.170038],[-87.07025,40.169103],[-87.070299,40.16711],[-87.073213,40.166264],[-87.073257,40.169508],[-87.07506,40.169522],[-87.075668,40.171177],[-87.074295,40.175656],[-87.077936,40.178266]]]}},{"type":"Feature","properties":{"NAME":"North Vernon","state_abbr":"IN","state_name":"Indiana","ALAND":19875797},"geometry":{"type":"Polygon","coordinates":[[[-85.663806,38.992304],[-85.663733,38.999521],[-85.645724,38.999504],[-85.643637,39.001334],[-85.644553,39.001853],[-85.642771,39.004322],[-85.646768,39.005746],[-85.649122,39.004529],[-85.651648,39.006041],[-85.649152,39.00613],[-85.649245,39.007914],[-85.647948,39.007914],[-85.647982,39.010324],[-85.6493,39.010322],[-85.649354,39.021643],[-85.658953,39.021704],[-85.65904,39.029085],[-85.649713,39.029114],[-85.649618,39.043911],[-85.640229,39.043862],[-85.640209,39.036459],[-85.626036,39.036435],[-85.626023,39.04203],[-85.621446,39.042158],[-85.619305,39.051251],[-85.593179,39.051457],[-85.593168,39.047806],[-85.597672,39.047812],[-85.59763,39.045748],[-85.600092,39.045769],[-85.600056,39.036674],[-85.62107,39.036492],[-85.620971,39.029089],[-85.622542,39.029063],[-85.622541,39.027065],[-85.626049,39.027378],[-85.627315,39.014319],[-85.616822,39.014241],[-85.617093,39.010173],[-85.613487,39.010779],[-85.609946,39.009188],[-85.611526,39.005727],[-85.60466,39.007751],[-85.606897,39.00422],[-85.60935,39.003888],[-85.609709,39.005882],[-85.611527,39.005599],[-85.611514,39.003746],[-85.613852,39.002709],[-85.609541,38.996627],[-85.615611,38.995108],[-85.616686,38.992087],[-85.620854,38.992058],[-85.621113,38.994321],[-85.62151,38.992081],[-85.627164,38.992107],[-85.627624,38.981164],[-85.630324,38.986836],[-85.649509,38.985422],[-85.649551,38.992258],[-85.663806,38.992304]],[[-85.644864,39.014306],[-85.640919,39.01432],[-85.640314,39.015062],[-85.644813,39.015441],[-85.644864,39.014306]]]}},{"type":"Feature","properties":{"NAME":"Wolcottville","state_abbr":"IN","state_name":"Indiana","ALAND":2623294},"geometry":{"type":"Polygon","coordinates":[[[-85.376512,41.518538],[-85.376018,41.533077],[-85.357019,41.533361],[-85.357445,41.51841],[-85.364953,41.518446],[-85.367208,41.512316],[-85.367152,41.51846],[-85.376512,41.518538]],[[-85.37366,41.529693],[-85.37052,41.530189],[-85.370511,41.531869],[-85.373647,41.531889],[-85.37366,41.529693]]]}},{"type":"Feature","properties":{"NAME":"Milan","state_abbr":"IN","state_name":"Indiana","ALAND":5153978},"geometry":{"type":"Polygon","coordinates":[[[-85.140988,39.133879],[-85.137367,39.133905],[-85.137357,39.140181],[-85.130483,39.139794],[-85.130397,39.137746],[-85.126688,39.137789],[-85.126545,39.134357],[-85.121571,39.134551],[-85.121537,39.133298],[-85.1174,39.131845],[-85.117482,39.126757],[-85.109543,39.126763],[-85.109775,39.124184],[-85.112473,39.124163],[-85.112417,39.12089],[-85.113739,39.120872],[-85.113806,39.119498],[-85.110448,39.120003],[-85.109627,39.117984],[-85.11239,39.118661],[-85.112291,39.112084],[-85.116762,39.112084],[-85.116786,39.115177],[-85.131253,39.115134],[-85.131521,39.117744],[-85.140545,39.117389],[-85.140988,39.133879]]]}},{"type":"Feature","properties":{"NAME":"Osgood","state_abbr":"IN","state_name":"Indiana","ALAND":4012433},"geometry":{"type":"Polygon","coordinates":[[[-85.310688,39.121113],[-85.301268,39.12248],[-85.301027,39.140323],[-85.282832,39.139732],[-85.282574,39.118053],[-85.29661,39.118151],[-85.29703,39.119323],[-85.301243,39.119299],[-85.301272,39.120817],[-85.303603,39.11828],[-85.308359,39.118296],[-85.310688,39.121113]]]}},{"type":"Feature","properties":{"NAME":"Lynnville","state_abbr":"IN","state_name":"Indiana","ALAND":4512103},"geometry":{"type":"Polygon","coordinates":[[[-87.342549,38.201574],[-87.31703,38.201753],[-87.317016,38.204549],[-87.299309,38.205866],[-87.299452,38.209068],[-87.293818,38.20902],[-87.293874,38.203489],[-87.291936,38.20326],[-87.290996,38.199365],[-87.292632,38.19828],[-87.2907,38.19916],[-87.288472,38.19722],[-87.293196,38.195163],[-87.293505,38.197531],[-87.302589,38.192629],[-87.339538,38.192985],[-87.342549,38.201574]]]}},{"type":"Feature","properties":{"NAME":"Connersville","state_abbr":"IN","state_name":"Indiana","ALAND":20114412},"geometry":{"type":"Polygon","coordinates":[[[-85.176562,39.642654],[-85.176619,39.649915],[-85.171428,39.648721],[-85.170507,39.649931],[-85.157729,39.649922],[-85.157709,39.657192],[-85.148251,39.657156],[-85.14806,39.679031],[-85.140906,39.679001],[-85.140834,39.686285],[-85.147994,39.686373],[-85.149307,39.694395],[-85.138268,39.694122],[-85.138028,39.703582],[-85.139115,39.703571],[-85.13909,39.708006],[-85.142645,39.708035],[-85.142478,39.71342],[-85.137861,39.713374],[-85.137959,39.707997],[-85.13475,39.707959],[-85.134694,39.715001],[-85.128417,39.714929],[-85.128707,39.693483],[-85.135947,39.693495],[-85.136009,39.686242],[-85.133905,39.686225],[-85.133808,39.681126],[-85.128942,39.681097],[-85.128962,39.679026],[-85.127027,39.679011],[-85.126979,39.681456],[-85.12587,39.681441],[-85.125832,39.679002],[-85.122187,39.678914],[-85.123794,39.673333],[-85.119931,39.671665],[-85.118061,39.66468],[-85.120001,39.664676],[-85.120042,39.668001],[-85.124689,39.668021],[-85.124718,39.666179],[-85.127024,39.666199],[-85.125709,39.657764],[-85.127089,39.65777],[-85.127153,39.653499],[-85.125724,39.652895],[-85.127045,39.648315],[-85.130086,39.64493],[-85.11511,39.642749],[-85.115145,39.639123],[-85.110495,39.639066],[-85.110484,39.636328],[-85.115171,39.636371],[-85.115149,39.638692],[-85.119885,39.638712],[-85.119911,39.635422],[-85.127366,39.634085],[-85.127453,39.631354],[-85.119951,39.630352],[-85.119998,39.626034],[-85.122011,39.62498],[-85.129562,39.624964],[-85.12956,39.627121],[-85.131686,39.627987],[-85.132108,39.635286],[-85.13898,39.635268],[-85.138467,39.626686],[-85.145109,39.626191],[-85.144692,39.62797],[-85.148519,39.627966],[-85.148519,39.631563],[-85.169154,39.632249],[-85.168648,39.635319],[-85.167031,39.635318],[-85.168089,39.640971],[-85.169421,39.640972],[-85.169437,39.642649],[-85.176562,39.642654]]]}},{"type":"Feature","properties":{"NAME":"Glenwood","state_abbr":"IN","state_name":"Indiana","ALAND":497070},"geometry":{"type":"Polygon","coordinates":[[[-85.308025,39.62391],[-85.307856,39.625672],[-85.304615,39.626124],[-85.304879,39.628726],[-85.298796,39.630221],[-85.298598,39.622402],[-85.304921,39.621998],[-85.308025,39.62391]]]}},{"type":"Feature","properties":{"NAME":"Ellettsville","state_abbr":"IN","state_name":"Indiana","ALAND":13402839},"geometry":{"type":"MultiPolygon","coordinates":[[[[-86.63017,39.266834],[-86.624315,39.266769],[-86.624336,39.263119],[-86.630188,39.263212],[-86.63017,39.266834]]],[[[-86.659145,39.251345],[-86.657045,39.25134],[-86.658159,39.258266],[-86.653354,39.252366],[-86.65347,39.259619],[-86.647964,39.258421],[-86.647979,39.259596],[-86.644066,39.259588],[-86.644004,39.255894],[-86.639345,39.255862],[-86.640902,39.245906],[-86.632848,39.245762],[-86.631881,39.243256],[-86.629693,39.24376],[-86.629683,39.245665],[-86.625905,39.244371],[-86.624586,39.239786],[-86.622084,39.24132],[-86.622439,39.234968],[-86.619585,39.234975],[-86.619078,39.237981],[-86.613147,39.237813],[-86.611669,39.233088],[-86.607262,39.233006],[-86.607232,39.237322],[-86.608501,39.237693],[-86.605996,39.237646],[-86.606048,39.241354],[-86.602198,39.241299],[-86.602178,39.230939],[-86.596289,39.231458],[-86.59582,39.229026],[-86.592736,39.229],[-86.59271,39.226719],[-86.595843,39.226765],[-86.595866,39.223424],[-86.598899,39.222372],[-86.598945,39.219062],[-86.592693,39.217409],[-86.592688,39.21559],[-86.590256,39.214658],[-86.583133,39.215544],[-86.583154,39.222783],[-86.578369,39.222724],[-86.579491,39.215492],[-86.58307,39.215543],[-86.583101,39.211206],[-86.584404,39.210956],[-86.583156,39.208231],[-86.586904,39.210071],[-86.586064,39.211764],[-86.590112,39.212043],[-86.592678,39.215133],[-86.591592,39.213089],[-86.592565,39.212131],[-86.597211,39.211999],[-86.597234,39.215939],[-86.602087,39.217825],[-86.602011,39.210288],[-86.606914,39.210309],[-86.605835,39.208088],[-86.608244,39.208217],[-86.609845,39.21108],[-86.611393,39.211083],[-86.612504,39.223213],[-86.614043,39.225964],[-86.612694,39.222319],[-86.614089,39.222383],[-86.616849,39.226484],[-86.616841,39.223383],[-86.618023,39.223395],[-86.616772,39.222656],[-86.616733,39.216053],[-86.613635,39.215983],[-86.613677,39.210656],[-86.616025,39.210291],[-86.616033,39.208735],[-86.620812,39.208865],[-86.620859,39.217906],[-86.630417,39.218082],[-86.630433,39.219284],[-86.633268,39.219328],[-86.633257,39.22093],[-86.639897,39.221006],[-86.638438,39.221939],[-86.639906,39.222256],[-86.63996,39.227834],[-86.644639,39.227479],[-86.644636,39.231367],[-86.651889,39.231483],[-86.651927,39.235117],[-86.644754,39.235039],[-86.644787,39.238684],[-86.649619,39.238769],[-86.649663,39.245468],[-86.659029,39.245663],[-86.659145,39.251345]],[[-86.642537,39.231323],[-86.639981,39.230449],[-86.640004,39.231275],[-86.642537,39.231323]],[[-86.640998,39.229531],[-86.639969,39.2291],[-86.639972,39.229512],[-86.640998,39.229531]],[[-86.634637,39.227066],[-86.633477,39.227066],[-86.633481,39.22385],[-86.621121,39.223497],[-86.628012,39.228122],[-86.62659,39.230632],[-86.633855,39.23117],[-86.634637,39.227066]],[[-86.619468,39.224885],[-86.620511,39.223477],[-86.619475,39.223443],[-86.619468,39.224885]],[[-86.619798,39.2272],[-86.618084,39.226405],[-86.617449,39.226912],[-86.618079,39.228274],[-86.619798,39.2272]],[[-86.619598,39.232226],[-86.616329,39.230654],[-86.617194,39.231317],[-86.615192,39.232572],[-86.61671,39.233863],[-86.619598,39.232226]],[[-86.614187,39.228707],[-86.612957,39.226627],[-86.612795,39.226683],[-86.612842,39.228781],[-86.614187,39.228707]],[[-86.61243,39.228344],[-86.610708,39.227552],[-86.610311,39.228662],[-86.61243,39.228344]],[[-86.611581,39.227113],[-86.609172,39.226034],[-86.609162,39.22722],[-86.611581,39.227113]],[[-86.609674,39.229181],[-86.607859,39.228195],[-86.607849,39.22917],[-86.609674,39.229181]],[[-86.60849,39.226012],[-86.607564,39.225135],[-86.607558,39.226008],[-86.60849,39.226012]],[[-86.606897,39.228158],[-86.605149,39.222568],[-86.603616,39.22252],[-86.60348,39.227284],[-86.606897,39.228158]],[[-86.584937,39.210995],[-86.584542,39.210218],[-86.584273,39.21066],[-86.584937,39.210995]]]]}},{"type":"Feature","properties":{"NAME":"Dillsboro","state_abbr":"IN","state_name":"Indiana","ALAND":3507556},"geometry":{"type":"Polygon","coordinates":[[[-85.069707,39.018009],[-85.070629,39.026554],[-85.065869,39.025031],[-85.065821,39.026678],[-85.063246,39.026643],[-85.060534,39.022509],[-85.045255,39.020099],[-85.042026,39.020552],[-85.041025,39.027009],[-85.035242,39.026965],[-85.034612,39.017962],[-85.037243,39.016675],[-85.037455,39.018007],[-85.037482,39.015708],[-85.035478,39.015151],[-85.035518,39.011729],[-85.039861,39.011749],[-85.041234,39.017485],[-85.042137,39.011792],[-85.049063,39.014942],[-85.049112,39.01039],[-85.051402,39.010407],[-85.051441,39.013588],[-85.057655,39.013629],[-85.057699,39.010485],[-85.060683,39.010525],[-85.060729,39.012476],[-85.063209,39.012814],[-85.069536,39.011193],[-85.067589,39.013443],[-85.067704,39.017978],[-85.069707,39.018009]]]}},{"type":"Feature","properties":{"NAME":"Greendale","state_abbr":"IN","state_name":"Indiana","ALAND":14666258},"geometry":{"type":"Polygon","coordinates":[[[-84.875417,39.146914],[-84.832425,39.147104],[-84.832488,39.154353],[-84.819948,39.157954],[-84.820046,39.132674],[-84.83733,39.132503],[-84.838651,39.12168],[-84.847112,39.123339],[-84.851273,39.117885],[-84.849683,39.1059],[-84.859543,39.10582],[-84.860793,39.100036],[-84.86373,39.098216],[-84.872696,39.108142],[-84.869767,39.112822],[-84.874332,39.123704],[-84.870507,39.128653],[-84.874989,39.132165],[-84.875417,39.146914]],[[-84.856942,39.128402],[-84.855288,39.126896],[-84.852149,39.128037],[-84.847794,39.126256],[-84.843993,39.131862],[-84.847887,39.132431],[-84.847858,39.136092],[-84.852396,39.136083],[-84.852396,39.137924],[-84.854744,39.137915],[-84.856942,39.128402]]]}},{"type":"Feature","properties":{"NAME":"Moores Hill","state_abbr":"IN","state_name":"Indiana","ALAND":1113925},"geometry":{"type":"MultiPolygon","coordinates":[[[[-85.096309,39.108765],[-85.093862,39.116198],[-85.091191,39.116188],[-85.091123,39.120818],[-85.085349,39.118857],[-85.085205,39.114677],[-85.083442,39.114067],[-85.078567,39.116658],[-85.076027,39.115802],[-85.080897,39.112113],[-85.087883,39.112331],[-85.087936,39.108729],[-85.092574,39.108338],[-85.092597,39.106963],[-85.096309,39.108765]]],[[[-85.096583,39.107263],[-85.093746,39.105669],[-85.091835,39.102986],[-85.096228,39.103004],[-85.096583,39.107263]]]]}},{"type":"Feature","properties":{"NAME":"Versailles","state_abbr":"IN","state_name":"Indiana","ALAND":4063709},"geometry":{"type":"Polygon","coordinates":[[[-85.272088,39.073948],[-85.269922,39.07273],[-85.270719,39.074565],[-85.263562,39.074772],[-85.259378,39.072898],[-85.258855,39.070663],[-85.254998,39.073194],[-85.254659,39.076307],[-85.245996,39.073465],[-85.248992,39.070416],[-85.246529,39.070582],[-85.246182,39.06643],[-85.242916,39.064557],[-85.246946,39.064613],[-85.249336,39.060247],[-85.2511,39.059755],[-85.248952,39.057551],[-85.249003,39.053761],[-85.246468,39.053699],[-85.2465,39.049541],[-85.250205,39.049414],[-85.250214,39.051768],[-85.255128,39.051722],[-85.255167,39.048908],[-85.259458,39.048959],[-85.25962,39.045334],[-85.263232,39.046377],[-85.260027,39.051236],[-85.259846,39.059773],[-85.267154,39.0603],[-85.267001,39.063917],[-85.264843,39.063861],[-85.264425,39.067405],[-85.269209,39.06734],[-85.269406,39.072246],[-85.272147,39.072519],[-85.272088,39.073948]]]}},{"type":"Feature","properties":{"NAME":"Batesville","state_abbr":"IN","state_name":"Indiana","ALAND":15933983},"geometry":{"type":"MultiPolygon","coordinates":[[[[-85.203253,39.303265],[-85.202306,39.302972],[-85.202984,39.301599],[-85.203253,39.303265]]],[[[-85.25397,39.308528],[-85.253793,39.306111],[-85.248012,39.305818],[-85.250111,39.308491],[-85.249065,39.308499],[-85.249116,39.312211],[-85.246836,39.31219],[-85.246488,39.308501],[-85.242596,39.308499],[-85.243273,39.307189],[-85.239823,39.30541],[-85.239846,39.308494],[-85.23526,39.308876],[-85.236186,39.315371],[-85.228726,39.314228],[-85.222198,39.311131],[-85.222171,39.312342],[-85.217617,39.312408],[-85.217659,39.323267],[-85.212781,39.323245],[-85.212781,39.321517],[-85.206165,39.321103],[-85.206138,39.319505],[-85.203626,39.31948],[-85.203588,39.308545],[-85.208229,39.308521],[-85.208269,39.304792],[-85.204445,39.303637],[-85.20438,39.300928],[-85.201119,39.300697],[-85.200679,39.302471],[-85.185363,39.297713],[-85.184821,39.294234],[-85.178637,39.294418],[-85.17737,39.29023],[-85.169756,39.289181],[-85.169656,39.286738],[-85.17662,39.287323],[-85.176525,39.285927],[-85.179699,39.285737],[-85.179662,39.283766],[-85.190591,39.286527],[-85.190202,39.282233],[-85.192352,39.28343],[-85.192341,39.281218],[-85.195896,39.283476],[-85.193757,39.280526],[-85.194914,39.278575],[-85.198711,39.280811],[-85.196068,39.277542],[-85.199972,39.277882],[-85.199355,39.273601],[-85.206062,39.272212],[-85.207787,39.27937],[-85.211841,39.279346],[-85.211858,39.280988],[-85.213348,39.280977],[-85.213345,39.279406],[-85.222692,39.279382],[-85.224806,39.282864],[-85.229759,39.281826],[-85.232018,39.285263],[-85.235538,39.285475],[-85.226534,39.287321],[-85.226549,39.290186],[-85.237506,39.289512],[-85.236947,39.296927],[-85.238719,39.297806],[-85.242911,39.29546],[-85.241412,39.299011],[-85.253932,39.303928],[-85.25397,39.308528]],[[-85.22852,39.283045],[-85.224735,39.283732],[-85.226527,39.28665],[-85.228603,39.285183],[-85.22852,39.283045]],[[-85.208095,39.300575],[-85.206562,39.299988],[-85.206864,39.300869],[-85.208095,39.300575]],[[-85.207878,39.287268],[-85.207803,39.282169],[-85.203417,39.282202],[-85.202832,39.287715],[-85.207878,39.287268]],[[-85.198081,39.29508],[-85.197331,39.294103],[-85.197343,39.29508],[-85.198081,39.29508]],[[-85.19658,39.295091],[-85.196145,39.294117],[-85.196164,39.295091],[-85.19658,39.295091]],[[-85.190658,39.290836],[-85.1883,39.286883],[-85.186439,39.289099],[-85.184782,39.289105],[-85.184695,39.287198],[-85.179856,39.287257],[-85.179949,39.29141],[-85.190658,39.290836]],[[-85.220141,39.279775],[-85.218688,39.280973],[-85.218409,39.282045],[-85.21918,39.281687],[-85.220141,39.279775]]]]}},{"type":"Feature","properties":{"NAME":"Bloomingdale","state_abbr":"IN","state_name":"Indiana","ALAND":1506267},"geometry":{"type":"Polygon","coordinates":[[[-87.255101,39.823295],[-87.254966,39.838818],[-87.245395,39.838778],[-87.245195,39.822315],[-87.255101,39.823295]]]}},{"type":"Feature","properties":{"NAME":"Marshall","state_abbr":"IN","state_name":"Indiana","ALAND":662832},"geometry":{"type":"Polygon","coordinates":[[[-87.192942,39.848626],[-87.190059,39.849737],[-87.189844,39.85351],[-87.186274,39.853508],[-87.18503,39.848688],[-87.179749,39.84971],[-87.181802,39.845704],[-87.184675,39.845542],[-87.184943,39.84234],[-87.189581,39.841625],[-87.189873,39.847796],[-87.192942,39.848626]]]}},{"type":"Feature","properties":{"NAME":"Mecca","state_abbr":"IN","state_name":"Indiana","ALAND":1017359},"geometry":{"type":"Polygon","coordinates":[[[-87.342113,39.728933],[-87.333689,39.728993],[-87.332488,39.729678],[-87.332854,39.733971],[-87.331072,39.734009],[-87.329015,39.727961],[-87.325183,39.729642],[-87.327029,39.732281],[-87.322737,39.73223],[-87.321825,39.723923],[-87.325043,39.724011],[-87.324951,39.728331],[-87.32605,39.728587],[-87.329836,39.726996],[-87.329488,39.720283],[-87.33299,39.720131],[-87.333318,39.722027],[-87.334918,39.722036],[-87.333465,39.725178],[-87.341907,39.725139],[-87.342113,39.728933]]]}},{"type":"Feature","properties":{"NAME":"St. Leon","state_abbr":"IN","state_name":"Indiana","ALAND":17683082},"geometry":{"type":"Polygon","coordinates":[[[-85.002674,39.284939],[-85.002596,39.306794],[-84.928906,39.305939],[-84.929124,39.287929],[-84.933746,39.287979],[-84.93378,39.277224],[-84.9728,39.277602],[-84.973019,39.284841],[-84.993744,39.28497],[-84.994626,39.288204],[-84.998214,39.28799],[-84.998239,39.284961],[-85.002674,39.284939]]]}},{"type":"Feature","properties":{"NAME":"North Manchester","state_abbr":"IN","state_name":"Indiana","ALAND":9183302},"geometry":{"type":"Polygon","coordinates":[[[-85.795228,41.018531],[-85.791445,41.016694],[-85.78587,41.016786],[-85.78659,41.014783],[-85.76484,41.015322],[-85.76496,41.022578],[-85.760798,41.022544],[-85.760775,41.026224],[-85.755125,41.025701],[-85.753574,41.024361],[-85.75539,41.022112],[-85.759817,41.021875],[-85.759809,41.020065],[-85.756684,41.02028],[-85.760726,41.015483],[-85.75584,41.015561],[-85.754721,41.007716],[-85.756842,41.007133],[-85.756742,41.002508],[-85.754586,41.00251],[-85.753133,40.999281],[-85.757826,40.999365],[-85.758751,40.996114],[-85.762439,40.995827],[-85.763514,40.994895],[-85.762053,40.994061],[-85.765933,40.9936],[-85.767295,40.990938],[-85.774803,40.990865],[-85.775029,40.986439],[-85.777875,40.986431],[-85.781057,40.989875],[-85.781941,40.986237],[-85.789886,40.986223],[-85.789965,40.990161],[-85.792511,40.988468],[-85.792538,40.990234],[-85.789968,40.991094],[-85.790338,40.999586],[-85.794607,40.999501],[-85.795228,41.018531]]]}},{"type":"Feature","properties":{"NAME":"Roann","state_abbr":"IN","state_name":"Indiana","ALAND":598509},"geometry":{"type":"Polygon","coordinates":[[[-85.932007,40.908648],[-85.930236,40.909592],[-85.929151,40.913431],[-85.925689,40.91365],[-85.924776,40.915461],[-85.919975,40.914245],[-85.92014,40.910723],[-85.918108,40.909974],[-85.920037,40.90803],[-85.932007,40.908648]]]}},{"type":"Feature","properties":{"NAME":"La Fontaine","state_abbr":"IN","state_name":"Indiana","ALAND":1582848},"geometry":{"type":"Polygon","coordinates":[[[-85.734391,40.672151],[-85.734372,40.673957],[-85.729433,40.674008],[-85.727124,40.675604],[-85.733116,40.681306],[-85.723721,40.681519],[-85.72074,40.677316],[-85.716977,40.676867],[-85.716945,40.674896],[-85.710204,40.675025],[-85.710189,40.673395],[-85.713567,40.673313],[-85.713302,40.667196],[-85.72429,40.667056],[-85.724381,40.671007],[-85.725656,40.671009],[-85.724234,40.671621],[-85.726198,40.674202],[-85.732554,40.671532],[-85.734391,40.672151]]]}},{"type":"Feature","properties":{"NAME":"Medora","state_abbr":"IN","state_name":"Indiana","ALAND":788417},"geometry":{"type":"Polygon","coordinates":[[[-86.17607,38.820698],[-86.174674,38.821358],[-86.175996,38.821363],[-86.175911,38.828985],[-86.166433,38.828231],[-86.166039,38.820568],[-86.17607,38.820698]]]}},{"type":"Feature","properties":{"NAME":"Greenfield","state_abbr":"IN","state_name":"Indiana","ALAND":36357713},"geometry":{"type":"Polygon","coordinates":[[[-85.830464,39.787736],[-85.82308,39.787832],[-85.822636,39.798782],[-85.821096,39.798802],[-85.821056,39.796333],[-85.819277,39.796334],[-85.819322,39.798824],[-85.79318,39.799051],[-85.794051,39.806165],[-85.802284,39.806166],[-85.802511,39.820881],[-85.804893,39.820848],[-85.804992,39.828308],[-85.796239,39.828147],[-85.795286,39.822928],[-85.793155,39.822917],[-85.793211,39.824586],[-85.794472,39.824554],[-85.794032,39.828198],[-85.789873,39.827004],[-85.789817,39.824669],[-85.780355,39.82473],[-85.780443,39.828451],[-85.779196,39.827137],[-85.777778,39.828491],[-85.77527,39.826879],[-85.770953,39.826919],[-85.77029,39.828603],[-85.766151,39.828666],[-85.766073,39.825884],[-85.762355,39.825905],[-85.76104,39.814289],[-85.746529,39.814572],[-85.74666,39.820457],[-85.741918,39.821397],[-85.741598,39.807188],[-85.73682,39.807222],[-85.73669,39.800824],[-85.738783,39.799938],[-85.727052,39.799783],[-85.726698,39.783228],[-85.736348,39.783214],[-85.736395,39.784727],[-85.743014,39.784405],[-85.7439,39.785301],[-85.741198,39.78635],[-85.745402,39.786294],[-85.750165,39.785932],[-85.750123,39.784035],[-85.763513,39.782649],[-85.763438,39.780598],[-85.755242,39.782112],[-85.755222,39.778182],[-85.756795,39.776793],[-85.755106,39.773251],[-85.752115,39.771953],[-85.748336,39.766299],[-85.745435,39.765531],[-85.745323,39.760245],[-85.751474,39.759391],[-85.752228,39.753685],[-85.764298,39.75366],[-85.764399,39.757377],[-85.778438,39.757441],[-85.778538,39.764804],[-85.773974,39.764781],[-85.774144,39.772099],[-85.80562,39.772077],[-85.805589,39.774758],[-85.801688,39.775186],[-85.801885,39.781739],[-85.813529,39.781264],[-85.813605,39.783123],[-85.828974,39.782402],[-85.830464,39.787736]],[[-85.817118,39.797387],[-85.816351,39.797064],[-85.816358,39.797392],[-85.817118,39.797387]],[[-85.80674,39.793461],[-85.802175,39.792908],[-85.802199,39.79475],[-85.806772,39.79477],[-85.80674,39.793461]],[[-85.804959,39.78988],[-85.804893,39.785715],[-85.801915,39.785747],[-85.801979,39.790256],[-85.804959,39.78988]],[[-85.795143,39.813438],[-85.795047,39.809917],[-85.789517,39.810044],[-85.78878,39.811829],[-85.787539,39.809773],[-85.784652,39.809793],[-85.784741,39.813116],[-85.781246,39.813838],[-85.78617,39.813786],[-85.785783,39.812087],[-85.795143,39.813438]],[[-85.79318,39.77326],[-85.791569,39.772168],[-85.791614,39.773269],[-85.79318,39.77326]],[[-85.792948,39.79976],[-85.789278,39.799135],[-85.789308,39.799825],[-85.792948,39.79976]],[[-85.789149,39.799845],[-85.784977,39.799226],[-85.784994,39.79993],[-85.789149,39.799845]],[[-85.786112,39.783654],[-85.787687,39.78249],[-85.786048,39.782559],[-85.786112,39.783654]],[[-85.786532,39.813778],[-85.786869,39.813192],[-85.78651,39.813197],[-85.786532,39.813778]],[[-85.784529,39.801002],[-85.78638,39.800241],[-85.784512,39.80027],[-85.784529,39.801002]],[[-85.78548,39.806407],[-85.784414,39.801732],[-85.78251,39.801758],[-85.782448,39.799259],[-85.780642,39.799275],[-85.780485,39.806571],[-85.78548,39.806407]],[[-85.760835,39.806912],[-85.756828,39.806975],[-85.756196,39.810181],[-85.760826,39.81045],[-85.760835,39.806912]],[[-85.729074,39.785074],[-85.726872,39.784087],[-85.72692,39.785178],[-85.729074,39.785074]]]}},{"type":"Feature","properties":{"NAME":"Brownstown","state_abbr":"IN","state_name":"Indiana","ALAND":4192128},"geometry":{"type":"Polygon","coordinates":[[[-86.064734,38.880146],[-86.062801,38.881955],[-86.064106,38.883642],[-86.058245,38.887847],[-86.051212,38.888643],[-86.04974,38.886683],[-86.038573,38.887827],[-86.039118,38.884967],[-86.033657,38.887649],[-86.033816,38.878118],[-86.038405,38.877984],[-86.038241,38.868564],[-86.041695,38.865923],[-86.047396,38.865654],[-86.046577,38.873065],[-86.049556,38.871997],[-86.049025,38.875472],[-86.052716,38.875495],[-86.051444,38.87153],[-86.054326,38.869268],[-86.054766,38.871139],[-86.057112,38.871142],[-86.057123,38.875178],[-86.061128,38.873715],[-86.060618,38.881759],[-86.064734,38.880146]]]}},{"type":"Feature","properties":{"NAME":"Crothersville","state_abbr":"IN","state_name":"Indiana","ALAND":3003589},"geometry":{"type":"Polygon","coordinates":[[[-85.851346,38.800995],[-85.842466,38.801066],[-85.839712,38.805673],[-85.83963,38.802706],[-85.832588,38.802797],[-85.832555,38.801141],[-85.830218,38.801162],[-85.830186,38.797477],[-85.827828,38.797453],[-85.827811,38.793845],[-85.828711,38.792085],[-85.831628,38.792054],[-85.831629,38.790269],[-85.836195,38.790209],[-85.833727,38.784765],[-85.84652,38.784652],[-85.847302,38.789219],[-85.848517,38.789209],[-85.847148,38.793346],[-85.851302,38.793745],[-85.851346,38.800995]]]}},{"type":"Feature","properties":{"NAME":"Loogootee","state_abbr":"IN","state_name":"Indiana","ALAND":4053019},"geometry":{"type":"Polygon","coordinates":[[[-86.923861,38.664868],[-86.923698,38.685331],[-86.918948,38.684264],[-86.919942,38.68758],[-86.918914,38.687864],[-86.904629,38.686712],[-86.904611,38.683709],[-86.902923,38.683281],[-86.904631,38.68163],[-86.903635,38.674681],[-86.904825,38.674665],[-86.904954,38.665206],[-86.919209,38.663801],[-86.923861,38.664868]]]}},{"type":"Feature","properties":{"NAME":"McCordsville","state_abbr":"IN","state_name":"Indiana","ALAND":21476632},"geometry":{"type":"Polygon","coordinates":[[[-85.938405,39.86376],[-85.938074,39.875246],[-85.93689,39.875246],[-85.938071,39.877017],[-85.938129,39.926976],[-85.909438,39.928078],[-85.909372,39.924989],[-85.90822,39.925033],[-85.908276,39.92819],[-85.888889,39.928676],[-85.887999,39.927394],[-85.887663,39.928685],[-85.881091,39.928741],[-85.881122,39.922435],[-85.882489,39.921448],[-85.899828,39.921548],[-85.900871,39.918512],[-85.899834,39.918511],[-85.89984,39.914082],[-85.909463,39.913674],[-85.909446,39.901625],[-85.904706,39.90153],[-85.904664,39.899318],[-85.909513,39.899159],[-85.90948,39.897376],[-85.895084,39.896949],[-85.895194,39.892113],[-85.909509,39.891919],[-85.90948,39.884658],[-85.904777,39.884745],[-85.904704,39.870198],[-85.907577,39.87019],[-85.906806,39.856314],[-85.925169,39.856309],[-85.925217,39.863634],[-85.92218,39.863552],[-85.922255,39.870077],[-85.93331,39.870951],[-85.934946,39.869868],[-85.93488,39.863844],[-85.938405,39.86376]],[[-85.899816,39.923278],[-85.896981,39.922781],[-85.896981,39.923425],[-85.899816,39.923278]],[[-85.909463,39.913674],[-85.909445,39.918574],[-85.904637,39.919357],[-85.904665,39.921687],[-85.907797,39.91965],[-85.912309,39.920844],[-85.912384,39.917537],[-85.914246,39.91752],[-85.914276,39.913479],[-85.913147,39.912333],[-85.909463,39.913674]]]}},{"type":"Feature","properties":{"NAME":"New Palestine","state_abbr":"IN","state_name":"Indiana","ALAND":5267286},"geometry":{"type":"Polygon","coordinates":[[[-85.923271,39.725227],[-85.918529,39.725263],[-85.918535,39.727076],[-85.915988,39.726534],[-85.913782,39.72799],[-85.904954,39.726202],[-85.904951,39.72759],[-85.900272,39.727668],[-85.900293,39.731351],[-85.895517,39.731407],[-85.895552,39.735069],[-85.893276,39.735067],[-85.892548,39.74103],[-85.89564,39.742421],[-85.890909,39.741544],[-85.891021,39.746067],[-85.889756,39.746074],[-85.889826,39.749711],[-85.895816,39.749748],[-85.895898,39.754156],[-85.894592,39.755435],[-85.895923,39.755454],[-85.895957,39.757096],[-85.891963,39.757074],[-85.891934,39.753857],[-85.88877,39.753842],[-85.888699,39.749707],[-85.886314,39.749704],[-85.886075,39.735242],[-85.88757,39.735249],[-85.88754,39.733407],[-85.88605,39.733397],[-85.885973,39.727695],[-85.879049,39.727677],[-85.878665,39.725756],[-85.880878,39.724263],[-85.883642,39.716223],[-85.885698,39.714314],[-85.885887,39.715905],[-85.886504,39.713063],[-85.895165,39.713066],[-85.895306,39.719807],[-85.893049,39.720425],[-85.904817,39.720315],[-85.90491,39.724215],[-85.907305,39.724704],[-85.908176,39.721886],[-85.91371,39.722272],[-85.913689,39.720728],[-85.918488,39.719765],[-85.918502,39.721076],[-85.923232,39.720924],[-85.923271,39.725227]],[[-85.887365,39.717513],[-85.88574,39.717013],[-85.885746,39.717268],[-85.887365,39.717513]],[[-85.886758,39.728784],[-85.886055,39.728359],[-85.886062,39.728791],[-85.886758,39.728784]]]}},{"type":"Feature","properties":{"NAME":"Shirley","state_abbr":"IN","state_name":"Indiana","ALAND":935682},"geometry":{"type":"Polygon","coordinates":[[[-85.588358,39.887426],[-85.588211,39.891804],[-85.58151,39.891845],[-85.581496,39.896095],[-85.574156,39.89608],[-85.574739,39.888573],[-85.571921,39.88811],[-85.584773,39.8867],[-85.588358,39.887426]]]}},{"type":"Feature","properties":{"NAME":"Wilkinson","state_abbr":"IN","state_name":"Indiana","ALAND":520667},"geometry":{"type":"Polygon","coordinates":[[[-85.614656,39.890712],[-85.611205,39.890674],[-85.61119,39.88887],[-85.60555,39.890043],[-85.605569,39.887969],[-85.599103,39.888263],[-85.606094,39.886689],[-85.604595,39.8826],[-85.605894,39.882644],[-85.605884,39.880736],[-85.604232,39.880746],[-85.605458,39.880183],[-85.605405,39.875317],[-85.606454,39.875316],[-85.607095,39.882646],[-85.610323,39.882741],[-85.610395,39.887418],[-85.614469,39.887439],[-85.614656,39.890712]]]}},{"type":"Feature","properties":{"NAME":"Ligonier","state_abbr":"IN","state_name":"Indiana","ALAND":7254783},"geometry":{"type":"Polygon","coordinates":[[[-85.610522,41.465243],[-85.604875,41.466294],[-85.604999,41.4692],[-85.602616,41.469139],[-85.602296,41.472331],[-85.605777,41.47472],[-85.605875,41.481155],[-85.600333,41.480744],[-85.60029,41.477876],[-85.598478,41.477909],[-85.598474,41.481283],[-85.589323,41.481306],[-85.589292,41.475603],[-85.5879,41.475614],[-85.587877,41.474109],[-85.585288,41.475427],[-85.585223,41.474144],[-85.580582,41.475206],[-85.579115,41.474082],[-85.583021,41.472684],[-85.583126,41.470444],[-85.583093,41.468844],[-85.580613,41.468881],[-85.578462,41.466861],[-85.582543,41.466261],[-85.582889,41.462953],[-85.581428,41.461287],[-85.583027,41.458566],[-85.578995,41.459607],[-85.578983,41.458018],[-85.584006,41.455867],[-85.58394,41.451508],[-85.586274,41.450995],[-85.586144,41.444835],[-85.605452,41.444553],[-85.60554,41.450529],[-85.595958,41.452039],[-85.60554,41.451899],[-85.605614,41.45971],[-85.610424,41.459155],[-85.610445,41.461265],[-85.605627,41.461265],[-85.605635,41.462345],[-85.610454,41.462351],[-85.610522,41.465243]],[[-85.591921,41.474089],[-85.589246,41.473224],[-85.58929,41.475321],[-85.591921,41.474089]]]}},{"type":"Feature","properties":{"NAME":"Lakeville","state_abbr":"IN","state_name":"Indiana","ALAND":1622332},"geometry":{"type":"Polygon","coordinates":[[[-86.28243,41.535452],[-86.278948,41.534616],[-86.278897,41.539056],[-86.27114,41.539095],[-86.271532,41.537272],[-86.269436,41.536193],[-86.271795,41.535431],[-86.272465,41.532166],[-86.268864,41.531271],[-86.272654,41.531275],[-86.273354,41.528176],[-86.267376,41.528144],[-86.267999,41.520887],[-86.269876,41.520887],[-86.269868,41.519379],[-86.275499,41.519368],[-86.27659,41.517233],[-86.277214,41.519574],[-86.280132,41.519553],[-86.277523,41.52402],[-86.277531,41.531769],[-86.282418,41.531802],[-86.28243,41.535452]]]}},{"type":"Feature","properties":{"NAME":"Carmel","state_abbr":"IN","state_name":"Indiana","ALAND":127132917},"geometry":{"type":"Polygon","coordinates":[[[-86.241249,39.998039],[-86.164769,39.999274],[-86.164913,40.003078],[-86.1601,40.00315],[-86.160067,39.999395],[-86.023519,39.999995],[-86.024964,39.994829],[-86.03099,39.990674],[-86.039951,39.990083],[-86.046821,39.986377],[-86.047557,39.983533],[-86.045958,39.981528],[-86.038348,39.98017],[-86.033265,39.980987],[-86.033831,39.976725],[-86.03753,39.973678],[-86.046918,39.970319],[-86.049852,39.966766],[-86.052209,39.958951],[-86.062664,39.957546],[-86.067098,39.954285],[-86.068951,39.950181],[-86.065711,39.946156],[-86.065661,39.942658],[-86.072732,39.938409],[-86.076183,39.92695],[-86.240736,39.926062],[-86.241249,39.998039]]]}},{"type":"Feature","properties":{"NAME":"Cicero","state_abbr":"IN","state_name":"Indiana","ALAND":4218515},"geometry":{"type":"Polygon","coordinates":[[[-86.037703,40.10803],[-86.0314,40.110807],[-86.030598,40.113586],[-86.032607,40.11586],[-86.027685,40.11604],[-86.03584,40.116553],[-86.037525,40.118555],[-86.037505,40.126481],[-86.032514,40.126391],[-86.031485,40.132213],[-86.029755,40.130284],[-86.02697,40.130293],[-86.025922,40.132081],[-86.032463,40.133409],[-86.03226,40.14671],[-86.029977,40.145542],[-86.030423,40.140643],[-86.028721,40.137545],[-86.029903,40.134613],[-86.027055,40.134437],[-86.026184,40.132393],[-86.017691,40.136427],[-86.01918,40.140627],[-86.013389,40.143465],[-86.01206,40.135918],[-86.009687,40.135397],[-86.008281,40.130904],[-86.011478,40.130205],[-86.013465,40.119076],[-86.015966,40.119025],[-86.016317,40.116636],[-86.026469,40.116403],[-86.027908,40.114474],[-86.028211,40.101796],[-86.037263,40.101696],[-86.033441,40.105349],[-86.037703,40.10803]],[[-86.016732,40.121884],[-86.015816,40.12005],[-86.015546,40.121879],[-86.016732,40.121884]]]}},{"type":"Feature","properties":{"NAME":"Westfield","state_abbr":"IN","state_name":"Indiana","ALAND":84453214},"geometry":{"type":"Polygon","coordinates":[[[-86.241366,40.048828],[-86.189154,40.049438],[-86.189205,40.056706],[-86.187116,40.05528],[-86.185569,40.056764],[-86.184988,40.05461],[-86.185005,40.056773],[-86.179719,40.056837],[-86.17974,40.060443],[-86.175016,40.060472],[-86.175021,40.06246],[-86.179748,40.06244],[-86.179776,40.067743],[-86.182119,40.067718],[-86.182104,40.071366],[-86.184536,40.071347],[-86.184544,40.074888],[-86.175067,40.074986],[-86.175089,40.078693],[-86.170364,40.078723],[-86.169965,40.085976],[-86.165654,40.086006],[-86.165639,40.082865],[-86.155147,40.081481],[-86.160908,40.083406],[-86.156993,40.083628],[-86.158238,40.085074],[-86.146561,40.086129],[-86.146683,40.087883],[-86.142014,40.088835],[-86.142001,40.09132],[-86.146687,40.091297],[-86.146695,40.093459],[-86.131507,40.095048],[-86.133148,40.096637],[-86.133172,40.101162],[-86.12783,40.10148],[-86.127724,40.094241],[-86.124913,40.092953],[-86.127573,40.089848],[-86.12777,40.084206],[-86.129044,40.084183],[-86.128199,40.081993],[-86.11903,40.082022],[-86.119012,40.086948],[-86.112445,40.087731],[-86.106131,40.085062],[-86.106161,40.08122],[-86.109336,40.081261],[-86.10935,40.083298],[-86.111506,40.083289],[-86.11154,40.079624],[-86.109322,40.078976],[-86.10928,40.072278],[-86.104556,40.072262],[-86.104539,40.068809],[-86.099807,40.068792],[-86.099821,40.072244],[-86.091783,40.072171],[-86.091762,40.069013],[-86.090314,40.068998],[-86.0903,40.064886],[-86.095056,40.064903],[-86.095049,40.061411],[-86.09038,40.060737],[-86.09031,40.045482],[-86.092694,40.045454],[-86.094015,40.040303],[-86.089809,40.040184],[-86.089786,40.038208],[-86.091408,40.03753],[-86.089633,40.036475],[-86.089518,40.000445],[-86.160068,39.999654],[-86.1601,40.00315],[-86.164913,40.003078],[-86.164912,39.999611],[-86.240978,39.998988],[-86.240978,40.005923],[-86.232151,40.00592],[-86.227204,40.013426],[-86.215861,40.017832],[-86.215488,40.021597],[-86.221853,40.02054],[-86.221871,40.024017],[-86.217305,40.024039],[-86.217302,40.027793],[-86.217109,40.024206],[-86.214671,40.02423],[-86.208409,40.030163],[-86.205561,40.035222],[-86.199097,40.039791],[-86.193449,40.039939],[-86.193449,40.041871],[-86.241324,40.041547],[-86.241366,40.048828]],[[-86.178278,40.072801],[-86.178233,40.067754],[-86.175033,40.067201],[-86.175026,40.06415],[-86.167491,40.062686],[-86.163833,40.063907],[-86.16556,40.064253],[-86.16566,40.067854],[-86.175042,40.068799],[-86.173162,40.069323],[-86.173798,40.071408],[-86.172356,40.071443],[-86.17237,40.073027],[-86.178278,40.072801]],[[-86.176888,40.057788],[-86.175015,40.056875],[-86.17501,40.05781],[-86.176888,40.057788]],[[-86.174403,40.056883],[-86.172615,40.056156],[-86.172668,40.056908],[-86.174403,40.056883]],[[-86.170252,40.054857],[-86.16904,40.054869],[-86.169063,40.056951],[-86.170267,40.056938],[-86.170252,40.054857]],[[-86.166351,40.052141],[-86.165521,40.051635],[-86.165524,40.052146],[-86.166351,40.052141]],[[-86.165545,40.059142],[-86.165537,40.054226],[-86.160789,40.054239],[-86.160799,40.056944],[-86.163895,40.056924],[-86.163913,40.059188],[-86.165545,40.059142]],[[-86.160898,40.079444],[-86.159414,40.078588],[-86.159416,40.079472],[-86.160898,40.079444]],[[-86.160881,40.076395],[-86.159641,40.075171],[-86.159676,40.076419],[-86.160881,40.076395]],[[-86.16084,40.0679],[-86.160054,40.067494],[-86.160057,40.067908],[-86.16084,40.0679]],[[-86.159169,40.064522],[-86.154432,40.064405],[-86.153747,40.067591],[-86.151383,40.067613],[-86.151354,40.071608],[-86.15371,40.07159],[-86.153744,40.06795],[-86.159241,40.067914],[-86.159169,40.064522]],[[-86.159181,40.056948],[-86.157449,40.056242],[-86.15744,40.05696],[-86.159181,40.056948]],[[-86.15721,40.07432],[-86.154954,40.073392],[-86.154963,40.076114],[-86.150523,40.076148],[-86.154433,40.080651],[-86.156141,40.080643],[-86.15721,40.07432]],[[-86.148215,40.064451],[-86.146634,40.064459],[-86.14664,40.066748],[-86.148218,40.066752],[-86.148215,40.064451]],[[-86.146121,40.064378],[-86.146636,40.063863],[-86.146113,40.063878],[-86.146121,40.064378]],[[-86.14618,40.051056],[-86.145091,40.049927],[-86.14513,40.051066],[-86.14618,40.051056]],[[-86.143416,40.06782],[-86.143383,40.064514],[-86.137301,40.0646],[-86.137303,40.066437],[-86.141984,40.066356],[-86.143416,40.06782]],[[-86.139002,40.057244],[-86.137168,40.057324],[-86.137234,40.058807],[-86.139018,40.058785],[-86.139002,40.057244]],[[-86.137238,40.086412],[-86.137232,40.082954],[-86.135778,40.082339],[-86.131057,40.082923],[-86.132506,40.086529],[-86.137238,40.086412]],[[-86.123199,40.037296],[-86.122653,40.036666],[-86.122667,40.037304],[-86.123199,40.037296]],[[-86.119738,40.037756],[-86.119252,40.036703],[-86.119271,40.037766],[-86.119738,40.037756]],[[-86.118311,40.037825],[-86.115975,40.036755],[-86.115975,40.04007],[-86.09873,40.040249],[-86.099535,40.042959],[-86.102919,40.042927],[-86.102892,40.040352],[-86.110974,40.040358],[-86.111767,40.042857],[-86.115668,40.042866],[-86.116432,40.040244],[-86.118343,40.040223],[-86.118311,40.037825]],[[-86.10928,40.072278],[-86.11882,40.072271],[-86.118837,40.07594],[-86.121781,40.075944],[-86.121737,40.07225],[-86.123571,40.07225],[-86.12341,40.050173],[-86.109228,40.05025],[-86.109215,40.057625],[-86.099901,40.059426],[-86.099902,40.064184],[-86.097812,40.064912],[-86.106798,40.064935],[-86.106776,40.067744],[-86.109262,40.067746],[-86.10928,40.072278]],[[-86.150523,40.076148],[-86.146612,40.071658],[-86.137131,40.071861],[-86.137144,40.0735],[-86.144889,40.073382],[-86.1449,40.074716],[-86.137138,40.074905],[-86.137138,40.076865],[-86.141379,40.076782],[-86.141404,40.080329],[-86.145874,40.080222],[-86.146931,40.076181],[-86.150523,40.076148]]]}},{"type":"Feature","properties":{"NAME":"Marion","state_abbr":"IN","state_name":"Indiana","ALAND":40670664},"geometry":{"type":"MultiPolygon","coordinates":[[[[-85.541598,40.553216],[-85.539568,40.5532],[-85.539615,40.548631],[-85.541506,40.548598],[-85.541598,40.553216]]],[[[-85.550405,40.555075],[-85.546742,40.555087],[-85.546736,40.55415],[-85.549487,40.553563],[-85.550405,40.555075]]],[[[-85.64973,40.514069],[-85.652853,40.51522],[-85.64973,40.515195],[-85.64973,40.514069]]],[[[-85.693095,40.479051],[-85.688297,40.48764],[-85.686811,40.486929],[-85.682329,40.490818],[-85.683568,40.494087],[-85.677467,40.494553],[-85.677454,40.499191],[-85.67011,40.499816],[-85.670209,40.496458],[-85.672802,40.492447],[-85.672615,40.487594],[-85.674933,40.487587],[-85.674913,40.483821],[-85.682199,40.483678],[-85.682197,40.48015],[-85.68616,40.48091],[-85.693095,40.479051]]],[[[-85.735887,40.56358],[-85.735615,40.565802],[-85.712404,40.562943],[-85.711069,40.563565],[-85.710904,40.567241],[-85.698746,40.567309],[-85.698633,40.578376],[-85.7033,40.575824],[-85.703316,40.580057],[-85.693595,40.585097],[-85.691261,40.5851],[-85.691412,40.581932],[-85.680899,40.581837],[-85.68189,40.585806],[-85.678998,40.58252],[-85.674373,40.58262],[-85.674406,40.584702],[-85.666297,40.584759],[-85.671811,40.588914],[-85.662353,40.589246],[-85.663486,40.587562],[-85.660119,40.583887],[-85.655898,40.585565],[-85.655817,40.587191],[-85.655721,40.581368],[-85.654288,40.58195],[-85.655602,40.579196],[-85.64879,40.57917],[-85.636936,40.582003],[-85.63713,40.589136],[-85.639,40.589144],[-85.638825,40.585597],[-85.641411,40.585442],[-85.641565,40.58931],[-85.637037,40.589329],[-85.636702,40.581795],[-85.637445,40.580756],[-85.636279,40.579118],[-85.636069,40.567195],[-85.63491,40.567211],[-85.635933,40.554988],[-85.633219,40.55334],[-85.629963,40.55263],[-85.629603,40.554252],[-85.629558,40.552607],[-85.628192,40.552679],[-85.628149,40.559916],[-85.624653,40.559881],[-85.624774,40.552883],[-85.603855,40.553591],[-85.603871,40.556521],[-85.601559,40.55648],[-85.601575,40.553624],[-85.599182,40.553623],[-85.59921,40.556233],[-85.596369,40.556222],[-85.596354,40.553719],[-85.577857,40.554093],[-85.577994,40.558928],[-85.560063,40.55885],[-85.559284,40.562541],[-85.555403,40.562603],[-85.551324,40.56189],[-85.550496,40.546072],[-85.551312,40.544817],[-85.559754,40.54447],[-85.559866,40.549554],[-85.564362,40.549534],[-85.564341,40.551251],[-85.567802,40.551262],[-85.569043,40.553017],[-85.572314,40.55301],[-85.572314,40.550685],[-85.573461,40.550729],[-85.573399,40.553076],[-85.58252,40.553053],[-85.58253,40.551304],[-85.584519,40.551337],[-85.584492,40.553073],[-85.587787,40.553026],[-85.588576,40.55083],[-85.591889,40.550743],[-85.592544,40.552844],[-85.613531,40.552704],[-85.613931,40.550808],[-85.613985,40.552721],[-85.632316,40.551919],[-85.649982,40.553196],[-85.650209,40.54869],[-85.653233,40.548662],[-85.645881,40.542248],[-85.639713,40.542577],[-85.639734,40.539373],[-85.637746,40.539328],[-85.637791,40.537365],[-85.63322,40.533087],[-85.637102,40.533026],[-85.635234,40.530961],[-85.642257,40.530711],[-85.640559,40.523659],[-85.624089,40.52435],[-85.624147,40.523679],[-85.629508,40.523708],[-85.626199,40.519681],[-85.629197,40.515904],[-85.638933,40.515948],[-85.640733,40.523486],[-85.655659,40.5227],[-85.654956,40.520487],[-85.65632,40.520479],[-85.656279,40.518578],[-85.65346,40.516222],[-85.653507,40.512124],[-85.662944,40.512812],[-85.662911,40.507713],[-85.667532,40.50764],[-85.667531,40.509123],[-85.673351,40.509081],[-85.673632,40.516602],[-85.682786,40.516555],[-85.682785,40.523608],[-85.678166,40.523154],[-85.678186,40.53285],[-85.68129,40.532279],[-85.681039,40.53462],[-85.677772,40.534593],[-85.678321,40.541971],[-85.682627,40.541871],[-85.68239,40.544519],[-85.679275,40.545411],[-85.688284,40.545229],[-85.688182,40.54177],[-85.697746,40.541541],[-85.697743,40.538148],[-85.702578,40.538304],[-85.702648,40.542482],[-85.707587,40.542657],[-85.707644,40.544385],[-85.693016,40.545352],[-85.692992,40.548756],[-85.702798,40.549796],[-85.702778,40.548169],[-85.704084,40.548179],[-85.702651,40.559294],[-85.712418,40.560421],[-85.712412,40.561572],[-85.735887,40.56358]],[[-85.650616,40.528057],[-85.648364,40.523287],[-85.645664,40.523429],[-85.64711,40.524188],[-85.647184,40.526785],[-85.645721,40.526736],[-85.645504,40.523436],[-85.640803,40.523661],[-85.641929,40.528064],[-85.650616,40.528057]],[[-85.64691,40.556522],[-85.644666,40.555422],[-85.64449,40.555544],[-85.645038,40.558303],[-85.64691,40.556522]],[[-85.645414,40.570104],[-85.643644,40.570085],[-85.643693,40.567217],[-85.643373,40.570087],[-85.636601,40.568816],[-85.636798,40.578532],[-85.645414,40.570104]],[[-85.559263,40.557764],[-85.560015,40.555391],[-85.5593,40.555407],[-85.559263,40.557764]]]]}},{"type":"Feature","properties":{"NAME":"Upland","state_abbr":"IN","state_name":"Indiana","ALAND":8127787},"geometry":{"type":"Polygon","coordinates":[[[-85.541682,40.468561],[-85.507482,40.468394],[-85.507397,40.477576],[-85.508719,40.477594],[-85.508722,40.480362],[-85.489969,40.47993],[-85.48983,40.477476],[-85.485443,40.477554],[-85.485541,40.480222],[-85.485055,40.479169],[-85.483085,40.480185],[-85.482621,40.477269],[-85.481296,40.480184],[-85.480629,40.47742],[-85.480638,40.473787],[-85.483302,40.473799],[-85.483077,40.46286],[-85.492456,40.462732],[-85.492506,40.459262],[-85.484302,40.459227],[-85.484044,40.45205],[-85.493653,40.451962],[-85.493663,40.448489],[-85.512246,40.448433],[-85.512281,40.451856],[-85.522675,40.452021],[-85.522859,40.459301],[-85.503451,40.460359],[-85.503636,40.466445],[-85.541659,40.466647],[-85.541682,40.468561]]]}},{"type":"Feature","properties":{"NAME":"Elwood","state_abbr":"IN","state_name":"Indiana","ALAND":10276714},"geometry":{"type":"MultiPolygon","coordinates":[[[[-85.811675,40.278479],[-85.810933,40.280295],[-85.810743,40.278492],[-85.811675,40.278479]]],[[[-85.844865,40.291671],[-85.844843,40.292768],[-85.841736,40.292765],[-85.841759,40.291404],[-85.844865,40.291671]]],[[[-85.861327,40.278163],[-85.857767,40.277887],[-85.856557,40.282486],[-85.858397,40.28367],[-85.855346,40.283675],[-85.855343,40.28764],[-85.852555,40.285622],[-85.851372,40.291409],[-85.846379,40.29037],[-85.846466,40.287721],[-85.841764,40.287732],[-85.841759,40.291404],[-85.836579,40.291417],[-85.836972,40.295029],[-85.834607,40.295034],[-85.834623,40.291422],[-85.829087,40.291438],[-85.829076,40.288301],[-85.832052,40.283009],[-85.822872,40.281223],[-85.822921,40.278697],[-85.818229,40.278713],[-85.821333,40.277071],[-85.813765,40.277202],[-85.814118,40.278988],[-85.811865,40.279016],[-85.81187,40.277235],[-85.810877,40.27725],[-85.807748,40.279593],[-85.807711,40.277296],[-85.80472,40.277364],[-85.803955,40.273206],[-85.811795,40.273596],[-85.809569,40.27727],[-85.810398,40.276166],[-85.81857,40.277037],[-85.818778,40.275851],[-85.821434,40.277011],[-85.82101,40.274063],[-85.811967,40.273605],[-85.817746,40.265062],[-85.813547,40.265108],[-85.813548,40.262757],[-85.818393,40.262681],[-85.821785,40.259763],[-85.824977,40.26259],[-85.841352,40.262529],[-85.840171,40.258703],[-85.84209,40.258707],[-85.842122,40.255894],[-85.845948,40.255273],[-85.839759,40.254926],[-85.842123,40.254919],[-85.842139,40.25231],[-85.846338,40.251696],[-85.851537,40.252788],[-85.851519,40.25416],[-85.847573,40.255273],[-85.849183,40.255851],[-85.849238,40.258884],[-85.856346,40.258867],[-85.856316,40.262493],[-85.851593,40.262553],[-85.849542,40.264483],[-85.851364,40.272367],[-85.860785,40.273334],[-85.861327,40.278163]],[[-85.855436,40.260647],[-85.85502,40.259884],[-85.854834,40.260555],[-85.855436,40.260647]],[[-85.847841,40.254216],[-85.846994,40.253847],[-85.846807,40.255273],[-85.847841,40.254216]],[[-85.844188,40.259431],[-85.842823,40.258883],[-85.842816,40.259429],[-85.844188,40.259431]],[[-85.838548,40.290399],[-85.83769,40.288349],[-85.836825,40.288355],[-85.836848,40.290852],[-85.838548,40.290399]],[[-85.822987,40.262617],[-85.822608,40.261103],[-85.822434,40.261214],[-85.822987,40.262617]],[[-85.822925,40.276998],[-85.821812,40.276946],[-85.821707,40.277021],[-85.822925,40.276998]],[[-85.822921,40.277899],[-85.822131,40.277675],[-85.822127,40.277912],[-85.822921,40.277899]],[[-85.846769,40.25592],[-85.846398,40.255273],[-85.846397,40.25592],[-85.846769,40.25592]]]]}},{"type":"Feature","properties":{"NAME":"State Line City","state_abbr":"IN","state_name":"Indiana","ALAND":360426},"geometry":{"type":"Polygon","coordinates":[[[-87.530791,40.193958],[-87.530729,40.199412],[-87.526388,40.200838],[-87.521719,40.199277],[-87.522001,40.196401],[-87.526844,40.19639],[-87.526955,40.19394],[-87.530791,40.193958]]]}},{"type":"Feature","properties":{"NAME":"Crandall","state_abbr":"IN","state_name":"Indiana","ALAND":269437},"geometry":{"type":"Polygon","coordinates":[[[-86.070153,38.288121],[-86.067318,38.288243],[-86.067619,38.291044],[-86.06567,38.291289],[-86.062777,38.290163],[-86.062223,38.287112],[-86.069169,38.284945],[-86.070153,38.288121]]]}},{"type":"Feature","properties":{"NAME":"Laconia","state_abbr":"IN","state_name":"Indiana","ALAND":130862},"geometry":{"type":"Polygon","coordinates":[[[-86.087597,38.031211],[-86.087592,38.033429],[-86.083503,38.033447],[-86.083417,38.030171],[-86.087597,38.031211]]]}},{"type":"Feature","properties":{"NAME":"Mauckport","state_abbr":"IN","state_name":"Indiana","ALAND":518421},"geometry":{"type":"Polygon","coordinates":[[[-86.205914,38.022815],[-86.203315,38.028016],[-86.19532,38.028644],[-86.195392,38.031435],[-86.190908,38.031435],[-86.192852,38.027702],[-86.198842,38.027872],[-86.198263,38.025117],[-86.201472,38.020447],[-86.205914,38.022815]]]}},{"type":"Feature","properties":{"NAME":"Fairland","state_abbr":"IN","state_name":"Indiana","ALAND":2957865},"geometry":{"type":"Polygon","coordinates":[[[-85.876963,39.591114],[-85.85368,39.591342],[-85.853452,39.585974],[-85.84711,39.585988],[-85.847382,39.576331],[-85.852219,39.579115],[-85.876694,39.58003],[-85.876963,39.591114]],[[-85.854561,39.590563],[-85.857276,39.589419],[-85.85454,39.589414],[-85.854561,39.590563]]]}},{"type":"Feature","properties":{"NAME":"Williamsport","state_abbr":"IN","state_name":"Indiana","ALAND":3378904},"geometry":{"type":"Polygon","coordinates":[[[-87.304073,40.294312],[-87.301901,40.296258],[-87.304045,40.298028],[-87.290301,40.2982],[-87.289677,40.307102],[-87.286231,40.306956],[-87.287115,40.298206],[-87.28899,40.298238],[-87.288963,40.295491],[-87.282413,40.294829],[-87.283857,40.294834],[-87.285945,40.290116],[-87.290194,40.288726],[-87.290129,40.28738],[-87.28032,40.284316],[-87.279599,40.280819],[-87.282533,40.278122],[-87.294244,40.278178],[-87.293766,40.273112],[-87.302457,40.267308],[-87.30378,40.270181],[-87.301839,40.26932],[-87.295919,40.273679],[-87.295616,40.27985],[-87.301562,40.27984],[-87.296919,40.285325],[-87.30247,40.287188],[-87.301322,40.290462],[-87.299761,40.29042],[-87.299715,40.293194],[-87.29833,40.29324],[-87.304073,40.294312]]]}},{"type":"Feature","properties":{"NAME":"Wabash","state_abbr":"IN","state_name":"Indiana","ALAND":24977933},"geometry":{"type":"MultiPolygon","coordinates":[[[[-85.809813,40.762653],[-85.800062,40.762807],[-85.800114,40.764634],[-85.79775,40.764719],[-85.797841,40.767979],[-85.795533,40.767987],[-85.795354,40.763142],[-85.790619,40.76291],[-85.790594,40.759617],[-85.809709,40.759411],[-85.809813,40.762653]]],[[[-85.865179,40.797891],[-85.863304,40.798323],[-85.863117,40.802752],[-85.85524,40.802761],[-85.863004,40.802701],[-85.863096,40.796373],[-85.864182,40.79588],[-85.865179,40.797891]]],[[[-85.891351,40.785596],[-85.891321,40.790848],[-85.873223,40.793291],[-85.857178,40.797351],[-85.8572,40.800768],[-85.845077,40.810301],[-85.846668,40.810546],[-85.846676,40.813157],[-85.849108,40.813144],[-85.849169,40.810218],[-85.86047,40.810028],[-85.860419,40.81805],[-85.857212,40.818042],[-85.857267,40.82466],[-85.860779,40.824591],[-85.860778,40.82648],[-85.862271,40.826482],[-85.862378,40.829504],[-85.859534,40.83006],[-85.859573,40.831637],[-85.853565,40.831624],[-85.841029,40.818036],[-85.834858,40.820652],[-85.831577,40.818389],[-85.831708,40.820926],[-85.826863,40.821188],[-85.820511,40.824894],[-85.810267,40.824876],[-85.810442,40.830606],[-85.807209,40.832259],[-85.810748,40.832814],[-85.810893,40.839278],[-85.789382,40.839278],[-85.790641,40.836582],[-85.793359,40.837511],[-85.796228,40.833781],[-85.801004,40.833747],[-85.799019,40.832007],[-85.793289,40.832087],[-85.800225,40.824007],[-85.80198,40.817865],[-85.801825,40.815063],[-85.797263,40.814981],[-85.796979,40.806126],[-85.803261,40.806328],[-85.809534,40.801587],[-85.810238,40.791003],[-85.807748,40.789388],[-85.807854,40.787491],[-85.811176,40.787253],[-85.813586,40.779449],[-85.819448,40.771057],[-85.829161,40.770932],[-85.829154,40.777183],[-85.830998,40.777084],[-85.831008,40.778904],[-85.829199,40.779405],[-85.831108,40.780009],[-85.839129,40.779921],[-85.839197,40.777328],[-85.848393,40.778356],[-85.848518,40.781411],[-85.845768,40.781375],[-85.841268,40.784668],[-85.841406,40.790917],[-85.859338,40.792282],[-85.884779,40.783239],[-85.891351,40.785596]],[[-85.838903,40.817183],[-85.837791,40.817726],[-85.839575,40.817325],[-85.838903,40.817183]]]]}},{"type":"Feature","properties":{"NAME":"Elkhart","state_abbr":"IN","state_name":"Indiana","ALAND":71878111},"geometry":{"type":"Polygon","coordinates":[[[-86.042335,41.695368],[-86.039101,41.695363],[-86.039095,41.694244],[-86.033319,41.695362],[-86.032081,41.692515],[-86.01329,41.692655],[-86.013303,41.694029],[-86.010243,41.694048],[-86.010265,41.695359],[-86.018084,41.695355],[-86.018122,41.699004],[-86.026115,41.698998],[-86.026114,41.700851],[-86.024045,41.70085],[-86.0255,41.706265],[-86.02313,41.706264],[-86.023093,41.702649],[-86.018223,41.702648],[-86.018212,41.706913],[-86.008556,41.704503],[-86.008503,41.70166],[-86.005957,41.702627],[-86.007608,41.705362],[-86.01063,41.706275],[-86.008549,41.706279],[-86.008571,41.709885],[-86.023452,41.709924],[-86.026587,41.712202],[-86.026616,41.714716],[-86.023214,41.714729],[-86.023192,41.717188],[-86.032916,41.717757],[-86.032954,41.721557],[-86.030098,41.721566],[-86.030108,41.723481],[-86.026926,41.724433],[-86.028235,41.733531],[-86.007149,41.732624],[-86.007187,41.734008],[-86.002834,41.73403],[-86.002831,41.732714],[-85.986925,41.731827],[-85.987464,41.725196],[-85.985242,41.72522],[-85.98754,41.722788],[-85.982129,41.722506],[-85.98039,41.732412],[-85.982812,41.737933],[-85.976204,41.738769],[-85.9773,41.742622],[-85.973591,41.743897],[-85.973404,41.741348],[-85.97055,41.741313],[-85.972714,41.738781],[-85.968602,41.732473],[-85.962267,41.734248],[-85.96229,41.73879],[-85.960653,41.738795],[-85.959964,41.734254],[-85.956667,41.734262],[-85.956638,41.730814],[-85.947837,41.730515],[-85.947671,41.725887],[-85.952298,41.725816],[-85.952297,41.724274],[-85.951665,41.718475],[-85.946794,41.718489],[-85.946785,41.717105],[-85.941984,41.716999],[-85.941952,41.721511],[-85.938246,41.721479],[-85.938221,41.724164],[-85.934692,41.724103],[-85.934705,41.72969],[-85.903283,41.728882],[-85.90325,41.724446],[-85.898423,41.72444],[-85.898328,41.713558],[-85.903186,41.713558],[-85.903223,41.71885],[-85.912752,41.71922],[-85.912723,41.717371],[-85.912965,41.716917],[-85.922549,41.716804],[-85.922548,41.713592],[-85.91981,41.713552],[-85.919019,41.709604],[-85.915029,41.709633],[-85.914972,41.705013],[-85.911241,41.705883],[-85.911313,41.709785],[-85.907217,41.708235],[-85.906901,41.70467],[-85.919324,41.702496],[-85.918821,41.700531],[-85.92081,41.697672],[-85.924534,41.700111],[-85.927215,41.699118],[-85.925644,41.697895],[-85.926198,41.696349],[-85.917363,41.694685],[-85.917338,41.69142],[-85.914034,41.692196],[-85.913846,41.693601],[-85.907549,41.693128],[-85.89328,41.696673],[-85.893902,41.698095],[-85.888489,41.700745],[-85.888407,41.695442],[-85.870303,41.695484],[-85.870221,41.688952],[-85.879895,41.688777],[-85.879956,41.685938],[-85.888239,41.685894],[-85.888146,41.681386],[-85.88474,41.681558],[-85.884711,41.677905],[-85.882501,41.677911],[-85.882668,41.671303],[-85.880543,41.667352],[-85.887663,41.66944],[-85.887312,41.661851],[-85.892813,41.661802],[-85.892841,41.67417],[-85.902486,41.674288],[-85.902509,41.677454],[-85.907344,41.677983],[-85.907309,41.676163],[-85.910499,41.676151],[-85.910478,41.674285],[-85.912252,41.676139],[-85.912239,41.674268],[-85.917172,41.673507],[-85.930526,41.673986],[-85.931288,41.671462],[-85.932589,41.672527],[-85.931913,41.677623],[-85.938769,41.677612],[-85.937598,41.678137],[-85.938359,41.680886],[-85.939134,41.678342],[-85.941239,41.678689],[-85.941214,41.673981],[-85.946295,41.673967],[-85.943747,41.671381],[-85.946233,41.670183],[-85.946793,41.667644],[-85.941392,41.667181],[-85.941197,41.658152],[-85.939729,41.658151],[-85.941013,41.653082],[-85.924642,41.638482],[-85.923298,41.639245],[-85.92153,41.637732],[-85.928573,41.637962],[-85.935623,41.640408],[-85.937905,41.646771],[-85.940965,41.648758],[-85.945797,41.648399],[-85.945863,41.652234],[-85.950697,41.652229],[-85.951828,41.647303],[-85.954247,41.647372],[-85.95991,41.643788],[-85.959927,41.64858],[-85.957411,41.649308],[-85.958015,41.656649],[-85.960467,41.656661],[-85.96046,41.659436],[-85.96473,41.659421],[-85.965268,41.65716],[-85.96725,41.65671],[-85.966993,41.653966],[-85.969924,41.653527],[-85.969976,41.651846],[-85.971377,41.653745],[-85.970902,41.650788],[-85.972239,41.649679],[-85.970686,41.650388],[-85.970658,41.644996],[-85.96769,41.644964],[-85.967335,41.643717],[-85.971348,41.641353],[-85.974736,41.641368],[-85.974676,41.637782],[-85.979659,41.637811],[-85.979692,41.639625],[-85.984516,41.639649],[-85.984622,41.646237],[-85.979764,41.646928],[-85.979784,41.649139],[-85.982486,41.649102],[-85.982503,41.652357],[-85.981058,41.652355],[-85.981985,41.655808],[-85.979941,41.656322],[-85.982767,41.658075],[-85.982528,41.65953],[-85.98462,41.658293],[-85.984576,41.654153],[-85.996601,41.655497],[-85.996524,41.652451],[-85.994364,41.65132],[-85.999151,41.650816],[-85.999111,41.645779],[-86.001176,41.645038],[-85.99906,41.642505],[-86.00284,41.641586],[-86.002906,41.645148],[-86.017315,41.645247],[-86.017515,41.652546],[-86.012695,41.652564],[-86.012383,41.657199],[-86.007967,41.656728],[-86.00717,41.661555],[-86.010776,41.659807],[-86.010829,41.663039],[-86.003159,41.665066],[-86.003144,41.667035],[-86.01761,41.664142],[-86.017617,41.665898],[-86.023921,41.667092],[-86.00318,41.669399],[-86.003331,41.679178],[-86.01137,41.677569],[-86.014527,41.68012],[-86.014602,41.682092],[-86.017647,41.681452],[-86.014677,41.685408],[-86.020541,41.685414],[-86.020552,41.686839],[-86.026754,41.688735],[-86.032627,41.688874],[-86.032645,41.690108],[-86.042203,41.688757],[-86.042335,41.695368]],[[-86.025575,41.724356],[-86.025559,41.721704],[-86.023281,41.721695],[-86.024322,41.724432],[-86.025575,41.724356]],[[-86.007892,41.656148],[-86.007803,41.648938],[-86.002945,41.648969],[-86.003051,41.655695],[-86.007892,41.656148]],[[-86.003801,41.719139],[-86.003646,41.701996],[-86.001964,41.701538],[-85.995076,41.70262],[-85.99471,41.704898],[-85.991035,41.703467],[-85.98909,41.703861],[-85.989102,41.705373],[-85.985609,41.70438],[-85.98564,41.708065],[-85.982661,41.706212],[-85.98377,41.704634],[-85.981568,41.702726],[-85.983113,41.702611],[-85.981302,41.702597],[-85.980437,41.703438],[-85.974367,41.703403],[-85.97359,41.708173],[-85.975574,41.709863],[-85.974283,41.713599],[-85.975337,41.715658],[-85.99012,41.717117],[-85.98943,41.713484],[-85.988132,41.713472],[-85.988055,41.708029],[-85.992425,41.706481],[-85.993252,41.707394],[-85.991618,41.708659],[-85.995336,41.709881],[-85.995357,41.712044],[-85.997439,41.712015],[-86.001961,41.717085],[-85.999783,41.71711],[-86.001474,41.71906],[-86.003801,41.719139]],[[-86.002905,41.700649],[-86.003591,41.698992],[-86.003578,41.698935],[-86.002905,41.700649]],[[-85.988217,41.718528],[-85.988182,41.717168],[-85.985724,41.717151],[-85.985753,41.718581],[-85.988217,41.718528]],[[-85.982045,41.659489],[-85.981213,41.658764],[-85.981214,41.659478],[-85.982045,41.659489]],[[-85.978612,41.655927],[-85.981002,41.652355],[-85.978701,41.653613],[-85.978591,41.652345],[-85.974498,41.652329],[-85.973841,41.654698],[-85.974946,41.654971],[-85.973799,41.655198],[-85.976209,41.656522],[-85.973914,41.658038],[-85.976847,41.658356],[-85.976143,41.659531],[-85.979884,41.658937],[-85.978612,41.655927]],[[-85.975049,41.662939],[-85.975034,41.66156],[-85.972668,41.661366],[-85.972685,41.663086],[-85.975049,41.662939]],[[-85.974174,41.660968],[-85.975019,41.660409],[-85.974168,41.660423],[-85.974174,41.660968]],[[-85.973799,41.660146],[-85.974874,41.658601],[-85.972691,41.658579],[-85.973799,41.660146]],[[-85.973833,41.703194],[-85.974357,41.702567],[-85.973823,41.702569],[-85.973833,41.703194]],[[-85.972471,41.659491],[-85.970989,41.658841],[-85.970997,41.659476],[-85.972471,41.659491]],[[-85.969529,41.722466],[-85.966327,41.721832],[-85.966313,41.720388],[-85.956563,41.720676],[-85.956862,41.724239],[-85.961346,41.72433],[-85.961432,41.730822],[-85.966379,41.730795],[-85.965322,41.723818],[-85.969529,41.722466]],[[-85.969427,41.71808],[-85.969455,41.70982],[-85.966241,41.709775],[-85.96618,41.705605],[-85.962848,41.705832],[-85.962828,41.704396],[-85.966154,41.704104],[-85.965159,41.702585],[-85.949725,41.70261],[-85.947297,41.703949],[-85.947656,41.710568],[-85.956456,41.710516],[-85.956498,41.715255],[-85.966271,41.715222],[-85.96628,41.71807],[-85.969427,41.71808]],[[-85.966173,41.705173],[-85.965521,41.704953],[-85.965525,41.705173],[-85.966173,41.705173]],[[-85.956433,41.650804],[-85.955518,41.650324],[-85.955529,41.650811],[-85.956433,41.650804]],[[-85.947603,41.713961],[-85.946758,41.712574],[-85.946766,41.713962],[-85.947603,41.713961]],[[-85.941231,41.681237],[-85.940174,41.680689],[-85.940179,41.681234],[-85.941231,41.681237]],[[-85.925454,41.716733],[-85.9274,41.713235],[-85.924451,41.713234],[-85.923349,41.715706],[-85.925454,41.716733]],[[-85.927381,41.711927],[-85.926759,41.711718],[-85.92676,41.711929],[-85.927381,41.711927]],[[-85.927378,41.711377],[-85.927352,41.70917],[-85.925664,41.709205],[-85.92577,41.711447],[-85.927378,41.711377]],[[-85.927327,41.70685],[-85.927306,41.705452],[-85.925098,41.705848],[-85.925077,41.707015],[-85.927327,41.70685]],[[-85.926067,41.705082],[-85.927295,41.703634],[-85.926051,41.703652],[-85.926067,41.705082]],[[-85.927292,41.703072],[-85.926041,41.702179],[-85.926043,41.703087],[-85.927292,41.703072]],[[-85.923374,41.677576],[-85.923054,41.676435],[-85.922199,41.677588],[-85.923374,41.677576]],[[-85.920451,41.703815],[-85.919739,41.702416],[-85.920063,41.703819],[-85.920451,41.703815]]]}},{"type":"Feature","properties":{"NAME":"Goshen","state_abbr":"IN","state_name":"Indiana","ALAND":46191814},"geometry":{"type":"Polygon","coordinates":[[[-85.91589,41.622714],[-85.91584,41.6272],[-85.911725,41.627209],[-85.911672,41.629834],[-85.881993,41.610723],[-85.880421,41.612561],[-85.881229,41.616874],[-85.873362,41.614689],[-85.872357,41.6116],[-85.869524,41.609924],[-85.871068,41.607434],[-85.870246,41.605867],[-85.863733,41.605503],[-85.858347,41.602652],[-85.855553,41.603521],[-85.855577,41.601388],[-85.852697,41.599725],[-85.851396,41.601072],[-85.848402,41.599844],[-85.848421,41.602376],[-85.843607,41.602394],[-85.843755,41.614312],[-85.832189,41.614387],[-85.832274,41.608649],[-85.837105,41.608649],[-85.837046,41.605875],[-85.832206,41.605983],[-85.832174,41.603637],[-85.827313,41.603417],[-85.82725,41.60725],[-85.825855,41.607255],[-85.825874,41.603411],[-85.818528,41.603382],[-85.817474,41.595245],[-85.809894,41.595243],[-85.809838,41.592239],[-85.806921,41.59345],[-85.806938,41.592117],[-85.804299,41.591654],[-85.804299,41.588057],[-85.809657,41.58745],[-85.808086,41.585136],[-85.802413,41.586756],[-85.800065,41.585386],[-85.802705,41.584408],[-85.801918,41.583282],[-85.805084,41.58413],[-85.802955,41.580756],[-85.807575,41.580728],[-85.809608,41.579735],[-85.809588,41.577773],[-85.793717,41.569944],[-85.791259,41.569972],[-85.791122,41.573405],[-85.780621,41.573651],[-85.780652,41.575662],[-85.774744,41.575711],[-85.77558,41.560846],[-85.78434,41.565182],[-85.783155,41.566392],[-85.784941,41.56638],[-85.784964,41.567928],[-85.788992,41.567618],[-85.787157,41.566372],[-85.772866,41.559176],[-85.773051,41.551902],[-85.777229,41.551889],[-85.770581,41.548328],[-85.770545,41.546482],[-85.777708,41.546437],[-85.777687,41.544623],[-85.784979,41.542761],[-85.784946,41.540947],[-85.780005,41.540973],[-85.779933,41.53824],[-85.784899,41.539133],[-85.785302,41.537312],[-85.789711,41.537275],[-85.782388,41.536703],[-85.782329,41.533684],[-85.789648,41.533621],[-85.789558,41.527377],[-85.779758,41.527513],[-85.778592,41.524664],[-85.779718,41.525005],[-85.779706,41.522786],[-85.810712,41.522915],[-85.813541,41.526186],[-85.813624,41.529782],[-85.794413,41.529944],[-85.794471,41.533548],[-85.799235,41.533503],[-85.799258,41.536268],[-85.795073,41.537216],[-85.799307,41.537174],[-85.799454,41.544426],[-85.804269,41.544803],[-85.804879,41.537121],[-85.825484,41.538112],[-85.82563,41.544264],[-85.835812,41.54413],[-85.835713,41.546076],[-85.838293,41.548331],[-85.834394,41.552269],[-85.836659,41.56091],[-85.839067,41.562526],[-85.837172,41.565375],[-85.838478,41.568807],[-85.834895,41.569837],[-85.836242,41.572558],[-85.838454,41.572841],[-85.838591,41.574326],[-85.843766,41.573312],[-85.844013,41.571429],[-85.842125,41.569934],[-85.845091,41.569921],[-85.845087,41.568415],[-85.843294,41.568492],[-85.843332,41.566053],[-85.856906,41.566056],[-85.860621,41.566526],[-85.860632,41.568913],[-85.867211,41.569033],[-85.866414,41.571955],[-85.864136,41.571946],[-85.864837,41.576974],[-85.866216,41.576979],[-85.867279,41.573357],[-85.872128,41.573901],[-85.872161,41.579417],[-85.877045,41.579431],[-85.877129,41.584258],[-85.881971,41.584278],[-85.882045,41.587914],[-85.885717,41.587912],[-85.887032,41.59424],[-85.888803,41.594229],[-85.885208,41.595038],[-85.885257,41.596699],[-85.883429,41.596714],[-85.883379,41.595056],[-85.877396,41.595114],[-85.877355,41.602487],[-85.887141,41.602432],[-85.886289,41.605952],[-85.889901,41.608022],[-85.890061,41.606551],[-85.892282,41.607546],[-85.892257,41.605819],[-85.903009,41.605663],[-85.903055,41.606901],[-85.905785,41.60691],[-85.90655,41.607592],[-85.904019,41.608761],[-85.895048,41.608755],[-85.896914,41.609467],[-85.896998,41.615979],[-85.901847,41.615995],[-85.901831,41.614185],[-85.904261,41.614175],[-85.904277,41.616003],[-85.906722,41.616073],[-85.90676,41.619569],[-85.901943,41.61968],[-85.901971,41.620847],[-85.906776,41.620971],[-85.906793,41.622654],[-85.91589,41.622714]],[[-85.892285,41.610552],[-85.890565,41.608749],[-85.889096,41.610566],[-85.892285,41.610552]],[[-85.884177,41.609772],[-85.88281,41.608755],[-85.882819,41.60976],[-85.884177,41.609772]],[[-85.808088,41.582337],[-85.809645,41.581513],[-85.808071,41.581513],[-85.808088,41.582337]],[[-85.785152,41.558627],[-85.784781,41.55305],[-85.783466,41.553876],[-85.785152,41.558627]],[[-85.780525,41.567286],[-85.777435,41.566416],[-85.777445,41.567303],[-85.780525,41.567286]],[[-85.789753,41.536266],[-85.792122,41.537974],[-85.794461,41.536674],[-85.789753,41.536266]]]}},{"type":"Feature","properties":{"NAME":"Lyons","state_abbr":"IN","state_name":"Indiana","ALAND":2089253},"geometry":{"type":"MultiPolygon","coordinates":[[[[-87.081266,38.972589],[-87.081226,38.976085],[-87.078837,38.976061],[-87.078843,38.972473],[-87.081266,38.972589]]],[[[-87.090489,38.983358],[-87.090534,38.994559],[-87.072062,38.994624],[-87.072068,38.98328],[-87.090489,38.983358]]]]}},{"type":"Feature","properties":{"NAME":"Macy","state_abbr":"IN","state_name":"Indiana","ALAND":296872},"geometry":{"type":"Polygon","coordinates":[[[-86.13266,40.960404],[-86.126838,40.960502],[-86.123532,40.956207],[-86.13259,40.956108],[-86.13266,40.960404]]]}},{"type":"Feature","properties":{"NAME":"Washington","state_abbr":"IN","state_name":"Indiana","ALAND":17276264},"geometry":{"type":"Polygon","coordinates":[[[-87.209043,38.655975],[-87.20813,38.661696],[-87.198879,38.659903],[-87.198946,38.66392],[-87.195349,38.663263],[-87.195161,38.670703],[-87.193258,38.670085],[-87.193257,38.667458],[-87.190135,38.667458],[-87.190547,38.672042],[-87.176238,38.670763],[-87.176219,38.671947],[-87.173318,38.671686],[-87.173264,38.675471],[-87.171328,38.675444],[-87.171299,38.6728],[-87.165251,38.672191],[-87.165881,38.670325],[-87.156684,38.670282],[-87.156673,38.671678],[-87.149566,38.670175],[-87.149211,38.665444],[-87.11015,38.666026],[-87.1099,38.653362],[-87.113844,38.652983],[-87.117523,38.654684],[-87.120215,38.647624],[-87.142122,38.648071],[-87.142365,38.650567],[-87.14714,38.650607],[-87.147118,38.649419],[-87.149964,38.6493],[-87.149942,38.647822],[-87.152081,38.6478],[-87.15217,38.649677],[-87.152791,38.648093],[-87.163292,38.649446],[-87.163806,38.646151],[-87.166245,38.64616],[-87.166227,38.647592],[-87.170849,38.646402],[-87.17078,38.643862],[-87.168386,38.64383],[-87.168442,38.642151],[-87.173653,38.643485],[-87.180145,38.642802],[-87.180114,38.64504],[-87.182679,38.644857],[-87.182505,38.651234],[-87.184191,38.652414],[-87.187206,38.65099],[-87.187153,38.65426],[-87.185497,38.654398],[-87.194104,38.654938],[-87.19945,38.653619],[-87.200935,38.651608],[-87.207043,38.650701],[-87.209043,38.655975]],[[-87.150074,38.65107],[-87.149276,38.650762],[-87.149288,38.651073],[-87.150074,38.65107]],[[-87.148755,38.651075],[-87.147142,38.650745],[-87.147148,38.651084],[-87.148755,38.651075]]]}},{"type":"Feature","properties":{"NAME":"Birdseye","state_abbr":"IN","state_name":"Indiana","ALAND":1647315},"geometry":{"type":"Polygon","coordinates":[[[-86.703959,38.314191],[-86.704045,38.321358],[-86.690145,38.321532],[-86.689824,38.307006],[-86.699288,38.306937],[-86.699487,38.314208],[-86.703959,38.314191]]]}},{"type":"Feature","properties":{"NAME":"Jasper","state_abbr":"IN","state_name":"Indiana","ALAND":34444663},"geometry":{"type":"Polygon","coordinates":[[[-86.993807,38.392382],[-86.988895,38.392948],[-86.989156,38.396559],[-86.981942,38.396578],[-86.98226,38.393514],[-86.978641,38.393444],[-86.979051,38.400193],[-86.970836,38.400215],[-86.970603,38.402325],[-86.96588,38.402034],[-86.965891,38.4038],[-86.961235,38.403838],[-86.961228,38.40168],[-86.95654,38.403027],[-86.956976,38.407515],[-86.952878,38.407517],[-86.951959,38.411186],[-86.956626,38.411177],[-86.956569,38.41485],[-86.961233,38.414842],[-86.96121,38.422191],[-86.951858,38.422268],[-86.951843,38.431202],[-86.953712,38.432219],[-86.951938,38.433503],[-86.95413,38.436409],[-86.957133,38.435329],[-86.96206,38.436951],[-86.956472,38.436983],[-86.956509,38.440686],[-86.951819,38.440704],[-86.951817,38.437012],[-86.937915,38.437201],[-86.937928,38.433498],[-86.928958,38.43362],[-86.928655,38.427398],[-86.931931,38.427354],[-86.933218,38.424854],[-86.927962,38.424839],[-86.925834,38.419808],[-86.928031,38.421197],[-86.927806,38.41527],[-86.923979,38.415178],[-86.923885,38.411303],[-86.919268,38.405238],[-86.914544,38.4045],[-86.912913,38.402211],[-86.914309,38.39907],[-86.920557,38.396585],[-86.923706,38.392967],[-86.91739,38.393228],[-86.917457,38.389735],[-86.919119,38.388985],[-86.911511,38.389391],[-86.911853,38.38844],[-86.907,38.39158],[-86.900369,38.391128],[-86.89887,38.392481],[-86.89556,38.391086],[-86.904448,38.389543],[-86.905335,38.385456],[-86.905003,38.381642],[-86.90311,38.383075],[-86.896243,38.382224],[-86.896793,38.372458],[-86.895231,38.372477],[-86.895221,38.370639],[-86.900085,38.370588],[-86.898534,38.363358],[-86.904178,38.361639],[-86.91128,38.362828],[-86.910784,38.368587],[-86.913988,38.36737],[-86.914489,38.363472],[-86.923669,38.365646],[-86.923642,38.368706],[-86.929159,38.369807],[-86.936515,38.375939],[-86.937788,38.361242],[-86.9468,38.360902],[-86.946838,38.357413],[-86.956022,38.357405],[-86.956025,38.364941],[-86.96058,38.365922],[-86.960551,38.371457],[-86.951519,38.372267],[-86.951653,38.378805],[-86.979288,38.378384],[-86.979331,38.372682],[-86.981749,38.372594],[-86.983849,38.377257],[-86.983291,38.378729],[-86.979894,38.378863],[-86.981118,38.386247],[-86.977902,38.385706],[-86.97912,38.379563],[-86.966391,38.380786],[-86.966483,38.385835],[-86.97459,38.385729],[-86.979168,38.38846],[-86.984122,38.385546],[-86.990988,38.385496],[-86.991532,38.389244],[-86.993751,38.3892],[-86.993807,38.392382]]]}},{"type":"Feature","properties":{"NAME":"Fishers","state_abbr":"IN","state_name":"Indiana","ALAND":93375353},"geometry":{"type":"Polygon","coordinates":[[[-86.076183,39.92695],[-86.072732,39.938409],[-86.065418,39.943476],[-86.063695,39.941385],[-86.054066,39.941639],[-86.054089,39.945125],[-86.065345,39.944619],[-86.068694,39.949248],[-86.068009,39.952499],[-86.053783,39.953496],[-86.053765,39.956736],[-86.051451,39.956781],[-86.050745,39.963499],[-86.04826,39.968397],[-86.045768,39.970654],[-86.036709,39.973552],[-86.033167,39.976967],[-86.033105,39.990136],[-86.030389,39.991164],[-86.023272,39.987544],[-86.020439,39.987738],[-86.023099,39.988247],[-86.021966,39.990831],[-86.026866,39.993196],[-86.025799,39.994112],[-86.021407,39.991994],[-86.019971,39.997812],[-86.023652,39.998117],[-86.023229,40.000205],[-86.019666,40.000245],[-86.019573,39.998331],[-86.015091,39.997681],[-86.015119,40.000348],[-86.00877,40.00076],[-86.008694,39.993581],[-85.991933,39.993644],[-85.991943,39.9957],[-85.994407,39.995675],[-85.994429,39.997319],[-85.991775,39.997351],[-85.991798,39.998924],[-85.994446,39.998873],[-85.994467,40.000852],[-85.982137,40.00103],[-85.982113,39.999784],[-85.980338,39.999807],[-85.980297,39.99374],[-85.970898,39.993684],[-85.970874,39.991178],[-85.966162,39.992376],[-85.966179,39.993852],[-85.960357,39.992896],[-85.951992,39.993962],[-85.951971,39.99065],[-85.953835,39.990292],[-85.951964,39.990288],[-85.951947,39.986492],[-85.936656,39.986898],[-85.922707,39.991054],[-85.902516,39.991045],[-85.902471,39.987179],[-85.908715,39.987129],[-85.909481,39.984204],[-85.906692,39.983669],[-85.90406,39.981442],[-85.904754,39.979878],[-85.901481,39.979907],[-85.897188,39.975495],[-85.895257,39.975522],[-85.895764,39.982041],[-85.903032,39.981975],[-85.90306,39.984307],[-85.90008,39.984346],[-85.900247,39.991052],[-85.89572,39.991081],[-85.895722,39.987399],[-85.883574,39.987485],[-85.883568,39.986224],[-85.881144,39.986273],[-85.871766,39.987664],[-85.871652,39.991467],[-85.86226,39.99214],[-85.862084,39.965459],[-85.874255,39.963778],[-85.874277,39.964974],[-85.879302,39.965392],[-85.876217,39.962706],[-85.87615,39.954548],[-85.881274,39.954014],[-85.881299,39.958212],[-85.885638,39.95817],[-85.885692,39.965416],[-85.890405,39.96542],[-85.889517,39.969141],[-85.895029,39.969337],[-85.894981,39.964331],[-85.899948,39.964331],[-85.899841,39.953191],[-85.890155,39.953349],[-85.890643,39.958186],[-85.886857,39.958186],[-85.886681,39.954211],[-85.885583,39.95428],[-85.885657,39.950677],[-85.889423,39.947662],[-85.889832,39.950516],[-85.893568,39.948514],[-85.892708,39.947493],[-85.897125,39.948216],[-85.893086,39.947032],[-85.89061,39.947724],[-85.890642,39.943235],[-85.881209,39.945124],[-85.881067,39.937814],[-85.878321,39.939748],[-85.875676,39.937995],[-85.875648,39.936072],[-85.871846,39.936102],[-85.871813,39.932467],[-85.865402,39.932565],[-85.862377,39.934252],[-85.862395,39.928943],[-85.881091,39.928741],[-85.88121,39.936023],[-85.884223,39.936004],[-85.884646,39.928711],[-85.892036,39.928655],[-85.892124,39.934945],[-85.895153,39.934945],[-85.895001,39.928628],[-85.899824,39.92859],[-85.899817,39.930516],[-85.904572,39.931789],[-85.904521,39.928467],[-85.991485,39.927034],[-85.990246,39.934386],[-85.995004,39.93451],[-85.990273,39.934971],[-85.990307,39.936112],[-85.996464,39.935311],[-85.996466,39.936703],[-86.004497,39.93673],[-86.00772,39.934363],[-85.999819,39.933243],[-85.999817,39.930638],[-85.995024,39.93064],[-85.995037,39.927808],[-86.050659,39.927046],[-86.050643,39.931463],[-86.054545,39.931133],[-86.055384,39.935776],[-86.055445,39.932515],[-86.058522,39.932882],[-86.057107,39.931559],[-86.060791,39.930665],[-86.054537,39.930251],[-86.055482,39.927029],[-86.076183,39.92695]],[[-86.057404,39.933893],[-86.056552,39.933473],[-86.056554,39.933896],[-86.057404,39.933893]],[[-86.049019,39.941594],[-86.046912,39.939526],[-86.045839,39.941603],[-86.042096,39.940728],[-86.039522,39.942945],[-86.039611,39.94669],[-86.042741,39.94668],[-86.046387,39.943803],[-86.045461,39.942904],[-86.046873,39.943557],[-86.049019,39.941594]],[[-86.046594,39.950921],[-86.046581,39.949594],[-86.043445,39.949875],[-86.043428,39.951133],[-86.046594,39.950921]],[[-86.038469,39.941782],[-86.035934,39.941636],[-86.035956,39.942915],[-86.037765,39.943413],[-86.038469,39.941782]],[[-86.035918,39.954772],[-86.033945,39.954069],[-86.033037,39.956761],[-86.035902,39.956738],[-86.035918,39.954772]],[[-86.035357,39.969966],[-86.026776,39.971301],[-86.026743,39.966942],[-86.025269,39.966949],[-86.025648,39.974217],[-86.027793,39.973329],[-86.031409,39.974958],[-86.035357,39.969966]],[[-86.034906,39.945026],[-86.034903,39.943674],[-86.033023,39.943676],[-86.033026,39.945207],[-86.034906,39.945026]],[[-86.034888,39.941789],[-86.033021,39.94164],[-86.033023,39.943507],[-86.034902,39.943505],[-86.034888,39.941789]],[[-86.034792,39.946673],[-86.033029,39.946131],[-86.03303,39.946638],[-86.034792,39.946673]],[[-86.03287,39.934566],[-86.032098,39.933847],[-86.031613,39.934581],[-86.03287,39.934566]],[[-86.032847,39.93873],[-86.030598,39.936118],[-86.02821,39.940271],[-86.031134,39.940223],[-86.032847,39.93873]],[[-86.028651,39.97855],[-86.02152,39.97854],[-86.020418,39.984002],[-86.025081,39.983976],[-86.028651,39.97855]],[[-86.027857,39.942201],[-86.026676,39.941729],[-86.02637,39.942182],[-86.027857,39.942201]],[[-86.024121,39.956639],[-86.023389,39.956185],[-86.023382,39.956643],[-86.024121,39.956639]],[[-86.019798,39.971417],[-86.01825,39.971285],[-86.01828,39.973661],[-86.0198,39.973952],[-86.019798,39.971417]],[[-86.015974,39.945271],[-86.013899,39.945276],[-86.013602,39.947957],[-86.014064,39.947972],[-86.015974,39.945271]],[[-86.0154,39.994382],[-86.014112,39.993713],[-86.01412,39.994419],[-86.0154,39.994382]],[[-86.012755,39.991786],[-86.013953,39.990464],[-86.012749,39.990475],[-86.012755,39.991786]],[[-86.013992,39.976275],[-86.011434,39.976438],[-86.011435,39.977928],[-86.013203,39.978751],[-86.013992,39.976275]],[[-86.013976,39.975044],[-86.013925,39.970044],[-86.013185,39.970044],[-86.013209,39.97148],[-86.011455,39.971511],[-86.011436,39.975145],[-86.013976,39.975044]],[[-86.01318,39.969763],[-86.013906,39.968143],[-86.013154,39.968146],[-86.01318,39.969763]],[[-86.013412,39.964187],[-86.013856,39.963692],[-86.013413,39.963684],[-86.013412,39.964187]],[[-86.013409,39.963638],[-86.013612,39.96102],[-86.011867,39.963598],[-86.013409,39.963638]],[[-86.010652,39.980599],[-86.009834,39.97939],[-86.009836,39.980607],[-86.010652,39.980599]],[[-86.00972,39.978796],[-86.008533,39.977187],[-86.00855,39.97881],[-86.00972,39.978796]],[[-86.007923,39.937995],[-86.005637,39.937994],[-86.005016,39.941636],[-86.007917,39.941667],[-86.007923,39.937995]],[[-86.004371,39.941543],[-86.004354,39.937981],[-86.000371,39.939772],[-86.000085,39.941573],[-86.004371,39.941543]],[[-85.999604,39.951887],[-85.994929,39.951891],[-85.994937,39.947878],[-85.990205,39.947883],[-85.993279,39.948791],[-85.993259,39.952504],[-85.999604,39.951887]],[[-85.994979,39.941544],[-85.994907,39.937031],[-85.9926,39.938877],[-85.990253,39.938201],[-85.990273,39.941545],[-85.994979,39.941544]],[[-85.994823,39.945168],[-85.99023,39.945193],[-85.990232,39.946925],[-85.994804,39.946923],[-85.994823,39.945168]],[[-85.994346,39.990574],[-85.993656,39.989953],[-85.993654,39.990578],[-85.994346,39.990574]],[[-85.99428,39.984417],[-85.99425,39.979059],[-85.992927,39.979062],[-85.992775,39.982663],[-85.989682,39.982682],[-85.989678,39.984349],[-85.99428,39.984417]],[[-85.992065,39.979062],[-85.98953,39.979108],[-85.989541,39.980495],[-85.992021,39.980465],[-85.992065,39.979062]],[[-85.990038,39.971206],[-85.987178,39.970575],[-85.986748,39.971751],[-85.986716,39.969602],[-85.98468,39.969608],[-85.98478,39.973591],[-85.987615,39.973564],[-85.988631,39.97173],[-85.989495,39.973546],[-85.990038,39.971206]],[[-85.98938,39.960792],[-85.983708,39.962655],[-85.983742,39.964464],[-85.989416,39.964414],[-85.98938,39.960792]],[[-85.985492,39.956995],[-85.98729,39.956525],[-85.98549,39.956522],[-85.985492,39.956995]],[[-85.986354,39.980464],[-85.984833,39.979206],[-85.984849,39.980478],[-85.986354,39.980464]],[[-85.985518,39.937943],[-85.983632,39.937952],[-85.981844,39.941562],[-85.979604,39.939507],[-85.980648,39.937966],[-85.978401,39.937974],[-85.977249,39.944169],[-85.980795,39.946315],[-85.985486,39.944173],[-85.985518,39.937943]],[[-85.983502,39.957335],[-85.980752,39.957305],[-85.980753,39.955249],[-85.97878,39.956501],[-85.978473,39.960851],[-85.983501,39.960706],[-85.983502,39.957335]],[[-85.980828,39.931803],[-85.98253,39.930689],[-85.980837,39.930694],[-85.980828,39.931803]],[[-85.981837,39.987131],[-85.98023,39.987148],[-85.980263,39.990084],[-85.98187,39.990065],[-85.981837,39.987131]],[[-85.981812,39.971196],[-85.980725,39.968887],[-85.97529,39.969485],[-85.976595,39.973017],[-85.980022,39.972985],[-85.981812,39.971196]],[[-85.981254,39.979238],[-85.980166,39.979209],[-85.980295,39.982765],[-85.981306,39.982753],[-85.981254,39.979238]],[[-85.980205,39.985242],[-85.975467,39.985326],[-85.97543,39.983812],[-85.980174,39.982768],[-85.97076,39.982815],[-85.97072,39.980219],[-85.967642,39.979795],[-85.967398,39.985185],[-85.968966,39.985155],[-85.968979,39.986552],[-85.980087,39.986491],[-85.980205,39.985242]],[[-85.979949,39.964622],[-85.978375,39.964648],[-85.978229,39.960854],[-85.976476,39.960893],[-85.976453,39.957372],[-85.971876,39.957486],[-85.9719,39.960932],[-85.974174,39.960936],[-85.97383,39.963562],[-85.970575,39.964596],[-85.975255,39.9636],[-85.975307,39.967618],[-85.979054,39.967589],[-85.979949,39.964622]],[[-85.97893,39.968846],[-85.975303,39.968167],[-85.975308,39.969245],[-85.97893,39.968846]],[[-85.975995,39.941742],[-85.973219,39.941738],[-85.973257,39.944643],[-85.975938,39.945078],[-85.975995,39.941742]],[[-85.971021,39.944678],[-85.971795,39.941737],[-85.971035,39.941735],[-85.971021,39.944678]],[[-85.969303,39.990178],[-85.970848,39.989282],[-85.969292,39.989292],[-85.969303,39.990178]],[[-85.970337,39.941735],[-85.96199,39.941856],[-85.964135,39.944637],[-85.960882,39.943935],[-85.958184,39.945307],[-85.959572,39.947388],[-85.961173,39.947064],[-85.959885,39.947455],[-85.96028,39.950133],[-85.963729,39.951618],[-85.965119,39.948756],[-85.969019,39.948568],[-85.970337,39.941735]],[[-85.969021,39.951115],[-85.966582,39.94988],[-85.965721,39.952499],[-85.967223,39.953537],[-85.969021,39.951115]],[[-85.966547,39.986549],[-85.967405,39.985532],[-85.966581,39.985538],[-85.966547,39.986549]],[[-85.966906,39.962057],[-85.965839,39.962058],[-85.96583,39.95735],[-85.961104,39.957415],[-85.96119,39.967439],[-85.965901,39.967401],[-85.966906,39.962057]],[[-85.965974,39.971371],[-85.965918,39.969617],[-85.961207,39.969662],[-85.961214,39.971745],[-85.965974,39.971371]],[[-85.961199,39.968304],[-85.965904,39.967837],[-85.961195,39.967876],[-85.961199,39.968304]],[[-85.962559,39.982922],[-85.960731,39.982947],[-85.958113,39.986577],[-85.962609,39.986572],[-85.962559,39.982922]],[[-85.960217,39.975599],[-85.956541,39.977362],[-85.956571,39.979477],[-85.95376,39.979509],[-85.952073,39.981978],[-85.958004,39.982971],[-85.95784,39.977595],[-85.960162,39.977478],[-85.960217,39.975599]],[[-85.958936,39.980512],[-85.958535,39.979317],[-85.958544,39.980513],[-85.958936,39.980512]],[[-85.958515,39.955818],[-85.957003,39.955891],[-85.957008,39.957462],[-85.958519,39.957446],[-85.958515,39.955818]],[[-85.956524,39.975682],[-85.953872,39.975716],[-85.953921,39.978341],[-85.95653,39.97709],[-85.956524,39.975682]],[[-85.956489,39.97204],[-85.954877,39.972061],[-85.954903,39.973922],[-85.956504,39.973906],[-85.956489,39.97204]],[[-85.950841,39.979394],[-85.948948,39.978614],[-85.948939,39.979417],[-85.950841,39.979394]],[[-85.949316,39.972991],[-85.950761,39.972102],[-85.949303,39.972116],[-85.949316,39.972991]],[[-85.948503,39.979422],[-85.942398,39.979492],[-85.942577,39.983783],[-85.948503,39.98094],[-85.948503,39.979422]],[[-85.941272,39.963845],[-85.942274,39.963466],[-85.941272,39.963466],[-85.941272,39.963845]],[[-85.942233,39.972274],[-85.937592,39.972313],[-85.937659,39.977284],[-85.942223,39.977237],[-85.942233,39.972274]],[[-85.935179,39.958746],[-85.934591,39.95777],[-85.934615,39.958743],[-85.935179,39.958746]],[[-85.933394,39.958357],[-85.932357,39.957782],[-85.932353,39.958247],[-85.933394,39.958357]],[[-85.930251,39.957792],[-85.923432,39.957847],[-85.922408,39.961304],[-85.928062,39.961299],[-85.928103,39.958281],[-85.930251,39.957792]],[[-85.928334,39.981338],[-85.929795,39.979852],[-85.928326,39.979858],[-85.928334,39.981338]],[[-85.928289,39.975495],[-85.925376,39.975535],[-85.925241,39.972641],[-85.918929,39.972613],[-85.919133,39.9761],[-85.928289,39.975495]],[[-85.928103,39.969171],[-85.926863,39.968799],[-85.926866,39.968987],[-85.928103,39.969171]],[[-85.925238,39.972487],[-85.926339,39.971838],[-85.92524,39.971841],[-85.925238,39.972487]],[[-85.919755,39.971471],[-85.918917,39.971024],[-85.918922,39.971815],[-85.919755,39.971471]],[[-85.913998,39.959661],[-85.916146,39.957798],[-85.913973,39.957828],[-85.913998,39.959661]],[[-85.909286,39.960082],[-85.910445,39.959516],[-85.909281,39.959524],[-85.909286,39.960082]],[[-85.895029,39.970651],[-85.88974,39.970894],[-85.889125,39.973012],[-85.894616,39.973678],[-85.893587,39.973092],[-85.895029,39.97278],[-85.895029,39.970651]],[[-85.886,39.939628],[-85.885627,39.939308],[-85.88563,39.939632],[-85.886,39.939628]],[[-85.883996,39.980175],[-85.881096,39.98022],[-85.879869,39.981609],[-85.882991,39.981849],[-85.883996,39.980175]],[[-85.88221,39.976344],[-85.881066,39.976363],[-85.881083,39.97846],[-85.882152,39.978441],[-85.88221,39.976344]],[[-85.881041,39.97286],[-85.873016,39.972915],[-85.873331,39.96927],[-85.871573,39.969287],[-85.871658,39.973707],[-85.881041,39.97286]],[[-85.879901,39.970774],[-85.880883,39.96922],[-85.879887,39.969234],[-85.879901,39.970774]],[[-85.870933,39.972936],[-85.870572,39.972129],[-85.870572,39.972941],[-85.870933,39.972936]],[[-85.867713,39.987612],[-85.867023,39.986658],[-85.865156,39.987629],[-85.867713,39.987612]]]}},{"type":"Feature","properties":{"NAME":"Wheatfield","state_abbr":"IN","state_name":"Indiana","ALAND":1530133},"geometry":{"type":"Polygon","coordinates":[[[-87.063736,41.190613],[-87.062147,41.194606],[-87.058753,41.194644],[-87.058696,41.196482],[-87.045159,41.196402],[-87.045243,41.187077],[-87.050066,41.187157],[-87.050079,41.183437],[-87.05487,41.183457],[-87.054896,41.187206],[-87.059662,41.187249],[-87.05967,41.190234],[-87.063736,41.190613]]]}},{"type":"Feature","properties":{"NAME":"Aberdeen","state_abbr":"IN","state_name":"Indiana","ALAND":3256693},"geometry":{"type":"Polygon","coordinates":[[[-87.128721,41.434606],[-87.128631,41.449091],[-87.114175,41.449113],[-87.114196,41.451214],[-87.107661,41.44815],[-87.102151,41.441029],[-87.10451,41.439809],[-87.10458,41.434634],[-87.128721,41.434606]]]}},{"type":"Feature","properties":{"NAME":"Andersonville","state_abbr":"IN","state_name":"Indiana","ALAND":959951},"geometry":{"type":"Polygon","coordinates":[[[-85.293536,39.496815],[-85.293081,39.500586],[-85.291394,39.500038],[-85.291429,39.503975],[-85.279694,39.505117],[-85.279575,39.496182],[-85.286783,39.497528],[-85.288886,39.495543],[-85.293536,39.496815]]]}},{"type":"Feature","properties":{"NAME":"Avoca","state_abbr":"IN","state_name":"Indiana","ALAND":5426575},"geometry":{"type":"Polygon","coordinates":[[[-86.567612,38.925764],[-86.558239,38.92591],[-86.558181,38.933212],[-86.553506,38.933284],[-86.553536,38.934769],[-86.548741,38.935953],[-86.546674,38.929898],[-86.546238,38.911793],[-86.543774,38.908186],[-86.53741,38.904477],[-86.567391,38.904446],[-86.567612,38.925764]]]}},{"type":"Feature","properties":{"NAME":"Bass Lake","state_abbr":"IN","state_name":"Indiana","ALAND":22569638},"geometry":{"type":"Polygon","coordinates":[[[-86.621197,41.215463],[-86.62116,41.229792],[-86.601524,41.230245],[-86.601551,41.24469],[-86.591903,41.244682],[-86.591786,41.248319],[-86.582166,41.248284],[-86.582199,41.273546],[-86.562922,41.273502],[-86.562942,41.258998],[-86.5533,41.258982],[-86.55337,41.229743],[-86.563018,41.229765],[-86.563698,41.221199],[-86.567997,41.2194],[-86.568085,41.215449],[-86.574206,41.215403],[-86.574328,41.208232],[-86.582534,41.207912],[-86.582738,41.186522],[-86.602022,41.186463],[-86.602797,41.202417],[-86.618861,41.210658],[-86.621197,41.215463]]]}},{"type":"Feature","properties":{"NAME":"Bowling Green","state_abbr":"IN","state_name":"Indiana","ALAND":1286491},"geometry":{"type":"Polygon","coordinates":[[[-87.020879,39.384499],[-87.019864,39.386487],[-87.008555,39.385915],[-87.007573,39.378601],[-87.002874,39.378599],[-87.002911,39.375051],[-87.007659,39.375047],[-87.007666,39.372281],[-87.012122,39.372275],[-87.012154,39.376518],[-87.016543,39.37651],[-87.016409,39.383047],[-87.020879,39.384499]]]}},{"type":"Feature","properties":{"NAME":"Abington","state_abbr":"IN","state_name":"Indiana","ALAND":882820},"geometry":{"type":"Polygon","coordinates":[[[-84.971916,39.732981],[-84.970377,39.737108],[-84.963601,39.735732],[-84.960316,39.737556],[-84.958693,39.735484],[-84.96182,39.726782],[-84.969515,39.726802],[-84.968126,39.732601],[-84.971916,39.732981]]]}},{"type":"Feature","properties":{"NAME":"Adams","state_abbr":"IN","state_name":"Indiana","ALAND":450939},"geometry":{"type":"Polygon","coordinates":[[[-85.566138,39.380004],[-85.564185,39.385821],[-85.559917,39.386906],[-85.559891,39.384027],[-85.555078,39.383714],[-85.555056,39.381549],[-85.559899,39.381557],[-85.559869,39.37985],[-85.563701,39.378175],[-85.562826,39.377351],[-85.564613,39.377471],[-85.564595,39.379942],[-85.566138,39.380004]]]}},{"type":"Feature","properties":{"NAME":"Adams Lake","state_abbr":"IN","state_name":"Indiana","ALAND":1071124},"geometry":{"type":"Polygon","coordinates":[[[-85.342499,41.54797],[-85.342508,41.555241],[-85.33771,41.555302],[-85.337694,41.557113],[-85.329673,41.560237],[-85.322464,41.560922],[-85.317677,41.555382],[-85.319606,41.551398],[-85.32451,41.550826],[-85.324478,41.548021],[-85.331548,41.547818],[-85.331546,41.546643],[-85.333151,41.546657],[-85.333159,41.547983],[-85.342499,41.54797]]]}},{"type":"Feature","properties":{"NAME":"Alford","state_abbr":"IN","state_name":"Indiana","ALAND":776169},"geometry":{"type":"Polygon","coordinates":[[[-87.250288,38.495061],[-87.239093,38.496029],[-87.239948,38.487655],[-87.24931,38.487687],[-87.250288,38.495061]]]}},{"type":"Feature","properties":{"NAME":"Americus","state_abbr":"IN","state_name":"Indiana","ALAND":602707},"geometry":{"type":"Polygon","coordinates":[[[-86.768101,40.525975],[-86.75514,40.530943],[-86.752787,40.531271],[-86.752755,40.525978],[-86.755267,40.52585],[-86.757809,40.523055],[-86.758847,40.524596],[-86.764007,40.521999],[-86.768101,40.525975]]]}},{"type":"Feature","properties":{"NAME":"Amity","state_abbr":"IN","state_name":"Indiana","ALAND":1698726},"geometry":{"type":"Polygon","coordinates":[[[-86.012959,39.434986],[-85.996842,39.434842],[-85.999542,39.430793],[-85.999552,39.426395],[-86.001,39.42626],[-85.995109,39.416232],[-86.000461,39.415946],[-86.00043,39.41908],[-86.004824,39.418852],[-86.006067,39.422686],[-86.010156,39.424052],[-86.011134,39.428453],[-86.00988,39.431788],[-86.012959,39.434986]]]}},{"type":"Feature","properties":{"NAME":"Anoka","state_abbr":"IN","state_name":"Indiana","ALAND":607580},"geometry":{"type":"Polygon","coordinates":[[[-86.292431,40.7293],[-86.274744,40.7225],[-86.278835,40.720911],[-86.27642,40.718385],[-86.278775,40.718395],[-86.278807,40.716144],[-86.282522,40.722099],[-86.28857,40.722083],[-86.288613,40.726541],[-86.292291,40.726938],[-86.292431,40.7293]]]}},{"type":"Feature","properties":{"NAME":"Antioch","state_abbr":"IN","state_name":"Indiana","ALAND":908360},"geometry":{"type":"Polygon","coordinates":[[[-86.512269,40.235321],[-86.505918,40.235277],[-86.505892,40.230093],[-86.501032,40.230053],[-86.50088,40.219836],[-86.506361,40.216996],[-86.505817,40.222486],[-86.507174,40.222538],[-86.507166,40.224091],[-86.505831,40.224073],[-86.505883,40.227319],[-86.510529,40.22803],[-86.512269,40.235321]]]}},{"type":"Feature","properties":{"NAME":"Arcola","state_abbr":"IN","state_name":"Indiana","ALAND":947460},"geometry":{"type":"Polygon","coordinates":[[[-85.299828,41.103802],[-85.294364,41.104844],[-85.294393,41.108904],[-85.297579,41.111033],[-85.294407,41.109752],[-85.294405,41.111066],[-85.284788,41.111041],[-85.283974,41.103726],[-85.285141,41.102776],[-85.291338,41.103392],[-85.291091,41.101995],[-85.299244,41.101154],[-85.299828,41.103802]]]}},{"type":"Feature","properties":{"NAME":"Ardmore","state_abbr":"IN","state_name":"Indiana","ALAND":3918699},"geometry":{"type":"Polygon","coordinates":[[[-86.340861,41.68752],[-86.340484,41.694948],[-86.336854,41.693517],[-86.336916,41.695301],[-86.331913,41.695381],[-86.332232,41.700803],[-86.339712,41.700825],[-86.339197,41.703251],[-86.336254,41.705086],[-86.32216,41.700033],[-86.322485,41.697124],[-86.317715,41.697188],[-86.317721,41.698378],[-86.30788,41.695449],[-86.310351,41.693572],[-86.310293,41.689917],[-86.307834,41.689948],[-86.3078,41.683184],[-86.340861,41.68752]]]}},{"type":"Feature","properties":{"NAME":"Arlington","state_abbr":"IN","state_name":"Indiana","ALAND":2054958},"geometry":{"type":"Polygon","coordinates":[[[-85.594951,39.647534],[-85.585545,39.645666],[-85.585567,39.647653],[-85.57838,39.647745],[-85.578407,39.649712],[-85.576249,39.64974],[-85.576216,39.647345],[-85.570211,39.647402],[-85.570367,39.643514],[-85.568825,39.641592],[-85.570112,39.639746],[-85.56769,39.639124],[-85.567664,39.633096],[-85.580648,39.633005],[-85.581043,39.642586],[-85.594942,39.646216],[-85.594951,39.647534]]]}},{"type":"Feature","properties":{"NAME":"Arthur","state_abbr":"IN","state_name":"Indiana","ALAND":1799755},"geometry":{"type":"Polygon","coordinates":[[[-87.262238,38.340946],[-87.259673,38.341336],[-87.25966,38.344537],[-87.249237,38.344953],[-87.247409,38.3437],[-87.243772,38.352219],[-87.240098,38.352133],[-87.241359,38.333751],[-87.255917,38.337695],[-87.255915,38.339134],[-87.262238,38.340946]],[[-87.241659,38.351293],[-87.241467,38.351087],[-87.241332,38.351283],[-87.241659,38.351293]],[[-87.2407,38.351582],[-87.240717,38.351437],[-87.240639,38.351547],[-87.2407,38.351582]]]}},{"type":"Feature","properties":{"NAME":"Bear Lake","state_abbr":"IN","state_name":"Indiana","ALAND":526326},"geometry":{"type":"Polygon","coordinates":[[[-85.522474,41.328295],[-85.50931,41.32678],[-85.508814,41.31852],[-85.521999,41.323996],[-85.522474,41.328295]]]}},{"type":"Feature","properties":{"NAME":"Azalia","state_abbr":"IN","state_name":"Indiana","ALAND":320401},"geometry":{"type":"Polygon","coordinates":[[[-85.849892,39.092512],[-85.84752,39.09251],[-85.847461,39.094891],[-85.84622,39.094907],[-85.845192,39.092548],[-85.842834,39.096241],[-85.840564,39.096263],[-85.840487,39.092185],[-85.844062,39.091208],[-85.844,39.088952],[-85.848748,39.089833],[-85.849892,39.092512]]]}},{"type":"Feature","properties":{"NAME":"Barbee","state_abbr":"IN","state_name":"Indiana","ALAND":2778486},"geometry":{"type":"Polygon","coordinates":[[[-85.738509,41.293259],[-85.727362,41.294619],[-85.720483,41.301082],[-85.705197,41.301368],[-85.704638,41.292326],[-85.70181,41.288725],[-85.698609,41.288405],[-85.698595,41.286731],[-85.705474,41.28672],[-85.71156,41.283512],[-85.719056,41.283765],[-85.718878,41.28644],[-85.73795,41.286113],[-85.738509,41.293259]]]}},{"type":"Feature","properties":{"NAME":"Beaver Dam","state_abbr":"IN","state_name":"Indiana","ALAND":1062409},"geometry":{"type":"Polygon","coordinates":[[[-85.984498,41.093731],[-85.98451,41.097145],[-85.98237,41.097137],[-85.982384,41.100596],[-85.970147,41.100685],[-85.970152,41.096083],[-85.966734,41.089626],[-85.970105,41.090147],[-85.970022,41.086224],[-85.980618,41.086188],[-85.979478,41.089484],[-85.9806,41.092633],[-85.984498,41.093731]]]}},{"type":"Feature","properties":{"NAME":"Belleville","state_abbr":"IN","state_name":"Indiana","ALAND":2884378},"geometry":{"type":"Polygon","coordinates":[[[-86.499287,39.681189],[-86.479905,39.681016],[-86.480505,39.675815],[-86.482568,39.675024],[-86.471142,39.673423],[-86.47103,39.663532],[-86.47577,39.663643],[-86.475788,39.66628],[-86.480942,39.666839],[-86.489727,39.664954],[-86.489853,39.672581],[-86.499246,39.672804],[-86.499287,39.681189]]]}},{"type":"Feature","properties":{"NAME":"Bennetts Switch","state_abbr":"IN","state_name":"Indiana","ALAND":1041081},"geometry":{"type":"Polygon","coordinates":[[[-86.118191,40.588564],[-86.114553,40.588605],[-86.114063,40.590508],[-86.108503,40.590566],[-86.108526,40.592365],[-86.102599,40.592383],[-86.102594,40.585051],[-86.108463,40.585037],[-86.108468,40.581511],[-86.11812,40.584067],[-86.118191,40.588564]]]}},{"type":"Feature","properties":{"NAME":"Benton","state_abbr":"IN","state_name":"Indiana","ALAND":2471067},"geometry":{"type":"Polygon","coordinates":[[[-85.783332,41.508938],[-85.775888,41.509693],[-85.77493,41.515285],[-85.770079,41.515356],[-85.770134,41.517524],[-85.752019,41.516724],[-85.752655,41.507822],[-85.759053,41.508209],[-85.761309,41.505335],[-85.76472,41.505032],[-85.767624,41.500706],[-85.771938,41.500769],[-85.773329,41.503449],[-85.772103,41.503701],[-85.772174,41.508085],[-85.783331,41.50789],[-85.783332,41.508938]]]}},{"type":"Feature","properties":{"NAME":"Bethel Village","state_abbr":"IN","state_name":"Indiana","ALAND":341246},"geometry":{"type":"Polygon","coordinates":[[[-85.929906,39.153765],[-85.924748,39.152606],[-85.921516,39.153645],[-85.918948,39.149965],[-85.929886,39.149418],[-85.929906,39.153765]]]}},{"type":"Feature","properties":{"NAME":"Big Lake","state_abbr":"IN","state_name":"Indiana","ALAND":1498547},"geometry":{"type":"Polygon","coordinates":[[[-85.508627,41.275933],[-85.505886,41.277104],[-85.508309,41.277616],[-85.508132,41.280416],[-85.504942,41.280687],[-85.504968,41.28442],[-85.500776,41.284694],[-85.49293,41.277245],[-85.489996,41.271219],[-85.491048,41.265504],[-85.502312,41.265585],[-85.508627,41.275933]]]}},{"type":"Feature","properties":{"NAME":"Billtown","state_abbr":"IN","state_name":"Indiana","ALAND":1100475},"geometry":{"type":"Polygon","coordinates":[[[-87.198603,39.509091],[-87.196584,39.51293],[-87.177092,39.512854],[-87.177065,39.509088],[-87.184515,39.506078],[-87.196306,39.507994],[-87.198603,39.509091]]]}},{"type":"Feature","properties":{"NAME":"Bippus","state_abbr":"IN","state_name":"Indiana","ALAND":536645},"geometry":{"type":"Polygon","coordinates":[[[-85.630917,40.944088],[-85.627659,40.944109],[-85.62769,40.94624],[-85.623693,40.946296],[-85.623735,40.94815],[-85.6214,40.94815],[-85.620261,40.945762],[-85.61767,40.945761],[-85.617704,40.947814],[-85.616496,40.947827],[-85.615998,40.94566],[-85.615995,40.943033],[-85.617867,40.944247],[-85.62101,40.943225],[-85.621069,40.941778],[-85.628479,40.941616],[-85.62849,40.940447],[-85.630829,40.940411],[-85.630917,40.944088]]]}},{"type":"Feature","properties":{"NAME":"Blairsville","state_abbr":"IN","state_name":"Indiana","ALAND":3227457},"geometry":{"type":"Polygon","coordinates":[[[-87.780543,38.072911],[-87.767257,38.085535],[-87.766408,38.088935],[-87.752736,38.08894],[-87.752843,38.07593],[-87.755302,38.071151],[-87.780543,38.072911]]]}},{"type":"Feature","properties":{"NAME":"Blanford","state_abbr":"IN","state_name":"Indiana","ALAND":1099065},"geometry":{"type":"Polygon","coordinates":[[[-87.526167,39.673851],[-87.518831,39.67417],[-87.518409,39.672386],[-87.515978,39.672386],[-87.515898,39.667669],[-87.509117,39.665113],[-87.520524,39.665121],[-87.520545,39.662214],[-87.526045,39.662154],[-87.526167,39.673851]]]}},{"type":"Feature","properties":{"NAME":"Blocher","state_abbr":"IN","state_name":"Indiana","ALAND":1851693},"geometry":{"type":"Polygon","coordinates":[[[-85.664599,38.724843],[-85.662424,38.724853],[-85.662436,38.726243],[-85.645986,38.726094],[-85.645982,38.717964],[-85.647879,38.717964],[-85.647828,38.715678],[-85.650437,38.713442],[-85.6504,38.715248],[-85.664403,38.715413],[-85.664599,38.724843]]]}},{"type":"Feature","properties":{"NAME":"Blooming Grove","state_abbr":"IN","state_name":"Indiana","ALAND":2537333},"geometry":{"type":"Polygon","coordinates":[[[-85.080313,39.512267],[-85.077833,39.5152],[-85.07374,39.514569],[-85.073746,39.519161],[-85.064376,39.519098],[-85.064532,39.504817],[-85.063329,39.502437],[-85.064552,39.501669],[-85.064559,39.497495],[-85.07387,39.497569],[-85.073841,39.501619],[-85.078544,39.503425],[-85.078439,39.511997],[-85.080313,39.512267]]]}},{"type":"Feature","properties":{"NAME":"Blue Ridge","state_abbr":"IN","state_name":"Indiana","ALAND":1131568},"geometry":{"type":"Polygon","coordinates":[[[-85.647058,39.523741],[-85.646011,39.525172],[-85.630706,39.525274],[-85.630597,39.517937],[-85.634745,39.517997],[-85.635304,39.515731],[-85.642132,39.515669],[-85.642393,39.519347],[-85.647058,39.523741]]]}},{"type":"Feature","properties":{"NAME":"Boggstown","state_abbr":"IN","state_name":"Indiana","ALAND":919451},"geometry":{"type":"Polygon","coordinates":[[[-85.918663,39.560231],[-85.916509,39.561449],[-85.916365,39.563358],[-85.917732,39.563399],[-85.917515,39.565813],[-85.915957,39.565681],[-85.916971,39.567882],[-85.907919,39.568252],[-85.906778,39.557892],[-85.909491,39.558868],[-85.909422,39.55773],[-85.916169,39.557456],[-85.915956,39.560178],[-85.918663,39.560231]]]}},{"type":"Feature","properties":{"NAME":"Boone Grove","state_abbr":"IN","state_name":"Indiana","ALAND":702082},"geometry":{"type":"Polygon","coordinates":[[[-87.142755,41.358314],[-87.134815,41.355602],[-87.125076,41.357664],[-87.125029,41.354718],[-87.125739,41.352281],[-87.132141,41.354493],[-87.132938,41.351053],[-87.140122,41.351017],[-87.140203,41.354674],[-87.142707,41.354656],[-87.142755,41.358314]]]}},{"type":"Feature","properties":{"NAME":"Bright","state_abbr":"IN","state_name":"Indiana","ALAND":32480150},"geometry":{"type":"Polygon","coordinates":[[[-84.892386,39.208115],[-84.889266,39.211252],[-84.887209,39.218828],[-84.88483,39.22002],[-84.884912,39.226068],[-84.881337,39.229787],[-84.889022,39.234204],[-84.891092,39.246776],[-84.890628,39.247999],[-84.8864,39.247986],[-84.880345,39.245384],[-84.878409,39.246913],[-84.878712,39.25333],[-84.881144,39.25835],[-84.877287,39.260576],[-84.874286,39.266923],[-84.870255,39.27047],[-84.857102,39.269272],[-84.8537,39.267636],[-84.854965,39.260012],[-84.853153,39.254577],[-84.860827,39.248451],[-84.860457,39.243306],[-84.862642,39.241103],[-84.866615,39.242639],[-84.865891,39.239729],[-84.859059,39.239032],[-84.853958,39.24179],[-84.845624,39.239666],[-84.836116,39.239587],[-84.831375,39.242551],[-84.826682,39.240242],[-84.826106,39.234318],[-84.82014,39.230776],[-84.820087,39.216028],[-84.852348,39.202428],[-84.859877,39.19716],[-84.876307,39.179827],[-84.876119,39.183463],[-84.88199,39.185802],[-84.882287,39.18846],[-84.889035,39.196711],[-84.886401,39.201631],[-84.888751,39.205655],[-84.892386,39.208115]]]}},{"type":"Feature","properties":{"NAME":"Brimfield","state_abbr":"IN","state_name":"Indiana","ALAND":1575894},"geometry":{"type":"Polygon","coordinates":[[[-85.4143,41.460438],[-85.390169,41.460281],[-85.389913,41.452426],[-85.414221,41.45413],[-85.4143,41.460438]]]}},{"type":"Feature","properties":{"NAME":"Cartersburg","state_abbr":"IN","state_name":"Indiana","ALAND":808774},"geometry":{"type":"Polygon","coordinates":[[[-86.476556,39.702294],[-86.468182,39.703232],[-86.461054,39.699176],[-86.457625,39.700186],[-86.456408,39.695889],[-86.466797,39.695027],[-86.466754,39.698658],[-86.476209,39.698669],[-86.476556,39.702294]]]}},{"type":"Feature","properties":{"NAME":"Clarksburg","state_abbr":"IN","state_name":"Indiana","ALAND":1013485},"geometry":{"type":"Polygon","coordinates":[[[-85.357349,39.43842],[-85.346584,39.43929],[-85.347012,39.438319],[-85.343619,39.438308],[-85.337585,39.433778],[-85.3448,39.433689],[-85.344788,39.432193],[-85.347684,39.430585],[-85.353834,39.43012],[-85.353828,39.433449],[-85.357371,39.433622],[-85.357349,39.43842]]]}},{"type":"Feature","properties":{"NAME":"Cloverland","state_abbr":"IN","state_name":"Indiana","ALAND":1527026},"geometry":{"type":"Polygon","coordinates":[[[-87.239251,39.496676],[-87.239074,39.506532],[-87.219081,39.506257],[-87.219166,39.500317],[-87.239251,39.496676]]]}},{"type":"Feature","properties":{"NAME":"Coalmont","state_abbr":"IN","state_name":"Indiana","ALAND":3886550},"geometry":{"type":"Polygon","coordinates":[[[-87.240699,39.186227],[-87.240654,39.20024],[-87.21229,39.199993],[-87.212508,39.185666],[-87.240699,39.186227]]]}},{"type":"Feature","properties":{"NAME":"Cordry Sweetwater Lakes","state_abbr":"IN","state_name":"Indiana","ALAND":6905943},"geometry":{"type":"Polygon","coordinates":[[[-86.145154,39.314043],[-86.142055,39.320228],[-86.112568,39.320624],[-86.108128,39.319268],[-86.103725,39.32116],[-86.103173,39.299131],[-86.118994,39.29882],[-86.120903,39.290914],[-86.131491,39.290521],[-86.130482,39.293032],[-86.132552,39.294929],[-86.134391,39.302475],[-86.138741,39.303265],[-86.139296,39.307797],[-86.143272,39.309885],[-86.145154,39.314043]]]}},{"type":"Feature","properties":{"NAME":"Cory","state_abbr":"IN","state_name":"Indiana","ALAND":535053},"geometry":{"type":"Polygon","coordinates":[[[-87.212521,39.382073],[-87.1992,39.383995],[-87.199223,39.377745],[-87.204602,39.377993],[-87.204505,39.379719],[-87.208498,39.380334],[-87.208523,39.381994],[-87.212521,39.382073]]]}},{"type":"Feature","properties":{"NAME":"Country Squire Lakes","state_abbr":"IN","state_name":"Indiana","ALAND":6625410},"geometry":{"type":"Polygon","coordinates":[[[-85.704753,39.042661],[-85.695142,39.042918],[-85.695233,39.050276],[-85.691356,39.050437],[-85.691413,39.052847],[-85.687552,39.052847],[-85.686572,39.054973],[-85.656548,39.029108],[-85.704548,39.028155],[-85.704753,39.042661]]]}},{"type":"Feature","properties":{"NAME":"Cree Lake","state_abbr":"IN","state_name":"Indiana","ALAND":1651102},"geometry":{"type":"Polygon","coordinates":[[[-85.28943,41.51176],[-85.279824,41.511777],[-85.279892,41.514776],[-85.273626,41.515163],[-85.272218,41.511894],[-85.265661,41.510924],[-85.265603,41.501101],[-85.270366,41.501809],[-85.270337,41.499913],[-85.279743,41.499968],[-85.279824,41.509123],[-85.289432,41.509223],[-85.28943,41.51176]]]}},{"type":"Feature","properties":{"NAME":"Dunlap","state_abbr":"IN","state_name":"Indiana","ALAND":12710307},"geometry":{"type":"Polygon","coordinates":[[[-85.945617,41.637327],[-85.940797,41.638101],[-85.940738,41.64833],[-85.937905,41.646771],[-85.935623,41.640408],[-85.928573,41.637962],[-85.92153,41.637732],[-85.923298,41.639245],[-85.924642,41.638482],[-85.939663,41.651588],[-85.941093,41.655734],[-85.939729,41.658151],[-85.941221,41.659484],[-85.916328,41.659516],[-85.916817,41.656839],[-85.92059,41.655238],[-85.91423,41.653094],[-85.913819,41.651191],[-85.916122,41.650439],[-85.914521,41.649256],[-85.909172,41.648793],[-85.913086,41.645475],[-85.911862,41.644148],[-85.907746,41.644256],[-85.907677,41.639924],[-85.909433,41.638548],[-85.904296,41.638394],[-85.905238,41.635398],[-85.902044,41.633339],[-85.901009,41.628702],[-85.901489,41.623794],[-85.911672,41.629834],[-85.911725,41.627209],[-85.91584,41.6272],[-85.91589,41.622714],[-85.906793,41.622654],[-85.906776,41.620971],[-85.901971,41.620847],[-85.901943,41.61968],[-85.90676,41.619569],[-85.906593,41.608765],[-85.925826,41.608749],[-85.926154,41.623275],[-85.945444,41.623244],[-85.945617,41.637327]]]}},{"type":"Feature","properties":{"NAME":"Glezen","state_abbr":"IN","state_name":"Indiana","ALAND":2267260},"geometry":{"type":"Polygon","coordinates":[[[-87.315192,38.410279],[-87.315107,38.421965],[-87.306827,38.42817],[-87.304479,38.42466],[-87.302094,38.424209],[-87.299013,38.419067],[-87.297871,38.411078],[-87.315192,38.410279]],[[-87.311964,38.412673],[-87.311934,38.412561],[-87.311838,38.412645],[-87.311964,38.412673]]]}},{"type":"Feature","properties":{"NAME":"Grammer","state_abbr":"IN","state_name":"Indiana","ALAND":647571},"geometry":{"type":"Polygon","coordinates":[[[-85.731691,39.152408],[-85.729333,39.152477],[-85.729368,39.155387],[-85.727507,39.156762],[-85.71991,39.155977],[-85.719868,39.152334],[-85.723489,39.152289],[-85.724531,39.14806],[-85.731664,39.148771],[-85.731691,39.152408]]]}},{"type":"Feature","properties":{"NAME":"Granger","state_abbr":"IN","state_name":"Indiana","ALAND":63721558},"geometry":{"type":"MultiPolygon","coordinates":[[[[-86.160935,41.709937],[-86.161184,41.7105],[-86.160115,41.710498],[-86.160935,41.709937]]],[[[-86.166389,41.709586],[-86.166067,41.710213],[-86.166063,41.709589],[-86.166389,41.709586]]],[[[-86.166508,41.71532],[-86.163345,41.715343],[-86.163382,41.717205],[-86.160978,41.718505],[-86.160945,41.71686],[-86.158595,41.716878],[-86.158519,41.713278],[-86.16322,41.713255],[-86.163339,41.715073],[-86.166508,41.71532]]],[[[-86.168205,41.71326],[-86.16322,41.713255],[-86.161447,41.710604],[-86.167155,41.712802],[-86.16711,41.70958],[-86.168234,41.709578],[-86.168205,41.71326]]],[[[-86.169542,41.722979],[-86.168405,41.724098],[-86.168359,41.722985],[-86.169542,41.722979]]],[[[-86.173232,41.720401],[-86.17565,41.721852],[-86.173236,41.722188],[-86.173232,41.720401]]],[[[-86.217541,41.76043],[-86.062575,41.760513],[-86.062004,41.70993],[-86.14995,41.709715],[-86.148805,41.713371],[-86.144402,41.713395],[-86.140122,41.719237],[-86.140687,41.7207],[-86.155074,41.72093],[-86.157713,41.719391],[-86.158362,41.721533],[-86.148996,41.727128],[-86.148967,41.7243],[-86.144124,41.724308],[-86.1442,41.727935],[-86.142274,41.727944],[-86.1506,41.735524],[-86.153332,41.735974],[-86.153908,41.728539],[-86.158737,41.728496],[-86.159907,41.726952],[-86.159875,41.725406],[-86.155515,41.724249],[-86.16344,41.719741],[-86.162965,41.722196],[-86.159358,41.724211],[-86.160632,41.725257],[-86.168405,41.724098],[-86.168435,41.725882],[-86.173266,41.725812],[-86.173375,41.730596],[-86.178252,41.731398],[-86.178239,41.73035],[-86.18309,41.730286],[-86.182995,41.724915],[-86.187853,41.725086],[-86.188886,41.727963],[-86.191612,41.721424],[-86.196278,41.720169],[-86.19419,41.718762],[-86.197452,41.718801],[-86.196424,41.716212],[-86.216897,41.716121],[-86.217541,41.76043]]]]}},{"type":"Feature","properties":{"NAME":"Grayford","state_abbr":"IN","state_name":"Indiana","ALAND":519628},"geometry":{"type":"Polygon","coordinates":[[[-85.584799,38.962986],[-85.583342,38.963021],[-85.5834,38.96686],[-85.575208,38.966842],[-85.570625,38.957896],[-85.573892,38.957877],[-85.575453,38.96231],[-85.583331,38.962217],[-85.583293,38.96035],[-85.584799,38.962986]]]}},{"type":"Feature","properties":{"NAME":"Hamburg","state_abbr":"IN","state_name":"Indiana","ALAND":500926},"geometry":{"type":"Polygon","coordinates":[[[-85.256469,39.380727],[-85.253032,39.380737],[-85.253052,39.382845],[-85.256046,39.38337],[-85.255856,39.384822],[-85.246079,39.384356],[-85.247457,39.383789],[-85.247279,39.380966],[-85.24975,39.380761],[-85.249724,39.377377],[-85.256668,39.377439],[-85.256469,39.380727]]]}},{"type":"Feature","properties":{"NAME":"Harlan","state_abbr":"IN","state_name":"Indiana","ALAND":9013434},"geometry":{"type":"Polygon","coordinates":[[[-84.941802,41.210072],[-84.903437,41.210692],[-84.902658,41.188964],[-84.916962,41.188711],[-84.916736,41.18285],[-84.937466,41.182356],[-84.941045,41.188161],[-84.941802,41.210072]]]}},{"type":"Feature","properties":{"NAME":"Heritage Lake","state_abbr":"IN","state_name":"Indiana","ALAND":7802144},"geometry":{"type":"Polygon","coordinates":[[[-86.733997,39.717056],[-86.729573,39.716118],[-86.729962,39.724495],[-86.725811,39.730543],[-86.726735,39.732094],[-86.724661,39.73238],[-86.7246,39.73502],[-86.720149,39.735184],[-86.71992,39.739184],[-86.712749,39.739098],[-86.712734,39.742662],[-86.710451,39.742676],[-86.710378,39.750109],[-86.702073,39.749891],[-86.70152,39.753164],[-86.696182,39.753106],[-86.696255,39.742547],[-86.69843,39.742426],[-86.698611,39.738933],[-86.696279,39.738925],[-86.696283,39.72441],[-86.700989,39.724452],[-86.700952,39.713543],[-86.705756,39.713579],[-86.705711,39.717153],[-86.71512,39.717251],[-86.715208,39.710033],[-86.733959,39.710087],[-86.733997,39.717056]]]}},{"type":"Feature","properties":{"NAME":"Hessen Cassel","state_abbr":"IN","state_name":"Indiana","ALAND":2902922},"geometry":{"type":"Polygon","coordinates":[[[-85.086064,40.982373],[-85.070864,40.987482],[-85.070727,40.983124],[-85.062359,40.983214],[-85.061693,40.968726],[-85.077891,40.968581],[-85.086064,40.982373]]]}},{"type":"Feature","properties":{"NAME":"Hidden Valley","state_abbr":"IN","state_name":"Indiana","ALAND":10984151},"geometry":{"type":"Polygon","coordinates":[[[-84.861029,39.176486],[-84.859194,39.182875],[-84.853669,39.18566],[-84.851854,39.191561],[-84.842138,39.194104],[-84.840253,39.192437],[-84.8409,39.187706],[-84.837629,39.180704],[-84.829381,39.173762],[-84.828587,39.167084],[-84.820837,39.157944],[-84.832488,39.154353],[-84.832425,39.147104],[-84.858274,39.147164],[-84.855247,39.152503],[-84.860395,39.157389],[-84.861029,39.176486]]]}},{"type":"Feature","properties":{"NAME":"Homer","state_abbr":"IN","state_name":"Indiana","ALAND":606881},"geometry":{"type":"Polygon","coordinates":[[[-85.585066,39.576647],[-85.579201,39.57746],[-85.58089,39.582537],[-85.579684,39.583026],[-85.572437,39.580034],[-85.568298,39.581533],[-85.568166,39.58008],[-85.574723,39.57784],[-85.572721,39.574921],[-85.578568,39.576631],[-85.579468,39.574555],[-85.583622,39.574074],[-85.585066,39.576647]]]}},{"type":"Feature","properties":{"NAME":"Jalapa","state_abbr":"IN","state_name":"Indiana","ALAND":1482183},"geometry":{"type":"Polygon","coordinates":[[[-85.751875,40.632923],[-85.74807,40.629994],[-85.739559,40.629693],[-85.733374,40.627417],[-85.732325,40.620023],[-85.733845,40.618257],[-85.74187,40.618099],[-85.741985,40.621776],[-85.746808,40.62168],[-85.746929,40.626118],[-85.751779,40.626062],[-85.751875,40.632923]]]}},{"type":"Feature","properties":{"NAME":"Koontz Lake","state_abbr":"IN","state_name":"Indiana","ALAND":9128312},"geometry":{"type":"Polygon","coordinates":[[[-86.50519,41.41522],[-86.50269,41.421955],[-86.495548,41.42202],[-86.495603,41.43289],[-86.466603,41.432968],[-86.466488,41.417264],[-86.464964,41.417284],[-86.465099,41.414835],[-86.45765,41.414904],[-86.456744,41.411292],[-86.454014,41.411331],[-86.454035,41.406585],[-86.457372,41.40655],[-86.457166,41.404453],[-86.458856,41.405251],[-86.45886,41.404002],[-86.505118,41.403936],[-86.50519,41.41522]]]}},{"type":"Feature","properties":{"NAME":"Lake Cicott","state_abbr":"IN","state_name":"Indiana","ALAND":1077594},"geometry":{"type":"Polygon","coordinates":[[[-86.543422,40.768288],[-86.533727,40.768833],[-86.528464,40.767076],[-86.528482,40.768232],[-86.520001,40.768637],[-86.520015,40.761351],[-86.524067,40.760728],[-86.524064,40.76239],[-86.52651,40.763181],[-86.533686,40.761238],[-86.535443,40.762753],[-86.543398,40.763057],[-86.543422,40.768288]]]}},{"type":"Feature","properties":{"NAME":"Lake Everett","state_abbr":"IN","state_name":"Indiana","ALAND":1486254},"geometry":{"type":"Polygon","coordinates":[[[-85.323198,41.150957],[-85.323255,41.158199],[-85.316019,41.158364],[-85.316041,41.161999],[-85.308758,41.162174],[-85.308856,41.147515],[-85.320544,41.147418],[-85.323198,41.150957]]]}},{"type":"Feature","properties":{"NAME":"Lake Holiday","state_abbr":"IN","state_name":"Indiana","ALAND":6706817},"geometry":{"type":"Polygon","coordinates":[[[-86.978121,39.952463],[-86.978099,39.974069],[-86.957518,39.974207],[-86.954618,39.978199],[-86.949728,39.974716],[-86.945202,39.975217],[-86.944156,39.972219],[-86.940314,39.972102],[-86.938345,39.968211],[-86.951703,39.9524],[-86.978121,39.952463]]]}},{"type":"Feature","properties":{"NAME":"Lake Santee","state_abbr":"IN","state_name":"Indiana","ALAND":6379952},"geometry":{"type":"Polygon","coordinates":[[[-85.320121,39.396501],[-85.319821,39.423044],[-85.310154,39.424222],[-85.297161,39.420229],[-85.296802,39.408269],[-85.293905,39.410832],[-85.289677,39.410974],[-85.292267,39.404938],[-85.2915,39.392529],[-85.305925,39.392801],[-85.306404,39.394257],[-85.310621,39.39432],[-85.310709,39.396457],[-85.320121,39.396501]]]}},{"type":"Feature","properties":{"NAME":"Lakeshore Resort","state_abbr":"IN","state_name":"Indiana","ALAND":979944},"geometry":{"type":"Polygon","coordinates":[[[-85.028902,39.512459],[-85.02875,39.517861],[-85.024312,39.517814],[-85.023866,39.519981],[-85.022767,39.519946],[-85.022789,39.517406],[-85.013256,39.517364],[-85.013484,39.508068],[-85.015099,39.508642],[-85.015261,39.511231],[-85.028902,39.512459]]]}},{"type":"Feature","properties":{"NAME":"Laketon","state_abbr":"IN","state_name":"Indiana","ALAND":2730076},"geometry":{"type":"Polygon","coordinates":[[[-85.84897,40.972495],[-85.847399,40.974966],[-85.847978,40.989413],[-85.833782,40.993495],[-85.833264,40.982415],[-85.827143,40.979962],[-85.830011,40.974835],[-85.835157,40.971935],[-85.835409,40.968609],[-85.842401,40.969421],[-85.842445,40.971298],[-85.845308,40.970664],[-85.84897,40.972495]]]}},{"type":"Feature","properties":{"NAME":"Lake View","state_abbr":"IN","state_name":"Indiana","ALAND":1801613},"geometry":{"type":"Polygon","coordinates":[[[-85.261348,39.49456],[-85.253304,39.494754],[-85.253683,39.49083],[-85.250012,39.48802],[-85.250113,39.490294],[-85.244829,39.48886],[-85.241325,39.490981],[-85.24129,39.478567],[-85.245628,39.474644],[-85.249192,39.476491],[-85.249385,39.478858],[-85.258411,39.488146],[-85.258297,39.490426],[-85.261348,39.49456]]]}},{"type":"Feature","properties":{"NAME":"Laotto","state_abbr":"IN","state_name":"Indiana","ALAND":1223587},"geometry":{"type":"Polygon","coordinates":[[[-85.207602,41.285797],[-85.204874,41.287163],[-85.205072,41.296443],[-85.192992,41.296723],[-85.192695,41.285947],[-85.207602,41.285797]]]}},{"type":"Feature","properties":{"NAME":"Lincoln","state_abbr":"IN","state_name":"Indiana","ALAND":386693},"geometry":{"type":"Polygon","coordinates":[[[-86.214457,40.620402],[-86.208135,40.620493],[-86.20719,40.610373],[-86.209879,40.61319],[-86.212667,40.613148],[-86.212335,40.616794],[-86.214457,40.620402]]]}},{"type":"Feature","properties":{"NAME":"Manchester","state_abbr":"IN","state_name":"Indiana","ALAND":3859229},"geometry":{"type":"Polygon","coordinates":[[[-85.02277,39.153314],[-85.022731,39.161058],[-85.011861,39.16107],[-85.009839,39.158276],[-85.005556,39.158525],[-84.996855,39.155458],[-84.992587,39.150001],[-84.99699,39.146994],[-84.995076,39.146477],[-84.995185,39.140603],[-84.993764,39.139294],[-84.99687,39.138308],[-84.99657,39.141022],[-84.999383,39.142861],[-85.003245,39.139282],[-85.00689,39.139272],[-85.008027,39.143434],[-85.013983,39.14594],[-85.014721,39.147945],[-85.02277,39.153314]]]}},{"type":"Feature","properties":{"NAME":"Manilla","state_abbr":"IN","state_name":"Indiana","ALAND":584047},"geometry":{"type":"Polygon","coordinates":[[[-85.626854,39.574739],[-85.617287,39.576684],[-85.617158,39.570566],[-85.626746,39.569307],[-85.626854,39.574739]]]}},{"type":"Feature","properties":{"NAME":"Maples","state_abbr":"IN","state_name":"Indiana","ALAND":559217},"geometry":{"type":"Polygon","coordinates":[[[-84.973558,41.010187],[-84.973524,41.013169],[-84.964543,41.015248],[-84.964486,41.006257],[-84.969747,41.00595],[-84.969569,41.010167],[-84.973558,41.010187]]]}},{"type":"Feature","properties":{"NAME":"Mariah Hill","state_abbr":"IN","state_name":"Indiana","ALAND":2628216},"geometry":{"type":"Polygon","coordinates":[[[-86.942131,38.163007],[-86.941946,38.170113],[-86.931021,38.170106],[-86.9256,38.168105],[-86.923294,38.170007],[-86.913876,38.169933],[-86.912878,38.167043],[-86.913936,38.162553],[-86.918635,38.162613],[-86.918657,38.158861],[-86.926849,38.158973],[-86.928603,38.155748],[-86.931128,38.160984],[-86.932835,38.161324],[-86.932876,38.159008],[-86.937616,38.158976],[-86.937645,38.162734],[-86.942131,38.163007]]]}},{"type":"Feature","properties":{"NAME":"Mays","state_abbr":"IN","state_name":"Indiana","ALAND":402479},"geometry":{"type":"Polygon","coordinates":[[[-85.435984,39.746272],[-85.433933,39.746265],[-85.433937,39.744918],[-85.427517,39.744873],[-85.422624,39.746416],[-85.42379,39.743487],[-85.422457,39.741718],[-85.432217,39.741228],[-85.432237,39.743508],[-85.435996,39.743541],[-85.435984,39.746272]]]}},{"type":"Feature","properties":{"NAME":"Merriam","state_abbr":"IN","state_name":"Indiana","ALAND":2564608},"geometry":{"type":"Polygon","coordinates":[[[-85.442928,41.294223],[-85.423615,41.294065],[-85.423839,41.279514],[-85.442678,41.279696],[-85.442928,41.294223]]]}},{"type":"Feature","properties":{"NAME":"Metz","state_abbr":"IN","state_name":"Indiana","ALAND":213195},"geometry":{"type":"Polygon","coordinates":[[[-84.840127,41.617067],[-84.838086,41.617108],[-84.839124,41.619272],[-84.836826,41.620214],[-84.83677,41.618008],[-84.834936,41.618044],[-84.835251,41.613901],[-84.839833,41.613917],[-84.840127,41.617067]]]}},{"type":"Feature","properties":{"NAME":"Boxley","state_abbr":"IN","state_name":"Indiana","ALAND":1084766},"geometry":{"type":"Polygon","coordinates":[[[-86.185298,40.173834],[-86.17577,40.173953],[-86.17505,40.167558],[-86.17102,40.166833],[-86.170071,40.165088],[-86.175978,40.163812],[-86.176369,40.159476],[-86.180441,40.159394],[-86.180477,40.166637],[-86.185264,40.166566],[-86.185298,40.173834]]]}},{"type":"Feature","properties":{"NAME":"Flat Rock","state_abbr":"IN","state_name":"Indiana","ALAND":903966},"geometry":{"type":"Polygon","coordinates":[[[-85.837328,39.364857],[-85.831885,39.364394],[-85.829904,39.368675],[-85.827399,39.367931],[-85.827381,39.364458],[-85.823314,39.364551],[-85.823287,39.362879],[-85.82766,39.362165],[-85.827553,39.35716],[-85.837077,39.356971],[-85.837328,39.364857]]]}},{"type":"Feature","properties":{"NAME":"Hortonville","state_abbr":"IN","state_name":"Indiana","ALAND":718827},"geometry":{"type":"Polygon","coordinates":[[[-86.163293,40.091704],[-86.156027,40.092323],[-86.155199,40.090356],[-86.151524,40.089037],[-86.152297,40.084614],[-86.158238,40.085074],[-86.156993,40.083628],[-86.162933,40.08288],[-86.162918,40.086022],[-86.160923,40.088393],[-86.163293,40.091704]]]}},{"type":"Feature","properties":{"NAME":"Bretzville","state_abbr":"IN","state_name":"Indiana","ALAND":2857467},"geometry":{"type":"Polygon","coordinates":[[[-86.882601,38.299636],[-86.879259,38.300702],[-86.875918,38.304778],[-86.876018,38.306948],[-86.857512,38.307048],[-86.857449,38.299752],[-86.860203,38.299731],[-86.864571,38.292833],[-86.869578,38.288569],[-86.875691,38.288496],[-86.880422,38.290496],[-86.880468,38.292158],[-86.87592,38.29593],[-86.875966,38.298075],[-86.882601,38.299636]]]}},{"type":"Feature","properties":{"NAME":"Bridgeton","state_abbr":"IN","state_name":"Indiana","ALAND":1000294},"geometry":{"type":"Polygon","coordinates":[[[-87.183932,39.645652],[-87.180557,39.649268],[-87.167882,39.6503],[-87.16909,39.645495],[-87.173226,39.645545],[-87.173248,39.640278],[-87.170735,39.639278],[-87.174427,39.639106],[-87.183754,39.642882],[-87.183932,39.645652]]]}},{"type":"Feature","properties":{"NAME":"Judson","state_abbr":"IN","state_name":"Indiana","ALAND":213218},"geometry":{"type":"Polygon","coordinates":[[[-87.140017,39.814831],[-87.135355,39.816102],[-87.131783,39.812045],[-87.139296,39.81141],[-87.140017,39.814831]]]}},{"type":"Feature","properties":{"NAME":"Lyford","state_abbr":"IN","state_name":"Indiana","ALAND":2637444},"geometry":{"type":"Polygon","coordinates":[[[-87.378166,39.653478],[-87.377975,39.659458],[-87.373983,39.656389],[-87.3694,39.658796],[-87.367787,39.6558],[-87.370517,39.653783],[-87.370508,39.652057],[-87.360903,39.652077],[-87.360984,39.641094],[-87.35863,39.641053],[-87.358654,39.637408],[-87.370401,39.637524],[-87.370327,39.633296],[-87.374219,39.639543],[-87.378166,39.653478]]]}},{"type":"Feature","properties":{"NAME":"Bringhurst","state_abbr":"IN","state_name":"Indiana","ALAND":365423},"geometry":{"type":"Polygon","coordinates":[[[-86.529813,40.524288],[-86.529804,40.526177],[-86.527417,40.526353],[-86.527392,40.528111],[-86.525534,40.527082],[-86.525216,40.532589],[-86.522871,40.532568],[-86.522241,40.525328],[-86.523415,40.525331],[-86.523862,40.522521],[-86.529813,40.524288]]]}},{"type":"Feature","properties":{"NAME":"Burrows","state_abbr":"IN","state_name":"Indiana","ALAND":988889},"geometry":{"type":"Polygon","coordinates":[[[-86.519842,40.670534],[-86.515912,40.673416],[-86.510724,40.681434],[-86.496565,40.682997],[-86.503582,40.67888],[-86.503003,40.677706],[-86.506077,40.677013],[-86.506082,40.674475],[-86.510502,40.674611],[-86.510473,40.670445],[-86.519842,40.670534]]]}},{"type":"Feature","properties":{"NAME":"Deer Creek","state_abbr":"IN","state_name":"Indiana","ALAND":370332},"geometry":{"type":"Polygon","coordinates":[[[-86.396096,40.615716],[-86.39185,40.615741],[-86.391217,40.617997],[-86.393106,40.619483],[-86.386448,40.618292],[-86.390003,40.617613],[-86.386543,40.616643],[-86.387601,40.614927],[-86.386537,40.612339],[-86.391232,40.612193],[-86.391925,40.609805],[-86.392202,40.614058],[-86.396146,40.614071],[-86.396096,40.615716]]]}},{"type":"Feature","properties":{"NAME":"Browns Crossing","state_abbr":"IN","state_name":"Indiana","ALAND":1172714},"geometry":{"type":"Polygon","coordinates":[[[-86.513237,39.403415],[-86.511924,39.404149],[-86.511932,39.407586],[-86.492269,39.41253],[-86.492973,39.40735],[-86.490456,39.404398],[-86.507118,39.404835],[-86.507576,39.401202],[-86.511948,39.401309],[-86.513237,39.403415]]]}},{"type":"Feature","properties":{"NAME":"Coesse","state_abbr":"IN","state_name":"Indiana","ALAND":1701708},"geometry":{"type":"Polygon","coordinates":[[[-85.41032,41.134755],[-85.390994,41.129898],[-85.390811,41.121926],[-85.405193,41.12192],[-85.405273,41.125495],[-85.410063,41.125486],[-85.41032,41.134755]]]}},{"type":"Feature","properties":{"NAME":"Foxcliff Estates","state_abbr":"IN","state_name":"Indiana","ALAND":5338175},"geometry":{"type":"Polygon","coordinates":[[[-86.409087,39.470224],[-86.408872,39.478434],[-86.405977,39.476859],[-86.399236,39.476783],[-86.402157,39.482069],[-86.399505,39.48211],[-86.399513,39.496199],[-86.394565,39.493771],[-86.388001,39.493752],[-86.385088,39.48903],[-86.380409,39.488766],[-86.378629,39.481042],[-86.375506,39.478101],[-86.376152,39.476267],[-86.380589,39.475382],[-86.380732,39.471403],[-86.383174,39.470404],[-86.386375,39.464084],[-86.39338,39.463994],[-86.399703,39.466975],[-86.400782,39.470185],[-86.404146,39.470345],[-86.404117,39.471668],[-86.409087,39.470224]]]}},{"type":"Feature","properties":{"NAME":"Laud","state_abbr":"IN","state_name":"Indiana","ALAND":1734214},"geometry":{"type":"Polygon","coordinates":[[[-85.461536,41.048996],[-85.461404,41.052949],[-85.451887,41.053346],[-85.451873,41.055369],[-85.439654,41.048935],[-85.439698,41.041763],[-85.458609,41.045295],[-85.461536,41.048996]]]}},{"type":"Feature","properties":{"NAME":"Brownsville","state_abbr":"IN","state_name":"Indiana","ALAND":637201},"geometry":{"type":"Polygon","coordinates":[[[-85.008498,39.660112],[-85.007106,39.666356],[-85.001299,39.671206],[-84.998937,39.671077],[-84.998949,39.666653],[-85.000508,39.6666],[-85.001231,39.663417],[-84.99904,39.662551],[-85.003296,39.6606],[-85.001292,39.659401],[-85.008498,39.660112]]]}},{"type":"Feature","properties":{"NAME":"Duneland Beach","state_abbr":"IN","state_name":"Indiana","ALAND":488341},"geometry":{"type":"Polygon","coordinates":[[[-86.840466,41.758581],[-86.83647,41.760376],[-86.824276,41.760298],[-86.82499,41.753294],[-86.836475,41.753499],[-86.840466,41.758581]]]}},{"type":"Feature","properties":{"NAME":"Eminence","state_abbr":"IN","state_name":"Indiana","ALAND":772023},"geometry":{"type":"Polygon","coordinates":[[[-86.648915,39.52126],[-86.646275,39.521269],[-86.646257,39.525653],[-86.636797,39.52542],[-86.636824,39.518542],[-86.648898,39.517666],[-86.648915,39.52126]]]}},{"type":"Feature","properties":{"NAME":"Lamb","state_abbr":"IN","state_name":"Indiana","ALAND":1561781},"geometry":{"type":"Polygon","coordinates":[[[-85.201888,38.703773],[-85.200075,38.703776],[-85.200079,38.701474],[-85.198334,38.701887],[-85.198881,38.700873],[-85.193162,38.696941],[-85.186779,38.696498],[-85.181821,38.693866],[-85.182248,38.691727],[-85.179638,38.691592],[-85.17864,38.68839],[-85.188871,38.687585],[-85.19124,38.689313],[-85.20145,38.691038],[-85.201888,38.703773]]]}},{"type":"Feature","properties":{"NAME":"Buck Creek","state_abbr":"IN","state_name":"Indiana","ALAND":300525},"geometry":{"type":"Polygon","coordinates":[[[-86.767202,40.489403],[-86.762495,40.48935],[-86.76286,40.490737],[-86.76154,40.490815],[-86.760928,40.489342],[-86.756377,40.489305],[-86.75982,40.487839],[-86.760746,40.481752],[-86.763266,40.486732],[-86.765408,40.485857],[-86.767202,40.489403]]]}},{"type":"Feature","properties":{"NAME":"Buckskin","state_abbr":"IN","state_name":"Indiana","ALAND":1734108},"geometry":{"type":"Polygon","coordinates":[[[-87.427994,38.225961],[-87.420755,38.228887],[-87.419552,38.233888],[-87.414642,38.234169],[-87.416438,38.230513],[-87.404545,38.230506],[-87.407878,38.224784],[-87.401286,38.225813],[-87.400947,38.221936],[-87.408658,38.223159],[-87.410124,38.220671],[-87.410125,38.223246],[-87.421496,38.223543],[-87.424231,38.221012],[-87.427302,38.222768],[-87.427994,38.225961]]]}},{"type":"Feature","properties":{"NAME":"Buffalo","state_abbr":"IN","state_name":"Indiana","ALAND":6142781},"geometry":{"type":"Polygon","coordinates":[[[-86.759471,40.869351],[-86.76065,40.87631],[-86.75595,40.87643],[-86.75614,40.89111],[-86.74639,40.8917],[-86.74651,40.89842],[-86.71637,40.89794],[-86.713144,40.903185],[-86.711758,40.904559],[-86.710677,40.904239],[-86.71258,40.89646],[-86.71759,40.89435],[-86.71747,40.88342],[-86.7368,40.88342],[-86.736714,40.878929],[-86.74684,40.876882],[-86.75165,40.877407],[-86.753945,40.871462],[-86.756268,40.870044],[-86.759471,40.869351]]]}},{"type":"Feature","properties":{"NAME":"Burnett","state_abbr":"IN","state_name":"Indiana","ALAND":1076079},"geometry":{"type":"Polygon","coordinates":[[[-87.306994,39.537676],[-87.305534,39.546398],[-87.299907,39.546518],[-87.299911,39.548182],[-87.296115,39.54819],[-87.295166,39.550228],[-87.293024,39.550184],[-87.293017,39.547562],[-87.290439,39.547519],[-87.290426,39.545063],[-87.294336,39.542053],[-87.306994,39.537676]]]}},{"type":"Feature","properties":{"NAME":"Lakewood","state_abbr":"IN","state_name":"Indiana","ALAND":731100},"geometry":{"type":"Polygon","coordinates":[[[-87.305143,39.391892],[-87.305105,39.400179],[-87.295695,39.399413],[-87.295226,39.390229],[-87.305143,39.391892]]]}},{"type":"Feature","properties":{"NAME":"Burney","state_abbr":"IN","state_name":"Indiana","ALAND":208322},"geometry":{"type":"Polygon","coordinates":[[[-85.641916,39.316774],[-85.641873,39.320053],[-85.64081,39.320055],[-85.641783,39.322123],[-85.637188,39.320073],[-85.638816,39.314583],[-85.641916,39.316774]]]}},{"type":"Feature","properties":{"NAME":"Burns City","state_abbr":"IN","state_name":"Indiana","ALAND":1902848},"geometry":{"type":"Polygon","coordinates":[[[-86.90183,38.811324],[-86.898091,38.818289],[-86.898527,38.821172],[-86.900932,38.821157],[-86.900359,38.828373],[-86.891379,38.82528],[-86.882397,38.826788],[-86.882517,38.81941],[-86.887262,38.8194],[-86.887241,38.813867],[-86.896291,38.813876],[-86.899962,38.810846],[-86.90183,38.811324]]]}},{"type":"Feature","properties":{"NAME":"Colburn","state_abbr":"IN","state_name":"Indiana","ALAND":259399},"geometry":{"type":"Polygon","coordinates":[[[-86.715072,40.516019],[-86.714407,40.521399],[-86.709622,40.521473],[-86.708669,40.517875],[-86.711883,40.515609],[-86.715072,40.516019]]]}},{"type":"Feature","properties":{"NAME":"Butlerville","state_abbr":"IN","state_name":"Indiana","ALAND":965380},"geometry":{"type":"Polygon","coordinates":[[[-85.5283,39.029556],[-85.514878,39.033451],[-85.51663,39.036963],[-85.505551,39.036683],[-85.505548,39.029787],[-85.513385,39.029675],[-85.51359,39.027393],[-85.51488,39.027378],[-85.516267,39.029591],[-85.5283,39.029556]]]}},{"type":"Feature","properties":{"NAME":"Hayden","state_abbr":"IN","state_name":"Indiana","ALAND":6408050},"geometry":{"type":"Polygon","coordinates":[[[-85.749907,38.986743],[-85.731371,38.986727],[-85.731248,38.983034],[-85.723924,38.983496],[-85.719758,38.977215],[-85.731062,38.975736],[-85.731013,38.95429],[-85.749526,38.954382],[-85.749907,38.986743]]]}},{"type":"Feature","properties":{"NAME":"Canaan","state_abbr":"IN","state_name":"Indiana","ALAND":731559},"geometry":{"type":"Polygon","coordinates":[[[-85.305164,38.869113],[-85.294498,38.869216],[-85.294724,38.862424],[-85.305057,38.862209],[-85.305164,38.869113]]]}},{"type":"Feature","properties":{"NAME":"Deputy","state_abbr":"IN","state_name":"Indiana","ALAND":191003},"geometry":{"type":"Polygon","coordinates":[[[-85.656616,38.796711],[-85.649389,38.796107],[-85.649179,38.792865],[-85.65582,38.794513],[-85.656616,38.796711]]]}},{"type":"Feature","properties":{"NAME":"East Enterprise","state_abbr":"IN","state_name":"Indiana","ALAND":1230222},"geometry":{"type":"Polygon","coordinates":[[[-84.997065,38.872922],[-84.994949,38.872898],[-84.991129,38.877495],[-84.985955,38.874201],[-84.981695,38.874075],[-84.980267,38.872736],[-84.980794,38.866986],[-84.981837,38.865489],[-84.991345,38.865434],[-84.990005,38.869359],[-84.997081,38.869425],[-84.997065,38.872922]]]}},{"type":"Feature","properties":{"NAME":"Kent","state_abbr":"IN","state_name":"Indiana","ALAND":175581},"geometry":{"type":"Polygon","coordinates":[[[-85.539955,38.73493],[-85.542566,38.738673],[-85.535369,38.73911],[-85.535711,38.73643],[-85.539925,38.736036],[-85.539955,38.73493]]]}},{"type":"Feature","properties":{"NAME":"Canton","state_abbr":"IN","state_name":"Indiana","ALAND":1132274},"geometry":{"type":"Polygon","coordinates":[[[-86.05194,38.626428],[-86.029949,38.632015],[-86.029193,38.625384],[-86.033667,38.620948],[-86.038525,38.621024],[-86.038554,38.623835],[-86.05194,38.626428]]]}},{"type":"Feature","properties":{"NAME":"Martinsburg","state_abbr":"IN","state_name":"Indiana","ALAND":1155283},"geometry":{"type":"Polygon","coordinates":[[[-86.033613,38.439516],[-86.032369,38.440148],[-86.031834,38.447622],[-86.022998,38.448022],[-86.023142,38.443758],[-86.014103,38.445032],[-86.014079,38.440117],[-86.026174,38.440411],[-86.026998,38.43867],[-86.033613,38.439516]]]}},{"type":"Feature","properties":{"NAME":"Carrollton","state_abbr":"IN","state_name":"Indiana","ALAND":2767218},"geometry":{"type":"Polygon","coordinates":[[[-85.830384,39.698522],[-85.830348,39.706777],[-85.827369,39.713225],[-85.821751,39.711886],[-85.819457,39.713259],[-85.80895,39.71339],[-85.809614,39.698805],[-85.816082,39.698772],[-85.816017,39.696426],[-85.819907,39.696321],[-85.82157,39.698572],[-85.830384,39.698522]]]}},{"type":"Feature","properties":{"NAME":"Charlottesville","state_abbr":"IN","state_name":"Indiana","ALAND":1627628},"geometry":{"type":"Polygon","coordinates":[[[-85.62329,39.795417],[-85.614107,39.794837],[-85.612978,39.796625],[-85.609103,39.796665],[-85.609763,39.794765],[-85.606996,39.794793],[-85.606996,39.793587],[-85.601597,39.793648],[-85.601524,39.786549],[-85.620505,39.786338],[-85.621794,39.791091],[-85.620448,39.793576],[-85.623283,39.793516],[-85.62329,39.795417]]]}},{"type":"Feature","properties":{"NAME":"Eden","state_abbr":"IN","state_name":"Indiana","ALAND":448003},"geometry":{"type":"Polygon","coordinates":[[[-85.774525,39.901008],[-85.770716,39.902685],[-85.773202,39.908093],[-85.765729,39.906819],[-85.765817,39.901108],[-85.767482,39.901085],[-85.767476,39.899517],[-85.774525,39.901008]]]}},{"type":"Feature","properties":{"NAME":"Cass","state_abbr":"IN","state_name":"Indiana","ALAND":559735},"geometry":{"type":"Polygon","coordinates":[[[-87.282614,39.091009],[-87.276971,39.091665],[-87.272874,39.090142],[-87.270442,39.084374],[-87.278338,39.084382],[-87.282614,39.091009]]]}},{"type":"Feature","properties":{"NAME":"Fairbanks","state_abbr":"IN","state_name":"Indiana","ALAND":448260},"geometry":{"type":"Polygon","coordinates":[[[-87.527864,39.219286],[-87.525566,39.219272],[-87.524519,39.222281],[-87.519859,39.222933],[-87.521288,39.221081],[-87.520147,39.221096],[-87.519048,39.214131],[-87.52708,39.21566],[-87.527864,39.219286]]]}},{"type":"Feature","properties":{"NAME":"Graysville","state_abbr":"IN","state_name":"Indiana","ALAND":377997},"geometry":{"type":"Polygon","coordinates":[[[-87.561857,39.121222],[-87.55521,39.121125],[-87.555208,39.122695],[-87.552936,39.123663],[-87.553675,39.119004],[-87.550408,39.117502],[-87.553693,39.117539],[-87.554872,39.113326],[-87.556816,39.113318],[-87.559171,39.117476],[-87.557766,39.117579],[-87.556775,39.120603],[-87.561857,39.121222]]]}},{"type":"Feature","properties":{"NAME":"Cassville","state_abbr":"IN","state_name":"Indiana","ALAND":2146543},"geometry":{"type":"Polygon","coordinates":[[[-86.140666,40.555913],[-86.136525,40.556007],[-86.136625,40.562282],[-86.13945,40.56295],[-86.121215,40.563174],[-86.122783,40.54902],[-86.136444,40.548628],[-86.136493,40.55308],[-86.140601,40.552883],[-86.140666,40.555913]]]}},{"type":"Feature","properties":{"NAME":"Jerome","state_abbr":"IN","state_name":"Indiana","ALAND":569387},"geometry":{"type":"Polygon","coordinates":[[[-85.939131,40.45717],[-85.936292,40.458554],[-85.935746,40.460532],[-85.933243,40.459171],[-85.928255,40.460473],[-85.928182,40.453487],[-85.930341,40.453451],[-85.930328,40.452047],[-85.935473,40.453268],[-85.939131,40.45717]]]}},{"type":"Feature","properties":{"NAME":"Cates","state_abbr":"IN","state_name":"Indiana","ALAND":516877},"geometry":{"type":"Polygon","coordinates":[[[-87.343896,39.994645],[-87.3435,40.000389],[-87.342324,39.998977],[-87.337633,39.998975],[-87.337658,40.000424],[-87.330724,40.00042],[-87.337484,39.993791],[-87.337533,39.992038],[-87.339696,39.992048],[-87.337555,39.994104],[-87.338685,39.994641],[-87.343896,39.994645]]]}},{"type":"Feature","properties":{"NAME":"Lake Holiday Hideaway","state_abbr":"IN","state_name":"Indiana","ALAND":1383712},"geometry":{"type":"Polygon","coordinates":[[[-87.313871,39.989322],[-87.313987,39.998957],[-87.309825,39.998923],[-87.309839,40.004108],[-87.29983,40.004039],[-87.299798,40.000419],[-87.303434,40.000393],[-87.304794,39.99671],[-87.299724,39.996712],[-87.299661,39.989388],[-87.313871,39.989322]]]}},{"type":"Feature","properties":{"NAME":"Celestine","state_abbr":"IN","state_name":"Indiana","ALAND":1091618},"geometry":{"type":"Polygon","coordinates":[[[-86.783773,38.38363],[-86.78272,38.387258],[-86.779099,38.387235],[-86.779012,38.39515],[-86.774313,38.394579],[-86.774311,38.390466],[-86.769753,38.388816],[-86.769758,38.38357],[-86.774374,38.383587],[-86.774572,38.379909],[-86.77978,38.379913],[-86.779178,38.383145],[-86.783773,38.38363]]]}},{"type":"Feature","properties":{"NAME":"Haysville","state_abbr":"IN","state_name":"Indiana","ALAND":3513663},"geometry":{"type":"Polygon","coordinates":[[[-86.924944,38.481215],[-86.919213,38.488892],[-86.916309,38.488704],[-86.914594,38.49032],[-86.914052,38.495527],[-86.909939,38.497921],[-86.895786,38.492264],[-86.897726,38.489508],[-86.896959,38.485364],[-86.898391,38.483105],[-86.909993,38.477297],[-86.919871,38.476723],[-86.920875,38.481184],[-86.924944,38.481215]]]}},{"type":"Feature","properties":{"NAME":"Centenary","state_abbr":"IN","state_name":"Indiana","ALAND":760744},"geometry":{"type":"Polygon","coordinates":[[[-87.479504,39.656568],[-87.478257,39.656594],[-87.478055,39.661784],[-87.463872,39.662103],[-87.463778,39.656943],[-87.472528,39.656845],[-87.473468,39.655637],[-87.479504,39.656568]]]}},{"type":"Feature","properties":{"NAME":"Center","state_abbr":"IN","state_name":"Indiana","ALAND":2333274},"geometry":{"type":"Polygon","coordinates":[[[-86.070048,40.440927],[-86.060671,40.442603],[-86.050884,40.446657],[-86.051071,40.427543],[-86.05555,40.430647],[-86.070022,40.430383],[-86.070048,40.440927]]]}},{"type":"Feature","properties":{"NAME":"Hemlock","state_abbr":"IN","state_name":"Indiana","ALAND":926370},"geometry":{"type":"Polygon","coordinates":[[[-86.055871,40.41982],[-86.051843,40.41988],[-86.051124,40.423494],[-86.046316,40.423991],[-86.04108,40.420402],[-86.031916,40.420142],[-86.031939,40.413878],[-86.036746,40.417307],[-86.036748,40.416111],[-86.046346,40.4163],[-86.046364,40.419264],[-86.055871,40.41982]]]}},{"type":"Feature","properties":{"NAME":"Centerton","state_abbr":"IN","state_name":"Indiana","ALAND":313762},"geometry":{"type":"Polygon","coordinates":[[[-86.401175,39.513958],[-86.397283,39.519261],[-86.393677,39.519242],[-86.39171,39.51612],[-86.393135,39.513325],[-86.401175,39.513958]]]}},{"type":"Feature","properties":{"NAME":"Chain-O-Lakes","state_abbr":"IN","state_name":"Indiana","ALAND":3994596},"geometry":{"type":"Polygon","coordinates":[[[-86.394719,41.711915],[-86.389996,41.711902],[-86.389871,41.72285],[-86.380284,41.722803],[-86.380252,41.71912],[-86.375352,41.719099],[-86.375382,41.71422],[-86.369148,41.715215],[-86.369157,41.703446],[-86.371769,41.700246],[-86.394489,41.701055],[-86.394719,41.711915]]]}},{"type":"Feature","properties":{"NAME":"Gilmer Park","state_abbr":"IN","state_name":"Indiana","ALAND":1190077},"geometry":{"type":"Polygon","coordinates":[[[-86.253253,41.60844],[-86.251594,41.621809],[-86.246534,41.623681],[-86.246445,41.621812],[-86.244259,41.621849],[-86.244516,41.611592],[-86.240277,41.61144],[-86.240332,41.60786],[-86.253253,41.60844]]]}},{"type":"Feature","properties":{"NAME":"Chili","state_abbr":"IN","state_name":"Indiana","ALAND":526666},"geometry":{"type":"Polygon","coordinates":[[[-86.03278,40.860763],[-86.02942,40.864937],[-86.0296,40.866835],[-86.02266,40.867293],[-86.022986,40.865139],[-86.026411,40.863299],[-86.023895,40.859627],[-86.024717,40.857356],[-86.030905,40.858569],[-86.03278,40.860763]]]}},{"type":"Feature","properties":{"NAME":"Liberty Mills","state_abbr":"IN","state_name":"Indiana","ALAND":1551351},"geometry":{"type":"Polygon","coordinates":[[[-85.748393,41.044831],[-85.732325,41.044012],[-85.730886,41.042431],[-85.732687,41.039873],[-85.733368,41.033529],[-85.730742,41.034138],[-85.729859,41.032567],[-85.737757,41.032485],[-85.746702,41.035927],[-85.748393,41.044831]]]}},{"type":"Feature","properties":{"NAME":"Coal City","state_abbr":"IN","state_name":"Indiana","ALAND":940638},"geometry":{"type":"Polygon","coordinates":[[[-87.051086,39.22671],[-87.047396,39.230331],[-87.047151,39.235168],[-87.045312,39.235134],[-87.040517,39.233967],[-87.040578,39.226629],[-87.035928,39.225638],[-87.039099,39.225635],[-87.039217,39.22257],[-87.041423,39.222568],[-87.041881,39.223785],[-87.045263,39.223232],[-87.050885,39.225166],[-87.051086,39.22671]]]}},{"type":"Feature","properties":{"NAME":"Commiskey","state_abbr":"IN","state_name":"Indiana","ALAND":1624638},"geometry":{"type":"Polygon","coordinates":[[[-85.652808,38.862628],[-85.64816,38.862942],[-85.648261,38.86785],[-85.639026,38.867958],[-85.638942,38.861392],[-85.63438,38.861351],[-85.633696,38.859568],[-85.637609,38.853367],[-85.646258,38.853328],[-85.646173,38.8548],[-85.647998,38.854798],[-85.648108,38.860594],[-85.651642,38.860022],[-85.652808,38.862628]]]}},{"type":"Feature","properties":{"NAME":"Fishersburg","state_abbr":"IN","state_name":"Indiana","ALAND":421443},"geometry":{"type":"Polygon","coordinates":[[[-85.864328,40.070363],[-85.863054,40.070378],[-85.863896,40.074552],[-85.854519,40.074629],[-85.861396,40.066609],[-85.863008,40.066207],[-85.864328,40.070363]]]}},{"type":"Feature","properties":{"NAME":"Cortland","state_abbr":"IN","state_name":"Indiana","ALAND":1930367},"geometry":{"type":"Polygon","coordinates":[[[-85.973332,38.975142],[-85.968774,38.975259],[-85.968806,38.980036],[-85.959463,38.980434],[-85.95476,38.979757],[-85.954726,38.977393],[-85.95333,38.977984],[-85.954677,38.974184],[-85.951318,38.973644],[-85.953993,38.970573],[-85.963915,38.965443],[-85.965402,38.96914],[-85.973258,38.968964],[-85.973332,38.975142]]]}},{"type":"Feature","properties":{"NAME":"Cowan","state_abbr":"IN","state_name":"Indiana","ALAND":934122},"geometry":{"type":"Polygon","coordinates":[[[-85.397048,40.106484],[-85.396946,40.110245],[-85.389996,40.109108],[-85.390016,40.110788],[-85.385354,40.110678],[-85.385102,40.101931],[-85.394548,40.100041],[-85.394585,40.103743],[-85.397048,40.106484]]]}},{"type":"Feature","properties":{"NAME":"Craigville","state_abbr":"IN","state_name":"Indiana","ALAND":408991},"geometry":{"type":"Polygon","coordinates":[[[-85.095466,40.778983],[-85.092851,40.778997],[-85.092953,40.781139],[-85.090741,40.781157],[-85.090666,40.779009],[-85.084859,40.779042],[-85.087203,40.776315],[-85.089426,40.776286],[-85.090467,40.773623],[-85.095245,40.773507],[-85.095466,40.778983]]]}},{"type":"Feature","properties":{"NAME":"Liberty Center","state_abbr":"IN","state_name":"Indiana","ALAND":3527906},"geometry":{"type":"Polygon","coordinates":[[[-85.288566,40.701567],[-85.283798,40.701595],[-85.283818,40.707023],[-85.281424,40.707065],[-85.281425,40.70891],[-85.273967,40.708824],[-85.264568,40.703753],[-85.263159,40.697939],[-85.264688,40.697937],[-85.264688,40.690753],[-85.269413,40.689735],[-85.288488,40.690679],[-85.288566,40.701567]]]}},{"type":"Feature","properties":{"NAME":"Cross Plains","state_abbr":"IN","state_name":"Indiana","ALAND":1246499},"geometry":{"type":"Polygon","coordinates":[[[-85.212521,38.950206],[-85.20323,38.950405],[-85.203139,38.945738],[-85.200243,38.945148],[-85.19783,38.940897],[-85.198299,38.935907],[-85.208003,38.935827],[-85.20885,38.947548],[-85.21245,38.94749],[-85.212521,38.950206]]]}},{"type":"Feature","properties":{"NAME":"Cutler","state_abbr":"IN","state_name":"Indiana","ALAND":1102100},"geometry":{"type":"Polygon","coordinates":[[[-86.530069,40.481213],[-86.526829,40.481928],[-86.526728,40.478558],[-86.522607,40.481439],[-86.519162,40.480523],[-86.519245,40.474707],[-86.522728,40.474736],[-86.523178,40.465118],[-86.527351,40.465535],[-86.527358,40.46769],[-86.529933,40.469375],[-86.529709,40.474752],[-86.528616,40.474744],[-86.530069,40.481213]]]}},{"type":"Feature","properties":{"NAME":"Delaware","state_abbr":"IN","state_name":"Indiana","ALAND":4685667},"geometry":{"type":"Polygon","coordinates":[[[-85.220816,39.150267],[-85.218339,39.155323],[-85.213927,39.155226],[-85.213851,39.153172],[-85.206339,39.153938],[-85.206197,39.155296],[-85.19431,39.155422],[-85.191767,39.135204],[-85.220094,39.138158],[-85.220816,39.150267]]]}},{"type":"Feature","properties":{"NAME":"Elrod","state_abbr":"IN","state_name":"Indiana","ALAND":1802426},"geometry":{"type":"Polygon","coordinates":[[[-85.177529,39.06052],[-85.157616,39.060727],[-85.152767,39.053424],[-85.147155,39.053514],[-85.147221,39.050953],[-85.153156,39.052289],[-85.154049,39.050457],[-85.158625,39.050316],[-85.158693,39.051532],[-85.161061,39.051535],[-85.162977,39.048296],[-85.16321,39.052399],[-85.170575,39.053293],[-85.176834,39.058041],[-85.177529,39.06052]]]}},{"type":"Feature","properties":{"NAME":"Depauw","state_abbr":"IN","state_name":"Indiana","ALAND":957209},"geometry":{"type":"Polygon","coordinates":[[[-86.226929,38.32758],[-86.227054,38.339022],[-86.212129,38.333574],[-86.217588,38.331749],[-86.218032,38.32754],[-86.226929,38.32758]]]}},{"type":"Feature","properties":{"NAME":"Donaldson","state_abbr":"IN","state_name":"Indiana","ALAND":1275693},"geometry":{"type":"Polygon","coordinates":[[[-86.46215,41.364406],[-86.429832,41.364454],[-86.429791,41.358237],[-86.441953,41.360232],[-86.441933,41.358901],[-86.444225,41.35888],[-86.444243,41.360526],[-86.459021,41.360358],[-86.459034,41.36331],[-86.46215,41.364406]]]}},{"type":"Feature","properties":{"NAME":"Lake of the Woods","state_abbr":"IN","state_name":"Indiana","ALAND":1790467},"geometry":{"type":"Polygon","coordinates":[[[-86.240245,41.431936],[-86.235956,41.432033],[-86.235209,41.435979],[-86.232201,41.436167],[-86.232233,41.437514],[-86.229401,41.437554],[-86.229348,41.435347],[-86.221201,41.435397],[-86.221215,41.430369],[-86.223399,41.430375],[-86.223856,41.428545],[-86.218752,41.417998],[-86.220864,41.411536],[-86.22325,41.411535],[-86.223205,41.409712],[-86.227901,41.409691],[-86.22739,41.412613],[-86.232704,41.413347],[-86.232702,41.418114],[-86.240027,41.419141],[-86.237022,41.426129],[-86.237403,41.428672],[-86.240248,41.428629],[-86.240245,41.431936]]]}},{"type":"Feature","properties":{"NAME":"Linnsburg","state_abbr":"IN","state_name":"Indiana","ALAND":979322},"geometry":{"type":"Polygon","coordinates":[[[-86.809098,40.003001],[-86.804346,40.003137],[-86.804373,40.006772],[-86.79946,40.006766],[-86.799566,40.005138],[-86.797791,40.005098],[-86.797767,40.001211],[-86.790155,40.001205],[-86.790208,39.995165],[-86.80175,39.99589],[-86.801742,40.000017],[-86.809098,40.003001]]]}},{"type":"Feature","properties":{"NAME":"Mace","state_abbr":"IN","state_name":"Indiana","ALAND":589070},"geometry":{"type":"Polygon","coordinates":[[[-86.804417,40.012514],[-86.790123,40.010411],[-86.790127,40.006771],[-86.804373,40.006772],[-86.804417,40.012514]]]}},{"type":"Feature","properties":{"NAME":"Dover Hill","state_abbr":"IN","state_name":"Indiana","ALAND":2010118},"geometry":{"type":"Polygon","coordinates":[[[-86.809014,38.724311],[-86.803243,38.729033],[-86.796854,38.728027],[-86.792291,38.7305],[-86.788558,38.730291],[-86.79128,38.724318],[-86.795007,38.724279],[-86.795056,38.716249],[-86.799619,38.714189],[-86.806463,38.712448],[-86.809014,38.724311]]]}},{"type":"Feature","properties":{"NAME":"Dresser","state_abbr":"IN","state_name":"Indiana","ALAND":390799},"geometry":{"type":"Polygon","coordinates":[[[-87.42758,39.465632],[-87.425928,39.46695],[-87.420944,39.466056],[-87.420927,39.459791],[-87.425906,39.459869],[-87.42758,39.465632]]]}},{"type":"Feature","properties":{"NAME":"Dubois","state_abbr":"IN","state_name":"Indiana","ALAND":4073025},"geometry":{"type":"Polygon","coordinates":[[[-86.812913,38.442757],[-86.808355,38.446821],[-86.810922,38.449768],[-86.810458,38.451177],[-86.80835,38.450527],[-86.803807,38.452544],[-86.802355,38.45544],[-86.784097,38.456658],[-86.784038,38.44563],[-86.793389,38.44561],[-86.793444,38.432851],[-86.797075,38.43131],[-86.803011,38.432553],[-86.804392,38.437428],[-86.812913,38.442757]]]}},{"type":"Feature","properties":{"NAME":"East Oolitic","state_abbr":"IN","state_name":"Indiana","ALAND":1147959},"geometry":{"type":"Polygon","coordinates":[[[-86.525957,38.903084],[-86.524778,38.90165],[-86.517725,38.901652],[-86.517738,38.904058],[-86.512171,38.904523],[-86.512002,38.902144],[-86.509643,38.900577],[-86.497976,38.901393],[-86.497993,38.897151],[-86.519771,38.89619],[-86.523695,38.899122],[-86.525957,38.903084]]]}},{"type":"Feature","properties":{"NAME":"Eckerty","state_abbr":"IN","state_name":"Indiana","ALAND":3112490},"geometry":{"type":"Polygon","coordinates":[[[-86.624867,38.315129],[-86.624857,38.32633],[-86.615779,38.330152],[-86.604715,38.325959],[-86.595662,38.326448],[-86.600139,38.322775],[-86.596807,38.322724],[-86.595491,38.318458],[-86.606888,38.319344],[-86.606694,38.315308],[-86.624867,38.315129]]]}},{"type":"Feature","properties":{"NAME":"Grantsburg","state_abbr":"IN","state_name":"Indiana","ALAND":1968821},"geometry":{"type":"Polygon","coordinates":[[[-86.477898,38.295243],[-86.46906,38.302826],[-86.469296,38.301354],[-86.467598,38.301328],[-86.467741,38.293991],[-86.463179,38.293944],[-86.464535,38.287526],[-86.463318,38.287076],[-86.463428,38.281805],[-86.46752,38.281549],[-86.469299,38.284386],[-86.47702,38.284425],[-86.477898,38.295243]]]}},{"type":"Feature","properties":{"NAME":"Elizaville","state_abbr":"IN","state_name":"Indiana","ALAND":1242681},"geometry":{"type":"Polygon","coordinates":[[[-86.385422,40.122238],[-86.381037,40.123996],[-86.382002,40.127741],[-86.380224,40.127742],[-86.380202,40.131486],[-86.374373,40.131938],[-86.374379,40.126821],[-86.370957,40.12687],[-86.370867,40.118808],[-86.384933,40.118637],[-86.385422,40.122238]]]}},{"type":"Feature","properties":{"NAME":"Emison","state_abbr":"IN","state_name":"Indiana","ALAND":4066545},"geometry":{"type":"Polygon","coordinates":[[[-87.476744,38.786991],[-87.472694,38.794113],[-87.473734,38.799043],[-87.472142,38.799933],[-87.470421,38.798616],[-87.460223,38.804989],[-87.461534,38.806319],[-87.456211,38.809578],[-87.460676,38.813895],[-87.45213,38.817597],[-87.450835,38.803937],[-87.448991,38.802236],[-87.444304,38.801742],[-87.445239,38.798408],[-87.447654,38.799178],[-87.450854,38.797143],[-87.450731,38.795566],[-87.461486,38.788866],[-87.465332,38.788575],[-87.473275,38.784695],[-87.476744,38.786991]]]}},{"type":"Feature","properties":{"NAME":"Fontanet","state_abbr":"IN","state_name":"Indiana","ALAND":2669797},"geometry":{"type":"Polygon","coordinates":[[[-87.253814,39.563475],[-87.248259,39.569428],[-87.248247,39.574618],[-87.252857,39.575089],[-87.252824,39.578758],[-87.249692,39.578771],[-87.249674,39.582365],[-87.243498,39.582415],[-87.243494,39.586015],[-87.238882,39.586025],[-87.238838,39.57484],[-87.236741,39.574802],[-87.238848,39.571191],[-87.238842,39.56009],[-87.252882,39.560592],[-87.253814,39.563475]]]}},{"type":"Feature","properties":{"NAME":"Freelandville","state_abbr":"IN","state_name":"Indiana","ALAND":14413169},"geometry":{"type":"Polygon","coordinates":[[[-87.334318,38.854018],[-87.334045,38.870445],[-87.327364,38.87033],[-87.321394,38.877267],[-87.316568,38.874025],[-87.315362,38.889054],[-87.297345,38.889222],[-87.297223,38.881863],[-87.287876,38.881879],[-87.287862,38.861113],[-87.289771,38.859731],[-87.297124,38.860549],[-87.297167,38.844934],[-87.312945,38.84486],[-87.315758,38.848235],[-87.322746,38.843662],[-87.325228,38.846091],[-87.326767,38.845732],[-87.334318,38.854018]]]}},{"type":"Feature","properties":{"NAME":"Harrodsburg","state_abbr":"IN","state_name":"Indiana","ALAND":11172621},"geometry":{"type":"Polygon","coordinates":[[[-86.573638,39.005728],[-86.568575,39.006511],[-86.561885,39.011753],[-86.563599,39.029424],[-86.568074,39.03038],[-86.566538,39.03732],[-86.563541,39.036158],[-86.56315,39.039105],[-86.555346,39.042226],[-86.541171,39.042153],[-86.542043,39.028666],[-86.539474,39.020664],[-86.536593,39.020307],[-86.537457,38.999648],[-86.545689,38.998175],[-86.550296,39.000859],[-86.55376,39.00073],[-86.562703,38.996249],[-86.568722,38.995738],[-86.573534,38.993265],[-86.573638,39.005728]]]}},{"type":"Feature","properties":{"NAME":"Enchanted Hills","state_abbr":"IN","state_name":"Indiana","ALAND":2862400},"geometry":{"type":"Polygon","coordinates":[[[-85.684588,41.410408],[-85.679952,41.411267],[-85.673051,41.409315],[-85.673087,41.415164],[-85.666304,41.414608],[-85.653551,41.412787],[-85.653521,41.407389],[-85.663276,41.407386],[-85.663223,41.394721],[-85.674316,41.393678],[-85.679982,41.401779],[-85.68421,41.404673],[-85.684588,41.410408]]]}},{"type":"Feature","properties":{"NAME":"Hoffman Lake","state_abbr":"IN","state_name":"Indiana","ALAND":1804050},"geometry":{"type":"Polygon","coordinates":[[[-85.998777,41.278632],[-85.99376,41.278706],[-85.993757,41.280243],[-85.989469,41.281398],[-85.986087,41.280619],[-85.985622,41.278733],[-85.979239,41.278983],[-85.978887,41.2649],[-85.989283,41.265008],[-85.998588,41.267271],[-85.998777,41.278632]]]}},{"type":"Feature","properties":{"NAME":"Eugene","state_abbr":"IN","state_name":"Indiana","ALAND":1188907},"geometry":{"type":"Polygon","coordinates":[[[-87.479376,39.962281],[-87.47699,39.962342],[-87.475662,39.970665],[-87.467861,39.968592],[-87.467286,39.966924],[-87.469557,39.964087],[-87.467599,39.960063],[-87.467519,39.955021],[-87.472739,39.954711],[-87.474773,39.953151],[-87.474673,39.959344],[-87.479306,39.959381],[-87.479376,39.962281]]]}},{"type":"Feature","properties":{"NAME":"Everton","state_abbr":"IN","state_name":"Indiana","ALAND":2425119},"geometry":{"type":"Polygon","coordinates":[[[-85.110958,39.552552],[-85.098135,39.556192],[-85.093175,39.560627],[-85.093156,39.562605],[-85.096796,39.562651],[-85.096925,39.575685],[-85.101507,39.575883],[-85.101568,39.577171],[-85.092244,39.575776],[-85.091344,39.569831],[-85.082865,39.569786],[-85.082865,39.562595],[-85.086766,39.562579],[-85.086888,39.560498],[-85.089727,39.560133],[-85.088916,39.553169],[-85.090396,39.553049],[-85.091,39.555436],[-85.097075,39.555459],[-85.097798,39.553165],[-85.101595,39.552651],[-85.101616,39.548388],[-85.102882,39.548325],[-85.110933,39.548308],[-85.110958,39.552552]]]}},{"type":"Feature","properties":{"NAME":"Fair Oaks","state_abbr":"IN","state_name":"Indiana","ALAND":683481},"geometry":{"type":"Polygon","coordinates":[[[-87.264441,41.075525],[-87.259085,41.078006],[-87.258189,41.076908],[-87.25684,41.078257],[-87.248168,41.078222],[-87.25508,41.073059],[-87.252674,41.070091],[-87.263666,41.071068],[-87.261473,41.071896],[-87.264441,41.075525]]]}},{"type":"Feature","properties":{"NAME":"Fairview","state_abbr":"IN","state_name":"Indiana","ALAND":1385245},"geometry":{"type":"Polygon","coordinates":[[[-85.209851,40.298623],[-85.2051,40.297139],[-85.205106,40.300252],[-85.186452,40.302356],[-85.186412,40.296837],[-85.183692,40.295655],[-85.186574,40.293411],[-85.194884,40.295144],[-85.209558,40.294208],[-85.209851,40.298623]]]}},{"type":"Feature","properties":{"NAME":"Fish Lake","state_abbr":"IN","state_name":"Indiana","ALAND":3990859},"geometry":{"type":"Polygon","coordinates":[[[-86.563462,41.568216],[-86.558487,41.56699],[-86.56199,41.569172],[-86.538715,41.5779],[-86.542872,41.571936],[-86.539032,41.56923],[-86.539846,41.554452],[-86.544115,41.554437],[-86.544111,41.550746],[-86.550769,41.550682],[-86.553075,41.548783],[-86.563333,41.548813],[-86.563462,41.568216]]]}},{"type":"Feature","properties":{"NAME":"Florence","state_abbr":"IN","state_name":"Indiana","ALAND":349478},"geometry":{"type":"Polygon","coordinates":[[[-84.930871,38.784165],[-84.918445,38.785098],[-84.908969,38.788391],[-84.929216,38.78042],[-84.930871,38.784165]]]}},{"type":"Feature","properties":{"NAME":"Metamora","state_abbr":"IN","state_name":"Indiana","ALAND":1049285},"geometry":{"type":"Polygon","coordinates":[[[-85.146768,39.450072],[-85.139339,39.450255],[-85.14294,39.451967],[-85.14264,39.454888],[-85.136528,39.453211],[-85.129075,39.446462],[-85.125495,39.446524],[-85.124099,39.443202],[-85.134786,39.445906],[-85.135671,39.444942],[-85.134243,39.444752],[-85.134348,39.443122],[-85.141736,39.443789],[-85.142329,39.447303],[-85.146768,39.450072]]]}},{"type":"Feature","properties":{"NAME":"Floyds Knobs","state_abbr":"IN","state_name":"Indiana","ALAND":16612370},"geometry":{"type":"Polygon","coordinates":[[[-85.91316,38.342369],[-85.911254,38.34546],[-85.903552,38.350336],[-85.88514,38.35192],[-85.860136,38.349994],[-85.859964,38.34304],[-85.855301,38.346149],[-85.846219,38.346208],[-85.846877,38.336451],[-85.860874,38.316956],[-85.88305,38.317106],[-85.885219,38.314515],[-85.896214,38.311197],[-85.897892,38.316181],[-85.898686,38.334366],[-85.902069,38.337813],[-85.91316,38.342369]]]}},{"type":"Feature","properties":{"NAME":"Folsomville","state_abbr":"IN","state_name":"Indiana","ALAND":818264},"geometry":{"type":"Polygon","coordinates":[[[-87.167761,38.130115],[-87.16667,38.13561],[-87.162964,38.135339],[-87.163008,38.133699],[-87.159624,38.133633],[-87.159775,38.130847],[-87.154713,38.130803],[-87.154878,38.126127],[-87.164472,38.126107],[-87.167761,38.130115]]]}},{"type":"Feature","properties":{"NAME":"Forest","state_abbr":"IN","state_name":"Indiana","ALAND":605659},"geometry":{"type":"Polygon","coordinates":[[[-86.338018,40.373611],[-86.337404,40.377631],[-86.332697,40.377572],[-86.332693,40.376258],[-86.327991,40.377513],[-86.327965,40.374789],[-86.325566,40.373855],[-86.327958,40.37348],[-86.327971,40.37027],[-86.332997,40.369313],[-86.335046,40.369361],[-86.335755,40.373504],[-86.338018,40.373611]]]}},{"type":"Feature","properties":{"NAME":"Hillisburg","state_abbr":"IN","state_name":"Indiana","ALAND":208897},"geometry":{"type":"Polygon","coordinates":[[[-86.34186,40.283975],[-86.342317,40.28851],[-86.337547,40.288533],[-86.337593,40.283682],[-86.34186,40.283975]]]}},{"type":"Feature","properties":{"NAME":"Jefferson","state_abbr":"IN","state_name":"Indiana","ALAND":295288},"geometry":{"type":"Polygon","coordinates":[[[-86.597217,40.27766],[-86.595439,40.280644],[-86.591221,40.281499],[-86.586482,40.280711],[-86.586114,40.279269],[-86.586597,40.277732],[-86.597217,40.27766]]]}},{"type":"Feature","properties":{"NAME":"Foster","state_abbr":"IN","state_name":"Indiana","ALAND":3329561},"geometry":{"type":"Polygon","coordinates":[[[-87.484672,40.152816],[-87.476115,40.152983],[-87.476087,40.15473],[-87.471302,40.155038],[-87.471291,40.14776],[-87.457173,40.14908],[-87.457078,40.141907],[-87.461858,40.141897],[-87.46183,40.13109],[-87.459807,40.131006],[-87.459824,40.127338],[-87.471233,40.127322],[-87.471239,40.138376],[-87.474425,40.138117],[-87.474422,40.14198],[-87.478056,40.141991],[-87.479323,40.146223],[-87.476841,40.148044],[-87.483026,40.150409],[-87.484672,40.152816]]]}},{"type":"Feature","properties":{"NAME":"Kramer","state_abbr":"IN","state_name":"Indiana","ALAND":903224},"geometry":{"type":"Polygon","coordinates":[[[-87.293713,40.334105],[-87.292745,40.338937],[-87.277115,40.344613],[-87.277123,40.338422],[-87.287072,40.335981],[-87.287223,40.334151],[-87.293713,40.334105]]]}},{"type":"Feature","properties":{"NAME":"Fountaintown","state_abbr":"IN","state_name":"Indiana","ALAND":2278923},"geometry":{"type":"Polygon","coordinates":[[[-85.79888,39.698866],[-85.76808,39.699068],[-85.767705,39.697504],[-85.769186,39.693743],[-85.772522,39.690899],[-85.77737,39.690861],[-85.777349,39.688798],[-85.787681,39.687006],[-85.792079,39.688146],[-85.792696,39.69728],[-85.79888,39.698866]]]}},{"type":"Feature","properties":{"NAME":"Geneva","state_abbr":"IN","state_name":"Indiana","ALAND":810577},"geometry":{"type":"Polygon","coordinates":[[[-85.724155,39.387231],[-85.722265,39.390133],[-85.72215,39.394373],[-85.719787,39.394371],[-85.718505,39.396303],[-85.712575,39.396169],[-85.71271,39.387021],[-85.724155,39.387231]]]}},{"type":"Feature","properties":{"NAME":"Fredericksburg","state_abbr":"IN","state_name":"Indiana","ALAND":2784729},"geometry":{"type":"Polygon","coordinates":[[[-86.206992,38.44425],[-86.204355,38.442949],[-86.191864,38.443378],[-86.189273,38.436071],[-86.184794,38.435923],[-86.184808,38.428531],[-86.197679,38.428589],[-86.202993,38.425563],[-86.206914,38.435361],[-86.206992,38.44425]]]}},{"type":"Feature","properties":{"NAME":"Freetown","state_abbr":"IN","state_name":"Indiana","ALAND":1794352},"geometry":{"type":"Polygon","coordinates":[[[-86.135803,38.971914],[-86.134447,38.973891],[-86.134579,38.982662],[-86.126941,38.982209],[-86.126652,38.984335],[-86.119716,38.984433],[-86.118164,38.973553],[-86.12719,38.972485],[-86.125221,38.969986],[-86.133741,38.969938],[-86.135803,38.971914]]]}},{"type":"Feature","properties":{"NAME":"Galena","state_abbr":"IN","state_name":"Indiana","ALAND":6918236},"geometry":{"type":"Polygon","coordinates":[[[-85.958519,38.362793],[-85.951188,38.364462],[-85.946006,38.359324],[-85.940808,38.364024],[-85.936198,38.364279],[-85.933604,38.359798],[-85.919581,38.356908],[-85.919758,38.340141],[-85.933791,38.336193],[-85.95711,38.352348],[-85.95708,38.361144],[-85.958519,38.362793]]]}},{"type":"Feature","properties":{"NAME":"Goldsmith","state_abbr":"IN","state_name":"Indiana","ALAND":533307},"geometry":{"type":"Polygon","coordinates":[[[-86.15537,40.295529],[-86.14959,40.295568],[-86.148627,40.291167],[-86.143599,40.290442],[-86.143624,40.289113],[-86.150722,40.287482],[-86.150776,40.285508],[-86.154533,40.28546],[-86.154683,40.286933],[-86.151959,40.288563],[-86.153558,40.292263],[-86.155374,40.292398],[-86.15537,40.295529]]]}},{"type":"Feature","properties":{"NAME":"Hobbs","state_abbr":"IN","state_name":"Indiana","ALAND":2140624},"geometry":{"type":"Polygon","coordinates":[[[-85.966542,40.287765],[-85.958773,40.287863],[-85.958696,40.290565],[-85.942512,40.290657],[-85.9426,40.283923],[-85.93993,40.282631],[-85.942652,40.279368],[-85.961751,40.279737],[-85.961769,40.283373],[-85.966466,40.283387],[-85.966542,40.287765]]]}},{"type":"Feature","properties":{"NAME":"Leopold","state_abbr":"IN","state_name":"Indiana","ALAND":830401},"geometry":{"type":"Polygon","coordinates":[[[-86.587237,38.108794],[-86.582494,38.109158],[-86.580692,38.107217],[-86.578016,38.107381],[-86.578038,38.102199],[-86.579451,38.102492],[-86.578027,38.09908],[-86.587084,38.098825],[-86.587237,38.108794]]]}},{"type":"Feature","properties":{"NAME":"Grandview Lake","state_abbr":"IN","state_name":"Indiana","ALAND":1336400},"geometry":{"type":"Polygon","coordinates":[[[-86.060403,39.149022],[-86.052814,39.162058],[-86.049348,39.161179],[-86.048956,39.159151],[-86.053157,39.15226],[-86.049092,39.152763],[-86.047319,39.154994],[-86.045153,39.152934],[-86.043061,39.157618],[-86.040185,39.159869],[-86.03636,39.157343],[-86.038873,39.15587],[-86.039868,39.151842],[-86.033737,39.154815],[-86.033516,39.146372],[-86.039238,39.143813],[-86.051957,39.144716],[-86.049177,39.148205],[-86.059183,39.147754],[-86.060403,39.149022]]]}},{"type":"Feature","properties":{"NAME":"Harrison Lake","state_abbr":"IN","state_name":"Indiana","ALAND":687647},"geometry":{"type":"Polygon","coordinates":[[[-86.031853,39.18836],[-86.029586,39.191028],[-86.022738,39.190493],[-86.020091,39.187728],[-86.019373,39.180151],[-86.031686,39.180923],[-86.031853,39.18836]]]}},{"type":"Feature","properties":{"NAME":"Green Hill","state_abbr":"IN","state_name":"Indiana","ALAND":1214208},"geometry":{"type":"Polygon","coordinates":[[[-87.121661,40.407662],[-87.119471,40.415667],[-87.107123,40.417245],[-87.10639,40.418695],[-87.104006,40.417567],[-87.10278,40.420176],[-87.099636,40.418461],[-87.097795,40.419289],[-87.097689,40.417009],[-87.101468,40.417074],[-87.100509,40.414278],[-87.107346,40.414305],[-87.109847,40.412889],[-87.109861,40.411084],[-87.114577,40.4097],[-87.117436,40.405878],[-87.121661,40.407662]]]}},{"type":"Feature","properties":{"NAME":"Independence","state_abbr":"IN","state_name":"Indiana","ALAND":488686},"geometry":{"type":"Polygon","coordinates":[[[-87.177131,40.335222],[-87.173409,40.337857],[-87.174084,40.341248],[-87.172787,40.3426],[-87.168667,40.343733],[-87.168689,40.338932],[-87.166652,40.338912],[-87.168566,40.337414],[-87.167898,40.334952],[-87.175858,40.332341],[-87.177131,40.335222]]]}},{"type":"Feature","properties":{"NAME":"Grissom AFB","state_abbr":"IN","state_name":"Indiana","ALAND":10348514},"geometry":{"type":"Polygon","coordinates":[[[-86.174198,40.635407],[-86.155874,40.649639],[-86.156348,40.657253],[-86.166041,40.657007],[-86.166186,40.66425],[-86.156661,40.664254],[-86.15675,40.671549],[-86.15889,40.671549],[-86.158967,40.673031],[-86.163634,40.672829],[-86.166623,40.678404],[-86.161545,40.678374],[-86.158684,40.676751],[-86.156918,40.678347],[-86.150987,40.678314],[-86.128489,40.670362],[-86.128376,40.666215],[-86.123569,40.664989],[-86.125074,40.660591],[-86.128159,40.661069],[-86.127806,40.649861],[-86.140457,40.649756],[-86.140552,40.642868],[-86.154553,40.642614],[-86.168829,40.6319],[-86.171567,40.632271],[-86.174198,40.635407]]]}},{"type":"Feature","properties":{"NAME":"Groveland","state_abbr":"IN","state_name":"Indiana","ALAND":2869872},"geometry":{"type":"Polygon","coordinates":[[[-86.736307,39.758096],[-86.736229,39.76208],[-86.729312,39.76174],[-86.725638,39.7632],[-86.726117,39.766759],[-86.724011,39.768512],[-86.725656,39.770978],[-86.724404,39.772296],[-86.724764,39.77626],[-86.719746,39.776232],[-86.719739,39.773026],[-86.715061,39.772203],[-86.715061,39.760861],[-86.710618,39.760817],[-86.715977,39.756074],[-86.715976,39.753635],[-86.733995,39.753753],[-86.733926,39.757957],[-86.736307,39.758096]]]}},{"type":"Feature","properties":{"NAME":"Groverton","state_abbr":"IN","state_name":"Indiana","ALAND":2236732},"geometry":{"type":"MultiPolygon","coordinates":[[[[-86.503595,41.376931],[-86.503495,41.377068],[-86.503481,41.376827],[-86.503595,41.376931]]],[[[-86.519454,41.372883],[-86.519424,41.378502],[-86.514548,41.378515],[-86.514577,41.382191],[-86.509821,41.382195],[-86.509776,41.386999],[-86.505048,41.38698],[-86.503844,41.374925],[-86.492752,41.374879],[-86.490813,41.375983],[-86.490608,41.378498],[-86.49054,41.36819],[-86.519454,41.372883]]]]}},{"type":"Feature","properties":{"NAME":"Hartz Lake","state_abbr":"IN","state_name":"Indiana","ALAND":1090600},"geometry":{"type":"Polygon","coordinates":[[[-86.500763,41.171971],[-86.500657,41.182523],[-86.495875,41.182468],[-86.490945,41.178856],[-86.486294,41.178802],[-86.486325,41.17159],[-86.500763,41.171971]]]}},{"type":"Feature","properties":{"NAME":"Malden","state_abbr":"IN","state_name":"Indiana","ALAND":1831349},"geometry":{"type":"Polygon","coordinates":[[[-87.036653,41.369257],[-87.036662,41.380724],[-87.031871,41.378789],[-87.031876,41.383637],[-87.020928,41.38355],[-87.018918,41.379139],[-87.019632,41.372477],[-87.036653,41.369257]]]}},{"type":"Feature","properties":{"NAME":"Gwynneville","state_abbr":"IN","state_name":"Indiana","ALAND":572832},"geometry":{"type":"Polygon","coordinates":[[[-85.655977,39.664475],[-85.651811,39.663359],[-85.65182,39.667359],[-85.650469,39.66736],[-85.650469,39.665832],[-85.64708,39.665839],[-85.647198,39.662353],[-85.642301,39.66212],[-85.642342,39.658692],[-85.647073,39.65998],[-85.647075,39.658426],[-85.651827,39.657514],[-85.651819,39.661229],[-85.65602,39.662309],[-85.655977,39.664475]]]}},{"type":"Feature","properties":{"NAME":"Hanna","state_abbr":"IN","state_name":"Indiana","ALAND":2533199},"geometry":{"type":"Polygon","coordinates":[[[-86.791081,41.413668],[-86.791034,41.418947],[-86.784676,41.418816],[-86.784707,41.423427],[-86.777273,41.422555],[-86.779729,41.417259],[-86.772644,41.413791],[-86.765539,41.407797],[-86.76559,41.404352],[-86.786583,41.404474],[-86.78619,41.408053],[-86.787538,41.408055],[-86.784812,41.411795],[-86.791081,41.413668]]]}},{"type":"Feature","properties":{"NAME":"Hudson Lake","state_abbr":"IN","state_name":"Indiana","ALAND":4986731},"geometry":{"type":"Polygon","coordinates":[[[-86.570677,41.715181],[-86.56576,41.727582],[-86.562966,41.728994],[-86.55372,41.724907],[-86.553679,41.726604],[-86.534395,41.725982],[-86.534464,41.722855],[-86.524724,41.723406],[-86.525027,41.70828],[-86.543148,41.709255],[-86.550254,41.707562],[-86.554201,41.709454],[-86.568036,41.709673],[-86.570677,41.715181]]]}},{"type":"Feature","properties":{"NAME":"Hardinsburg","state_abbr":"IN","state_name":"Indiana","ALAND":5270410},"geometry":{"type":"Polygon","coordinates":[[[-86.289063,38.452935],[-86.289148,38.470265],[-86.255565,38.470295],[-86.255727,38.458389],[-86.262224,38.458345],[-86.262296,38.45298],[-86.289063,38.452935]]]}},{"type":"Feature","properties":{"NAME":"Hashtown","state_abbr":"IN","state_name":"Indiana","ALAND":877270},"geometry":{"type":"Polygon","coordinates":[[[-86.93035,39.02219],[-86.927079,39.024148],[-86.929016,39.025271],[-86.927649,39.029046],[-86.926086,39.029273],[-86.925793,39.028049],[-86.920833,39.02886],[-86.916007,39.021455],[-86.916507,39.019491],[-86.922401,39.019508],[-86.923921,39.021988],[-86.930257,39.020318],[-86.93035,39.02219]]]}},{"type":"Feature","properties":{"NAME":"Lake Bruce","state_abbr":"IN","state_name":"Indiana","ALAND":1515157},"geometry":{"type":"Polygon","coordinates":[[[-86.473166,41.075766],[-86.471391,41.078864],[-86.467509,41.076394],[-86.467221,41.084228],[-86.45657,41.084215],[-86.457359,41.077059],[-86.453107,41.077091],[-86.453054,41.065936],[-86.467345,41.066078],[-86.467514,41.072917],[-86.473166,41.075766]]]}},{"type":"Feature","properties":{"NAME":"Leiters Ford","state_abbr":"IN","state_name":"Indiana","ALAND":1635653},"geometry":{"type":"Polygon","coordinates":[[[-86.391195,41.125042],[-86.386751,41.126838],[-86.386691,41.128292],[-86.376064,41.127954],[-86.375987,41.113487],[-86.386379,41.113484],[-86.389847,41.118838],[-86.389849,41.123697],[-86.391195,41.125042]]]}},{"type":"Feature","properties":{"NAME":"Hatfield","state_abbr":"IN","state_name":"Indiana","ALAND":3034407},"geometry":{"type":"Polygon","coordinates":[[[-87.237593,37.90294],[-87.235963,37.903272],[-87.23719,37.9042],[-87.229982,37.904568],[-87.224161,37.910001],[-87.205739,37.909721],[-87.206315,37.901395],[-87.222268,37.900405],[-87.222176,37.895257],[-87.235496,37.895459],[-87.2375,37.897143],[-87.237593,37.90294]]]}},{"type":"Feature","properties":{"NAME":"Hedrick","state_abbr":"IN","state_name":"Indiana","ALAND":104174},"geometry":{"type":"Polygon","coordinates":[[[-87.495422,40.304214],[-87.48894,40.303882],[-87.48894,40.302951],[-87.494228,40.301777],[-87.495422,40.304214]]]}},{"type":"Feature","properties":{"NAME":"Marshfield","state_abbr":"IN","state_name":"Indiana","ALAND":413526},"geometry":{"type":"Polygon","coordinates":[[[-87.456456,40.247753],[-87.457705,40.254199],[-87.455543,40.254242],[-87.4555,40.252824],[-87.451197,40.251852],[-87.447357,40.254183],[-87.444393,40.250687],[-87.449834,40.25069],[-87.449907,40.248642],[-87.454075,40.249355],[-87.456456,40.247753]]]}},{"type":"Feature","properties":{"NAME":"Helmer","state_abbr":"IN","state_name":"Indiana","ALAND":272482},"geometry":{"type":"Polygon","coordinates":[[[-85.174749,41.530591],[-85.173308,41.53512],[-85.168229,41.53538],[-85.168153,41.53016],[-85.174749,41.530591]]]}},{"type":"Feature","properties":{"NAME":"Helmsburg","state_abbr":"IN","state_name":"Indiana","ALAND":3275988},"geometry":{"type":"Polygon","coordinates":[[[-86.313309,39.271058],[-86.311932,39.273315],[-86.280897,39.273419],[-86.281146,39.268101],[-86.279961,39.267047],[-86.287939,39.261802],[-86.297923,39.260337],[-86.307066,39.262272],[-86.309044,39.267358],[-86.312426,39.268004],[-86.313309,39.271058]]]}},{"type":"Feature","properties":{"NAME":"Heltonville","state_abbr":"IN","state_name":"Indiana","ALAND":858844},"geometry":{"type":"Polygon","coordinates":[[[-86.381653,38.924505],[-86.377737,38.926857],[-86.380034,38.927636],[-86.379791,38.934119],[-86.376743,38.934873],[-86.376627,38.932702],[-86.363684,38.932739],[-86.362277,38.929516],[-86.370974,38.929931],[-86.374467,38.925608],[-86.381653,38.924505]]]}},{"type":"Feature","properties":{"NAME":"Henryville","state_abbr":"IN","state_name":"Indiana","ALAND":7317738},"geometry":{"type":"Polygon","coordinates":[[[-85.777822,38.540383],[-85.778695,38.558913],[-85.774902,38.556307],[-85.770977,38.556413],[-85.766809,38.552986],[-85.763652,38.558483],[-85.753507,38.547042],[-85.750812,38.539275],[-85.747754,38.535988],[-85.76078,38.52824],[-85.762404,38.519836],[-85.758508,38.513835],[-85.762584,38.508495],[-85.761248,38.514745],[-85.766251,38.51397],[-85.766028,38.520837],[-85.774167,38.53084],[-85.774468,38.528752],[-85.777822,38.540383]]]}},{"type":"Feature","properties":{"NAME":"Memphis","state_abbr":"IN","state_name":"Indiana","ALAND":6727882},"geometry":{"type":"Polygon","coordinates":[[[-85.786817,38.494286],[-85.7835,38.497624],[-85.773054,38.502698],[-85.772484,38.501522],[-85.766053,38.50203],[-85.763605,38.499938],[-85.758895,38.501351],[-85.757177,38.499267],[-85.754505,38.498968],[-85.754391,38.493813],[-85.750932,38.49281],[-85.754721,38.482047],[-85.750319,38.478904],[-85.753257,38.476666],[-85.755663,38.477657],[-85.758269,38.472974],[-85.760625,38.474636],[-85.760445,38.471796],[-85.762248,38.471105],[-85.763217,38.474527],[-85.7687,38.476568],[-85.770138,38.475788],[-85.77242,38.490801],[-85.774781,38.492167],[-85.772265,38.48696],[-85.784368,38.47995],[-85.786817,38.494286]]]}},{"type":"Feature","properties":{"NAME":"Herbst","state_abbr":"IN","state_name":"Indiana","ALAND":352077},"geometry":{"type":"Polygon","coordinates":[[[-85.792067,40.515744],[-85.781904,40.51588],[-85.78108,40.516553],[-85.781139,40.514673],[-85.784987,40.514054],[-85.785748,40.510328],[-85.787318,40.510037],[-85.788403,40.512077],[-85.79206,40.512075],[-85.792067,40.515744]]]}},{"type":"Feature","properties":{"NAME":"Highland","state_abbr":"IN","state_name":"Indiana","ALAND":5872826},"geometry":{"type":"Polygon","coordinates":[[[-87.578408,38.050053],[-87.574345,38.052994],[-87.575932,38.060402],[-87.567423,38.060947],[-87.566042,38.057908],[-87.550519,38.057666],[-87.55065,38.050175],[-87.548399,38.049406],[-87.542406,38.040094],[-87.547074,38.037695],[-87.555457,38.037556],[-87.559583,38.033828],[-87.562224,38.033747],[-87.564209,38.035718],[-87.570474,38.037206],[-87.569015,38.037563],[-87.569001,38.039782],[-87.574012,38.041225],[-87.574228,38.044216],[-87.578408,38.050053]]]}},{"type":"Feature","properties":{"NAME":"Hillsdale","state_abbr":"IN","state_name":"Indiana","ALAND":1389097},"geometry":{"type":"Polygon","coordinates":[[[-87.399776,39.790457],[-87.386341,39.790835],[-87.385561,39.778427],[-87.39111,39.77764],[-87.395026,39.779765],[-87.399562,39.786208],[-87.399776,39.790457]]]}},{"type":"Feature","properties":{"NAME":"Hoagland","state_abbr":"IN","state_name":"Indiana","ALAND":8802032},"geometry":{"type":"Polygon","coordinates":[[[-85.017198,40.961963],[-84.972395,40.963183],[-84.97222,40.948556],[-84.977732,40.94842],[-84.977477,40.939904],[-84.978854,40.941143],[-85.017029,40.940211],[-85.017198,40.961963]]]}},{"type":"Feature","properties":{"NAME":"Holiday Woods","state_abbr":"IN","state_name":"Indiana","ALAND":603594},"geometry":{"type":"Polygon","coordinates":[[[-85.076418,41.627432],[-85.071976,41.627352],[-85.064767,41.622277],[-85.064665,41.620202],[-85.076402,41.620175],[-85.076418,41.627432]]]}},{"type":"Feature","properties":{"NAME":"Howe","state_abbr":"IN","state_name":"Indiana","ALAND":4630362},"geometry":{"type":"Polygon","coordinates":[[[-85.446712,41.732075],[-85.426063,41.728779],[-85.408381,41.72894],[-85.408093,41.710426],[-85.410507,41.712585],[-85.425951,41.713312],[-85.425939,41.720344],[-85.446086,41.71994],[-85.446712,41.732075]]]}},{"type":"Feature","properties":{"NAME":"Huron","state_abbr":"IN","state_name":"Indiana","ALAND":1028031},"geometry":{"type":"Polygon","coordinates":[[[-86.680876,38.719862],[-86.680618,38.72307],[-86.67627,38.72461],[-86.663103,38.72428],[-86.659296,38.721928],[-86.665941,38.722456],[-86.666192,38.715851],[-86.673895,38.715781],[-86.674088,38.721825],[-86.680876,38.719862]]]}},{"type":"Feature","properties":{"NAME":"Judah","state_abbr":"IN","state_name":"Indiana","ALAND":3068622},"geometry":{"type":"Polygon","coordinates":[[[-86.552661,38.962109],[-86.545867,38.973843],[-86.539617,38.973827],[-86.541213,38.964846],[-86.531421,38.952956],[-86.526988,38.950641],[-86.527166,38.94855],[-86.535339,38.947633],[-86.536927,38.950872],[-86.544645,38.95123],[-86.544669,38.953576],[-86.552573,38.954668],[-86.552661,38.962109]]]}},{"type":"Feature","properties":{"NAME":"Idaville","state_abbr":"IN","state_name":"Indiana","ALAND":15114131},"geometry":{"type":"Polygon","coordinates":[[[-86.68754,40.75492],[-86.68748,40.759],[-86.67792,40.75882],[-86.67732,40.777184],[-86.671413,40.777091],[-86.663874,40.772146],[-86.648978,40.769491],[-86.64896,40.78052],[-86.62965,40.7804],[-86.629934,40.736279],[-86.65892,40.73664],[-86.65842,40.75123],[-86.667479,40.751373],[-86.667677,40.756161],[-86.68754,40.75492]]]}},{"type":"Feature","properties":{"NAME":"Landess","state_abbr":"IN","state_name":"Indiana","ALAND":3657117},"geometry":{"type":"Polygon","coordinates":[[[-85.580694,40.619197],[-85.561126,40.617056],[-85.542898,40.617094],[-85.543011,40.611439],[-85.536437,40.610698],[-85.541961,40.604049],[-85.543944,40.606216],[-85.556962,40.606915],[-85.560911,40.608994],[-85.568785,40.60747],[-85.573893,40.609523],[-85.574182,40.611297],[-85.580434,40.61164],[-85.580694,40.619197]]]}},{"type":"Feature","properties":{"NAME":"Ireland","state_abbr":"IN","state_name":"Indiana","ALAND":713061},"geometry":{"type":"Polygon","coordinates":[[[-87.005818,38.411454],[-87.000052,38.419679],[-86.994814,38.418494],[-86.993395,38.411315],[-87.005818,38.411454]]]}},{"type":"Feature","properties":{"NAME":"Jimmerson Lake","state_abbr":"IN","state_name":"Indiana","ALAND":4459866},"geometry":{"type":"Polygon","coordinates":[[[-85.078187,41.725286],[-85.072252,41.725262],[-85.065294,41.721674],[-85.064977,41.715043],[-85.049374,41.715089],[-85.04819,41.696864],[-85.057774,41.696751],[-85.057762,41.693129],[-85.072185,41.692249],[-85.072292,41.707405],[-85.077061,41.711777],[-85.078187,41.725286]]]}},{"type":"Feature","properties":{"NAME":"Johnson","state_abbr":"IN","state_name":"Indiana","ALAND":5157663},"geometry":{"type":"Polygon","coordinates":[[[-87.77152,38.274278],[-87.760121,38.276822],[-87.757543,38.279767],[-87.751901,38.282303],[-87.72501,38.279557],[-87.725035,38.270412],[-87.743304,38.270574],[-87.74129,38.266877],[-87.758723,38.267415],[-87.758702,38.265153],[-87.763359,38.265267],[-87.763352,38.267169],[-87.771601,38.267186],[-87.77152,38.274278]]]}},{"type":"Feature","properties":{"NAME":"Judyville","state_abbr":"IN","state_name":"Indiana","ALAND":331707},"geometry":{"type":"Polygon","coordinates":[[[-87.401167,40.359767],[-87.39779,40.359865],[-87.397792,40.362019],[-87.395615,40.362177],[-87.395418,40.359888],[-87.393565,40.359907],[-87.39376,40.357312],[-87.391447,40.357379],[-87.391476,40.35599],[-87.40115,40.35633],[-87.401167,40.359767]]]}},{"type":"Feature","properties":{"NAME":"Keystone","state_abbr":"IN","state_name":"Indiana","ALAND":2284600},"geometry":{"type":"Polygon","coordinates":[[[-85.268747,40.596143],[-85.268704,40.603378],[-85.253855,40.603365],[-85.254336,40.58165],[-85.263864,40.581649],[-85.264477,40.596134],[-85.268747,40.596143]]]}},{"type":"Feature","properties":{"NAME":"Kimmell","state_abbr":"IN","state_name":"Indiana","ALAND":2485411},"geometry":{"type":"Polygon","coordinates":[[[-85.563431,41.399019],[-85.553407,41.397426],[-85.553556,41.402711],[-85.539,41.402583],[-85.53882,41.388115],[-85.558831,41.38829],[-85.5589,41.392912],[-85.563431,41.399019]]]}},{"type":"Feature","properties":{"NAME":"Lake Dalecarlia","state_abbr":"IN","state_name":"Indiana","ALAND":2921353},"geometry":{"type":"Polygon","coordinates":[[[-87.421491,41.340851],[-87.42156,41.347919],[-87.413329,41.347121],[-87.410242,41.343296],[-87.410223,41.340824],[-87.402229,41.340803],[-87.402309,41.344456],[-87.39744,41.344451],[-87.397516,41.347803],[-87.392632,41.34788],[-87.392175,41.326194],[-87.401316,41.326232],[-87.401516,41.32775],[-87.405555,41.328367],[-87.407016,41.326968],[-87.41138,41.327197],[-87.411798,41.340827],[-87.421491,41.340851]]]}},{"type":"Feature","properties":{"NAME":"Lake Eliza","state_abbr":"IN","state_name":"Indiana","ALAND":1230868},"geometry":{"type":"Polygon","coordinates":[[[-87.190764,41.426824],[-87.19077,41.434592],[-87.171471,41.434503],[-87.171462,41.427364],[-87.176326,41.427648],[-87.176347,41.424843],[-87.173634,41.426243],[-87.174049,41.424466],[-87.176502,41.424293],[-87.176516,41.427638],[-87.179214,41.425966],[-87.190764,41.426824]]]}},{"type":"Feature","properties":{"NAME":"Lakes of the Four Seasons","state_abbr":"IN","state_name":"Indiana","ALAND":5899123},"geometry":{"type":"Polygon","coordinates":[[[-87.237812,41.414888],[-87.232868,41.418348],[-87.224487,41.418392],[-87.224492,41.420192],[-87.205216,41.420155],[-87.205206,41.394638],[-87.229308,41.39467],[-87.229327,41.398363],[-87.236473,41.398377],[-87.236081,41.41049],[-87.237812,41.414888]]]}},{"type":"Feature","properties":{"NAME":"Lake Village","state_abbr":"IN","state_name":"Indiana","ALAND":10213928},"geometry":{"type":"Polygon","coordinates":[[[-87.462618,41.144859],[-87.420052,41.144719],[-87.42014,41.115564],[-87.453027,41.115732],[-87.462618,41.144859]]]}},{"type":"Feature","properties":{"NAME":"Lawrenceport","state_abbr":"IN","state_name":"Indiana","ALAND":1412946},"geometry":{"type":"Polygon","coordinates":[[[-86.400843,38.746092],[-86.386942,38.754091],[-86.38395,38.752751],[-86.384591,38.751337],[-86.38259,38.750107],[-86.382569,38.74069],[-86.385493,38.740673],[-86.38727,38.744253],[-86.396688,38.742472],[-86.400843,38.746092]]]}},{"type":"Feature","properties":{"NAME":"Leroy","state_abbr":"IN","state_name":"Indiana","ALAND":572250},"geometry":{"type":"Polygon","coordinates":[[[-87.275508,41.354593],[-87.27404,41.358201],[-87.275228,41.36272],[-87.267864,41.363875],[-87.267823,41.35457],[-87.275508,41.354593]]]}},{"type":"Feature","properties":{"NAME":"Letts","state_abbr":"IN","state_name":"Indiana","ALAND":398817},"geometry":{"type":"Polygon","coordinates":[[[-85.579046,39.23452],[-85.575005,39.236797],[-85.57432,39.234656],[-85.567343,39.235117],[-85.56412,39.237868],[-85.564141,39.235196],[-85.561764,39.233575],[-85.564984,39.233028],[-85.564963,39.230959],[-85.569499,39.230926],[-85.569522,39.233821],[-85.579046,39.23452]]]}},{"type":"Feature","properties":{"NAME":"Lewis","state_abbr":"IN","state_name":"Indiana","ALAND":702305},"geometry":{"type":"Polygon","coordinates":[[[-87.262183,39.263857],[-87.259208,39.263856],[-87.258986,39.266411],[-87.256664,39.266405],[-87.255854,39.263106],[-87.252855,39.260448],[-87.247798,39.260275],[-87.248197,39.256443],[-87.259203,39.256417],[-87.260166,39.261837],[-87.262183,39.263857]]]}},{"type":"Feature","properties":{"NAME":"Libertyville","state_abbr":"IN","state_name":"Indiana","ALAND":394354},"geometry":{"type":"Polygon","coordinates":[[[-87.523776,39.606553],[-87.514219,39.607298],[-87.514157,39.602024],[-87.518886,39.602046],[-87.519943,39.603951],[-87.522881,39.603941],[-87.523776,39.606553]]]}},{"type":"Feature","properties":{"NAME":"Linn Grove","state_abbr":"IN","state_name":"Indiana","ALAND":548137},"geometry":{"type":"Polygon","coordinates":[[[-85.041594,40.645019],[-85.037185,40.645209],[-85.033806,40.648517],[-85.030722,40.649249],[-85.029126,40.645422],[-85.031454,40.642842],[-85.030888,40.641644],[-85.036741,40.641251],[-85.041538,40.641491],[-85.041594,40.645019]]]}},{"type":"Feature","properties":{"NAME":"London","state_abbr":"IN","state_name":"Indiana","ALAND":936093},"geometry":{"type":"Polygon","coordinates":[[[-85.929993,39.624186],[-85.924863,39.626452],[-85.923767,39.629078],[-85.920391,39.628741],[-85.919228,39.631826],[-85.91448,39.631885],[-85.914609,39.624508],[-85.911233,39.624417],[-85.911192,39.618069],[-85.919098,39.623256],[-85.919311,39.621772],[-85.923144,39.624421],[-85.929993,39.624186]]]}},{"type":"Feature","properties":{"NAME":"Lucerne","state_abbr":"IN","state_name":"Indiana","ALAND":233548},"geometry":{"type":"Polygon","coordinates":[[[-86.408642,40.86637],[-86.403276,40.868753],[-86.400995,40.867466],[-86.400203,40.864785],[-86.402168,40.864748],[-86.40224,40.862268],[-86.403579,40.862258],[-86.403572,40.864638],[-86.405514,40.864137],[-86.40554,40.865817],[-86.407227,40.864855],[-86.407234,40.866337],[-86.408642,40.86637]]]}},{"type":"Feature","properties":{"NAME":"Marietta","state_abbr":"IN","state_name":"Indiana","ALAND":976187},"geometry":{"type":"Polygon","coordinates":[[[-85.891038,39.438306],[-85.888655,39.439938],[-85.888894,39.442475],[-85.883932,39.444722],[-85.874419,39.445024],[-85.87413,39.437676],[-85.890405,39.437249],[-85.891038,39.438306]]]}},{"type":"Feature","properties":{"NAME":"Marion","state_abbr":"IN","state_name":"Indiana","ALAND":871537},"geometry":{"type":"Polygon","coordinates":[[[-85.765394,39.592125],[-85.765157,39.593612],[-85.758688,39.593668],[-85.758902,39.591459],[-85.752881,39.591516],[-85.752849,39.584135],[-85.759937,39.584116],[-85.761992,39.581313],[-85.761917,39.586809],[-85.76442,39.58809],[-85.762535,39.590037],[-85.765394,39.592125]]]}},{"type":"Feature","properties":{"NAME":"Maxwell","state_abbr":"IN","state_name":"Indiana","ALAND":1890856},"geometry":{"type":"Polygon","coordinates":[[[-85.776144,39.84807],[-85.775908,39.863171],[-85.77176,39.863777],[-85.77003,39.863782],[-85.769978,39.859803],[-85.764289,39.861184],[-85.764144,39.858426],[-85.754745,39.860128],[-85.756218,39.85429],[-85.766713,39.853144],[-85.766599,39.848559],[-85.769971,39.848041],[-85.776144,39.84807]]]}},{"type":"Feature","properties":{"NAME":"Melody Hill","state_abbr":"IN","state_name":"Indiana","ALAND":3544008},"geometry":{"type":"Polygon","coordinates":[[[-87.532527,38.028192],[-87.526775,38.035436],[-87.509917,38.03521],[-87.510413,38.020504],[-87.492743,38.020357],[-87.493131,38.017982],[-87.495158,38.012486],[-87.497204,38.010985],[-87.501396,38.013124],[-87.510931,38.013201],[-87.510478,38.014682],[-87.515045,38.015109],[-87.514929,38.022433],[-87.519476,38.022479],[-87.519358,38.027928],[-87.532527,38.028192]]]}},{"type":"Feature","properties":{"NAME":"Mexico","state_abbr":"IN","state_name":"Indiana","ALAND":14217385},"geometry":{"type":"Polygon","coordinates":[[[-86.129164,40.792914],[-86.128378,40.843827],[-86.122702,40.839743],[-86.119925,40.831857],[-86.11502,40.831758],[-86.113627,40.825255],[-86.112456,40.825232],[-86.112791,40.828074],[-86.10943,40.833236],[-86.109423,40.836685],[-86.093604,40.836816],[-86.09306,40.793062],[-86.129164,40.792914]]]}},{"type":"Feature","properties":{"NAME":"Miami","state_abbr":"IN","state_name":"Indiana","ALAND":427070},"geometry":{"type":"Polygon","coordinates":[[[-86.110812,40.615078],[-86.108901,40.615083],[-86.10892,40.619075],[-86.106451,40.618983],[-86.104148,40.618299],[-86.10402,40.614088],[-86.102526,40.613134],[-86.104111,40.613126],[-86.104101,40.61047],[-86.108912,40.609131],[-86.108881,40.613504],[-86.110812,40.615078]]]}},{"type":"Feature","properties":{"NAME":"Middlebury","state_abbr":"IN","state_name":"Indiana","ALAND":825011},"geometry":{"type":"Polygon","coordinates":[[[-87.123506,39.268327],[-87.120181,39.270491],[-87.114507,39.270472],[-87.115451,39.263547],[-87.114402,39.263159],[-87.115463,39.261406],[-87.117909,39.2615],[-87.117843,39.258008],[-87.123353,39.259832],[-87.123506,39.268327]]]}},{"type":"Feature","properties":{"NAME":"Midland","state_abbr":"IN","state_name":"Indiana","ALAND":1653110},"geometry":{"type":"Polygon","coordinates":[[[-87.195927,39.123385],[-87.194201,39.123371],[-87.194173,39.125642],[-87.183963,39.124039],[-87.18386,39.122798],[-87.175554,39.122754],[-87.175604,39.115515],[-87.185793,39.116445],[-87.194232,39.111206],[-87.195927,39.123385]]]}},{"type":"Feature","properties":{"NAME":"Mier","state_abbr":"IN","state_name":"Indiana","ALAND":619710},"geometry":{"type":"Polygon","coordinates":[[[-85.829402,40.575532],[-85.825725,40.576168],[-85.825756,40.581449],[-85.822149,40.577147],[-85.819237,40.577566],[-85.814908,40.575224],[-85.817971,40.573029],[-85.823207,40.57307],[-85.825674,40.56937],[-85.825682,40.571233],[-85.829246,40.570856],[-85.829402,40.575532]]]}},{"type":"Feature","properties":{"NAME":"Milford","state_abbr":"IN","state_name":"Indiana","ALAND":313025},"geometry":{"type":"Polygon","coordinates":[[[-85.624367,39.350646],[-85.622819,39.352887],[-85.615513,39.351584],[-85.616599,39.346432],[-85.617398,39.347998],[-85.621527,39.34757],[-85.621534,39.349924],[-85.624367,39.350646]]]}},{"type":"Feature","properties":{"NAME":"Milroy","state_abbr":"IN","state_name":"Indiana","ALAND":1715312},"geometry":{"type":"Polygon","coordinates":[[[-85.476388,39.493791],[-85.473201,39.49706],[-85.476091,39.497068],[-85.472227,39.503167],[-85.464761,39.507089],[-85.464678,39.502887],[-85.459882,39.503605],[-85.460461,39.494129],[-85.470063,39.490299],[-85.476388,39.493791]]]}},{"type":"Feature","properties":{"NAME":"Mineral Springs","state_abbr":"IN","state_name":"Indiana","ALAND":1036396},"geometry":{"type":"Polygon","coordinates":[[[-85.866497,39.136916],[-85.855562,39.137333],[-85.855315,39.12738],[-85.866184,39.127056],[-85.866497,39.136916]]]}},{"type":"Feature","properties":{"NAME":"Morris","state_abbr":"IN","state_name":"Indiana","ALAND":1704503},"geometry":{"type":"Polygon","coordinates":[[[-85.180893,39.282473],[-85.179543,39.282298],[-85.179699,39.285737],[-85.176525,39.285927],[-85.17662,39.287323],[-85.169656,39.286738],[-85.169726,39.288431],[-85.160581,39.285862],[-85.160615,39.277212],[-85.168815,39.28025],[-85.169115,39.27507],[-85.171924,39.274512],[-85.170937,39.275851],[-85.177668,39.277002],[-85.180893,39.282473]]]}},{"type":"Feature","properties":{"NAME":"Needham","state_abbr":"IN","state_name":"Indiana","ALAND":75683},"geometry":{"type":"Polygon","coordinates":[[[-85.97478,39.530398],[-85.972756,39.53074],[-85.972798,39.532467],[-85.969927,39.532555],[-85.96986,39.530104],[-85.97478,39.530398]]]}},{"type":"Feature","properties":{"NAME":"Needmore","state_abbr":"IN","state_name":"Indiana","ALAND":1661107},"geometry":{"type":"Polygon","coordinates":[[[-86.53969,38.92759],[-86.535134,38.92745],[-86.53515,38.929501],[-86.531821,38.929537],[-86.531798,38.933147],[-86.527654,38.933215],[-86.527177,38.930327],[-86.516634,38.930408],[-86.515322,38.928318],[-86.516207,38.923084],[-86.518519,38.922339],[-86.535147,38.922209],[-86.535137,38.925984],[-86.539693,38.925984],[-86.53969,38.92759]]]}},{"type":"Feature","properties":{"NAME":"Newbern","state_abbr":"IN","state_name":"Indiana","ALAND":2575288},"geometry":{"type":"Polygon","coordinates":[[[-85.762331,39.2303],[-85.76197,39.239517],[-85.755811,39.239587],[-85.751884,39.236728],[-85.739895,39.2376],[-85.735813,39.240833],[-85.732926,39.239274],[-85.724418,39.24328],[-85.724618,39.232655],[-85.752805,39.232355],[-85.758589,39.230356],[-85.762331,39.2303]]]}},{"type":"Feature","properties":{"NAME":"New Goshen","state_abbr":"IN","state_name":"Indiana","ALAND":1229617},"geometry":{"type":"Polygon","coordinates":[[[-87.467182,39.585813],[-87.462453,39.587268],[-87.462431,39.586132],[-87.455197,39.58562],[-87.454944,39.574247],[-87.457052,39.575756],[-87.462931,39.574986],[-87.466209,39.577206],[-87.467182,39.585813]]]}},{"type":"Feature","properties":{"NAME":"New Lebanon","state_abbr":"IN","state_name":"Indiana","ALAND":400579},"geometry":{"type":"Polygon","coordinates":[[[-87.475693,39.040057],[-87.472488,39.040969],[-87.473208,39.048231],[-87.470968,39.048273],[-87.470158,39.042694],[-87.467429,39.041807],[-87.469265,39.040516],[-87.467972,39.037155],[-87.473192,39.035819],[-87.473188,39.039183],[-87.475693,39.040057]]]}},{"type":"Feature","properties":{"NAME":"New London","state_abbr":"IN","state_name":"Indiana","ALAND":940879},"geometry":{"type":"Polygon","coordinates":[[[-86.281218,40.444069],[-86.278663,40.44703],[-86.273222,40.449163],[-86.27021,40.445029],[-86.266532,40.443141],[-86.266131,40.439935],[-86.280984,40.439106],[-86.278757,40.440434],[-86.281218,40.444069]]]}},{"type":"Feature","properties":{"NAME":"New Marion","state_abbr":"IN","state_name":"Indiana","ALAND":902342},"geometry":{"type":"Polygon","coordinates":[[[-85.366573,39.011301],[-85.360857,39.01398],[-85.354011,39.014215],[-85.355042,39.002381],[-85.360288,39.00004],[-85.363335,39.001919],[-85.360254,39.004487],[-85.359978,39.006543],[-85.361488,39.006644],[-85.360546,39.010346],[-85.366573,39.011301]]]}},{"type":"Feature","properties":{"NAME":"New Trenton","state_abbr":"IN","state_name":"Indiana","ALAND":1182312},"geometry":{"type":"Polygon","coordinates":[[[-84.907513,39.308606],[-84.903093,39.314461],[-84.899625,39.310509],[-84.887428,39.311779],[-84.88606,39.308383],[-84.886371,39.305834],[-84.896756,39.305803],[-84.905948,39.306079],[-84.907513,39.308606]]]}},{"type":"Feature","properties":{"NAME":"New Washington","state_abbr":"IN","state_name":"Indiana","ALAND":13488850},"geometry":{"type":"Polygon","coordinates":[[[-85.580391,38.559722],[-85.578105,38.562818],[-85.569851,38.562837],[-85.569941,38.576207],[-85.568521,38.577837],[-85.562545,38.578101],[-85.56158,38.579277],[-85.562677,38.58138],[-85.560348,38.580765],[-85.559291,38.582369],[-85.554974,38.582748],[-85.550166,38.580951],[-85.547801,38.583346],[-85.544555,38.580626],[-85.542315,38.581977],[-85.539629,38.579845],[-85.532855,38.579767],[-85.529518,38.578151],[-85.527804,38.579298],[-85.524018,38.577562],[-85.523827,38.563128],[-85.519128,38.563088],[-85.518815,38.548711],[-85.532281,38.549116],[-85.541554,38.553728],[-85.553837,38.555762],[-85.571856,38.553719],[-85.574122,38.554262],[-85.57471,38.556031],[-85.579145,38.556316],[-85.580391,38.559722]]]}},{"type":"Feature","properties":{"NAME":"Nineveh","state_abbr":"IN","state_name":"Indiana","ALAND":2055245},"geometry":{"type":"Polygon","coordinates":[[[-86.10184,39.36201],[-86.104268,39.365572],[-86.086167,39.366169],[-86.084385,39.367362],[-86.084386,39.366275],[-86.080389,39.366342],[-86.08036,39.36272],[-86.07853,39.36271],[-86.078605,39.3611],[-86.08037,39.36083],[-86.080355,39.358578],[-86.092639,39.358626],[-86.092596,39.354909],[-86.104173,39.354544],[-86.104185,39.358219],[-86.102601,39.358221],[-86.10184,39.36201]]]}},{"type":"Feature","properties":{"NAME":"North Grove","state_abbr":"IN","state_name":"Indiana","ALAND":347538},"geometry":{"type":"Polygon","coordinates":[[[-85.968338,40.612445],[-85.966817,40.613242],[-85.967589,40.615356],[-85.964868,40.615377],[-85.96497,40.619068],[-85.963878,40.619068],[-85.962373,40.616599],[-85.963591,40.609878],[-85.96756,40.608107],[-85.968338,40.612445]]]}},{"type":"Feature","properties":{"NAME":"North Terre Haute","state_abbr":"IN","state_name":"Indiana","ALAND":9275152},"geometry":{"type":"Polygon","coordinates":[[[-87.398051,39.527743],[-87.369301,39.52797],[-87.370156,39.560676],[-87.351985,39.560695],[-87.350971,39.53564],[-87.349683,39.535396],[-87.354518,39.535137],[-87.354357,39.533624],[-87.346519,39.528503],[-87.347142,39.525803],[-87.353374,39.520729],[-87.397959,39.520463],[-87.398051,39.527743]]]}},{"type":"Feature","properties":{"NAME":"Oakville","state_abbr":"IN","state_name":"Indiana","ALAND":674798},"geometry":{"type":"Polygon","coordinates":[[[-85.396819,40.08008],[-85.391258,40.081205],[-85.391265,40.083642],[-85.389412,40.083633],[-85.384844,40.08361],[-85.384815,40.080625],[-85.380088,40.079996],[-85.384769,40.079576],[-85.384805,40.076411],[-85.389617,40.07643],[-85.394453,40.076462],[-85.396867,40.078255],[-85.396819,40.08008]]]}},{"type":"Feature","properties":{"NAME":"Otter Lake","state_abbr":"IN","state_name":"Indiana","ALAND":1295103},"geometry":{"type":"Polygon","coordinates":[[[-85.174747,41.644648],[-85.163499,41.644404],[-85.160244,41.641857],[-85.160207,41.638177],[-85.164136,41.638205],[-85.165371,41.634589],[-85.164948,41.629164],[-85.160101,41.629136],[-85.160068,41.627313],[-85.171099,41.627324],[-85.17267,41.629005],[-85.174747,41.644648]]]}},{"type":"Feature","properties":{"NAME":"Otwell","state_abbr":"IN","state_name":"Indiana","ALAND":4622260},"geometry":{"type":"Polygon","coordinates":[[[-87.110682,38.452499],[-87.110603,38.463796],[-87.106689,38.461702],[-87.106564,38.469918],[-87.091663,38.466634],[-87.091743,38.459198],[-87.075218,38.457528],[-87.076476,38.455572],[-87.075206,38.448684],[-87.081144,38.452682],[-87.083352,38.452516],[-87.087979,38.449519],[-87.09175,38.44912],[-87.091749,38.444472],[-87.101156,38.44439],[-87.101135,38.451903],[-87.110682,38.452499]]]}},{"type":"Feature","properties":{"NAME":"Painted Hills","state_abbr":"IN","state_name":"Indiana","ALAND":4479387},"geometry":{"type":"Polygon","coordinates":[[[-86.366568,39.398948],[-86.354877,39.40002],[-86.354696,39.409984],[-86.334682,39.403994],[-86.331068,39.396706],[-86.335972,39.394638],[-86.335956,39.391836],[-86.34227,39.391619],[-86.350137,39.384653],[-86.362328,39.382342],[-86.362284,39.391803],[-86.364766,39.395846],[-86.366585,39.395401],[-86.366568,39.398948]]]}},{"type":"Feature","properties":{"NAME":"Palestine","state_abbr":"IN","state_name":"Indiana","ALAND":2644256},"geometry":{"type":"Polygon","coordinates":[[[-85.953371,41.174357],[-85.951678,41.17438],[-85.951972,41.185249],[-85.932549,41.188676],[-85.932022,41.178262],[-85.937509,41.17654],[-85.938582,41.172536],[-85.935192,41.170759],[-85.933215,41.165712],[-85.9523,41.166014],[-85.953371,41.174357]]]}},{"type":"Feature","properties":{"NAME":"Paris Crossing","state_abbr":"IN","state_name":"Indiana","ALAND":2087786},"geometry":{"type":"Polygon","coordinates":[[[-85.661417,38.831351],[-85.656779,38.831344],[-85.657046,38.835041],[-85.649773,38.834792],[-85.647288,38.838764],[-85.644111,38.838789],[-85.642984,38.840853],[-85.642184,38.838794],[-85.639598,38.838801],[-85.641382,38.833161],[-85.634188,38.828855],[-85.642332,38.824121],[-85.649393,38.824039],[-85.649472,38.827336],[-85.66136,38.829181],[-85.661417,38.831351]]]}},{"type":"Feature","properties":{"NAME":"Paxton","state_abbr":"IN","state_name":"Indiana","ALAND":1439409},"geometry":{"type":"Polygon","coordinates":[[[-87.400419,39.021587],[-87.396847,39.021518],[-87.400069,39.025209],[-87.395722,39.025156],[-87.396071,39.026518],[-87.378972,39.024838],[-87.377714,39.026271],[-87.377758,39.022842],[-87.376152,39.022825],[-87.376284,39.021161],[-87.37907,39.021217],[-87.379218,39.017602],[-87.381256,39.017641],[-87.381337,39.014035],[-87.382551,39.014055],[-87.382415,39.020113],[-87.387081,39.020177],[-87.387079,39.018519],[-87.391817,39.017182],[-87.392105,39.015143],[-87.394057,39.017875],[-87.396835,39.017875],[-87.39676,39.020085],[-87.40043,39.020149],[-87.400419,39.021587]]]}},{"type":"Feature","properties":{"NAME":"Pence","state_abbr":"IN","state_name":"Indiana","ALAND":438228},"geometry":{"type":"Polygon","coordinates":[[[-87.51892,40.362647],[-87.514446,40.364878],[-87.514025,40.367349],[-87.510358,40.367962],[-87.507191,40.36659],[-87.510357,40.365238],[-87.51033,40.359817],[-87.513999,40.359818],[-87.51892,40.362647]]]}},{"type":"Feature","properties":{"NAME":"Penntown","state_abbr":"IN","state_name":"Indiana","ALAND":1419279},"geometry":{"type":"Polygon","coordinates":[[[-85.102618,39.272339],[-85.101791,39.274908],[-85.094706,39.274693],[-85.094831,39.277121],[-85.090209,39.277138],[-85.090131,39.27585],[-85.085629,39.277478],[-85.08516,39.266082],[-85.086498,39.264084],[-85.088351,39.266114],[-85.093383,39.266081],[-85.093655,39.262275],[-85.096194,39.262391],[-85.095917,39.267596],[-85.102618,39.272339]]]}},{"type":"Feature","properties":{"NAME":"Peppertown","state_abbr":"IN","state_name":"Indiana","ALAND":1080802},"geometry":{"type":"Polygon","coordinates":[[[-85.183407,39.397334],[-85.183381,39.402577],[-85.169401,39.403839],[-85.169507,39.3945],[-85.181179,39.395275],[-85.183407,39.397334]]]}},{"type":"Feature","properties":{"NAME":"Perkinsville","state_abbr":"IN","state_name":"Indiana","ALAND":350563},"geometry":{"type":"Polygon","coordinates":[[[-85.862837,40.142706],[-85.862825,40.147271],[-85.853318,40.145726],[-85.853564,40.142101],[-85.862837,40.142706]]]}},{"type":"Feature","properties":{"NAME":"Petersville","state_abbr":"IN","state_name":"Indiana","ALAND":401156},"geometry":{"type":"Polygon","coordinates":[[[-85.824538,39.227735],[-85.821503,39.227801],[-85.821502,39.229613],[-85.819868,39.229647],[-85.819868,39.228252],[-85.81494,39.22836],[-85.814941,39.225808],[-85.812246,39.22581],[-85.812245,39.22455],[-85.824515,39.224254],[-85.824538,39.227735]]]}},{"type":"Feature","properties":{"NAME":"Petroleum","state_abbr":"IN","state_name":"Indiana","ALAND":213266},"geometry":{"type":"Polygon","coordinates":[[[-85.155197,40.611596],[-85.154882,40.614986],[-85.150791,40.614969],[-85.15075,40.613121],[-85.148097,40.611084],[-85.151344,40.61014],[-85.155197,40.611596]]]}},{"type":"Feature","properties":{"NAME":"Philadelphia","state_abbr":"IN","state_name":"Indiana","ALAND":893108},"geometry":{"type":"Polygon","coordinates":[[[-85.857489,39.778903],[-85.855216,39.784134],[-85.852546,39.784203],[-85.850337,39.786362],[-85.848161,39.786286],[-85.848122,39.784027],[-85.835184,39.784047],[-85.835148,39.782126],[-85.839669,39.781907],[-85.83962,39.77979],[-85.857489,39.778903]]]}},{"type":"Feature","properties":{"NAME":"Pierceville","state_abbr":"IN","state_name":"Indiana","ALAND":1430416},"geometry":{"type":"Polygon","coordinates":[[[-85.191767,39.135204],[-85.187217,39.135355],[-85.187157,39.137204],[-85.16857,39.137407],[-85.168573,39.135365],[-85.16673,39.136723],[-85.166721,39.133785],[-85.168632,39.133777],[-85.168465,39.132241],[-85.171553,39.132991],[-85.17787,39.128337],[-85.177839,39.125845],[-85.179637,39.125707],[-85.181629,39.125892],[-85.181608,39.127432],[-85.18484,39.127405],[-85.184872,39.13367],[-85.191554,39.133593],[-85.191767,39.135204]]]}},{"type":"Feature","properties":{"NAME":"Pittsburg","state_abbr":"IN","state_name":"Indiana","ALAND":684773},"geometry":{"type":"Polygon","coordinates":[[[-86.710688,40.594257],[-86.707946,40.59421],[-86.70796,40.597811],[-86.706325,40.598386],[-86.698392,40.597566],[-86.699238,40.59612],[-86.697948,40.595291],[-86.698416,40.591228],[-86.700585,40.591355],[-86.700564,40.588855],[-86.702786,40.588823],[-86.702815,40.590673],[-86.707028,40.590682],[-86.710688,40.594257]]]}},{"type":"Feature","properties":{"NAME":"Pleasant Lake","state_abbr":"IN","state_name":"Indiana","ALAND":1688590},"geometry":{"type":"Polygon","coordinates":[[[-85.023128,41.5752],[-85.021043,41.575256],[-85.021139,41.577845],[-85.017599,41.577492],[-85.017229,41.579103],[-85.015445,41.577208],[-85.006193,41.576707],[-85.000797,41.578575],[-85.000953,41.57739],[-84.998833,41.577412],[-84.998713,41.573898],[-84.995161,41.572559],[-84.994934,41.570628],[-84.998632,41.570813],[-84.998654,41.568124],[-85.014861,41.569874],[-85.017986,41.568776],[-85.020152,41.571026],[-85.022957,41.571054],[-85.023128,41.5752]]]}},{"type":"Feature","properties":{"NAME":"Pleasant Mills","state_abbr":"IN","state_name":"Indiana","ALAND":831764},"geometry":{"type":"Polygon","coordinates":[[[-84.850058,40.778355],[-84.846758,40.781226],[-84.849185,40.78296],[-84.844326,40.783051],[-84.840115,40.777452],[-84.835691,40.775486],[-84.831918,40.776394],[-84.831915,40.771795],[-84.841441,40.771991],[-84.841624,40.775522],[-84.84993,40.775657],[-84.850058,40.778355]]]}},{"type":"Feature","properties":{"NAME":"Pleasant View Village","state_abbr":"IN","state_name":"Indiana","ALAND":509477},"geometry":{"type":"Polygon","coordinates":[[[-85.981098,39.336145],[-85.981054,39.339697],[-85.973179,39.339536],[-85.971921,39.332157],[-85.978431,39.331711],[-85.976652,39.333005],[-85.977963,39.335682],[-85.981098,39.336145]]]}},{"type":"Feature","properties":{"NAME":"Pleasantville","state_abbr":"IN","state_name":"Indiana","ALAND":960608},"geometry":{"type":"Polygon","coordinates":[[[-87.254069,38.970816],[-87.25042,38.970795],[-87.250419,38.968987],[-87.247325,38.968991],[-87.247307,38.967652],[-87.242932,38.967646],[-87.240831,38.965304],[-87.240829,38.961294],[-87.245582,38.959531],[-87.245562,38.957494],[-87.248707,38.958578],[-87.2486,38.961294],[-87.252518,38.960417],[-87.252126,38.966711],[-87.253478,38.966713],[-87.254069,38.970816]]]}},{"type":"Feature","properties":{"NAME":"Prairie Creek","state_abbr":"IN","state_name":"Indiana","ALAND":571480},"geometry":{"type":"Polygon","coordinates":[[[-87.503424,39.276406],[-87.497909,39.277981],[-87.493506,39.275762],[-87.493248,39.273369],[-87.495165,39.273362],[-87.496731,39.267698],[-87.500125,39.267701],[-87.50062,39.273913],[-87.503418,39.273901],[-87.503424,39.276406]]]}},{"type":"Feature","properties":{"NAME":"Prairieton","state_abbr":"IN","state_name":"Indiana","ALAND":1236636},"geometry":{"type":"Polygon","coordinates":[[[-87.481274,39.371234],[-87.475132,39.375376],[-87.476058,39.377777],[-87.464991,39.377897],[-87.465594,39.368573],[-87.466784,39.367807],[-87.474362,39.366766],[-87.476146,39.367616],[-87.47532,39.368574],[-87.481298,39.368578],[-87.481274,39.371234]]]}},{"type":"Feature","properties":{"NAME":"Preble","state_abbr":"IN","state_name":"Indiana","ALAND":497236},"geometry":{"type":"Polygon","coordinates":[[[-85.024638,40.832557],[-85.015864,40.832929],[-85.016495,40.834909],[-85.015093,40.836168],[-85.011264,40.833136],[-84.993405,40.833193],[-84.996011,40.832187],[-84.996019,40.830108],[-84.997338,40.830152],[-84.99688,40.832184],[-85.010859,40.832018],[-85.011376,40.830688],[-85.014747,40.830352],[-85.016363,40.831944],[-85.024638,40.832557]]]}},{"type":"Feature","properties":{"NAME":"Rainsville","state_abbr":"IN","state_name":"Indiana","ALAND":533852},"geometry":{"type":"Polygon","coordinates":[[[-87.320628,40.41495],[-87.315154,40.418249],[-87.311125,40.416124],[-87.310982,40.410989],[-87.320478,40.411025],[-87.320628,40.41495]]]}},{"type":"Feature","properties":{"NAME":"Riverwood","state_abbr":"IN","state_name":"Indiana","ALAND":213546},"geometry":{"type":"Polygon","coordinates":[[[-85.969577,40.103989],[-85.967341,40.104035],[-85.964175,40.101385],[-85.967653,40.097328],[-85.969454,40.097395],[-85.969577,40.103989]]]}},{"type":"Feature","properties":{"NAME":"Rob Roy","state_abbr":"IN","state_name":"Indiana","ALAND":1642705},"geometry":{"type":"Polygon","coordinates":[[[-87.259271,40.241435],[-87.25509,40.247454],[-87.243414,40.24437],[-87.238648,40.245108],[-87.23629,40.242164],[-87.236776,40.240344],[-87.239761,40.240287],[-87.239688,40.236427],[-87.243365,40.236109],[-87.252922,40.236167],[-87.255215,40.23717],[-87.254969,40.239222],[-87.259271,40.241435]]]}},{"type":"Feature","properties":{"NAME":"Rockford","state_abbr":"IN","state_name":"Indiana","ALAND":2211322},"geometry":{"type":"Polygon","coordinates":[[[-85.899391,38.983533],[-85.89795,38.98984],[-85.894532,38.993509],[-85.887984,38.991078],[-85.877324,38.991212],[-85.87685,38.976891],[-85.880735,38.977512],[-85.885688,38.98145],[-85.892968,38.981188],[-85.895124,38.982165],[-85.894976,38.983578],[-85.899391,38.983533]]]}},{"type":"Feature","properties":{"NAME":"Rolling Prairie","state_abbr":"IN","state_name":"Indiana","ALAND":2735091},"geometry":{"type":"Polygon","coordinates":[[[-86.631608,41.679934],[-86.602724,41.680458],[-86.602625,41.677972],[-86.631369,41.662205],[-86.631608,41.679934]]]}},{"type":"Feature","properties":{"NAME":"Royerton","state_abbr":"IN","state_name":"Indiana","ALAND":1330984},"geometry":{"type":"Polygon","coordinates":[[[-85.379653,40.262485],[-85.379519,40.266141],[-85.377288,40.266757],[-85.361265,40.268268],[-85.361345,40.264777],[-85.357499,40.264052],[-85.357485,40.261986],[-85.368065,40.260605],[-85.368053,40.258871],[-85.375033,40.258826],[-85.377439,40.260099],[-85.377907,40.262482],[-85.379653,40.262485]]]}},{"type":"Feature","properties":{"NAME":"St. Anthony","state_abbr":"IN","state_name":"Indiana","ALAND":1287683},"geometry":{"type":"Polygon","coordinates":[[[-86.834802,38.314532],[-86.833089,38.31672],[-86.829749,38.31694],[-86.829728,38.32202],[-86.817978,38.321953],[-86.818032,38.318785],[-86.823613,38.31157],[-86.827478,38.309624],[-86.833703,38.309872],[-86.832656,38.31125],[-86.834802,38.314532]]]}},{"type":"Feature","properties":{"NAME":"St. Bernice","state_abbr":"IN","state_name":"Indiana","ALAND":3306843},"geometry":{"type":"Polygon","coordinates":[[[-87.528072,39.714857],[-87.526612,39.720639],[-87.52714,39.723626],[-87.52296,39.724017],[-87.52173,39.725995],[-87.520111,39.725609],[-87.51993,39.722483],[-87.5146,39.722503],[-87.514571,39.720047],[-87.512231,39.72006],[-87.512209,39.716388],[-87.516883,39.716358],[-87.516824,39.71276],[-87.515569,39.710077],[-87.512095,39.709604],[-87.51203,39.70566],[-87.514576,39.705533],[-87.5141,39.698087],[-87.511827,39.698125],[-87.511783,39.69456],[-87.525352,39.694431],[-87.523442,39.707817],[-87.527,39.707303],[-87.526327,39.715009],[-87.528072,39.714857]]]}},{"type":"Feature","properties":{"NAME":"St. Omer","state_abbr":"IN","state_name":"Indiana","ALAND":654949},"geometry":{"type":"Polygon","coordinates":[[[-85.595635,39.433592],[-85.600794,39.438624],[-85.595438,39.438562],[-85.584574,39.431139],[-85.59001,39.432116],[-85.591657,39.429923],[-85.596783,39.430677],[-85.595635,39.433592]]]}},{"type":"Feature","properties":{"NAME":"St. Wendel","state_abbr":"IN","state_name":"Indiana","ALAND":4392789},"geometry":{"type":"Polygon","coordinates":[[[-87.710902,38.10306],[-87.710696,38.117571],[-87.706159,38.117548],[-87.706145,38.119005],[-87.703669,38.119957],[-87.703382,38.117533],[-87.696985,38.117126],[-87.69704,38.11103],[-87.692866,38.111001],[-87.692883,38.10939],[-87.686318,38.110372],[-87.682563,38.108658],[-87.684465,38.107798],[-87.684522,38.102092],[-87.688734,38.102115],[-87.688719,38.104709],[-87.69291,38.104734],[-87.692918,38.096065],[-87.69149,38.094921],[-87.696573,38.094454],[-87.697279,38.090068],[-87.706489,38.091043],[-87.70628,38.101824],[-87.710902,38.10306]]]}},{"type":"Feature","properties":{"NAME":"Salt Creek Commons","state_abbr":"IN","state_name":"Indiana","ALAND":964115},"geometry":{"type":"Polygon","coordinates":[[[-87.148378,41.514537],[-87.131347,41.514424],[-87.131202,41.513826],[-87.137339,41.507184],[-87.148305,41.5072],[-87.148378,41.514537]]]}},{"type":"Feature","properties":{"NAME":"Sandusky","state_abbr":"IN","state_name":"Indiana","ALAND":559299},"geometry":{"type":"Polygon","coordinates":[[[-85.484051,39.424151],[-85.477832,39.424878],[-85.474128,39.421122],[-85.476922,39.420898],[-85.477024,39.417353],[-85.481264,39.416061],[-85.480521,39.417248],[-85.484056,39.4172],[-85.484051,39.424151]]]}},{"type":"Feature","properties":{"NAME":"San Pierre","state_abbr":"IN","state_name":"Indiana","ALAND":1548024},"geometry":{"type":"Polygon","coordinates":[[[-86.899789,41.200944],[-86.896373,41.200921],[-86.896372,41.204538],[-86.881422,41.204482],[-86.881531,41.198337],[-86.88552,41.197375],[-86.88557,41.193719],[-86.898221,41.193766],[-86.898214,41.194939],[-86.89958,41.194604],[-86.899789,41.200944]]]}},{"type":"Feature","properties":{"NAME":"Sardinia","state_abbr":"IN","state_name":"Indiana","ALAND":328820},"geometry":{"type":"Polygon","coordinates":[[[-85.635647,39.152305],[-85.632031,39.153642],[-85.631059,39.157227],[-85.628183,39.157299],[-85.628346,39.150481],[-85.631936,39.149379],[-85.631901,39.15081],[-85.635658,39.150322],[-85.635647,39.152305]]]}},{"type":"Feature","properties":{"NAME":"Schaefer Lake","state_abbr":"IN","state_name":"Indiana","ALAND":580131},"geometry":{"type":"Polygon","coordinates":[[[-85.758611,39.276557],[-85.757738,39.283881],[-85.754543,39.283876],[-85.753563,39.28753],[-85.742976,39.287502],[-85.74297,39.283832],[-85.748522,39.283766],[-85.748449,39.281355],[-85.752296,39.279731],[-85.752492,39.276434],[-85.758611,39.276557]]]}},{"type":"Feature","properties":{"NAME":"Schnellville","state_abbr":"IN","state_name":"Indiana","ALAND":2969944},"geometry":{"type":"Polygon","coordinates":[[[-86.774562,38.34271],[-86.768717,38.343282],[-86.768664,38.34703],[-86.762936,38.347463],[-86.759891,38.350963],[-86.749732,38.350794],[-86.749381,38.343321],[-86.743882,38.335965],[-86.769909,38.336043],[-86.769906,38.339661],[-86.774543,38.33963],[-86.774562,38.34271]]]}},{"type":"Feature","properties":{"NAME":"Scircleville","state_abbr":"IN","state_name":"Indiana","ALAND":828216},"geometry":{"type":"Polygon","coordinates":[[[-86.30927,40.285379],[-86.309258,40.291062],[-86.295371,40.291151],[-86.295356,40.287516],[-86.290533,40.28758],[-86.290539,40.28614],[-86.296981,40.286079],[-86.300139,40.283319],[-86.300158,40.285481],[-86.30927,40.285379]]]}},{"type":"Feature","properties":{"NAME":"Servia","state_abbr":"IN","state_name":"Indiana","ALAND":655332},"geometry":{"type":"Polygon","coordinates":[[[-85.743697,40.957344],[-85.740594,40.958612],[-85.730778,40.957554],[-85.730672,40.952275],[-85.741623,40.951536],[-85.740472,40.954008],[-85.743658,40.953934],[-85.743697,40.957344]]]}},{"type":"Feature","properties":{"NAME":"Shelby","state_abbr":"IN","state_name":"Indiana","ALAND":3334262},"geometry":{"type":"Polygon","coordinates":[[[-87.358687,41.20528],[-87.352132,41.202549],[-87.333302,41.202649],[-87.333143,41.182857],[-87.346258,41.182357],[-87.353785,41.179971],[-87.345179,41.186454],[-87.358687,41.20528]]]}},{"type":"Feature","properties":{"NAME":"Shepardsville","state_abbr":"IN","state_name":"Indiana","ALAND":2381007},"geometry":{"type":"Polygon","coordinates":[[[-87.437468,39.596768],[-87.437248,39.607636],[-87.417217,39.607736],[-87.41745,39.605626],[-87.414571,39.603223],[-87.415594,39.596218],[-87.417196,39.59481],[-87.426973,39.596944],[-87.434868,39.595704],[-87.437468,39.596768]]]}},{"type":"Feature","properties":{"NAME":"Shorewood Forest","state_abbr":"IN","state_name":"Indiana","ALAND":4917656},"geometry":{"type":"Polygon","coordinates":[[[-87.167038,41.470223],[-87.137982,41.470141],[-87.138229,41.463792],[-87.133508,41.463363],[-87.133521,41.449101],[-87.161885,41.44912],[-87.161935,41.456184],[-87.166787,41.463563],[-87.167038,41.470223]]]}},{"type":"Feature","properties":{"NAME":"Sims","state_abbr":"IN","state_name":"Indiana","ALAND":755367},"geometry":{"type":"Polygon","coordinates":[[[-85.863446,40.504222],[-85.853898,40.504278],[-85.853838,40.500584],[-85.847922,40.500681],[-85.858546,40.493686],[-85.858577,40.498769],[-85.863327,40.498736],[-85.863446,40.504222]]]}},{"type":"Feature","properties":{"NAME":"Snow Lake","state_abbr":"IN","state_name":"Indiana","ALAND":1545218},"geometry":{"type":"Polygon","coordinates":[[[-85.044829,41.722955],[-85.040058,41.729564],[-85.040688,41.736864],[-85.034539,41.737344],[-85.034036,41.74429],[-85.030363,41.743585],[-85.027222,41.737356],[-85.026201,41.730939],[-85.021441,41.729674],[-85.022336,41.723832],[-85.020954,41.722004],[-85.027615,41.721078],[-85.031117,41.724854],[-85.039267,41.720667],[-85.043303,41.720613],[-85.044829,41.722955]]]}},{"type":"Feature","properties":{"NAME":"Solsberry","state_abbr":"IN","state_name":"Indiana","ALAND":2356352},"geometry":{"type":"Polygon","coordinates":[[[-86.776885,39.083194],[-86.775834,39.088084],[-86.753717,39.087914],[-86.753515,39.084135],[-86.750774,39.084878],[-86.750418,39.083934],[-86.751861,39.083775],[-86.75252,39.080742],[-86.748628,39.080336],[-86.748942,39.078683],[-86.759278,39.076417],[-86.7647,39.076555],[-86.763559,39.079039],[-86.768508,39.080732],[-86.768623,39.079302],[-86.770125,39.079386],[-86.770056,39.076643],[-86.774624,39.07666],[-86.774725,39.080962],[-86.776834,39.080985],[-86.775794,39.081682],[-86.776885,39.083194]]]}},{"type":"Feature","properties":{"NAME":"South Haven","state_abbr":"IN","state_name":"Indiana","ALAND":5884927},"geometry":{"type":"Polygon","coordinates":[[[-87.15308,41.521418],[-87.153107,41.550446],[-87.124217,41.550202],[-87.124112,41.535277],[-87.129921,41.533401],[-87.129754,41.532132],[-87.133736,41.532155],[-87.133729,41.530344],[-87.143385,41.529265],[-87.143446,41.521388],[-87.15308,41.521418]]]}},{"type":"Feature","properties":{"NAME":"Spartanburg","state_abbr":"IN","state_name":"Indiana","ALAND":730865},"geometry":{"type":"Polygon","coordinates":[[[-84.856494,40.064361],[-84.856416,40.071598],[-84.845309,40.071404],[-84.848017,40.066141],[-84.849934,40.066151],[-84.849899,40.064296],[-84.851785,40.064302],[-84.853621,40.060685],[-84.856576,40.060727],[-84.856498,40.063483],[-84.854344,40.064341],[-84.856494,40.064361]]]}},{"type":"Feature","properties":{"NAME":"Spencerville","state_abbr":"IN","state_name":"Indiana","ALAND":3163929},"geometry":{"type":"Polygon","coordinates":[[[-84.936526,41.282871],[-84.933604,41.290038],[-84.903686,41.290734],[-84.903655,41.289423],[-84.908249,41.288745],[-84.911199,41.28251],[-84.914031,41.286989],[-84.917011,41.286379],[-84.919594,41.282166],[-84.915571,41.282311],[-84.914543,41.280628],[-84.91919,41.277828],[-84.917412,41.274202],[-84.92056,41.271932],[-84.929356,41.272222],[-84.929577,41.276],[-84.934205,41.273784],[-84.934402,41.282694],[-84.936526,41.282871]]]}},{"type":"Feature","properties":{"NAME":"Stanford","state_abbr":"IN","state_name":"Indiana","ALAND":4546673},"geometry":{"type":"Polygon","coordinates":[[[-86.682429,39.094006],[-86.675527,39.093977],[-86.675491,39.097606],[-86.670882,39.097547],[-86.670842,39.102063],[-86.666159,39.102046],[-86.666204,39.097511],[-86.656989,39.09786],[-86.656964,39.10104],[-86.642978,39.101344],[-86.645872,39.096247],[-86.652037,39.092933],[-86.65223,39.087575],[-86.662196,39.082753],[-86.669558,39.085138],[-86.670486,39.083201],[-86.682349,39.083343],[-86.682429,39.094006]]]}},{"type":"Feature","properties":{"NAME":"Stendal","state_abbr":"IN","state_name":"Indiana","ALAND":969095},"geometry":{"type":"Polygon","coordinates":[[[-87.153826,38.261184],[-87.153303,38.266871],[-87.149313,38.269178],[-87.14894,38.272401],[-87.144704,38.272106],[-87.144214,38.274183],[-87.142654,38.274048],[-87.143479,38.269867],[-87.138545,38.269355],[-87.139438,38.26577],[-87.142159,38.265558],[-87.14214,38.264199],[-87.1479,38.264918],[-87.147771,38.261253],[-87.153826,38.261184]]]}},{"type":"Feature","properties":{"NAME":"Stewartsville","state_abbr":"IN","state_name":"Indiana","ALAND":639677},"geometry":{"type":"Polygon","coordinates":[[[-87.846399,38.17863],[-87.844615,38.178594],[-87.844585,38.181451],[-87.840683,38.179976],[-87.837927,38.182229],[-87.838357,38.184277],[-87.837019,38.183259],[-87.830558,38.186121],[-87.832347,38.178062],[-87.846399,38.17863]]]}},{"type":"Feature","properties":{"NAME":"Stillwell","state_abbr":"IN","state_name":"Indiana","ALAND":1410860},"geometry":{"type":"Polygon","coordinates":[[[-86.612919,41.552869],[-86.607558,41.554616],[-86.611673,41.557485],[-86.605935,41.559237],[-86.609275,41.56294],[-86.601257,41.563086],[-86.601155,41.556646],[-86.596318,41.558193],[-86.596929,41.554376],[-86.594661,41.55337],[-86.596111,41.552376],[-86.591411,41.550436],[-86.591407,41.548276],[-86.598403,41.548189],[-86.604037,41.552167],[-86.605591,41.550666],[-86.612919,41.552869]]]}},{"type":"Feature","properties":{"NAME":"Stone Bluff","state_abbr":"IN","state_name":"Indiana","ALAND":420735},"geometry":{"type":"Polygon","coordinates":[[[-87.261543,40.170746],[-87.257328,40.171954],[-87.251273,40.170909],[-87.252431,40.16423],[-87.260406,40.168476],[-87.261543,40.170746]]]}},{"type":"Feature","properties":{"NAME":"Tab","state_abbr":"IN","state_name":"Indiana","ALAND":606853},"geometry":{"type":"Polygon","coordinates":[[[-87.484583,40.418122],[-87.472804,40.418332],[-87.472731,40.411011],[-87.479884,40.411007],[-87.484583,40.418122]]]}},{"type":"Feature","properties":{"NAME":"Talma","state_abbr":"IN","state_name":"Indiana","ALAND":525392},"geometry":{"type":"Polygon","coordinates":[[[-86.145666,41.151537],[-86.137754,41.15528],[-86.130158,41.156628],[-86.130142,41.154498],[-86.136827,41.152285],[-86.134931,41.149266],[-86.144604,41.149225],[-86.145666,41.151537]]]}},{"type":"Feature","properties":{"NAME":"Taswell","state_abbr":"IN","state_name":"Indiana","ALAND":1453660},"geometry":{"type":"Polygon","coordinates":[[[-86.569022,38.331758],[-86.569025,38.340087],[-86.550209,38.339992],[-86.550257,38.334073],[-86.555838,38.330202],[-86.559547,38.331703],[-86.569022,38.331758]]]}},{"type":"Feature","properties":{"NAME":"Tocsin","state_abbr":"IN","state_name":"Indiana","ALAND":1207044},"geometry":{"type":"Polygon","coordinates":[[[-85.116704,40.831808],[-85.113757,40.831836],[-85.113702,40.83752],[-85.106481,40.83753],[-85.106498,40.831895],[-85.094542,40.832022],[-85.094536,40.830456],[-85.104174,40.829332],[-85.104038,40.825322],[-85.109582,40.824233],[-85.112828,40.825186],[-85.113759,40.829659],[-85.116714,40.830213],[-85.116704,40.831808]]]}},{"type":"Feature","properties":{"NAME":"Tunnelton","state_abbr":"IN","state_name":"Indiana","ALAND":1449820},"geometry":{"type":"Polygon","coordinates":[[[-86.346561,38.781027],[-86.335338,38.779127],[-86.33553,38.768009],[-86.340361,38.765782],[-86.34642,38.766681],[-86.346561,38.781027]]]}},{"type":"Feature","properties":{"NAME":"Twelve Mile","state_abbr":"IN","state_name":"Indiana","ALAND":1647155},"geometry":{"type":"Polygon","coordinates":[[[-86.234631,40.863395],[-86.234615,40.868062],[-86.224968,40.868115],[-86.225051,40.872751],[-86.223634,40.869945],[-86.215413,40.870731],[-86.21542,40.867623],[-86.206024,40.868031],[-86.205891,40.862563],[-86.222368,40.862917],[-86.222397,40.859671],[-86.224882,40.859665],[-86.226004,40.863005],[-86.234631,40.863395]]]}},{"type":"Feature","properties":{"NAME":"Urbana","state_abbr":"IN","state_name":"Indiana","ALAND":564970},"geometry":{"type":"Polygon","coordinates":[[[-85.799341,40.898133],[-85.795426,40.898204],[-85.79549,40.9002],[-85.792753,40.90022],[-85.792824,40.90311],[-85.790373,40.903136],[-85.790311,40.900294],[-85.785552,40.899312],[-85.787912,40.898503],[-85.787163,40.897449],[-85.78966,40.897434],[-85.790238,40.891028],[-85.793834,40.890929],[-85.792643,40.894448],[-85.794323,40.894433],[-85.794333,40.896691],[-85.799275,40.8966],[-85.799341,40.898133]]]}},{"type":"Feature","properties":{"NAME":"Vallonia","state_abbr":"IN","state_name":"Indiana","ALAND":1957519},"geometry":{"type":"Polygon","coordinates":[[[-86.111679,38.844836],[-86.093973,38.856255],[-86.091309,38.852612],[-86.091625,38.850583],[-86.088915,38.850588],[-86.093695,38.845176],[-86.09338,38.834541],[-86.095476,38.834457],[-86.094811,38.838297],[-86.099352,38.840543],[-86.109082,38.840598],[-86.109016,38.845049],[-86.111679,38.844836]]]}},{"type":"Feature","properties":{"NAME":"Van Bibber Lake","state_abbr":"IN","state_name":"Indiana","ALAND":668192},"geometry":{"type":"Polygon","coordinates":[[[-86.938336,39.729341],[-86.925576,39.733828],[-86.924034,39.731181],[-86.921707,39.731108],[-86.920776,39.726642],[-86.931881,39.726668],[-86.936627,39.72505],[-86.938317,39.725996],[-86.938336,39.729341]]]}},{"type":"Feature","properties":{"NAME":"Velpen","state_abbr":"IN","state_name":"Indiana","ALAND":862073},"geometry":{"type":"Polygon","coordinates":[[[-87.109591,38.349622],[-87.109821,38.360525],[-87.100606,38.359521],[-87.09937,38.353946],[-87.096622,38.352048],[-87.104972,38.353192],[-87.105104,38.349586],[-87.109591,38.349622]]]}},{"type":"Feature","properties":{"NAME":"Vicksburg","state_abbr":"IN","state_name":"Indiana","ALAND":870462},"geometry":{"type":"Polygon","coordinates":[[[-87.202354,39.083498],[-87.201046,39.094392],[-87.194998,39.094344],[-87.192117,39.08331],[-87.202354,39.083498]]]}},{"type":"Feature","properties":{"NAME":"Wadesville","state_abbr":"IN","state_name":"Indiana","ALAND":2942669},"geometry":{"type":"Polygon","coordinates":[[[-87.802646,38.099694],[-87.802958,38.103896],[-87.800583,38.103859],[-87.800483,38.106968],[-87.798111,38.106937],[-87.798009,38.111121],[-87.790816,38.111058],[-87.790797,38.113035],[-87.787223,38.112165],[-87.787228,38.111019],[-87.780099,38.110913],[-87.778491,38.105937],[-87.78008,38.105946],[-87.780291,38.096361],[-87.793353,38.096515],[-87.793213,38.097821],[-87.798077,38.096475],[-87.798362,38.098564],[-87.802646,38.099694]]]}},{"type":"Feature","properties":{"NAME":"Waldron","state_abbr":"IN","state_name":"Indiana","ALAND":3255256},"geometry":{"type":"Polygon","coordinates":[[[-85.676476,39.448195],[-85.672148,39.454701],[-85.674637,39.45665],[-85.669117,39.462889],[-85.662065,39.463055],[-85.651541,39.459011],[-85.651195,39.446022],[-85.673482,39.446001],[-85.676476,39.448195]]]}},{"type":"Feature","properties":{"NAME":"Wall Lake","state_abbr":"IN","state_name":"Indiana","ALAND":1397187},"geometry":{"type":"Polygon","coordinates":[[[-85.210383,41.730408],[-85.205613,41.731537],[-85.205592,41.736551],[-85.196321,41.73657],[-85.196273,41.733901],[-85.194149,41.736608],[-85.190698,41.736569],[-85.190675,41.729322],[-85.192149,41.729311],[-85.192292,41.726573],[-85.195818,41.72731],[-85.195864,41.72207],[-85.205543,41.722115],[-85.206311,41.725723],[-85.21035,41.725702],[-85.210383,41.730408]]]}},{"type":"Feature","properties":{"NAME":"Warrington","state_abbr":"IN","state_name":"Indiana","ALAND":403709},"geometry":{"type":"Polygon","coordinates":[[[-85.641006,39.91321],[-85.63584,39.91293],[-85.629785,39.905601],[-85.635922,39.904699],[-85.637161,39.908937],[-85.639661,39.909257],[-85.637505,39.910161],[-85.641006,39.91321]]]}},{"type":"Feature","properties":{"NAME":"Wawaka","state_abbr":"IN","state_name":"Indiana","ALAND":1967639},"geometry":{"type":"Polygon","coordinates":[[[-85.490816,41.453339],[-85.490688,41.467279],[-85.476486,41.467377],[-85.476406,41.45522],[-85.472395,41.45298],[-85.490816,41.453339]]]}},{"type":"Feature","properties":{"NAME":"Waynesville","state_abbr":"IN","state_name":"Indiana","ALAND":200564},"geometry":{"type":"Polygon","coordinates":[[[-85.894554,39.115494],[-85.891903,39.11621],[-85.887044,39.110162],[-85.891378,39.110702],[-85.894554,39.115494]]]}},{"type":"Feature","properties":{"NAME":"Wheeler","state_abbr":"IN","state_name":"Indiana","ALAND":6879078},"geometry":{"type":"Polygon","coordinates":[[[-87.191359,41.507763],[-87.186304,41.511762],[-87.185146,41.516337],[-87.186538,41.521512],[-87.15308,41.521418],[-87.153166,41.502854],[-87.15781,41.504189],[-87.157946,41.499992],[-87.191273,41.499872],[-87.191359,41.507763]]]}},{"type":"Feature","properties":{"NAME":"Wildwood","state_abbr":"IN","state_name":"Indiana","ALAND":462430},"geometry":{"type":"Polygon","coordinates":[[[-85.194286,41.593565],[-85.194242,41.599497],[-85.187942,41.599496],[-85.187902,41.592023],[-85.183679,41.590806],[-85.184046,41.587754],[-85.189281,41.587028],[-85.194286,41.593565]]]}},{"type":"Feature","properties":{"NAME":"Windsor","state_abbr":"IN","state_name":"Indiana","ALAND":648283},"geometry":{"type":"Polygon","coordinates":[[[-85.223355,40.158791],[-85.219794,40.162228],[-85.218994,40.159088],[-85.208707,40.156598],[-85.207347,40.154193],[-85.208028,40.152683],[-85.213835,40.153343],[-85.213825,40.152023],[-85.216736,40.151689],[-85.216975,40.153987],[-85.220657,40.153683],[-85.220693,40.157262],[-85.223355,40.158791]]]}},{"type":"Feature","properties":{"NAME":"Wolflake","state_abbr":"IN","state_name":"Indiana","ALAND":4279233},"geometry":{"type":"Polygon","coordinates":[[[-85.507129,41.324624],[-85.506305,41.341877],[-85.503802,41.340574],[-85.500254,41.342568],[-85.480465,41.342628],[-85.480415,41.32425],[-85.507129,41.324624]]]}},{"type":"Feature","properties":{"NAME":"Wooster","state_abbr":"IN","state_name":"Indiana","ALAND":773113},"geometry":{"type":"Polygon","coordinates":[[[-85.7503,41.206757],[-85.750252,41.209363],[-85.745704,41.209481],[-85.745596,41.211409],[-85.733623,41.208187],[-85.733668,41.201665],[-85.735985,41.203253],[-85.738187,41.201545],[-85.744364,41.206772],[-85.7503,41.206757]]]}},{"type":"Feature","properties":{"NAME":"Wyatt","state_abbr":"IN","state_name":"Indiana","ALAND":2596624},"geometry":{"type":"Polygon","coordinates":[[[-86.176355,41.535511],[-86.157074,41.535607],[-86.156626,41.521104],[-86.176087,41.521029],[-86.176355,41.535511]]]}},{"type":"Feature","properties":{"NAME":"Young America","state_abbr":"IN","state_name":"Indiana","ALAND":364597},"geometry":{"type":"Polygon","coordinates":[[[-86.354341,40.568569],[-86.351421,40.568566],[-86.351342,40.57129],[-86.346577,40.571315],[-86.343888,40.566615],[-86.351243,40.566067],[-86.354341,40.568569]]]}},{"type":"Feature","properties":{"NAME":"Willow Branch","state_abbr":"IN","state_name":"Indiana","ALAND":169594},"geometry":{"type":"Polygon","coordinates":[[[-85.686773,39.873005],[-85.686082,39.879954],[-85.681786,39.87993],[-85.683825,39.878915],[-85.684344,39.873188],[-85.686773,39.873005]]]}},{"type":"Feature","properties":{"NAME":"Millgrove","state_abbr":"IN","state_name":"Indiana","ALAND":515140},"geometry":{"type":"Polygon","coordinates":[[[-85.281229,40.402586],[-85.278929,40.402567],[-85.278935,40.40619],[-85.28119,40.407912],[-85.281181,40.409838],[-85.273319,40.409826],[-85.27335,40.406604],[-85.276535,40.403921],[-85.27652,40.398916],[-85.281223,40.398956],[-85.281229,40.402586]]]}},{"type":"Feature","properties":{"NAME":"Roll","state_abbr":"IN","state_name":"Indiana","ALAND":2179960},"geometry":{"type":"Polygon","coordinates":[[[-85.405173,40.558789],[-85.394948,40.559528],[-85.39515,40.55596],[-85.385613,40.556041],[-85.385661,40.559582],[-85.381014,40.559635],[-85.38089,40.551081],[-85.387908,40.550847],[-85.387798,40.544976],[-85.395107,40.545021],[-85.395167,40.548422],[-85.403237,40.548602],[-85.403334,40.552494],[-85.405133,40.552513],[-85.405173,40.558789]]]}},{"type":"Feature","properties":{"NAME":"Millville","state_abbr":"IN","state_name":"Indiana","ALAND":332448},"geometry":{"type":"Polygon","coordinates":[[[-85.258158,39.925499],[-85.254725,39.925486],[-85.253289,39.932134],[-85.249738,39.932121],[-85.249763,39.930302],[-85.251019,39.930321],[-85.250209,39.924734],[-85.252119,39.923908],[-85.252129,39.921918],[-85.254504,39.922018],[-85.252678,39.924713],[-85.258158,39.925499]]]}},{"type":"Feature","properties":{"NAME":"New Lisbon","state_abbr":"IN","state_name":"Indiana","ALAND":598488},"geometry":{"type":"Polygon","coordinates":[[[-85.267679,39.866391],[-85.264372,39.86766],[-85.26431,39.865059],[-85.258128,39.864827],[-85.258109,39.857845],[-85.262865,39.857962],[-85.26427,39.86043],[-85.267664,39.860436],[-85.267679,39.866391]]]}},{"type":"Feature","properties":{"NAME":"Westwood","state_abbr":"IN","state_name":"Indiana","ALAND":1660618},"geometry":{"type":"Polygon","coordinates":[[[-85.438128,39.915627],[-85.438106,39.917156],[-85.423621,39.918719],[-85.423562,39.920902],[-85.404098,39.920859],[-85.40434,39.913443],[-85.423563,39.914455],[-85.428109,39.91641],[-85.438128,39.915627]]]}},{"type":"Feature","properties":{"NAME":"Mongo","state_abbr":"IN","state_name":"Indiana","ALAND":1008314},"geometry":{"type":"Polygon","coordinates":[[[-85.285293,41.685557],[-85.282809,41.685547],[-85.282887,41.690737],[-85.280689,41.689508],[-85.274824,41.690878],[-85.274796,41.689142],[-85.27315,41.689162],[-85.272779,41.67835],[-85.282797,41.678212],[-85.282768,41.681755],[-85.285197,41.681847],[-85.285293,41.685557]]]}},{"type":"Feature","properties":{"NAME":"Montmorenci","state_abbr":"IN","state_name":"Indiana","ALAND":1088889},"geometry":{"type":"Polygon","coordinates":[[[-87.036321,40.475717],[-87.033555,40.475112],[-87.034516,40.47597],[-87.030363,40.475861],[-87.028195,40.477441],[-87.026867,40.473993],[-87.018817,40.472273],[-87.018812,40.468723],[-87.022015,40.46963],[-87.023152,40.46751],[-87.036287,40.467832],[-87.036321,40.475717]]]}},{"type":"Feature","properties":{"NAME":"Owensburg","state_abbr":"IN","state_name":"Indiana","ALAND":4790051},"geometry":{"type":"Polygon","coordinates":[[[-86.755232,38.920819],[-86.74104,38.930318],[-86.738965,38.933233],[-86.720382,38.933379],[-86.720055,38.91484],[-86.747835,38.915038],[-86.747829,38.918556],[-86.75197,38.918561],[-86.755232,38.920819]]]}},{"type":"Feature","properties":{"NAME":"Point Isabel","state_abbr":"IN","state_name":"Indiana","ALAND":1476535},"geometry":{"type":"Polygon","coordinates":[[[-85.829257,40.414315],[-85.82919,40.428767],[-85.824429,40.428809],[-85.824448,40.427071],[-85.819708,40.427017],[-85.819737,40.425232],[-85.812631,40.425178],[-85.812673,40.422606],[-85.811344,40.422615],[-85.811341,40.421552],[-85.815058,40.421573],[-85.815012,40.417927],[-85.824467,40.41797],[-85.824436,40.414314],[-85.829257,40.414315]]]}},{"type":"Feature","properties":{"NAME":"Tecumseh","state_abbr":"IN","state_name":"Indiana","ALAND":6707598},"geometry":{"type":"Polygon","coordinates":[[[-87.452762,39.570321],[-87.452187,39.572534],[-87.44892,39.569861],[-87.445349,39.569847],[-87.445492,39.578364],[-87.437372,39.57846],[-87.437447,39.581931],[-87.42681,39.581644],[-87.414491,39.578249],[-87.418529,39.553692],[-87.421989,39.552464],[-87.426199,39.552426],[-87.426283,39.556594],[-87.434043,39.556549],[-87.445057,39.559275],[-87.44833,39.56691],[-87.452762,39.570321]]]}},{"type":"Feature","properties":{"NAME":"New Paris","state_abbr":"IN","state_name":"Indiana","ALAND":4026189},"geometry":{"type":"Polygon","coordinates":[[[-85.840751,41.51002],[-85.832611,41.511371],[-85.828825,41.515817],[-85.823517,41.515094],[-85.823471,41.510188],[-85.821062,41.510206],[-85.821,41.507713],[-85.813635,41.507768],[-85.813434,41.491379],[-85.814814,41.492575],[-85.823137,41.492473],[-85.823137,41.491302],[-85.831691,41.491135],[-85.832895,41.488125],[-85.835577,41.489623],[-85.833641,41.499772],[-85.83475,41.507706],[-85.840688,41.50764],[-85.840751,41.51002]]]}},{"type":"Feature","properties":{"NAME":"Simonton Lake","state_abbr":"IN","state_name":"Indiana","ALAND":8719970},"geometry":{"type":"Polygon","coordinates":[[[-85.995803,41.760178],[-85.94234,41.759848],[-85.942163,41.73877],[-85.954077,41.73883],[-85.955429,41.73101],[-85.956641,41.731033],[-85.956667,41.734262],[-85.959964,41.734254],[-85.960653,41.738795],[-85.96229,41.73879],[-85.962267,41.734248],[-85.968602,41.732473],[-85.972714,41.738781],[-85.97055,41.741313],[-85.973404,41.741348],[-85.973591,41.743897],[-85.975839,41.743893],[-85.9773,41.742622],[-85.976204,41.738769],[-85.982812,41.737933],[-85.98039,41.732412],[-85.983705,41.73142],[-85.982553,41.732557],[-85.986918,41.738473],[-85.988163,41.745039],[-85.989508,41.745637],[-85.987123,41.747251],[-85.989173,41.747745],[-85.987388,41.749023],[-85.987748,41.753608],[-85.992716,41.756696],[-85.992381,41.757948],[-85.994872,41.757885],[-85.995803,41.760178]]]}},{"type":"Feature","properties":{"NAME":"New Salisbury","state_abbr":"IN","state_name":"Indiana","ALAND":5121140},"geometry":{"type":"Polygon","coordinates":[[[-86.110974,38.317017],[-86.111608,38.327886],[-86.096124,38.325066],[-86.087794,38.325927],[-86.088099,38.307427],[-86.095873,38.3071],[-86.096355,38.30278],[-86.103548,38.294185],[-86.105903,38.294952],[-86.105112,38.299022],[-86.108411,38.298951],[-86.107424,38.311847],[-86.111365,38.313132],[-86.109457,38.316233],[-86.110974,38.317017]]]}},{"type":"Feature","properties":{"NAME":"Newtonville","state_abbr":"IN","state_name":"Indiana","ALAND":1888058},"geometry":{"type":"Polygon","coordinates":[[[-86.952585,37.994593],[-86.952494,38.00327],[-86.930955,38.003068],[-86.929539,37.997395],[-86.933959,37.997424],[-86.934043,37.993771],[-86.943281,37.992681],[-86.943282,37.993814],[-86.952585,37.994593]]]}},{"type":"Feature","properties":{"NAME":"Reo","state_abbr":"IN","state_name":"Indiana","ALAND":6191756},"geometry":{"type":"Polygon","coordinates":[[[-87.131359,37.901915],[-87.131241,37.908937],[-87.129666,37.910002],[-87.120503,37.909948],[-87.118714,37.910943],[-87.118714,37.915978],[-87.109491,37.915957],[-87.105019,37.912324],[-87.10331,37.908258],[-87.096944,37.907101],[-87.095792,37.904546],[-87.092387,37.905052],[-87.09161,37.900156],[-87.086639,37.898439],[-87.087814,37.894165],[-87.097351,37.89427],[-87.097445,37.890913],[-87.110729,37.892994],[-87.118854,37.892085],[-87.118735,37.898024],[-87.121536,37.898001],[-87.121429,37.901514],[-87.131359,37.901915]]]}},{"type":"Feature","properties":{"NAME":"Norway","state_abbr":"IN","state_name":"Indiana","ALAND":2314762},"geometry":{"type":"Polygon","coordinates":[[[-86.793885,40.786221],[-86.78487,40.788887],[-86.778379,40.78749],[-86.774031,40.789557],[-86.758439,40.777837],[-86.76694,40.769219],[-86.775186,40.768015],[-86.77501,40.78537],[-86.793885,40.786221]]]}},{"type":"Feature","properties":{"NAME":"Notre Dame","state_abbr":"IN","state_name":"Indiana","ALAND":3061277},"geometry":{"type":"Polygon","coordinates":[[[-86.250531,41.695147],[-86.250279,41.708628],[-86.227745,41.708895],[-86.225406,41.699486],[-86.226401,41.694404],[-86.238398,41.692894],[-86.238529,41.695265],[-86.250531,41.695147]]]}},{"type":"Feature","properties":{"NAME":"Nyona Lake","state_abbr":"IN","state_name":"Indiana","ALAND":973474},"geometry":{"type":"Polygon","coordinates":[[[-86.195442,40.961863],[-86.195308,40.96382],[-86.189458,40.963825],[-86.189412,40.965626],[-86.188169,40.965639],[-86.18812,40.972381],[-86.183245,40.97238],[-86.181857,40.96758],[-86.179398,40.967609],[-86.180159,40.964179],[-86.176456,40.962525],[-86.176576,40.960305],[-86.182399,40.960221],[-86.18543,40.958406],[-86.184809,40.957346],[-86.189093,40.957013],[-86.19264,40.958164],[-86.193474,40.961771],[-86.195442,40.961863]]]}},{"type":"Feature","properties":{"NAME":"Ontario","state_abbr":"IN","state_name":"Indiana","ALAND":2008534},"geometry":{"type":"Polygon","coordinates":[[[-85.394869,41.707321],[-85.391878,41.704527],[-85.383632,41.70704],[-85.379028,41.70585],[-85.37884,41.699799],[-85.372788,41.699796],[-85.373412,41.695449],[-85.378405,41.696051],[-85.37834,41.692428],[-85.391373,41.692397],[-85.394869,41.707321]]]}},{"type":"Feature","properties":{"NAME":"South Milford","state_abbr":"IN","state_name":"Indiana","ALAND":1761466},"geometry":{"type":"Polygon","coordinates":[[[-85.276508,41.53723],[-85.259519,41.537273],[-85.257053,41.533666],[-85.257052,41.526407],[-85.271513,41.526343],[-85.272487,41.529982],[-85.276404,41.529956],[-85.276508,41.53723]]]}},{"type":"Feature","properties":{"NAME":"Ora","state_abbr":"IN","state_name":"Indiana","ALAND":1361317},"geometry":{"type":"Polygon","coordinates":[[[-86.563192,41.179135],[-86.558408,41.179177],[-86.558408,41.182774],[-86.548686,41.182705],[-86.547957,41.170842],[-86.551316,41.171872],[-86.551292,41.169686],[-86.552985,41.169705],[-86.553656,41.171864],[-86.563179,41.171896],[-86.563192,41.179135]]]}},{"type":"Feature","properties":{"NAME":"Oswego","state_abbr":"IN","state_name":"Indiana","ALAND":1211010},"geometry":{"type":"Polygon","coordinates":[[[-85.793705,41.32543],[-85.791939,41.325487],[-85.791462,41.329113],[-85.784367,41.329348],[-85.77753,41.323624],[-85.780656,41.323835],[-85.779547,41.319588],[-85.78492,41.31924],[-85.783171,41.314513],[-85.791946,41.312873],[-85.791501,41.317284],[-85.793186,41.318921],[-85.792025,41.321154],[-85.79362,41.321513],[-85.793705,41.32543]]]}},{"type":"Feature","properties":{"NAME":"Otisco","state_abbr":"IN","state_name":"Indiana","ALAND":1032723},"geometry":{"type":"Polygon","coordinates":[[[-85.674164,38.540756],[-85.668371,38.543964],[-85.669426,38.546298],[-85.667689,38.54796],[-85.66432,38.547633],[-85.663031,38.550034],[-85.658017,38.54636],[-85.665907,38.53664],[-85.672181,38.536755],[-85.674164,38.540756]]]}},{"type":"Feature","properties":{"NAME":"Poland","state_abbr":"IN","state_name":"Indiana","ALAND":1356802},"geometry":{"type":"Polygon","coordinates":[[[-86.964848,39.440853],[-86.964729,39.447862],[-86.941208,39.447593],[-86.941343,39.443076],[-86.949176,39.443385],[-86.950012,39.440505],[-86.954211,39.44182],[-86.955525,39.440487],[-86.964848,39.440853]]]}},{"type":"Feature","properties":{"NAME":"Parkers Settlement","state_abbr":"IN","state_name":"Indiana","ALAND":4537334},"geometry":{"type":"Polygon","coordinates":[[[-87.734983,38.033699],[-87.734634,38.046353],[-87.719095,38.048246],[-87.722808,38.051913],[-87.697765,38.051762],[-87.697917,38.036897],[-87.717641,38.037032],[-87.717743,38.041284],[-87.726424,38.03885],[-87.734983,38.033699]]]}},{"type":"Feature","properties":{"NAME":"Patricksburg","state_abbr":"IN","state_name":"Indiana","ALAND":1278733},"geometry":{"type":"Polygon","coordinates":[[[-86.964291,39.312618],[-86.956506,39.316848],[-86.949043,39.315825],[-86.94717,39.316988],[-86.947667,39.311752],[-86.945225,39.307209],[-86.961209,39.309288],[-86.964291,39.312618]]]}},{"type":"Feature","properties":{"NAME":"Pleasant View","state_abbr":"IN","state_name":"Indiana","ALAND":1094698},"geometry":{"type":"Polygon","coordinates":[[[-85.952095,39.669626],[-85.944507,39.66746],[-85.932584,39.667915],[-85.933065,39.665382],[-85.928585,39.663946],[-85.930547,39.660685],[-85.937518,39.660539],[-85.936939,39.659243],[-85.943028,39.661823],[-85.952095,39.669626]]]}},{"type":"Feature","properties":{"NAME":"Prospect","state_abbr":"IN","state_name":"Indiana","ALAND":2247381},"geometry":{"type":"Polygon","coordinates":[[[-86.621671,38.590374],[-86.617031,38.590428],[-86.61704,38.595921],[-86.607876,38.595992],[-86.607846,38.576495],[-86.612907,38.575131],[-86.614095,38.573191],[-86.618156,38.574955],[-86.619173,38.579743],[-86.617838,38.584892],[-86.621614,38.584853],[-86.621671,38.590374]]]}},{"type":"Feature","properties":{"NAME":"Pulaski","state_abbr":"IN","state_name":"Indiana","ALAND":1198181},"geometry":{"type":"Polygon","coordinates":[[[-86.663305,40.977756],[-86.661031,40.977708],[-86.661034,40.98129],[-86.651874,40.981307],[-86.650801,40.984277],[-86.641989,40.980022],[-86.641956,40.977646],[-86.651491,40.977672],[-86.651457,40.973978],[-86.656125,40.973941],[-86.6562,40.970393],[-86.662191,40.970416],[-86.660383,40.976146],[-86.663305,40.977756]]]}},{"type":"Feature","properties":{"NAME":"Putnamville","state_abbr":"IN","state_name":"Indiana","ALAND":5363824},"geometry":{"type":"Polygon","coordinates":[[[-86.903045,39.56248],[-86.903009,39.575328],[-86.900452,39.57871],[-86.895704,39.577528],[-86.888101,39.578937],[-86.887328,39.580694],[-86.886433,39.577468],[-86.865999,39.57704],[-86.866456,39.580562],[-86.856947,39.58057],[-86.856001,39.576169],[-86.8608,39.575146],[-86.856286,39.572911],[-86.859758,39.571825],[-86.863934,39.566586],[-86.87368,39.571371],[-86.875967,39.571071],[-86.879185,39.563989],[-86.876937,39.561411],[-86.883376,39.563811],[-86.883176,39.56248],[-86.889976,39.561022],[-86.894676,39.563052],[-86.894429,39.565441],[-86.896145,39.566021],[-86.903045,39.56248]]]}},{"type":"Feature","properties":{"NAME":"Raglesville","state_abbr":"IN","state_name":"Indiana","ALAND":2211997},"geometry":{"type":"Polygon","coordinates":[[[-86.978999,38.802644],[-86.978978,38.806549],[-86.951088,38.807257],[-86.951046,38.796068],[-86.965058,38.795731],[-86.965151,38.7994],[-86.970527,38.798881],[-86.970572,38.802922],[-86.978999,38.802644]]]}},{"type":"Feature","properties":{"NAME":"Ragsdale","state_abbr":"IN","state_name":"Indiana","ALAND":2322849},"geometry":{"type":"Polygon","coordinates":[[[-87.331923,38.748609],[-87.321082,38.755582],[-87.318266,38.752695],[-87.316279,38.754021],[-87.315017,38.752758],[-87.315163,38.735055],[-87.318584,38.738322],[-87.323804,38.735356],[-87.327071,38.739138],[-87.329522,38.737618],[-87.330632,38.738661],[-87.329048,38.742786],[-87.331923,38.748609]]]}},{"type":"Feature","properties":{"NAME":"St. Mary of the Woods","state_abbr":"IN","state_name":"Indiana","ALAND":3209677},"geometry":{"type":"Polygon","coordinates":[[[-87.478211,39.513554],[-87.47524,39.520109],[-87.454034,39.520023],[-87.450632,39.501985],[-87.459214,39.502156],[-87.478211,39.513554]]]}},{"type":"Feature","properties":{"NAME":"Scotland","state_abbr":"IN","state_name":"Indiana","ALAND":1492654},"geometry":{"type":"Polygon","coordinates":[[[-86.91524,38.905876],[-86.909586,38.909154],[-86.909001,38.913714],[-86.912425,38.915011],[-86.906623,38.915433],[-86.90407,38.917223],[-86.899297,38.91426],[-86.900417,38.910047],[-86.895097,38.907437],[-86.895104,38.904209],[-86.914855,38.904027],[-86.91524,38.905876]]]}},{"type":"Feature","properties":{"NAME":"Smithville-Sanders","state_abbr":"IN","state_name":"Indiana","ALAND":27761579},"geometry":{"type":"Polygon","coordinates":[[[-86.541608,39.092996],[-86.498434,39.092559],[-86.498567,39.081027],[-86.489047,39.078265],[-86.484591,39.068003],[-86.48131,39.064421],[-86.482523,39.062262],[-86.476854,39.056582],[-86.479235,39.05421],[-86.485819,39.055133],[-86.481798,39.053599],[-86.484248,39.052073],[-86.478899,39.052348],[-86.480707,39.051547],[-86.476992,39.05067],[-86.476191,39.047831],[-86.481737,39.050147],[-86.491296,39.047463],[-86.492108,39.038541],[-86.490471,39.034792],[-86.497911,39.034511],[-86.498286,39.036174],[-86.498354,39.032157],[-86.501368,39.03151],[-86.500067,39.030229],[-86.501188,39.027253],[-86.503578,39.02654],[-86.502826,39.025173],[-86.509929,39.02397],[-86.508696,39.030166],[-86.511198,39.02492],[-86.512379,39.025546],[-86.51368,39.028584],[-86.514921,39.029619],[-86.512896,39.024093],[-86.515251,39.023298],[-86.517382,39.025172],[-86.517836,39.024857],[-86.51648,39.023255],[-86.518382,39.022079],[-86.518337,39.015149],[-86.521723,39.016362],[-86.525116,39.020813],[-86.530694,39.021224],[-86.530213,39.028569],[-86.52696,39.038776],[-86.530764,39.040376],[-86.533346,39.049368],[-86.526159,39.049703],[-86.525382,39.071148],[-86.536078,39.070902],[-86.536534,39.078204],[-86.540945,39.083928],[-86.541608,39.092996]]]}},{"type":"Feature","properties":{"NAME":"Stockwell","state_abbr":"IN","state_name":"Indiana","ALAND":1403483},"geometry":{"type":"Polygon","coordinates":[[[-86.785348,40.290408],[-86.780574,40.290388],[-86.780537,40.294443],[-86.77253,40.294346],[-86.772827,40.291135],[-86.76999,40.287709],[-86.766351,40.287154],[-86.766385,40.279947],[-86.770348,40.280022],[-86.770364,40.278767],[-86.771067,40.280024],[-86.77564,40.280015],[-86.775803,40.287194],[-86.78536,40.287227],[-86.785348,40.290408]]]}},{"type":"Feature","properties":{"NAME":"Toad Hop","state_abbr":"IN","state_name":"Indiana","ALAND":393717},"geometry":{"type":"Polygon","coordinates":[[[-87.469927,39.458316],[-87.464728,39.460226],[-87.459616,39.462093],[-87.460814,39.455363],[-87.468328,39.455466],[-87.469927,39.458316]]]}},{"type":"Feature","properties":{"NAME":"Ramsey","state_abbr":"IN","state_name":"Indiana","ALAND":3195509},"geometry":{"type":"Polygon","coordinates":[[[-86.171058,38.318836],[-86.170742,38.329455],[-86.160372,38.326665],[-86.138239,38.327224],[-86.138339,38.321592],[-86.142948,38.321718],[-86.142994,38.319364],[-86.14753,38.320806],[-86.147863,38.313156],[-86.157284,38.312941],[-86.157187,38.314689],[-86.161864,38.31485],[-86.161758,38.318636],[-86.171058,38.318836]]]}},{"type":"Feature","properties":{"NAME":"Raub","state_abbr":"IN","state_name":"Indiana","ALAND":224056},"geometry":{"type":"Polygon","coordinates":[[[-87.493033,40.730752],[-87.487224,40.7318],[-87.486968,40.726689],[-87.492147,40.727096],[-87.491504,40.729424],[-87.493033,40.730752]]]}},{"type":"Feature","properties":{"NAME":"Reddington","state_abbr":"IN","state_name":"Indiana","ALAND":2233350},"geometry":{"type":"Polygon","coordinates":[[[-85.843627,39.04151],[-85.826548,39.041806],[-85.826288,39.027247],[-85.840241,39.027008],[-85.843627,39.04151]]]}},{"type":"Feature","properties":{"NAME":"Roselawn","state_abbr":"IN","state_name":"Indiana","ALAND":17186656},"geometry":{"type":"Polygon","coordinates":[[[-87.314603,41.130273],[-87.31438,41.173482],[-87.280573,41.173526],[-87.277493,41.172951],[-87.275664,41.168479],[-87.275681,41.170421],[-87.268186,41.15607],[-87.265957,41.144479],[-87.275726,41.144392],[-87.275738,41.129901],[-87.314603,41.130273]]]}},{"type":"Feature","properties":{"NAME":"Rockfield","state_abbr":"IN","state_name":"Indiana","ALAND":962329},"geometry":{"type":"Polygon","coordinates":[[[-86.582073,40.637438],[-86.582057,40.639878],[-86.577713,40.645065],[-86.565521,40.646916],[-86.554116,40.652126],[-86.571436,40.643087],[-86.571502,40.639891],[-86.567791,40.637957],[-86.567772,40.634298],[-86.572591,40.63438],[-86.572572,40.636409],[-86.577156,40.639843],[-86.582073,40.637438]]]}},{"type":"Feature","properties":{"NAME":"Romney","state_abbr":"IN","state_name":"Indiana","ALAND":1461592},"geometry":{"type":"Polygon","coordinates":[[[-86.912343,40.25136],[-86.908852,40.25138],[-86.908137,40.252746],[-86.910003,40.255897],[-86.908883,40.257227],[-86.9106,40.257228],[-86.911048,40.259807],[-86.906399,40.258722],[-86.904266,40.262374],[-86.89966,40.262357],[-86.899118,40.248987],[-86.906944,40.246942],[-86.907614,40.244082],[-86.909301,40.246923],[-86.911853,40.246891],[-86.912343,40.25136]]]}},{"type":"Feature","properties":{"NAME":"Ross","state_abbr":"IN","state_name":"Indiana","ALAND":14678121},"geometry":{"type":"Polygon","coordinates":[[[-87.413134,41.522644],[-87.413075,41.549571],[-87.355819,41.54846],[-87.355605,41.533253],[-87.345927,41.533176],[-87.345797,41.522235],[-87.413134,41.522644]],[[-87.358034,41.53329],[-87.359223,41.531479],[-87.358033,41.531466],[-87.358034,41.53329]]]}},{"type":"Feature","properties":{"NAME":"St. Meinrad","state_abbr":"IN","state_name":"Indiana","ALAND":4357243},"geometry":{"type":"Polygon","coordinates":[[[-86.847018,38.175581],[-86.828617,38.176192],[-86.828601,38.172033],[-86.817259,38.172854],[-86.810012,38.176033],[-86.805798,38.173789],[-86.804714,38.168459],[-86.807929,38.168569],[-86.804601,38.160692],[-86.819186,38.161525],[-86.819162,38.165119],[-86.846862,38.164884],[-86.847018,38.175581]]]}},{"type":"Feature","properties":{"NAME":"Saline City","state_abbr":"IN","state_name":"Indiana","ALAND":381152},"geometry":{"type":"Polygon","coordinates":[[[-87.138625,39.367528],[-87.126944,39.368144],[-87.127393,39.364284],[-87.131569,39.363255],[-87.138625,39.367528]]]}},{"type":"Feature","properties":{"NAME":"Saugany Lake","state_abbr":"IN","state_name":"Indiana","ALAND":1803398},"geometry":{"type":"Polygon","coordinates":[[[-86.609774,41.716834],[-86.602966,41.723403],[-86.597811,41.725875],[-86.581863,41.726664],[-86.581861,41.725285],[-86.577861,41.725242],[-86.577882,41.72265],[-86.583003,41.721946],[-86.58324,41.716445],[-86.609774,41.716834]]]}},{"type":"Feature","properties":{"NAME":"Scipio","state_abbr":"IN","state_name":"Indiana","ALAND":2973610},"geometry":{"type":"Polygon","coordinates":[[[-85.731988,39.077397],[-85.726829,39.085713],[-85.722694,39.087057],[-85.713805,39.07957],[-85.708641,39.079571],[-85.704306,39.081729],[-85.696275,39.073403],[-85.698564,39.07194],[-85.725217,39.071763],[-85.729349,39.072844],[-85.729951,39.076985],[-85.731988,39.077397]]]}},{"type":"Feature","properties":{"NAME":"Scott","state_abbr":"IN","state_name":"Indiana","ALAND":1089025},"geometry":{"type":"Polygon","coordinates":[[[-85.567591,41.747109],[-85.553402,41.747308],[-85.553129,41.741791],[-85.548253,41.741734],[-85.54809,41.734306],[-85.550762,41.735038],[-85.550338,41.73757],[-85.552519,41.738941],[-85.55861,41.740899],[-85.561628,41.739606],[-85.564835,41.742695],[-85.567342,41.741701],[-85.567591,41.747109]]]}},{"type":"Feature","properties":{"NAME":"Shipshewana Lake","state_abbr":"IN","state_name":"Indiana","ALAND":857464},"geometry":{"type":"Polygon","coordinates":[[[-85.616643,41.690437],[-85.611531,41.690545],[-85.606214,41.693548],[-85.603675,41.692707],[-85.602702,41.686134],[-85.595416,41.684082],[-85.595318,41.682897],[-85.599813,41.682156],[-85.6003,41.679748],[-85.596171,41.679717],[-85.595835,41.678321],[-85.609852,41.678818],[-85.609929,41.682618],[-85.615739,41.68491],[-85.616643,41.690437]]]}},{"type":"Feature","properties":{"NAME":"Stroh","state_abbr":"IN","state_name":"Indiana","ALAND":894187},"geometry":{"type":"Polygon","coordinates":[[[-85.205142,41.581289],[-85.204128,41.586733],[-85.198593,41.588976],[-85.194276,41.588236],[-85.194248,41.57756],[-85.204136,41.577676],[-85.205142,41.581289]]]}},{"type":"Feature","properties":{"NAME":"Somerset","state_abbr":"IN","state_name":"Indiana","ALAND":1762864},"geometry":{"type":"Polygon","coordinates":[[[-85.849089,40.666308],[-85.846328,40.67055],[-85.838773,40.674231],[-85.829795,40.672964],[-85.825978,40.678253],[-85.825027,40.675669],[-85.820288,40.675904],[-85.821442,40.675198],[-85.820569,40.673996],[-85.822739,40.673732],[-85.823964,40.671624],[-85.822567,40.669354],[-85.812706,40.667404],[-85.821132,40.666544],[-85.822248,40.663632],[-85.82695,40.662745],[-85.827055,40.666454],[-85.836706,40.664603],[-85.836721,40.666381],[-85.849089,40.666308]]]}},{"type":"Feature","properties":{"NAME":"South Center","state_abbr":"IN","state_name":"Indiana","ALAND":2327734},"geometry":{"type":"Polygon","coordinates":[[[-86.659441,41.469036],[-86.659441,41.480216],[-86.640962,41.479872],[-86.641088,41.485201],[-86.640019,41.485188],[-86.640044,41.479856],[-86.632273,41.481026],[-86.632293,41.479831],[-86.630329,41.479742],[-86.630332,41.477584],[-86.639487,41.47644],[-86.639474,41.472612],[-86.638046,41.472611],[-86.640079,41.47143],[-86.640092,41.468998],[-86.659441,41.469036]]]}},{"type":"Feature","properties":{"NAME":"Union Mills","state_abbr":"IN","state_name":"Indiana","ALAND":1569376},"geometry":{"type":"Polygon","coordinates":[[[-86.787383,41.499793],[-86.768063,41.498032],[-86.769145,41.491067],[-86.775777,41.490223],[-86.775677,41.487712],[-86.783359,41.487943],[-86.786953,41.490979],[-86.787383,41.499793]]]}},{"type":"Feature","properties":{"NAME":"Wellsboro","state_abbr":"IN","state_name":"Indiana","ALAND":474133},"geometry":{"type":"Polygon","coordinates":[[[-86.769145,41.491067],[-86.768063,41.498032],[-86.75838,41.497145],[-86.758247,41.494104],[-86.763953,41.494145],[-86.763943,41.491056],[-86.769145,41.491067]]]}},{"type":"Feature","properties":{"NAME":"Star City","state_abbr":"IN","state_name":"Indiana","ALAND":1789440},"geometry":{"type":"Polygon","coordinates":[[[-86.564206,40.968844],[-86.564165,40.976152],[-86.558953,40.97608],[-86.559837,40.977119],[-86.55552,40.978454],[-86.555511,40.979777],[-86.552046,40.97847],[-86.552062,40.976673],[-86.544925,40.977907],[-86.54508,40.966433],[-86.564206,40.968844]]]}},{"type":"Feature","properties":{"NAME":"Sumava Resorts","state_abbr":"IN","state_name":"Indiana","ALAND":2560606},"geometry":{"type":"Polygon","coordinates":[[[-87.448769,41.160271],[-87.448296,41.174206],[-87.442293,41.17341],[-87.424209,41.166494],[-87.425321,41.165049],[-87.424691,41.159359],[-87.448769,41.160271]]]}},{"type":"Feature","properties":{"NAME":"Thayer","state_abbr":"IN","state_name":"Indiana","ALAND":1597478},"geometry":{"type":"Polygon","coordinates":[[[-87.33807,41.176805],[-87.334653,41.176802],[-87.336047,41.179599],[-87.323048,41.180556],[-87.321542,41.17254],[-87.323939,41.172547],[-87.324033,41.166662],[-87.333716,41.167821],[-87.338101,41.173432],[-87.33807,41.176805]]]}},{"type":"Feature","properties":{"NAME":"Taylorsville","state_abbr":"IN","state_name":"Indiana","ALAND":2756395},"geometry":{"type":"Polygon","coordinates":[[[-85.961045,39.301648],[-85.959513,39.307622],[-85.954708,39.312004],[-85.952495,39.303265],[-85.940673,39.303318],[-85.943007,39.300386],[-85.944159,39.291927],[-85.943968,39.28901],[-85.941671,39.287242],[-85.941167,39.281219],[-85.947559,39.281081],[-85.950437,39.289209],[-85.961045,39.301648]]]}},{"type":"Feature","properties":{"NAME":"Teegarden","state_abbr":"IN","state_name":"Indiana","ALAND":256446},"geometry":{"type":"Polygon","coordinates":[[[-86.382486,41.466532],[-86.379035,41.466561],[-86.379058,41.468061],[-86.377711,41.468079],[-86.374981,41.466124],[-86.374942,41.463038],[-86.376905,41.463038],[-86.376897,41.461202],[-86.379874,41.462155],[-86.379416,41.464254],[-86.382458,41.464455],[-86.382486,41.466532]]]}},{"type":"Feature","properties":{"NAME":"Tippecanoe","state_abbr":"IN","state_name":"Indiana","ALAND":1569238},"geometry":{"type":"Polygon","coordinates":[[[-86.126213,41.208387],[-86.12097,41.211868],[-86.122761,41.216556],[-86.115973,41.215026],[-86.118369,41.217953],[-86.115129,41.219299],[-86.113482,41.216212],[-86.107843,41.216229],[-86.106442,41.208971],[-86.107714,41.208125],[-86.107653,41.203149],[-86.126213,41.208387]]]}},{"type":"Feature","properties":{"NAME":"Tyner","state_abbr":"IN","state_name":"Indiana","ALAND":1035356},"geometry":{"type":"Polygon","coordinates":[[[-86.409317,41.415719],[-86.406096,41.414766],[-86.406103,41.416499],[-86.403682,41.416548],[-86.401228,41.415669],[-86.401255,41.412649],[-86.396414,41.412767],[-86.396442,41.406675],[-86.392642,41.40404],[-86.40611,41.404652],[-86.406091,41.410964],[-86.4093,41.411887],[-86.409317,41.415719]]]}},{"type":"Feature","properties":{"NAME":"Templeton","state_abbr":"IN","state_name":"Indiana","ALAND":306252},"geometry":{"type":"Polygon","coordinates":[[[-87.208784,40.51342],[-87.212373,40.519107],[-87.200195,40.511173],[-87.205585,40.511585],[-87.206639,40.509359],[-87.208982,40.510128],[-87.210126,40.512546],[-87.208784,40.51342]]]}},{"type":"Feature","properties":{"NAME":"Tri-Lakes","state_abbr":"IN","state_name":"Indiana","ALAND":8850299},"geometry":{"type":"Polygon","coordinates":[[[-85.462534,41.236213],[-85.462212,41.265182],[-85.424053,41.265048],[-85.422792,41.247562],[-85.424031,41.236231],[-85.462534,41.236213]]]}},{"type":"Feature","properties":{"NAME":"Underwood","state_abbr":"IN","state_name":"Indiana","ALAND":6657430},"geometry":{"type":"Polygon","coordinates":[[[-85.781355,38.605076],[-85.755401,38.605622],[-85.755868,38.601968],[-85.760843,38.601898],[-85.760611,38.594661],[-85.751281,38.595239],[-85.749973,38.591338],[-85.751124,38.591308],[-85.751161,38.587641],[-85.7618,38.581721],[-85.757179,38.576364],[-85.773725,38.57482],[-85.778671,38.572949],[-85.778745,38.594076],[-85.781355,38.605076]]]}},{"type":"Feature","properties":{"NAME":"Vistula","state_abbr":"IN","state_name":"Indiana","ALAND":4124500},"geometry":{"type":"Polygon","coordinates":[[[-85.737923,41.759032],[-85.718183,41.75903],[-85.718285,41.75459],[-85.708642,41.75463],[-85.708542,41.750999],[-85.69892,41.751061],[-85.698712,41.747142],[-85.715838,41.745593],[-85.737424,41.739876],[-85.737923,41.759032]]]}},{"type":"Feature","properties":{"NAME":"Walesboro","state_abbr":"IN","state_name":"Indiana","ALAND":596101},"geometry":{"type":"Polygon","coordinates":[[[-85.918732,39.150044],[-85.915792,39.150117],[-85.911434,39.147118],[-85.912788,39.144716],[-85.911442,39.142645],[-85.903999,39.140462],[-85.909244,39.138522],[-85.908241,39.135863],[-85.913262,39.135469],[-85.913321,39.137693],[-85.910749,39.138274],[-85.918732,39.150044]]]}},{"type":"Feature","properties":{"NAME":"Waverly","state_abbr":"IN","state_name":"Indiana","ALAND":3925536},"geometry":{"type":"Polygon","coordinates":[[[-86.283651,39.543213],[-86.272155,39.554981],[-86.275402,39.559142],[-86.263522,39.5614],[-86.257268,39.563941],[-86.255355,39.566816],[-86.250613,39.566174],[-86.250565,39.557179],[-86.254768,39.552789],[-86.276368,39.538374],[-86.276411,39.542879],[-86.278951,39.541907],[-86.283651,39.543213]]]}},{"type":"Feature","properties":{"NAME":"Webster","state_abbr":"IN","state_name":"Indiana","ALAND":866989},"geometry":{"type":"Polygon","coordinates":[[[-84.949713,39.904467],[-84.943993,39.906208],[-84.944078,39.904701],[-84.934364,39.903573],[-84.937264,39.89833],[-84.948897,39.896413],[-84.949713,39.904467]]]}},{"type":"Feature","properties":{"NAME":"Williamsburg","state_abbr":"IN","state_name":"Indiana","ALAND":813760},"geometry":{"type":"Polygon","coordinates":[[[-85.003925,39.947023],[-85.001799,39.94973],[-85.002817,39.951905],[-85.000366,39.956439],[-84.99672,39.956893],[-84.996495,39.954315],[-84.992181,39.954322],[-84.993446,39.950642],[-84.990241,39.948759],[-84.992464,39.948775],[-84.995328,39.944943],[-84.996392,39.947078],[-85.003925,39.947023]]]}},{"type":"Feature","properties":{"NAME":"West Middleton","state_abbr":"IN","state_name":"Indiana","ALAND":1087433},"geometry":{"type":"Polygon","coordinates":[[[-86.222377,40.445714],[-86.212852,40.446245],[-86.212748,40.440966],[-86.205473,40.444273],[-86.204833,40.439429],[-86.210309,40.438383],[-86.210285,40.433403],[-86.21269,40.433391],[-86.212723,40.438872],[-86.216979,40.439041],[-86.222327,40.436607],[-86.222377,40.445714]]]}},{"type":"Feature","properties":{"NAME":"Westphalia","state_abbr":"IN","state_name":"Indiana","ALAND":1162215},"geometry":{"type":"Polygon","coordinates":[[[-87.229133,38.862542],[-87.227207,38.863031],[-87.226922,38.868133],[-87.22447,38.868179],[-87.224493,38.870752],[-87.219807,38.870762],[-87.219775,38.866196],[-87.21444,38.866226],[-87.214544,38.864139],[-87.219699,38.858282],[-87.219761,38.855339],[-87.22457,38.855319],[-87.224469,38.861038],[-87.229133,38.862542]]]}},{"type":"Feature","properties":{"NAME":"West Point","state_abbr":"IN","state_name":"Indiana","ALAND":2597638},"geometry":{"type":"Polygon","coordinates":[[[-87.055011,40.342847],[-87.050913,40.353092],[-87.032455,40.355782],[-87.032611,40.337722],[-87.037813,40.341988],[-87.044135,40.339551],[-87.046807,40.341336],[-87.051192,40.340726],[-87.046416,40.343715],[-87.055011,40.342847]]]}},{"type":"Feature","properties":{"NAME":"Williams","state_abbr":"IN","state_name":"Indiana","ALAND":4716009},"geometry":{"type":"Polygon","coordinates":[[[-86.662516,38.801518],[-86.663681,38.807128],[-86.661078,38.807107],[-86.660983,38.823403],[-86.642631,38.828541],[-86.642874,38.816869],[-86.641776,38.816863],[-86.641847,38.814235],[-86.638128,38.814215],[-86.63883,38.810104],[-86.640288,38.810109],[-86.640317,38.805689],[-86.644207,38.804722],[-86.648283,38.798832],[-86.648791,38.802358],[-86.653465,38.800814],[-86.662516,38.801518]]]}}],"metadata":{"state":"IN","state_name":"Indiana","place_count":976,"created_date":"2025-07-20 23:52:14"}}