{"type":"FeatureCollection","features":[{"type":"Feature","properties":{"NAME":"Alton","state_abbr":"MO","state_name":"Missouri","ALAND":4063076},"geometry":{"type":"Polygon","coordinates":[[[-91.410267,36.696603],[-91.407001,36.697553],[-91.407052,36.700879],[-91.393428,36.70225],[-91.394963,36.697017],[-91.391782,36.696962],[-91.389389,36.691765],[-91.384842,36.689623],[-91.374237,36.688901],[-91.374387,36.681816],[-91.386473,36.681887],[-91.395477,36.687115],[-91.399924,36.682585],[-91.40246,36.683574],[-91.403153,36.681984],[-91.410209,36.682119],[-91.404759,36.687923],[-91.408966,36.687944],[-91.408917,36.689864],[-91.407215,36.689818],[-91.40722,36.693706],[-91.410363,36.695003],[-91.410267,36.696603]]]}},{"type":"Feature","properties":{"NAME":"Chula","state_abbr":"MO","state_name":"Missouri","ALAND":460727},"geometry":{"type":"Polygon","coordinates":[[[-93.486227,39.9229],[-93.478503,39.924988],[-93.477073,39.923555],[-93.473067,39.923574],[-93.473825,39.922099],[-93.468995,39.922171],[-93.468902,39.920328],[-93.483267,39.920033],[-93.483301,39.922963],[-93.486227,39.9229]]]}},{"type":"Feature","properties":{"NAME":"Mooresville","state_abbr":"MO","state_name":"Missouri","ALAND":464364},"geometry":{"type":"Polygon","coordinates":[[[-93.726979,39.749138],[-93.726553,39.752784],[-93.722607,39.752763],[-93.722411,39.747457],[-93.715144,39.745289],[-93.715062,39.74253],[-93.713144,39.741442],[-93.720329,39.741249],[-93.720405,39.742538],[-93.717796,39.742531],[-93.717825,39.744384],[-93.722479,39.744343],[-93.722417,39.746878],[-93.726979,39.749138]]]}},{"type":"Feature","properties":{"NAME":"Fulton","state_abbr":"MO","state_name":"Missouri","ALAND":31931630},"geometry":{"type":"MultiPolygon","coordinates":[[[[-91.95767,38.897742],[-91.957662,38.908193],[-91.952498,38.906163],[-91.951726,38.90733],[-91.95071,38.902591],[-91.953156,38.902132],[-91.953303,38.897612],[-91.95767,38.897742]]],[[[-91.995202,38.821262],[-91.986739,38.821124],[-91.98609,38.819578],[-91.983739,38.819639],[-91.983062,38.822779],[-91.985705,38.828626],[-91.974412,38.827857],[-91.973331,38.82967],[-91.972833,38.844909],[-91.976795,38.845051],[-91.974339,38.845516],[-91.974326,38.846918],[-91.979627,38.847138],[-91.980558,38.849767],[-91.984185,38.849827],[-91.984082,38.85443],[-91.980221,38.855198],[-91.977195,38.85115],[-91.975701,38.856774],[-91.972303,38.856759],[-91.972189,38.860254],[-91.973709,38.860251],[-91.975494,38.867474],[-91.97196,38.867516],[-91.971846,38.871409],[-91.967668,38.873866],[-91.967535,38.878326],[-91.96924,38.880904],[-91.963922,38.882219],[-91.962532,38.884393],[-91.964522,38.889829],[-91.962382,38.895564],[-91.959997,38.892767],[-91.953404,38.892437],[-91.953234,38.883237],[-91.947143,38.887402],[-91.945739,38.893917],[-91.943376,38.893881],[-91.943306,38.895949],[-91.944745,38.897018],[-91.946101,38.89939],[-91.950603,38.902622],[-91.951433,38.908283],[-91.950551,38.91056],[-91.943372,38.910626],[-91.942165,38.915407],[-91.942691,38.893864],[-91.940864,38.893789],[-91.940763,38.892014],[-91.942,38.881596],[-91.940014,38.881499],[-91.940041,38.879187],[-91.933153,38.87901],[-91.933116,38.880856],[-91.93137,38.880797],[-91.931407,38.878971],[-91.92546,38.87882],[-91.925652,38.871791],[-91.92081,38.87175],[-91.920953,38.868233],[-91.925765,38.868332],[-91.925472,38.866888],[-91.921017,38.867171],[-91.924363,38.865189],[-91.923409,38.864095],[-91.916365,38.869233],[-91.916604,38.862267],[-91.920916,38.862287],[-91.921702,38.833416],[-91.935886,38.833734],[-91.936227,38.822804],[-91.940836,38.823048],[-91.940944,38.819541],[-91.945637,38.819632],[-91.945441,38.825127],[-91.964103,38.825396],[-91.964217,38.823642],[-91.966553,38.823675],[-91.968971,38.820341],[-91.977163,38.820329],[-91.981084,38.815344],[-91.986041,38.817097],[-91.986105,38.814074],[-91.995308,38.814103],[-91.995202,38.821262]],[[-91.958003,38.882057],[-91.95419,38.883866],[-91.954201,38.886573],[-91.957981,38.88668],[-91.958003,38.882057]],[[-91.943316,38.897321],[-91.943794,38.89639],[-91.94331,38.896215],[-91.943316,38.897321]],[[-91.925868,38.865651],[-91.925566,38.865227],[-91.925554,38.865651],[-91.925868,38.865651]]]]}},{"type":"Feature","properties":{"NAME":"Jefferson City","state_abbr":"MO","state_name":"Missouri","ALAND":93395079},"geometry":{"type":"Polygon","coordinates":[[[-92.288078,38.563367],[-92.287802,38.569152],[-92.280547,38.571217],[-92.280413,38.575689],[-92.275854,38.575248],[-92.275761,38.571543],[-92.271036,38.572776],[-92.270994,38.576124],[-92.275722,38.575606],[-92.275668,38.579279],[-92.274483,38.580708],[-92.27349,38.580359],[-92.275597,38.581923],[-92.27085,38.585024],[-92.270805,38.586769],[-92.266141,38.586659],[-92.266088,38.589855],[-92.270663,38.589528],[-92.270649,38.594068],[-92.26848,38.594043],[-92.266072,38.59101],[-92.266029,38.594061],[-92.253557,38.594036],[-92.254856,38.595209],[-92.251265,38.59407],[-92.248877,38.59687],[-92.242717,38.596608],[-92.2425,38.598487],[-92.240236,38.596549],[-92.240108,38.598393],[-92.237309,38.599351],[-92.235325,38.598131],[-92.234929,38.603706],[-92.237309,38.603868],[-92.236831,38.611361],[-92.235196,38.611287],[-92.235665,38.613735],[-92.237879,38.614651],[-92.234224,38.613734],[-92.234025,38.617634],[-92.22725,38.614051],[-92.222574,38.61518],[-92.218678,38.613701],[-92.207483,38.604844],[-92.202491,38.604949],[-92.199116,38.600273],[-92.185812,38.591283],[-92.181069,38.595621],[-92.181249,38.599639],[-92.174863,38.605527],[-92.173418,38.611849],[-92.169268,38.611887],[-92.169933,38.614161],[-92.165407,38.615918],[-92.167462,38.611923],[-92.156808,38.60724],[-92.156887,38.605637],[-92.14318,38.596183],[-92.141583,38.595618],[-92.129462,38.589802],[-92.130094,38.577827],[-92.143768,38.581794],[-92.14437,38.572248],[-92.124429,38.564976],[-92.101993,38.560311],[-92.068099,38.557412],[-92.058876,38.55774],[-92.037278,38.562448],[-92.03804,38.545358],[-92.056056,38.536173],[-92.068191,38.534616],[-92.068242,38.533007],[-92.085213,38.532865],[-92.090503,38.538019],[-92.117471,38.541754],[-92.115385,38.539947],[-92.122411,38.540098],[-92.122331,38.543191],[-92.136903,38.546385],[-92.132389,38.543637],[-92.165756,38.545345],[-92.166331,38.537929],[-92.168882,38.537897],[-92.16964,38.535804],[-92.164328,38.526851],[-92.164841,38.524594],[-92.176315,38.525202],[-92.178095,38.526508],[-92.181175,38.525528],[-92.180995,38.531211],[-92.182414,38.533365],[-92.186376,38.53548],[-92.191043,38.534637],[-92.190952,38.536001],[-92.195622,38.536185],[-92.195443,38.539816],[-92.20492,38.54019],[-92.205057,38.536706],[-92.201443,38.536821],[-92.200577,38.532569],[-92.195874,38.532433],[-92.195963,38.530473],[-92.202131,38.530546],[-92.204818,38.527451],[-92.205397,38.528903],[-92.210121,38.52906],[-92.209722,38.536142],[-92.212028,38.537563],[-92.21067,38.540191],[-92.227626,38.540919],[-92.227569,38.547162],[-92.231279,38.549286],[-92.232637,38.552368],[-92.232201,38.567348],[-92.246824,38.567338],[-92.246835,38.563576],[-92.251956,38.56365],[-92.251938,38.567381],[-92.256821,38.567495],[-92.256872,38.563712],[-92.274566,38.564094],[-92.275916,38.560081],[-92.27139,38.559942],[-92.271444,38.556407],[-92.266686,38.556253],[-92.266624,38.553934],[-92.271563,38.548165],[-92.275677,38.546816],[-92.276554,38.5491],[-92.282394,38.550377],[-92.281071,38.556692],[-92.28308,38.556757],[-92.281918,38.562084],[-92.285713,38.561608],[-92.288078,38.563367]],[[-92.279656,38.572115],[-92.278952,38.571803],[-92.278934,38.572088],[-92.279656,38.572115]],[[-92.273487,38.580194],[-92.273767,38.579234],[-92.273235,38.579221],[-92.273487,38.580194]],[[-92.272466,38.580499],[-92.273019,38.579216],[-92.272367,38.579201],[-92.272466,38.580499]],[[-92.249797,38.594671],[-92.247559,38.593925],[-92.24754,38.594796],[-92.249797,38.594671]],[[-92.14348,38.589529],[-92.138859,38.58931],[-92.138536,38.594013],[-92.143188,38.596043],[-92.14348,38.589529]],[[-92.234333,38.611249],[-92.234867,38.611035],[-92.234466,38.610825],[-92.234333,38.611249]]]}},{"type":"Feature","properties":{"NAME":"Branson","state_abbr":"MO","state_name":"Missouri","ALAND":55272231},"geometry":{"type":"MultiPolygon","coordinates":[[[[-93.291271,36.597102],[-93.28816,36.596779],[-93.284923,36.595086],[-93.288505,36.595449],[-93.291271,36.597102]]],[[[-93.314231,36.675313],[-93.313442,36.679883],[-93.301629,36.680115],[-93.301564,36.683733],[-93.28594,36.683736],[-93.279955,36.682107],[-93.277193,36.679847],[-93.279191,36.679851],[-93.279505,36.672387],[-93.275089,36.672302],[-93.275123,36.665204],[-93.279734,36.665282],[-93.279805,36.661701],[-93.26889,36.661478],[-93.267195,36.65417],[-93.262026,36.647378],[-93.263416,36.651754],[-93.261899,36.655706],[-93.265198,36.657807],[-93.265359,36.661404],[-93.264031,36.661772],[-93.263755,36.667147],[-93.260457,36.666202],[-93.25988,36.667295],[-93.259119,36.665743],[-93.256811,36.668431],[-93.265975,36.668617],[-93.26566,36.679538],[-93.27236,36.67974],[-93.274299,36.687037],[-93.260961,36.686618],[-93.260904,36.682992],[-93.25241,36.682503],[-93.253458,36.680005],[-93.251926,36.678231],[-93.251418,36.674445],[-93.249844,36.673265],[-93.248312,36.673282],[-93.248198,36.677361],[-93.24591,36.677297],[-93.246445,36.675548],[-93.24372,36.675533],[-93.243589,36.679193],[-93.250049,36.677621],[-93.248089,36.679233],[-93.247888,36.690164],[-93.250272,36.690194],[-93.250206,36.691563],[-93.246689,36.695173],[-93.246618,36.698945],[-93.238724,36.697684],[-93.238381,36.711856],[-93.233851,36.711783],[-93.234097,36.704493],[-93.231821,36.704459],[-93.231362,36.700683],[-93.229831,36.70189],[-93.229824,36.700716],[-93.222477,36.698672],[-93.225285,36.698863],[-93.225458,36.691835],[-93.221499,36.691475],[-93.223021,36.689784],[-93.221728,36.687875],[-93.224567,36.685663],[-93.223447,36.682555],[-93.225594,36.68256],[-93.225664,36.678831],[-93.220619,36.67873],[-93.220223,36.67052],[-93.219027,36.669749],[-93.218934,36.671444],[-93.217728,36.669972],[-93.21593,36.672326],[-93.216738,36.669365],[-93.215317,36.665459],[-93.213006,36.665397],[-93.216937,36.664155],[-93.21335,36.664029],[-93.214673,36.656818],[-93.211736,36.639833],[-93.215947,36.635028],[-93.221844,36.633604],[-93.230181,36.635033],[-93.236318,36.638161],[-93.245786,36.63582],[-93.248655,36.629393],[-93.244171,36.618307],[-93.244887,36.614664],[-93.246905,36.612502],[-93.244922,36.618299],[-93.251475,36.618097],[-93.253173,36.616636],[-93.252337,36.613707],[-93.259106,36.612998],[-93.261523,36.615519],[-93.262441,36.628861],[-93.264922,36.628948],[-93.264955,36.626894],[-93.269387,36.62603],[-93.269165,36.629087],[-93.270211,36.629112],[-93.271487,36.62426],[-93.273737,36.624382],[-93.271612,36.62067],[-93.271603,36.616889],[-93.276266,36.610935],[-93.275666,36.611023],[-93.274221,36.60135],[-93.274631,36.599141],[-93.276666,36.599377],[-93.274719,36.598994],[-93.277728,36.595233],[-93.280688,36.594674],[-93.287718,36.59682],[-93.289744,36.59715],[-93.297493,36.59737],[-93.305533,36.59543],[-93.309698,36.596476],[-93.31126,36.593981],[-93.310285,36.600107],[-93.312378,36.605363],[-93.309455,36.612181],[-93.306794,36.61349],[-93.306725,36.616977],[-93.3052,36.620225],[-93.308667,36.617962],[-93.307949,36.62009],[-93.311079,36.619494],[-93.311581,36.619857],[-93.311576,36.623419],[-93.310282,36.624392],[-93.307707,36.625809],[-93.311119,36.625852],[-93.312067,36.628746],[-93.310974,36.626491],[-93.307595,36.626415],[-93.307648,36.625531],[-93.311059,36.623787],[-93.311123,36.620094],[-93.304416,36.620913],[-93.302775,36.622685],[-93.304448,36.622907],[-93.303152,36.626311],[-93.298624,36.627336],[-93.29753,36.636354],[-93.308381,36.637337],[-93.310593,36.639478],[-93.30658,36.642438],[-93.302251,36.654534],[-93.306724,36.654653],[-93.306697,36.658295],[-93.311215,36.658443],[-93.311009,36.665673],[-93.307835,36.665637],[-93.308269,36.663769],[-93.301729,36.664145],[-93.301773,36.672779],[-93.310802,36.672922],[-93.310761,36.67545],[-93.314231,36.675313]],[[-93.306378,36.678491],[-93.306316,36.678439],[-93.306316,36.678491],[-93.306378,36.678491]],[[-93.306305,36.615588],[-93.299018,36.615104],[-93.299046,36.61177],[-93.296104,36.611719],[-93.296132,36.610597],[-93.29907,36.61065],[-93.299134,36.608192],[-93.29525,36.608138],[-93.294448,36.615328],[-93.291538,36.615246],[-93.293339,36.619047],[-93.291293,36.620993],[-93.298598,36.622602],[-93.300254,36.624328],[-93.303515,36.619057],[-93.3059,36.618673],[-93.306305,36.615588]],[[-93.305568,36.642704],[-93.301432,36.642036],[-93.301162,36.639667],[-93.296746,36.639766],[-93.293881,36.640658],[-93.293586,36.645778],[-93.302483,36.647237],[-93.302325,36.652247],[-93.305568,36.642704]],[[-93.303707,36.602821],[-93.29991,36.601848],[-93.301401,36.608165],[-93.303556,36.608197],[-93.303707,36.602821]],[[-93.298959,36.601283],[-93.294832,36.600739],[-93.294735,36.604332],[-93.297879,36.603346],[-93.298959,36.601283]],[[-93.294732,36.602843],[-93.294588,36.602688],[-93.294553,36.602839],[-93.294732,36.602843]],[[-93.294678,36.651562],[-93.2933,36.652272],[-93.293289,36.652832],[-93.294698,36.652622],[-93.294678,36.651562]],[[-93.29406,36.636962],[-93.289573,36.636863],[-93.289446,36.640516],[-93.294002,36.640507],[-93.29406,36.636962]],[[-93.29386,36.603644],[-93.293763,36.60357],[-93.293753,36.603633],[-93.29386,36.603644]],[[-93.290906,36.652744],[-93.290991,36.65211],[-93.290345,36.652373],[-93.290906,36.652744]],[[-93.290943,36.626747],[-93.289878,36.627246],[-93.289692,36.627403],[-93.290943,36.626747]],[[-93.2903,36.61263],[-93.290082,36.607956],[-93.285492,36.607853],[-93.286071,36.620166],[-93.289799,36.620569],[-93.289916,36.614815],[-93.286965,36.614023],[-93.2903,36.61263]],[[-93.289744,36.624192],[-93.285481,36.624075],[-93.284115,36.625875],[-93.289703,36.626015],[-93.289744,36.624192]],[[-93.289287,36.599122],[-93.289516,36.598814],[-93.289186,36.599023],[-93.289287,36.599122]],[[-93.286441,36.630697],[-93.287175,36.62953],[-93.286113,36.630038],[-93.286441,36.630697]],[[-93.287376,36.601661],[-93.287377,36.601568],[-93.287319,36.601612],[-93.287376,36.601661]],[[-93.28743,36.60221],[-93.287283,36.602159],[-93.287335,36.602314],[-93.28743,36.60221]],[[-93.287185,36.602087],[-93.287178,36.601998],[-93.287139,36.602013],[-93.287185,36.602087]],[[-93.286885,36.60189],[-93.286906,36.601718],[-93.286825,36.601737],[-93.286885,36.60189]],[[-93.286734,36.602307],[-93.286631,36.602166],[-93.286566,36.602212],[-93.286734,36.602307]],[[-93.286634,36.601667],[-93.286684,36.601499],[-93.286601,36.601508],[-93.286634,36.601667]],[[-93.286701,36.598892],[-93.28656,36.598858],[-93.286613,36.598933],[-93.286701,36.598892]],[[-93.286635,36.601422],[-93.286553,36.601337],[-93.286552,36.60142],[-93.286635,36.601422]],[[-93.286537,36.602038],[-93.286422,36.601904],[-93.286392,36.601927],[-93.286537,36.602038]],[[-93.286479,36.602086],[-93.286362,36.601953],[-93.286334,36.601976],[-93.286479,36.602086]],[[-93.286295,36.601851],[-93.286223,36.601699],[-93.286188,36.601715],[-93.286295,36.601851]],[[-93.286173,36.601628],[-93.286172,36.601496],[-93.286093,36.601575],[-93.286173,36.601628]],[[-93.28594,36.601376],[-93.285816,36.601246],[-93.285759,36.601299],[-93.28594,36.601376]],[[-93.285874,36.605372],[-93.285832,36.604139],[-93.284114,36.605161],[-93.285874,36.605372]],[[-93.285692,36.60563],[-93.281655,36.607791],[-93.280955,36.610033],[-93.285288,36.606961],[-93.285692,36.60563]],[[-93.285218,36.596709],[-93.285141,36.596631],[-93.28512,36.596682],[-93.285218,36.596709]],[[-93.285049,36.629497],[-93.280504,36.628553],[-93.279971,36.629376],[-93.285049,36.629497]],[[-93.284809,36.597873],[-93.284671,36.59785],[-93.284731,36.597918],[-93.284809,36.597873]],[[-93.284606,36.615723],[-93.283195,36.615115],[-93.283184,36.615681],[-93.284606,36.615723]],[[-93.284602,36.597792],[-93.284457,36.597773],[-93.284519,36.597842],[-93.284602,36.597792]],[[-93.283814,36.60333],[-93.284356,36.603148],[-93.283892,36.602924],[-93.283814,36.60333]],[[-93.284095,36.621824],[-93.281424,36.615716],[-93.278887,36.616016],[-93.279444,36.619252],[-93.280703,36.618129],[-93.279917,36.622129],[-93.284095,36.621824]],[[-93.283873,36.633077],[-93.282049,36.632747],[-93.282034,36.63306],[-93.283873,36.633077]],[[-93.283265,36.600058],[-93.283193,36.600021],[-93.283198,36.600063],[-93.283265,36.600058]],[[-93.283004,36.61555],[-93.282143,36.615656],[-93.282147,36.6158],[-93.283004,36.61555]],[[-93.282443,36.627157],[-93.280998,36.627247],[-93.280511,36.628116],[-93.282443,36.627157]],[[-93.281454,36.614544],[-93.280654,36.610691],[-93.279348,36.610107],[-93.278104,36.612554],[-93.279395,36.612502],[-93.279057,36.614633],[-93.277316,36.614877],[-93.281454,36.614544]],[[-93.280797,36.595983],[-93.280691,36.595908],[-93.280695,36.595987],[-93.280797,36.595983]],[[-93.280512,36.626957],[-93.280507,36.627371],[-93.280747,36.627142],[-93.280512,36.626957]],[[-93.280703,36.595202],[-93.280602,36.595123],[-93.280601,36.595201],[-93.280703,36.595202]],[[-93.280456,36.632139],[-93.280272,36.632135],[-93.280283,36.632177],[-93.280456,36.632139]],[[-93.280028,36.651612],[-93.279538,36.650854],[-93.279884,36.65161],[-93.280028,36.651612]],[[-93.279897,36.595644],[-93.279771,36.59559],[-93.279799,36.595666],[-93.279897,36.595644]],[[-93.278373,36.631097],[-93.279681,36.629297],[-93.278343,36.629279],[-93.278373,36.631097]],[[-93.279403,36.595365],[-93.27929,36.595341],[-93.279305,36.595386],[-93.279403,36.595365]],[[-93.277945,36.610423],[-93.278223,36.608882],[-93.277698,36.608902],[-93.277945,36.610423]],[[-93.278366,36.602475],[-93.27814,36.601965],[-93.278136,36.602464],[-93.278366,36.602475]],[[-93.277661,36.61331],[-93.277722,36.612785],[-93.277243,36.612911],[-93.277661,36.61331]],[[-93.277752,36.617274],[-93.276783,36.616856],[-93.276779,36.617234],[-93.277752,36.617274]],[[-93.277535,36.630191],[-93.275899,36.629315],[-93.27588,36.630136],[-93.277535,36.630191]],[[-93.276836,36.614037],[-93.276663,36.614507],[-93.277423,36.614513],[-93.276836,36.614037]],[[-93.276045,36.614546],[-93.275955,36.613874],[-93.275609,36.614184],[-93.276045,36.614546]],[[-93.275143,36.618892],[-93.27518,36.618523],[-93.275146,36.618503],[-93.275143,36.618892]],[[-93.275382,36.600999],[-93.275077,36.600511],[-93.274989,36.60095],[-93.275382,36.600999]],[[-93.275269,36.603295],[-93.274619,36.60349],[-93.274763,36.6038],[-93.275269,36.603295]],[[-93.275127,36.6024],[-93.274747,36.602103],[-93.274857,36.602483],[-93.275127,36.6024]],[[-93.274654,36.6154],[-93.274653,36.615443],[-93.27479,36.615446],[-93.274654,36.6154]],[[-93.264922,36.675846],[-93.258017,36.675667],[-93.258003,36.676219],[-93.261602,36.676718],[-93.264922,36.675846]],[[-93.25895,36.672857],[-93.257944,36.672042],[-93.257926,36.672842],[-93.25895,36.672857]],[[-93.257944,36.628136],[-93.256462,36.628132],[-93.256261,36.626252],[-93.254633,36.630074],[-93.257944,36.628136]],[[-93.256762,36.631838],[-93.254886,36.631236],[-93.254206,36.631812],[-93.256762,36.631838]],[[-93.25654,36.676086],[-93.251865,36.675828],[-93.252275,36.678342],[-93.256421,36.679273],[-93.25654,36.676086]],[[-93.25638,36.630518],[-93.255724,36.630065],[-93.255652,36.630391],[-93.25638,36.630518]],[[-93.253851,36.668128],[-93.255384,36.666929],[-93.253882,36.666362],[-93.253851,36.668128]],[[-93.254227,36.669841],[-93.252899,36.669836],[-93.252829,36.671958],[-93.254222,36.671982],[-93.254227,36.669841]],[[-93.253398,36.617397],[-93.253061,36.617035],[-93.253064,36.617395],[-93.253398,36.617397]],[[-93.253049,36.631983],[-93.252653,36.631809],[-93.252675,36.632869],[-93.253049,36.631983]],[[-93.252886,36.669231],[-93.251998,36.668398],[-93.251989,36.669078],[-93.252886,36.669231]],[[-93.252424,36.668138],[-93.252317,36.666329],[-93.25229,36.668139],[-93.252424,36.668138]],[[-93.252434,36.62095],[-93.252318,36.619175],[-93.247856,36.619105],[-93.247852,36.620919],[-93.252434,36.62095]],[[-93.251224,36.671691],[-93.251339,36.67165],[-93.251217,36.67164],[-93.251224,36.671691]],[[-93.251487,36.635432],[-93.250099,36.635433],[-93.250119,36.636217],[-93.251487,36.635432]],[[-93.251044,36.671416],[-93.250496,36.66691],[-93.248351,36.666905],[-93.250422,36.666342],[-93.249319,36.664913],[-93.247089,36.66468],[-93.246624,36.666168],[-93.243637,36.665706],[-93.243439,36.664308],[-93.242248,36.665524],[-93.23494,36.665102],[-93.236501,36.667056],[-93.23488,36.669648],[-93.23701,36.669297],[-93.235367,36.671197],[-93.236776,36.671827],[-93.236707,36.675443],[-93.239178,36.67547],[-93.239255,36.670549],[-93.240239,36.671869],[-93.251044,36.671416]],[[-93.249422,36.63839],[-93.2487,36.637078],[-93.248854,36.638862],[-93.249422,36.63839]],[[-93.246782,36.672978],[-93.245175,36.672035],[-93.244933,36.671947],[-93.24488,36.67344],[-93.246782,36.672978]],[[-93.244062,36.652447],[-93.239707,36.652412],[-93.239685,36.657337],[-93.244034,36.657359],[-93.244062,36.652447]],[[-93.236702,36.672149],[-93.236567,36.67201],[-93.236583,36.672147],[-93.236702,36.672149]],[[-93.23656,36.672931],[-93.236708,36.672796],[-93.236546,36.672793],[-93.23656,36.672931]],[[-93.236167,36.673407],[-93.236317,36.673264],[-93.236169,36.673264],[-93.236167,36.673407]],[[-93.234582,36.700914],[-93.234014,36.700389],[-93.233983,36.70087],[-93.234582,36.700914]],[[-93.286632,36.602269],[-93.286602,36.60229],[-93.2867,36.602331],[-93.286632,36.602269]],[[-93.252821,36.672512],[-93.251263,36.671987],[-93.251329,36.672491],[-93.252821,36.672512]]]]}},{"type":"Feature","properties":{"NAME":"Napoleon","state_abbr":"MO","state_name":"Missouri","ALAND":4526666},"geometry":{"type":"Polygon","coordinates":[[[-94.105638,39.126453],[-94.104935,39.140933],[-94.092481,39.135239],[-94.080373,39.132561],[-94.063962,39.133213],[-94.053418,39.135934],[-94.053495,39.132925],[-94.064173,39.131733],[-94.064095,39.127272],[-94.073314,39.127207],[-94.073043,39.11895],[-94.105638,39.126453]]]}},{"type":"Feature","properties":{"NAME":"River Bend","state_abbr":"MO","state_name":"Missouri","ALAND":3937865},"geometry":{"type":"Polygon","coordinates":[[[-94.408628,39.193603],[-94.401725,39.197001],[-94.395028,39.196303],[-94.389728,39.193503],[-94.384828,39.187204],[-94.378494,39.170365],[-94.38002,39.171866],[-94.395159,39.170943],[-94.395126,39.175979],[-94.400426,39.175983],[-94.408628,39.193603]]]}},{"type":"Feature","properties":{"NAME":"Stoutland","state_abbr":"MO","state_name":"Missouri","ALAND":1565170},"geometry":{"type":"Polygon","coordinates":[[[-92.525948,37.812223],[-92.523166,37.814355],[-92.523134,37.818899],[-92.506945,37.818638],[-92.507034,37.807176],[-92.517656,37.80721],[-92.517498,37.812422],[-92.525948,37.812223]]]}},{"type":"Feature","properties":{"NAME":"Evergreen","state_abbr":"MO","state_name":"Missouri","ALAND":26176207},"geometry":{"type":"MultiPolygon","coordinates":[[[[-92.562243,37.543442],[-92.555011,37.549264],[-92.549676,37.550554],[-92.547101,37.546164],[-92.545214,37.546287],[-92.542463,37.542263],[-92.538823,37.54101],[-92.540259,37.539306],[-92.543502,37.539185],[-92.543592,37.537471],[-92.546111,37.537098],[-92.546663,37.536519],[-92.538601,37.537827],[-92.538438,37.533172],[-92.548192,37.531964],[-92.547904,37.535817],[-92.562397,37.53585],[-92.562243,37.543442]]],[[[-92.630875,37.528172],[-92.626382,37.528134],[-92.626278,37.524721],[-92.630786,37.524744],[-92.630875,37.528172]]],[[[-92.64925,37.56729],[-92.642562,37.565826],[-92.642555,37.567414],[-92.637288,37.567334],[-92.63733,37.56588],[-92.635729,37.565854],[-92.635579,37.559751],[-92.630837,37.55974],[-92.629847,37.565873],[-92.630918,37.566557],[-92.625642,37.566544],[-92.625783,37.555485],[-92.622415,37.555396],[-92.622418,37.552237],[-92.616523,37.55221],[-92.616421,37.555093],[-92.613755,37.552413],[-92.608498,37.552037],[-92.610859,37.552888],[-92.610846,37.55459],[-92.606533,37.555679],[-92.606484,37.565389],[-92.611075,37.565404],[-92.610997,37.569236],[-92.575924,37.56933],[-92.576041,37.570461],[-92.571331,37.570694],[-92.571158,37.565775],[-92.566184,37.565751],[-92.566169,37.572777],[-92.557781,37.572689],[-92.557747,37.56944],[-92.553049,37.569258],[-92.553069,37.562527],[-92.561813,37.561527],[-92.561824,37.558118],[-92.566241,37.558129],[-92.566251,37.55438],[-92.570992,37.554392],[-92.570982,37.558056],[-92.575613,37.558068],[-92.57565,37.546818],[-92.579859,37.54683],[-92.580107,37.539078],[-92.575388,37.539139],[-92.575489,37.533952],[-92.576711,37.533914],[-92.575611,37.529086],[-92.579074,37.529095],[-92.579184,37.525855],[-92.582039,37.525924],[-92.583379,37.528955],[-92.597802,37.528884],[-92.597913,37.527705],[-92.611813,37.526022],[-92.611821,37.524584],[-92.621993,37.524672],[-92.62175,37.537021],[-92.630929,37.537073],[-92.630919,37.54176],[-92.646539,37.542154],[-92.646531,37.545634],[-92.63564,37.545607],[-92.63561,37.552935],[-92.64025,37.552946],[-92.640228,37.559507],[-92.649242,37.559523],[-92.64925,37.56729]],[[-92.576528,37.568124],[-92.575837,37.567275],[-92.575865,37.568119],[-92.576528,37.568124]]]]}},{"type":"Feature","properties":{"NAME":"Wellington","state_abbr":"MO","state_name":"Missouri","ALAND":2822976},"geometry":{"type":"MultiPolygon","coordinates":[[[[-93.975442,39.133235],[-93.974758,39.133631],[-93.974716,39.133449],[-93.975442,39.133235]]],[[[-93.975838,39.133677],[-93.975932,39.134095],[-93.975429,39.133648],[-93.975838,39.133677]]],[[[-93.976443,39.13383],[-93.976587,39.134305],[-93.976267,39.134212],[-93.976443,39.13383]]],[[[-93.995854,39.129624],[-93.99507,39.132582],[-93.992712,39.133079],[-93.992672,39.154823],[-93.985326,39.147053],[-93.977214,39.142871],[-93.97769,39.128629],[-93.995854,39.129624]]]]}},{"type":"Feature","properties":{"NAME":"Woodson Terrace","state_abbr":"MO","state_name":"Missouri","ALAND":2006351},"geometry":{"type":"Polygon","coordinates":[[[-90.372257,38.725116],[-90.371185,38.731397],[-90.362754,38.730593],[-90.360327,38.737928],[-90.349447,38.731718],[-90.351851,38.72282],[-90.357433,38.723353],[-90.358544,38.721703],[-90.372257,38.725116]]]}},{"type":"Feature","properties":{"NAME":"Olivette","state_abbr":"MO","state_name":"Missouri","ALAND":7175605},"geometry":{"type":"Polygon","coordinates":[[[-90.394611,38.661422],[-90.394015,38.685988],[-90.362301,38.681763],[-90.362317,38.677256],[-90.360156,38.677259],[-90.362395,38.66086],[-90.394611,38.661422]]]}},{"type":"Feature","properties":{"NAME":"Pagedale","state_abbr":"MO","state_name":"Missouri","ALAND":3117447},"geometry":{"type":"Polygon","coordinates":[[[-90.326051,38.68148],[-90.317048,38.679483],[-90.314433,38.680451],[-90.314117,38.682228],[-90.316984,38.682984],[-90.3178,38.68487],[-90.312631,38.685264],[-90.311616,38.689168],[-90.309689,38.688117],[-90.308961,38.690547],[-90.300269,38.690545],[-90.300441,38.683726],[-90.295416,38.680642],[-90.301967,38.670048],[-90.309769,38.670767],[-90.30945,38.672778],[-90.31499,38.673361],[-90.314573,38.675995],[-90.323924,38.676118],[-90.323935,38.680251],[-90.326051,38.68148]]]}},{"type":"Feature","properties":{"NAME":"Naylor","state_abbr":"MO","state_name":"Missouri","ALAND":1433714},"geometry":{"type":"Polygon","coordinates":[[[-90.614176,36.573847],[-90.61369,36.578913],[-90.602291,36.57988],[-90.602326,36.577429],[-90.597337,36.577356],[-90.59739,36.56993],[-90.611459,36.569158],[-90.611412,36.57344],[-90.614176,36.573847]]]}},{"type":"Feature","properties":{"NAME":"Republic","state_abbr":"MO","state_name":"Missouri","ALAND":41488443},"geometry":{"type":"Polygon","coordinates":[[[-93.50709,37.11548],[-93.506942,37.122198],[-93.500081,37.122753],[-93.499976,37.126379],[-93.49768,37.12629],[-93.497987,37.122391],[-93.494146,37.122395],[-93.49402,37.12615],[-93.489424,37.126961],[-93.489306,37.129721],[-93.491526,37.129771],[-93.491374,37.133367],[-93.481127,37.133102],[-93.47972,37.14035],[-93.475194,37.140319],[-93.475403,37.13303],[-93.47199,37.132987],[-93.471918,37.135016],[-93.46615,37.13473],[-93.466202,37.132929],[-93.461742,37.132044],[-93.435065,37.142934],[-93.430006,37.146628],[-93.429949,37.147553],[-93.42467,37.155173],[-93.424627,37.161435],[-93.442942,37.161638],[-93.442812,37.169582],[-93.44705,37.16967],[-93.446891,37.176984],[-93.460602,37.177279],[-93.460229,37.184502],[-93.446481,37.184193],[-93.44624,37.19155],[-93.42796,37.191287],[-93.427682,37.19858],[-93.430026,37.19861],[-93.423527,37.199798],[-93.42336,37.198532],[-93.416913,37.198236],[-93.416768,37.194731],[-93.409614,37.194691],[-93.409161,37.183635],[-93.411022,37.179919],[-93.396128,37.179593],[-93.395914,37.187205],[-93.381716,37.186793],[-93.38235,37.172332],[-93.387397,37.172358],[-93.38756,37.16869],[-93.389901,37.168723],[-93.389775,37.172393],[-93.392065,37.172447],[-93.391945,37.176066],[-93.396158,37.176146],[-93.396872,37.165034],[-93.401568,37.165117],[-93.401289,37.161485],[-93.404206,37.161496],[-93.404229,37.159845],[-93.405426,37.159222],[-93.401188,37.15998],[-93.411714,37.154516],[-93.406237,37.154469],[-93.406362,37.149204],[-93.408282,37.149241],[-93.406409,37.146793],[-93.411066,37.146832],[-93.410886,37.152792],[-93.409292,37.154],[-93.412375,37.154139],[-93.415653,37.152585],[-93.415658,37.150585],[-93.422081,37.149179],[-93.415565,37.148998],[-93.415652,37.14509],[-93.424623,37.143298],[-93.424055,37.140416],[-93.415891,37.141468],[-93.415915,37.13963],[-93.413197,37.139844],[-93.412983,37.143291],[-93.411114,37.143283],[-93.411255,37.139772],[-93.406851,37.139754],[-93.406857,37.1359],[-93.411345,37.135925],[-93.411455,37.132415],[-93.420176,37.132924],[-93.420441,37.123133],[-93.42313,37.123168],[-93.423084,37.12489],[-93.427934,37.124914],[-93.427957,37.120122],[-93.430097,37.120153],[-93.430066,37.121391],[-93.439189,37.121446],[-93.439226,37.117963],[-93.44852,37.118044],[-93.44913,37.09627],[-93.463032,37.096371],[-93.462894,37.101811],[-93.467294,37.101842],[-93.467202,37.10374],[-93.471938,37.103581],[-93.471898,37.101171],[-93.481004,37.102056],[-93.481438,37.08296],[-93.477126,37.07819],[-93.481148,37.081682],[-93.481401,37.078358],[-93.485912,37.074814],[-93.49047,37.074939],[-93.490928,37.082007],[-93.490382,37.096662],[-93.492453,37.100457],[-93.498275,37.100631],[-93.498194,37.107486],[-93.499517,37.108007],[-93.498289,37.107984],[-93.498258,37.111564],[-93.502578,37.111475],[-93.502485,37.115219],[-93.50709,37.11548]],[[-93.49793,37.115249],[-93.4943,37.115152],[-93.494232,37.117001],[-93.497878,37.117091],[-93.49793,37.115249]],[[-93.490456,37.085716],[-93.486024,37.085684],[-93.486113,37.082067],[-93.481352,37.081984],[-93.481669,37.082975],[-93.481296,37.100223],[-93.49002,37.100529],[-93.490456,37.085716]],[[-93.46263,37.10277],[-93.458108,37.103718],[-93.458048,37.105451],[-93.462576,37.10555],[-93.46263,37.10277]],[[-93.458658,37.108116],[-93.453411,37.107242],[-93.45328,37.110786],[-93.457963,37.109358],[-93.458658,37.108116]],[[-93.453087,37.134021],[-93.452469,37.133721],[-93.452459,37.134003],[-93.453087,37.134021]],[[-93.45274,37.125309],[-93.450227,37.124426],[-93.450196,37.125273],[-93.45274,37.125309]],[[-93.448014,37.125415],[-93.447444,37.124795],[-93.447428,37.125407],[-93.448014,37.125415]],[[-93.44779,37.13658],[-93.439875,37.136243],[-93.439937,37.13261],[-93.440461,37.134913],[-93.442045,37.134911],[-93.443151,37.128971],[-93.447529,37.129042],[-93.44762,37.125527],[-93.438847,37.125447],[-93.43877,37.128912],[-93.420839,37.128719],[-93.420598,37.134135],[-93.422803,37.134148],[-93.422731,37.135982],[-93.420444,37.135967],[-93.420383,37.137894],[-93.422682,37.137883],[-93.422633,37.139533],[-93.42485,37.14065],[-93.42722,37.13969],[-93.42718,37.141542],[-93.429678,37.141476],[-93.428755,37.136036],[-93.438704,37.136249],[-93.439925,37.139805],[-93.44779,37.13658]],[[-93.446204,37.132691],[-93.445717,37.131856],[-93.445682,37.132685],[-93.446204,37.132691]],[[-93.439802,37.125194],[-93.439069,37.124649],[-93.439055,37.125192],[-93.439802,37.125194]],[[-93.436989,37.141538],[-93.436332,37.139745],[-93.436285,37.14186],[-93.436989,37.141538]],[[-93.435651,37.127239],[-93.435099,37.125383],[-93.435002,37.127243],[-93.435651,37.127239]],[[-93.431971,37.141616],[-93.430851,37.139754],[-93.43082,37.141599],[-93.431971,37.141616]],[[-93.429858,37.146965],[-93.427748,37.146692],[-93.429243,37.147479],[-93.426953,37.150664],[-93.424554,37.150651],[-93.424625,37.148421],[-93.422265,37.149641],[-93.424497,37.152365],[-93.424472,37.155016],[-93.429858,37.146965]],[[-93.426549,37.143243],[-93.425623,37.142144],[-93.424998,37.141412],[-93.42493,37.143304],[-93.426549,37.143243]],[[-93.41543,37.15296],[-93.41404,37.15369],[-93.413858,37.154207],[-93.41539,37.15423],[-93.41543,37.15296]],[[-93.406161,37.16151],[-93.404732,37.160354],[-93.4047,37.1615],[-93.406161,37.16151]],[[-93.481832,37.102075],[-93.480986,37.102769],[-93.481807,37.102776],[-93.481832,37.102075]]]}},{"type":"Feature","properties":{"NAME":"Rogersville","state_abbr":"MO","state_name":"Missouri","ALAND":9803897},"geometry":{"type":"MultiPolygon","coordinates":[[[[-93.089011,37.101254],[-93.08774,37.10506],[-93.083905,37.105214],[-93.083899,37.103548],[-93.085901,37.10357],[-93.08592,37.101175],[-93.089011,37.101254]]],[[[-93.15597,37.115854],[-93.155934,37.11718],[-93.152809,37.117156],[-93.15276,37.119057],[-93.155815,37.119949],[-93.123873,37.119281],[-93.12386,37.121864],[-93.119717,37.12058],[-93.119684,37.123373],[-93.122309,37.123343],[-93.122275,37.126312],[-93.119649,37.126258],[-93.119292,37.146273],[-93.12231,37.146337],[-93.122267,37.148105],[-93.119247,37.148084],[-93.118994,37.162925],[-93.118727,37.131386],[-93.114609,37.131302],[-93.114731,37.122435],[-93.116912,37.122505],[-93.116952,37.119091],[-93.08563,37.11825],[-93.085601,37.122007],[-93.082948,37.122882],[-93.066289,37.120611],[-93.06767,37.121566],[-93.058022,37.121492],[-93.057144,37.124964],[-93.055979,37.124925],[-93.055969,37.122686],[-93.050654,37.122647],[-93.052997,37.13032],[-93.051266,37.131847],[-93.045216,37.13035],[-93.045407,37.125046],[-93.043558,37.124593],[-93.043595,37.123275],[-93.047333,37.123878],[-93.047328,37.117745],[-93.052333,37.117389],[-93.052388,37.115967],[-93.049421,37.115921],[-93.049403,37.112258],[-93.002076,37.12225],[-93.021563,37.11671],[-93.049395,37.111656],[-93.049215,37.107573],[-93.050109,37.110388],[-93.051006,37.107479],[-93.057172,37.107673],[-93.057645,37.103468],[-93.052339,37.103281],[-93.052342,37.101245],[-93.048154,37.101219],[-93.04804,37.095488],[-93.05745,37.09766],[-93.057545,37.099677],[-93.061898,37.099028],[-93.061962,37.097146],[-93.069349,37.09718],[-93.069606,37.088748],[-93.069394,37.111195],[-93.074002,37.112777],[-93.074028,37.110769],[-93.079078,37.110801],[-93.079047,37.105214],[-93.083905,37.105214],[-93.083875,37.11075],[-93.087618,37.111876],[-93.08766,37.11005],[-93.092363,37.11085],[-93.092265,37.117775],[-93.119008,37.118325],[-93.117122,37.115226],[-93.119063,37.115259],[-93.119951,37.089815],[-93.119845,37.118339],[-93.149772,37.119037],[-93.14982,37.115758],[-93.15597,37.115854]],[[-93.073967,37.114528],[-93.069412,37.114442],[-93.069338,37.117927],[-93.07392,37.11797],[-93.073967,37.114528]],[[-93.069294,37.099235],[-93.067404,37.099242],[-93.06737,37.100609],[-93.069268,37.100642],[-93.069294,37.099235]],[[-93.062698,37.109985],[-93.064976,37.109688],[-93.062711,37.10957],[-93.062698,37.109985]],[[-93.063673,37.103148],[-93.061795,37.102059],[-93.061728,37.103108],[-93.063673,37.103148]]]]}},{"type":"Feature","properties":{"NAME":"Strafford","state_abbr":"MO","state_name":"Missouri","ALAND":8521758},"geometry":{"type":"Polygon","coordinates":[[[-93.16964,37.250387],[-93.169367,37.253612],[-93.163297,37.257378],[-93.136237,37.266811],[-93.138672,37.267597],[-93.138581,37.271112],[-93.123633,37.272563],[-93.122087,37.28517],[-93.113249,37.285155],[-93.113144,37.292698],[-93.10875,37.292102],[-93.108563,37.28491],[-93.112053,37.281338],[-93.107584,37.281333],[-93.10836,37.283234],[-93.10638,37.28378],[-93.106379,37.28135],[-93.104329,37.281382],[-93.10432,37.274991],[-93.100836,37.274976],[-93.101064,37.27153],[-93.096361,37.271237],[-93.096321,37.273277],[-93.089526,37.273823],[-93.08958,37.271571],[-93.085667,37.271569],[-93.085709,37.273691],[-93.08133,37.27352],[-93.080416,37.270796],[-93.078983,37.270776],[-93.079026,37.27371],[-93.076856,37.273688],[-93.076875,37.270746],[-93.06941,37.270781],[-93.06832,37.276417],[-93.068127,37.274403],[-93.065386,37.274338],[-93.065402,37.271379],[-93.05814,37.272924],[-93.069545,37.269634],[-93.080437,37.26984],[-93.08043,37.26785],[-93.085082,37.269928],[-93.112038,37.268848],[-93.112513,37.265554],[-93.10124,37.265219],[-93.101212,37.263227],[-93.09641,37.263182],[-93.09641,37.265074],[-93.094035,37.265035],[-93.09414,37.261112],[-93.116721,37.259733],[-93.116731,37.258069],[-93.135082,37.258519],[-93.135316,37.254472],[-93.135156,37.259497],[-93.143186,37.258625],[-93.143435,37.262455],[-93.156452,37.255568],[-93.16964,37.250387]],[[-93.165941,37.25218],[-93.162663,37.253424],[-93.162652,37.254446],[-93.16593,37.25451],[-93.165941,37.25218]],[[-93.159307,37.25712],[-93.157189,37.25558],[-93.151959,37.258914],[-93.156614,37.25896],[-93.159307,37.25712]],[[-93.146653,37.262461],[-93.145244,37.261765],[-93.14497,37.261909],[-93.145581,37.262856],[-93.146653,37.262461]],[[-93.126039,37.26],[-93.117478,37.259793],[-93.117425,37.261745],[-93.126039,37.261886],[-93.126039,37.26]],[[-93.117673,37.277861],[-93.11362,37.277797],[-93.113253,37.284861],[-93.11767,37.284913],[-93.117673,37.277861]]]}},{"type":"Feature","properties":{"NAME":"Willard","state_abbr":"MO","state_name":"Missouri","ALAND":15665489},"geometry":{"type":"Polygon","coordinates":[[[-93.45987,37.321862],[-93.458175,37.322179],[-93.458938,37.324897],[-93.458559,37.326326],[-93.456612,37.326322],[-93.456708,37.329197],[-93.455043,37.329123],[-93.455222,37.322632],[-93.442079,37.314425],[-93.438413,37.31145],[-93.439285,37.310431],[-93.437053,37.311204],[-93.441748,37.314348],[-93.441501,37.321558],[-93.434628,37.321396],[-93.437299,37.320532],[-93.437348,37.318029],[-93.43243,37.31799],[-93.432467,37.316391],[-93.42784,37.3176],[-93.427764,37.318873],[-93.432368,37.318969],[-93.432308,37.320666],[-93.42511,37.321175],[-93.423986,37.319374],[-93.423947,37.32115],[-93.421305,37.32109],[-93.421349,37.319661],[-93.419913,37.319631],[-93.420014,37.313837],[-93.432541,37.31467],[-93.432703,37.310345],[-93.418984,37.309945],[-93.41799,37.303228],[-93.414098,37.303139],[-93.414616,37.30246],[-93.414759,37.302024],[-93.414365,37.300618],[-93.414306,37.302805],[-93.40769,37.302672],[-93.407659,37.298212],[-93.400136,37.299257],[-93.400253,37.294969],[-93.38702,37.29468],[-93.38735,37.29135],[-93.383202,37.291209],[-93.38332,37.27663],[-93.41042,37.27723],[-93.411993,37.242091],[-93.430438,37.242237],[-93.430513,37.240396],[-93.435206,37.24042],[-93.435139,37.242493],[-93.43213,37.242472],[-93.432093,37.244212],[-93.43059,37.244222],[-93.429392,37.274364],[-93.429999,37.274971],[-93.433308,37.274983],[-93.434006,37.275536],[-93.433314,37.291393],[-93.437917,37.292356],[-93.437949,37.294859],[-93.43316,37.29593],[-93.433082,37.298573],[-93.440848,37.300701],[-93.44284,37.310472],[-93.446972,37.316208],[-93.454348,37.321166],[-93.45987,37.321862]],[[-93.44101,37.304278],[-93.439699,37.304256],[-93.439654,37.306963],[-93.440991,37.306988],[-93.44101,37.304278]],[[-93.433795,37.275628],[-93.429865,37.275131],[-93.429178,37.27452],[-93.429825,37.256988],[-93.420774,37.25692],[-93.420263,37.267723],[-93.415712,37.267702],[-93.415908,37.262169],[-93.420293,37.262249],[-93.420584,37.25691],[-93.411589,37.256849],[-93.41087,37.27725],[-93.433781,37.277745],[-93.433795,37.275628]],[[-93.430366,37.243241],[-93.412191,37.242316],[-93.411609,37.25667],[-93.429829,37.256757],[-93.430366,37.243241]]]}},{"type":"Feature","properties":{"NAME":"Renick","state_abbr":"MO","state_name":"Missouri","ALAND":934513},"geometry":{"type":"MultiPolygon","coordinates":[[[[-92.416772,39.344889],[-92.407628,39.344457],[-92.407667,39.34258],[-92.404563,39.342529],[-92.404599,39.340655],[-92.407877,39.340725],[-92.408135,39.339036],[-92.415488,39.338982],[-92.416772,39.344889]]],[[[-92.425447,39.352976],[-92.418619,39.355535],[-92.413695,39.354913],[-92.419426,39.34763],[-92.425447,39.352976]]]]}},{"type":"Feature","properties":{"NAME":"Frontenac","state_abbr":"MO","state_name":"Missouri","ALAND":7462522},"geometry":{"type":"Polygon","coordinates":[[[-90.433478,38.624468],[-90.433318,38.638667],[-90.424734,38.637461],[-90.424676,38.647929],[-90.405448,38.647689],[-90.405905,38.622711],[-90.411804,38.623282],[-90.411778,38.625333],[-90.415549,38.625356],[-90.41574,38.606469],[-90.425209,38.606593],[-90.425106,38.614489],[-90.426852,38.614272],[-90.426759,38.61846],[-90.429721,38.618492],[-90.429639,38.623969],[-90.433478,38.624468]]]}},{"type":"Feature","properties":{"NAME":"Utica","state_abbr":"MO","state_name":"Missouri","ALAND":2223016},"geometry":{"type":"Polygon","coordinates":[[[-93.640212,39.753225],[-93.623313,39.751685],[-93.623214,39.750309],[-93.615674,39.750217],[-93.621613,39.740584],[-93.62667,39.737352],[-93.633058,39.739366],[-93.633867,39.737531],[-93.63764,39.738933],[-93.637308,39.744098],[-93.634106,39.744178],[-93.631009,39.748037],[-93.640036,39.748801],[-93.640212,39.753225]]]}},{"type":"Feature","properties":{"NAME":"Wheeling","state_abbr":"MO","state_name":"Missouri","ALAND":830821},"geometry":{"type":"Polygon","coordinates":[[[-93.389701,39.781384],[-93.389793,39.792011],[-93.383442,39.79274],[-93.382095,39.78091],[-93.384999,39.780839],[-93.384856,39.777466],[-93.38652,39.777448],[-93.386644,39.781468],[-93.389701,39.781384]]]}},{"type":"Feature","properties":{"NAME":"Clever","state_abbr":"MO","state_name":"Missouri","ALAND":4217226},"geometry":{"type":"Polygon","coordinates":[[[-93.527775,37.038612],[-93.486734,37.038051],[-93.486723,37.039255],[-93.484255,37.039226],[-93.484284,37.038021],[-93.478636,37.037917],[-93.478613,37.039105],[-93.47426,37.037815],[-93.472901,37.042726],[-93.472781,37.072767],[-93.4728,37.03779],[-93.471184,37.037746],[-93.471078,37.041314],[-93.463752,37.041147],[-93.463795,37.039373],[-93.461619,37.039367],[-93.462221,37.037546],[-93.459317,37.037552],[-93.459318,37.039516],[-93.454312,37.039561],[-93.456005,37.037545],[-93.441544,37.037452],[-93.419913,37.043059],[-93.411057,37.043132],[-93.419865,37.042899],[-93.440847,37.037277],[-93.459362,37.037375],[-93.459316,37.034906],[-93.466317,37.030243],[-93.466401,37.027632],[-93.46347,37.027582],[-93.465381,36.993843],[-93.464474,37.019236],[-93.473487,37.019423],[-93.473359,37.022973],[-93.47791,37.023112],[-93.47783,37.026276],[-93.479096,37.026399],[-93.478287,37.030443],[-93.486843,37.030608],[-93.486767,37.034275],[-93.491614,37.034367],[-93.49034,37.037884],[-93.501627,37.038101],[-93.504938,37.03664],[-93.504909,37.038138],[-93.527775,37.038612]]]}},{"type":"Feature","properties":{"NAME":"Nixa","state_abbr":"MO","state_name":"Missouri","ALAND":24099976},"geometry":{"type":"MultiPolygon","coordinates":[[[[-93.309253,37.014163],[-93.309112,37.017931],[-93.304504,37.017869],[-93.304609,37.014144],[-93.309253,37.014163]]],[[[-93.335865,37.042367],[-93.335817,37.043842],[-93.331827,37.043759],[-93.331148,37.047454],[-93.328846,37.047409],[-93.328953,37.043712],[-93.322113,37.043638],[-93.321778,37.054491],[-93.30596,37.054594],[-93.305388,37.058248],[-93.317109,37.058256],[-93.316999,37.061904],[-93.309564,37.061932],[-93.30947,37.065569],[-93.306689,37.065553],[-93.307688,37.069207],[-93.312146,37.070633],[-93.309872,37.071275],[-93.309823,37.072703],[-93.311994,37.072828],[-93.311842,37.079923],[-93.307383,37.0799],[-93.307471,37.076876],[-93.303016,37.078137],[-93.303057,37.076867],[-93.298862,37.076614],[-93.298419,37.072814],[-93.301326,37.072816],[-93.302523,37.069239],[-93.302937,37.061969],[-93.296462,37.061895],[-93.296323,37.065549],[-93.298655,37.065587],[-93.298534,37.069255],[-93.294036,37.069121],[-93.293795,37.074566],[-93.289286,37.072607],[-93.289355,37.070803],[-93.29388,37.070897],[-93.293985,37.06731],[-93.289347,37.069006],[-93.290844,37.061704],[-93.288449,37.061618],[-93.288331,37.065285],[-93.280336,37.065047],[-93.28016,37.07164],[-93.27892,37.071645],[-93.280037,37.075737],[-93.268995,37.075816],[-93.269094,37.071478],[-93.274469,37.071591],[-93.273715,37.067957],[-93.269218,37.067842],[-93.269946,37.049756],[-93.265145,37.049687],[-93.264955,37.056853],[-93.255848,37.056606],[-93.256748,37.049333],[-93.260539,37.049465],[-93.260695,37.042222],[-93.274361,37.042487],[-93.27444,37.040774],[-93.272642,37.039909],[-93.269354,37.040923],[-93.265619,37.041076],[-93.26396,37.040727],[-93.258274,37.038912],[-93.25654,37.03574],[-93.259381,37.036808],[-93.260893,37.034906],[-93.265456,37.035012],[-93.26534,37.040779],[-93.274454,37.039488],[-93.274702,37.027935],[-93.281435,37.028072],[-93.281519,37.024771],[-93.286032,37.024913],[-93.285889,37.032236],[-93.292683,37.032497],[-93.292677,37.036149],[-93.294826,37.036226],[-93.293336,37.034351],[-93.294903,37.032532],[-93.292771,37.032435],[-93.291776,37.029879],[-93.293509,37.025252],[-93.291294,37.022604],[-93.299388,37.021581],[-93.300096,37.002546],[-93.305039,37.003143],[-93.306231,37.001085],[-93.309614,37.002865],[-93.309431,37.008737],[-93.304813,37.008665],[-93.303965,37.014136],[-93.300181,37.014099],[-93.299924,37.018995],[-93.304472,37.019032],[-93.304399,37.021605],[-93.309018,37.021612],[-93.309112,37.017931],[-93.31603,37.017908],[-93.318249,37.018814],[-93.318145,37.021525],[-93.322726,37.021608],[-93.322651,37.025262],[-93.327188,37.025356],[-93.327105,37.032708],[-93.331534,37.032828],[-93.331408,37.037797],[-93.326978,37.037727],[-93.328227,37.040054],[-93.326854,37.041618],[-93.335865,37.042367]],[[-93.326964,37.030792],[-93.326827,37.02898],[-93.325116,37.028985],[-93.325048,37.030795],[-93.326964,37.030792]],[[-93.326676,37.03867],[-93.326625,37.038188],[-93.326615,37.038668],[-93.326676,37.03867]],[[-93.326127,37.038182],[-93.322275,37.03813],[-93.322242,37.039046],[-93.324985,37.039099],[-93.326127,37.038182]],[[-93.322291,37.03631],[-93.317722,37.035741],[-93.31317,37.037134],[-93.317662,37.038063],[-93.317689,37.036647],[-93.322291,37.03631]],[[-93.319451,37.052205],[-93.317158,37.051495],[-93.316879,37.053013],[-93.319451,37.052205]],[[-93.315127,37.048096],[-93.317378,37.046293],[-93.315187,37.046282],[-93.315127,37.048096]],[[-93.305557,37.070116],[-93.30339,37.06921],[-93.303144,37.070167],[-93.305557,37.070116]],[[-93.304663,37.067776],[-93.30373,37.066537],[-93.30364,37.067791],[-93.304663,37.067776]],[[-93.301418,37.036334],[-93.299719,37.028974],[-93.299557,37.036354],[-93.301418,37.036334]],[[-93.300256,37.028477],[-93.299749,37.025173],[-93.295227,37.025147],[-93.295183,37.027005],[-93.300256,37.028477]],[[-93.295134,37.02883],[-93.292911,37.0278],[-93.292861,37.028755],[-93.295134,37.02883]],[[-93.278628,37.046166],[-93.275648,37.046146],[-93.274003,37.049654],[-93.27616,37.049716],[-93.276197,37.048261],[-93.278516,37.049751],[-93.278628,37.046166]],[[-93.272065,37.044257],[-93.26528,37.04414],[-93.265188,37.047797],[-93.27081,37.049561],[-93.272065,37.044257]],[[-93.313197,37.036223],[-93.31329,37.033472],[-93.317834,37.032595],[-93.306167,37.0326],[-93.306282,37.026978],[-93.304325,37.025289],[-93.304394,37.021615],[-93.300011,37.021608],[-93.300151,37.023216],[-93.302167,37.023245],[-93.302192,37.025284],[-93.300463,37.025284],[-93.302098,37.036329],[-93.313197,37.036223]]]]}},{"type":"Feature","properties":{"NAME":"Springfield","state_abbr":"MO","state_name":"Missouri","ALAND":215503696},"geometry":{"type":"MultiPolygon","coordinates":[[[[-93.364434,37.146393],[-93.363205,37.150073],[-93.361956,37.149875],[-93.362279,37.146084],[-93.364434,37.146393]]],[[[-93.413007,37.224204],[-93.40378,37.22442],[-93.403354,37.23489],[-93.410148,37.234936],[-93.40872,37.24219],[-93.407521,37.242182],[-93.40696,37.256719],[-93.411417,37.256792],[-93.411154,37.260376],[-93.393097,37.260259],[-93.392821,37.267593],[-93.40186,37.267608],[-93.402156,37.261219],[-93.40674,37.261242],[-93.406449,37.267634],[-93.410735,37.267664],[-93.410577,37.27262],[-93.407181,37.273124],[-93.410558,37.273195],[-93.410493,37.274952],[-93.406065,37.274923],[-93.406244,37.271274],[-93.401691,37.271247],[-93.400445,37.277012],[-93.39759,37.27701],[-93.397194,37.271249],[-93.39103,37.271955],[-93.387046,37.267592],[-93.38825,37.267591],[-93.38967,37.26024],[-93.383788,37.260282],[-93.383598,37.263363],[-93.381053,37.260252],[-93.374253,37.260092],[-93.37456,37.253084],[-93.370093,37.247928],[-93.36565,37.245825],[-93.365514,37.248914],[-93.360968,37.248863],[-93.361036,37.247042],[-93.351958,37.245167],[-93.347134,37.245137],[-93.345806,37.24762],[-93.342743,37.248683],[-93.342881,37.245133],[-93.32074,37.244781],[-93.320459,37.250662],[-93.324258,37.252179],[-93.324143,37.255826],[-93.326534,37.255872],[-93.326398,37.259499],[-93.319522,37.259348],[-93.316595,37.256299],[-93.317833,37.256221],[-93.310404,37.256056],[-93.310286,37.259143],[-93.296788,37.259043],[-93.29674,37.261455],[-93.283039,37.262528],[-93.283101,37.260135],[-93.280812,37.260138],[-93.28082,37.258874],[-93.269563,37.258568],[-93.269434,37.262243],[-93.266341,37.262186],[-93.266276,37.264268],[-93.260311,37.262866],[-93.260347,37.260271],[-93.262611,37.260293],[-93.262683,37.258466],[-93.248214,37.257938],[-93.248136,37.26159],[-93.25099,37.26351],[-93.24918,37.26605],[-93.243917,37.261423],[-93.244026,37.257784],[-93.242611,37.257733],[-93.242515,37.261392],[-93.23794,37.26122],[-93.238098,37.253946],[-93.235604,37.253773],[-93.236846,37.25974],[-93.233409,37.259623],[-93.233372,37.261066],[-93.226817,37.260629],[-93.22515,37.25348],[-93.226346,37.251754],[-93.223239,37.251668],[-93.223327,37.248249],[-93.221025,37.24964],[-93.21974,37.260676],[-93.215298,37.260553],[-93.215358,37.256879],[-93.212091,37.256718],[-93.212205,37.249822],[-93.199759,37.249805],[-93.199894,37.247944],[-93.198451,37.247927],[-93.1984,37.24989],[-93.187991,37.248807],[-93.187835,37.256069],[-93.178552,37.254546],[-93.178837,37.242579],[-93.18357,37.24128],[-93.1836,37.23999],[-93.188204,37.238295],[-93.188021,37.24746],[-93.192659,37.245868],[-93.201323,37.238498],[-93.207727,37.237012],[-93.20768,37.238253],[-93.21559,37.23827],[-93.2156,37.2351],[-93.21125,37.23599],[-93.21097,37.23478],[-93.20667,37.234643],[-93.206738,37.230991],[-93.208956,37.231064],[-93.209175,37.223722],[-93.215809,37.223937],[-93.216087,37.216635],[-93.220561,37.216769],[-93.21997,37.20943],[-93.209418,37.209138],[-93.209423,37.205474],[-93.204865,37.205343],[-93.20485,37.20154],[-93.210291,37.201824],[-93.207924,37.200075],[-93.207265,37.194391],[-93.216343,37.194644],[-93.216501,37.187372],[-93.211983,37.187449],[-93.212055,37.18354],[-93.212137,37.181269],[-93.215856,37.181825],[-93.215336,37.17816],[-93.216719,37.178204],[-93.21676,37.17635],[-93.213802,37.17627],[-93.214583,37.172637],[-93.212319,37.172566],[-93.2124,37.168906],[-93.207963,37.168754],[-93.208074,37.166592],[-93.205588,37.167641],[-93.205643,37.165008],[-93.203624,37.164068],[-93.205771,37.163799],[-93.20588,37.159428],[-93.208038,37.159485],[-93.208022,37.165118],[-93.213957,37.165281],[-93.213886,37.168942],[-93.216861,37.168957],[-93.217089,37.161392],[-93.214298,37.160237],[-93.214016,37.161304],[-93.212785,37.157677],[-93.221817,37.157724],[-93.222042,37.147003],[-93.217503,37.146724],[-93.217559,37.143501],[-93.211574,37.143353],[-93.211661,37.140643],[-93.209074,37.140825],[-93.208414,37.142522],[-93.208512,37.139245],[-93.214556,37.13905],[-93.214032,37.135239],[-93.218617,37.128643],[-93.222413,37.126168],[-93.222492,37.119672],[-93.234198,37.119358],[-93.232223,37.103584],[-93.213726,37.102255],[-93.213706,37.103392],[-93.20917,37.10332],[-93.20926,37.09807],[-93.218348,37.098304],[-93.218385,37.095859],[-93.222972,37.095115],[-93.224231,37.097858],[-93.227419,37.097935],[-93.227546,37.094275],[-93.225462,37.092474],[-93.231896,37.092632],[-93.232081,37.094994],[-93.241052,37.096598],[-93.243401,37.096583],[-93.245368,37.093979],[-93.250328,37.095674],[-93.250436,37.100511],[-93.245673,37.100319],[-93.245545,37.103982],[-93.242476,37.103881],[-93.242401,37.107523],[-93.237468,37.108408],[-93.236558,37.105411],[-93.233337,37.105325],[-93.234996,37.118891],[-93.236171,37.116453],[-93.240722,37.116582],[-93.240672,37.118434],[-93.242288,37.118488],[-93.246753,37.111598],[-93.257471,37.107503],[-93.25624,37.10456],[-93.25462,37.104267],[-93.254626,37.100624],[-93.259308,37.100814],[-93.259459,37.093593],[-93.265478,37.093751],[-93.26547,37.095071],[-93.269243,37.09624],[-93.273631,37.091741],[-93.271817,37.08853],[-93.273989,37.091578],[-93.27012,37.095805],[-93.272942,37.097855],[-93.275719,37.097272],[-93.273021,37.099076],[-93.270194,37.098236],[-93.270074,37.10405],[-93.267198,37.108989],[-93.26827,37.110419],[-93.272827,37.110303],[-93.272763,37.112943],[-93.268176,37.112882],[-93.268118,37.115596],[-93.263516,37.115586],[-93.26338,37.121015],[-93.27885,37.121204],[-93.278899,37.119938],[-93.283344,37.119913],[-93.283452,37.116234],[-93.284791,37.11624],[-93.284738,37.11809],[-93.287933,37.118077],[-93.287625,37.129035],[-93.280769,37.12911],[-93.280611,37.134566],[-93.295019,37.13411],[-93.295986,37.129011],[-93.292178,37.127252],[-93.292286,37.12353],[-93.296117,37.123206],[-93.296307,37.117738],[-93.295341,37.116238],[-93.292518,37.11624],[-93.292976,37.108959],[-93.29723,37.111551],[-93.29707,37.11485],[-93.299051,37.115269],[-93.29797,37.11625],[-93.304471,37.116352],[-93.304412,37.118806],[-93.301513,37.119899],[-93.301253,37.127226],[-93.310375,37.127348],[-93.310433,37.125565],[-93.314993,37.124808],[-93.319547,37.12578],[-93.319422,37.129415],[-93.314948,37.126063],[-93.314693,37.134661],[-93.325278,37.134702],[-93.323765,37.135234],[-93.323656,37.138144],[-93.33467,37.13696],[-93.341297,37.138166],[-93.344495,37.13653],[-93.340719,37.142347],[-93.332089,37.141176],[-93.332422,37.146582],[-93.333757,37.147148],[-93.327986,37.145692],[-93.327786,37.150258],[-93.323282,37.150234],[-93.323234,37.151499],[-93.326325,37.151523],[-93.326324,37.152843],[-93.3232,37.15292],[-93.323057,37.156583],[-93.342043,37.15677],[-93.341765,37.167385],[-93.345678,37.166754],[-93.345764,37.160418],[-93.348086,37.16045],[-93.347038,37.161491],[-93.350344,37.162851],[-93.346604,37.165673],[-93.34579,37.169271],[-93.341893,37.169226],[-93.341403,37.182637],[-93.345325,37.182679],[-93.345394,37.180646],[-93.350017,37.180699],[-93.347721,37.181126],[-93.347668,37.182712],[-93.349634,37.182652],[-93.350781,37.179492],[-93.36098,37.170943],[-93.36397,37.164527],[-93.363706,37.160965],[-93.361908,37.160564],[-93.362219,37.155479],[-93.366641,37.153478],[-93.363891,37.150411],[-93.365196,37.146365],[-93.369436,37.146186],[-93.369547,37.142565],[-93.372583,37.14263],[-93.374117,37.139043],[-93.386823,37.139284],[-93.386767,37.140374],[-93.393071,37.139373],[-93.392954,37.143055],[-93.401992,37.143141],[-93.402039,37.139509],[-93.403317,37.139533],[-93.403272,37.143153],[-93.40654,37.14316],[-93.406334,37.15024],[-93.401836,37.150206],[-93.401789,37.152464],[-93.397029,37.152402],[-93.396972,37.154],[-93.392587,37.155214],[-93.392432,37.159876],[-93.397013,37.159862],[-93.397076,37.157692],[-93.39986,37.15773],[-93.399789,37.160168],[-93.401602,37.160389],[-93.401568,37.165117],[-93.392249,37.166581],[-93.392315,37.164662],[-93.39714,37.161839],[-93.377939,37.160317],[-93.377611,37.172261],[-93.37315,37.172249],[-93.373248,37.168523],[-93.370916,37.168506],[-93.371131,37.16093],[-93.368764,37.160877],[-93.368815,37.159293],[-93.364418,37.159216],[-93.364676,37.165246],[-93.363567,37.168681],[-93.356295,37.175711],[-93.360782,37.175757],[-93.359353,37.182775],[-93.360256,37.185967],[-93.350523,37.18576],[-93.35067,37.184567],[-93.350977,37.18527],[-93.354357,37.184962],[-93.35294,37.184836],[-93.353689,37.183197],[-93.341334,37.183114],[-93.341112,37.195743],[-93.360109,37.195793],[-93.360851,37.198324],[-93.359208,37.199428],[-93.378901,37.199722],[-93.378693,37.205257],[-93.386073,37.206268],[-93.385999,37.208341],[-93.380888,37.208227],[-93.379571,37.21288],[-93.383542,37.212895],[-93.380364,37.216235],[-93.37443,37.216207],[-93.374301,37.220467],[-93.385445,37.222325],[-93.385671,37.214707],[-93.389771,37.213153],[-93.387579,37.212355],[-93.38716,37.211566],[-93.388112,37.210296],[-93.389772,37.209051],[-93.387791,37.212139],[-93.396147,37.212643],[-93.397511,37.207951],[-93.395324,37.206813],[-93.4046,37.204862],[-93.410578,37.205682],[-93.410323,37.212807],[-93.411996,37.213154],[-93.404292,37.213075],[-93.403987,37.220267],[-93.413181,37.220338],[-93.413007,37.224204]],[[-93.406537,37.245853],[-93.405161,37.245846],[-93.40506,37.248308],[-93.406435,37.248316],[-93.406537,37.245853]],[[-93.403804,37.246417],[-93.402845,37.245792],[-93.402843,37.245888],[-93.403804,37.246417]],[[-93.404202,37.236606],[-93.403305,37.236048],[-93.403281,37.236603],[-93.404202,37.236606]],[[-93.402657,37.224037],[-93.394862,37.223618],[-93.385547,37.222063],[-93.387844,37.22273],[-93.386987,37.22731],[-93.401778,37.22743],[-93.402657,37.224037]],[[-93.378451,37.212469],[-93.367965,37.216842],[-93.364685,37.218022],[-93.371179,37.217836],[-93.37146,37.215923],[-93.378335,37.216034],[-93.378451,37.212469]],[[-93.37615,37.227188],[-93.372457,37.227114],[-93.372355,37.229935],[-93.376048,37.230029],[-93.37615,37.227188]],[[-93.37472,37.142676],[-93.374023,37.14209],[-93.374006,37.142661],[-93.37472,37.142676]],[[-93.374245,37.156973],[-93.373934,37.156672],[-93.373881,37.15696],[-93.374245,37.156973]],[[-93.373202,37.146654],[-93.372482,37.146274],[-93.372466,37.146638],[-93.373202,37.146654]],[[-93.371037,37.226002],[-93.366499,37.225444],[-93.36644,37.22702],[-93.361887,37.22697],[-93.361384,37.237964],[-93.365967,37.237992],[-93.366287,37.230686],[-93.371037,37.226002]],[[-93.370831,37.219657],[-93.364488,37.218106],[-93.363425,37.218709],[-93.366652,37.219242],[-93.366441,37.223368],[-93.369206,37.223399],[-93.367987,37.221731],[-93.370748,37.221487],[-93.370831,37.219657]],[[-93.365884,37.157153],[-93.364362,37.156416],[-93.364346,37.157123],[-93.365884,37.157153]],[[-93.359104,37.182943],[-93.359021,37.182259],[-93.356856,37.182961],[-93.359104,37.182943]],[[-93.354385,37.18213],[-93.353702,37.179327],[-93.353621,37.182083],[-93.354385,37.18213]],[[-93.337289,37.14026],[-93.336797,37.138649],[-93.33676,37.14026],[-93.337289,37.14026]],[[-93.243991,37.098112],[-93.237751,37.100641],[-93.23651,37.1037],[-93.24097,37.10384],[-93.241025,37.101089],[-93.243942,37.100232],[-93.243991,37.098112]],[[-93.241511,37.254994],[-93.240705,37.254079],[-93.240683,37.254998],[-93.241511,37.254994]],[[-93.222022,37.145101],[-93.221332,37.144302],[-93.221325,37.145072],[-93.222022,37.145101]],[[-93.21851,37.20205],[-93.216279,37.201727],[-93.216278,37.201982],[-93.21851,37.20205]],[[-93.217652,37.169639],[-93.217128,37.169136],[-93.21707,37.169619],[-93.217652,37.169639]],[[-93.21247,37.099332],[-93.211911,37.098856],[-93.211903,37.099315],[-93.21247,37.099332]],[[-93.180454,37.248528],[-93.179939,37.247363],[-93.179904,37.248522],[-93.180454,37.248528]]]]}},{"type":"Feature","properties":{"NAME":"Greendale","state_abbr":"MO","state_name":"Missouri","ALAND":498455},"geometry":{"type":"Polygon","coordinates":[[[-90.317038,38.692896],[-90.313605,38.699297],[-90.309645,38.697312],[-90.309689,38.688117],[-90.317038,38.692896]]]}},{"type":"Feature","properties":{"NAME":"Union Star","state_abbr":"MO","state_name":"Missouri","ALAND":678205},"geometry":{"type":"Polygon","coordinates":[[[-94.604812,39.98167],[-94.592823,39.982427],[-94.592541,39.977211],[-94.604783,39.97637],[-94.604812,39.98167]]]}},{"type":"Feature","properties":{"NAME":"Louisburg","state_abbr":"MO","state_name":"Missouri","ALAND":1203930},"geometry":{"type":"Polygon","coordinates":[[[-93.150847,37.753325],[-93.150652,37.759451],[-93.141568,37.75924],[-93.141531,37.760327],[-93.137843,37.759155],[-93.137676,37.761326],[-93.134593,37.761115],[-93.134529,37.75905],[-93.131813,37.758926],[-93.131891,37.752937],[-93.150847,37.753325]]]}},{"type":"Feature","properties":{"NAME":"Friedenswald","state_abbr":"MO","state_name":"Missouri","ALAND":260732},"geometry":{"type":"Polygon","coordinates":[[[-92.762546,38.073443],[-92.757649,38.076606],[-92.758271,38.069392],[-92.7614,38.069461],[-92.762546,38.073443]]]}},{"type":"Feature","properties":{"NAME":"Green Park","state_abbr":"MO","state_name":"Missouri","ALAND":3390120},"geometry":{"type":"Polygon","coordinates":[[[-90.353906,38.524262],[-90.339246,38.53355],[-90.32305,38.529354],[-90.319692,38.52531],[-90.323055,38.522411],[-90.332488,38.519099],[-90.33628,38.511758],[-90.342184,38.514637],[-90.343549,38.520035],[-90.353906,38.524262]]]}},{"type":"Feature","properties":{"NAME":"Ballwin","state_abbr":"MO","state_name":"Missouri","ALAND":23259582},"geometry":{"type":"Polygon","coordinates":[[[-90.585564,38.614997],[-90.582618,38.621792],[-90.578179,38.618685],[-90.578459,38.616459],[-90.569728,38.614034],[-90.566869,38.614779],[-90.566723,38.624487],[-90.559528,38.623453],[-90.559348,38.619668],[-90.557266,38.619606],[-90.557206,38.610592],[-90.541247,38.6148],[-90.541246,38.61298],[-90.53846,38.612946],[-90.536079,38.617916],[-90.537446,38.618386],[-90.534968,38.620515],[-90.528059,38.620263],[-90.523249,38.621994],[-90.520226,38.617625],[-90.513417,38.621069],[-90.510762,38.619875],[-90.512392,38.614749],[-90.510487,38.606564],[-90.515179,38.605975],[-90.515239,38.604451],[-90.529034,38.604566],[-90.52935,38.589887],[-90.532193,38.589913],[-90.533238,38.58629],[-90.529461,38.586316],[-90.529561,38.579162],[-90.538894,38.578987],[-90.538993,38.57148],[-90.540231,38.571473],[-90.540865,38.5677],[-90.55308,38.567541],[-90.553015,38.562779],[-90.555055,38.560143],[-90.559589,38.561432],[-90.559693,38.563847],[-90.562437,38.563867],[-90.562441,38.562586],[-90.565037,38.563755],[-90.57045,38.568652],[-90.576778,38.571497],[-90.576766,38.573361],[-90.581463,38.573442],[-90.58145,38.575279],[-90.584257,38.576883],[-90.583511,38.57902],[-90.576642,38.578987],[-90.575884,38.586399],[-90.567114,38.586391],[-90.56475,38.585707],[-90.564771,38.584592],[-90.56713,38.584605],[-90.567076,38.582973],[-90.562408,38.582646],[-90.562384,38.588013],[-90.558504,38.587995],[-90.558454,38.592702],[-90.571053,38.592753],[-90.571021,38.601105],[-90.56948,38.601306],[-90.571096,38.607622],[-90.576198,38.604847],[-90.580832,38.604702],[-90.580799,38.608444],[-90.575833,38.607877],[-90.57401,38.612267],[-90.580847,38.612215],[-90.580848,38.614892],[-90.585564,38.614997]]]}},{"type":"Feature","properties":{"NAME":"Bella Villa","state_abbr":"MO","state_name":"Missouri","ALAND":332100},"geometry":{"type":"Polygon","coordinates":[[[-90.290215,38.542207],[-90.284684,38.547185],[-90.279979,38.544573],[-90.282236,38.542326],[-90.283879,38.543305],[-90.287087,38.539875],[-90.290215,38.542207]]]}},{"type":"Feature","properties":{"NAME":"Bellefontaine Neighbors","state_abbr":"MO","state_name":"Missouri","ALAND":11396798},"geometry":{"type":"Polygon","coordinates":[[[-90.250919,38.764691],[-90.250861,38.771173],[-90.241332,38.772168],[-90.204322,38.767947],[-90.203113,38.76589],[-90.205568,38.759762],[-90.210719,38.760283],[-90.212178,38.751379],[-90.215226,38.751702],[-90.214927,38.753608],[-90.21814,38.753147],[-90.218923,38.7484],[-90.214593,38.747906],[-90.216113,38.738122],[-90.221081,38.738614],[-90.219983,38.736412],[-90.222198,38.736625],[-90.222211,38.729971],[-90.239724,38.723607],[-90.240834,38.730961],[-90.239594,38.738964],[-90.238178,38.738809],[-90.236854,38.741541],[-90.236322,38.750947],[-90.241725,38.751518],[-90.241642,38.763712],[-90.250919,38.764691]]]}},{"type":"Feature","properties":{"NAME":"Bel-Nor","state_abbr":"MO","state_name":"Missouri","ALAND":1630017},"geometry":{"type":"Polygon","coordinates":[[[-90.325713,38.697592],[-90.325534,38.704987],[-90.32255,38.705192],[-90.319013,38.710289],[-90.314592,38.707126],[-90.310171,38.707227],[-90.310896,38.697938],[-90.313605,38.699297],[-90.317038,38.692896],[-90.325713,38.697592]]]}},{"type":"Feature","properties":{"NAME":"Bel-Ridge","state_abbr":"MO","state_name":"Missouri","ALAND":2002057},"geometry":{"type":"Polygon","coordinates":[[[-90.336779,38.706279],[-90.333477,38.719966],[-90.331324,38.722036],[-90.322973,38.721724],[-90.323991,38.714736],[-90.318701,38.710745],[-90.32255,38.705192],[-90.326223,38.705081],[-90.325878,38.706766],[-90.327765,38.707078],[-90.329917,38.70695],[-90.330125,38.705374],[-90.336779,38.706279]]]}},{"type":"Feature","properties":{"NAME":"Berkeley","state_abbr":"MO","state_name":"Missouri","ALAND":12848779},"geometry":{"type":"Polygon","coordinates":[[[-90.354079,38.73436],[-90.35356,38.737402],[-90.352253,38.737276],[-90.350454,38.749631],[-90.348831,38.74962],[-90.348803,38.757792],[-90.35366,38.758091],[-90.352624,38.764804],[-90.349394,38.764718],[-90.349328,38.773859],[-90.343854,38.773297],[-90.339974,38.764874],[-90.324857,38.764737],[-90.3251,38.763667],[-90.31885,38.762174],[-90.319066,38.745652],[-90.329824,38.745705],[-90.329862,38.743203],[-90.332741,38.743221],[-90.332768,38.740959],[-90.334702,38.740863],[-90.33091,38.734836],[-90.323148,38.729046],[-90.319013,38.73137],[-90.318743,38.728682],[-90.31294,38.72965],[-90.310582,38.720817],[-90.321058,38.719072],[-90.321815,38.72174],[-90.335029,38.722131],[-90.33517,38.720805],[-90.35192,38.722422],[-90.349447,38.731718],[-90.354079,38.73436]]]}},{"type":"Feature","properties":{"NAME":"Beverly Hills","state_abbr":"MO","state_name":"Missouri","ALAND":232591},"geometry":{"type":"Polygon","coordinates":[[[-90.29473,38.698706],[-90.292645,38.701497],[-90.28446,38.695107],[-90.285109,38.694198],[-90.29473,38.698706]]]}},{"type":"Feature","properties":{"NAME":"Black Jack","state_abbr":"MO","state_name":"Missouri","ALAND":6698365},"geometry":{"type":"Polygon","coordinates":[[[-90.279655,38.798231],[-90.278509,38.799113],[-90.278255,38.808697],[-90.279368,38.809956],[-90.261878,38.810337],[-90.258694,38.812091],[-90.254266,38.818501],[-90.250968,38.817718],[-90.252134,38.815373],[-90.250049,38.796509],[-90.254875,38.793523],[-90.254955,38.783237],[-90.267454,38.782987],[-90.270884,38.787975],[-90.276414,38.788027],[-90.276278,38.793474],[-90.278642,38.793715],[-90.279655,38.798231]]]}},{"type":"Feature","properties":{"NAME":"Breckenridge Hills","state_abbr":"MO","state_name":"Missouri","ALAND":2074194},"geometry":{"type":"Polygon","coordinates":[[[-90.379529,38.711712],[-90.378404,38.718547],[-90.374774,38.718123],[-90.373804,38.724343],[-90.372494,38.723598],[-90.372257,38.725116],[-90.367321,38.724599],[-90.36738,38.721469],[-90.364718,38.721209],[-90.365099,38.718794],[-90.355695,38.713677],[-90.355609,38.71019],[-90.371777,38.710112],[-90.379529,38.711712]]]}},{"type":"Feature","properties":{"NAME":"Lambert","state_abbr":"MO","state_name":"Missouri","ALAND":133048},"geometry":{"type":"Polygon","coordinates":[[[-89.558767,37.094205],[-89.553833,37.094245],[-89.553627,37.095711],[-89.550823,37.095814],[-89.553921,37.092042],[-89.556636,37.092048],[-89.558767,37.094205]]]}},{"type":"Feature","properties":{"NAME":"Calhoun","state_abbr":"MO","state_name":"Missouri","ALAND":2548546},"geometry":{"type":"Polygon","coordinates":[[[-93.634673,38.461312],[-93.633997,38.475816],[-93.615606,38.475331],[-93.616085,38.460972],[-93.634673,38.461312]]]}},{"type":"Feature","properties":{"NAME":"Park Hills","state_abbr":"MO","state_name":"Missouri","ALAND":52672474},"geometry":{"type":"Polygon","coordinates":[[[-90.553577,37.844988],[-90.553577,37.847892],[-90.547928,37.847192],[-90.550856,37.858344],[-90.54426,37.857882],[-90.542038,37.864128],[-90.538161,37.861445],[-90.537936,37.863242],[-90.52863,37.86183],[-90.517089,37.86425],[-90.518577,37.864571],[-90.517457,37.866378],[-90.508553,37.865458],[-90.508266,37.867534],[-90.505068,37.866914],[-90.504903,37.868593],[-90.495265,37.866695],[-90.493072,37.871024],[-90.485956,37.871018],[-90.485956,37.866442],[-90.488806,37.866426],[-90.488456,37.869832],[-90.489755,37.869874],[-90.490517,37.86533],[-90.486323,37.862103],[-90.486119,37.858508],[-90.487098,37.856943],[-90.489726,37.857257],[-90.48876,37.855182],[-90.492005,37.857269],[-90.492645,37.854572],[-90.49257,37.856728],[-90.494253,37.856755],[-90.494299,37.853621],[-90.490129,37.851729],[-90.489216,37.852678],[-90.483121,37.852724],[-90.48312,37.850312],[-90.484173,37.85247],[-90.489964,37.851489],[-90.493059,37.852805],[-90.492992,37.850301],[-90.486017,37.85017],[-90.482013,37.849031],[-90.471786,37.849835],[-90.47177,37.842462],[-90.477139,37.842597],[-90.477228,37.838953],[-90.482302,37.838823],[-90.485324,37.842469],[-90.486373,37.84987],[-90.493443,37.850163],[-90.494039,37.846081],[-90.48965,37.846012],[-90.490422,37.844471],[-90.49403,37.844783],[-90.49203,37.840843],[-90.494514,37.841017],[-90.494299,37.839234],[-90.496903,37.836848],[-90.499441,37.837057],[-90.505471,37.839326],[-90.499694,37.835863],[-90.491131,37.837116],[-90.483572,37.83407],[-90.484891,37.8336],[-90.482572,37.8329],[-90.48271,37.829943],[-90.480518,37.829917],[-90.480792,37.824345],[-90.468649,37.824306],[-90.466669,37.826084],[-90.467327,37.828487],[-90.464628,37.830457],[-90.465918,37.827955],[-90.460432,37.826163],[-90.46034,37.824862],[-90.459113,37.825588],[-90.453346,37.820093],[-90.455894,37.819929],[-90.456317,37.819403],[-90.456347,37.817763],[-90.456074,37.819375],[-90.452021,37.813195],[-90.469108,37.813262],[-90.469078,37.809356],[-90.467054,37.809278],[-90.466841,37.798835],[-90.475937,37.798898],[-90.476046,37.797622],[-90.46549,37.795693],[-90.465683,37.792454],[-90.469581,37.792705],[-90.471982,37.778649],[-90.478523,37.77961],[-90.480284,37.770545],[-90.486425,37.771563],[-90.488454,37.762736],[-90.493775,37.762915],[-90.493918,37.773786],[-90.500121,37.775277],[-90.500148,37.791743],[-90.513573,37.791956],[-90.513938,37.785125],[-90.517918,37.785224],[-90.518363,37.788823],[-90.52876,37.788951],[-90.52882,37.778119],[-90.533492,37.778352],[-90.533499,37.789203],[-90.53795,37.789069],[-90.538151,37.79272],[-90.533341,37.792616],[-90.533326,37.803846],[-90.537831,37.804014],[-90.53811,37.807444],[-90.53332,37.807224],[-90.533362,37.81098],[-90.542296,37.811304],[-90.544323,37.815282],[-90.543197,37.817521],[-90.544941,37.817655],[-90.544224,37.820549],[-90.534821,37.822058],[-90.536826,37.825437],[-90.528802,37.828978],[-90.532682,37.828918],[-90.532681,37.831097],[-90.534273,37.831066],[-90.537613,37.82766],[-90.543814,37.829999],[-90.540564,37.82934],[-90.539815,37.830654],[-90.5397,37.835604],[-90.545981,37.836414],[-90.54593,37.84],[-90.542059,37.839856],[-90.541933,37.845441],[-90.545384,37.844088],[-90.553577,37.844988]],[[-90.543088,37.838776],[-90.541954,37.838298],[-90.541939,37.83878],[-90.543088,37.838776]],[[-90.530766,37.830233],[-90.527407,37.829675],[-90.524188,37.832665],[-90.522752,37.835161],[-90.524625,37.836837],[-90.523392,37.8391],[-90.51159,37.84229],[-90.513758,37.845419],[-90.51126,37.844479],[-90.5169,37.846916],[-90.525526,37.836684],[-90.52764,37.836693],[-90.52629,37.835394],[-90.530766,37.830233]],[[-90.503823,37.854843],[-90.503287,37.853586],[-90.498527,37.852962],[-90.497524,37.855229],[-90.503823,37.854843]],[[-90.500988,37.839149],[-90.499447,37.837265],[-90.499498,37.839093],[-90.500988,37.839149]],[[-90.495938,37.861217],[-90.495938,37.860181],[-90.49382,37.859327],[-90.489945,37.860916],[-90.491163,37.862322],[-90.493195,37.863159],[-90.493807,37.863227],[-90.493091,37.861835],[-90.495938,37.861217]],[[-90.495729,37.863807],[-90.495257,37.863985],[-90.49572,37.864738],[-90.495729,37.863807]],[[-90.489264,37.858809],[-90.489781,37.857739],[-90.48912,37.857787],[-90.489264,37.858809]],[[-90.475907,37.813677],[-90.472762,37.813623],[-90.472863,37.815948],[-90.475907,37.815894],[-90.475907,37.813677]],[[-90.462662,37.820288],[-90.461943,37.817353],[-90.461894,37.820305],[-90.462662,37.820288]]]}},{"type":"Feature","properties":{"NAME":"Odessa","state_abbr":"MO","state_name":"Missouri","ALAND":10609494},"geometry":{"type":"Polygon","coordinates":[[[-93.998299,39.004801],[-93.997774,39.016264],[-93.983674,39.015691],[-93.983937,39.009353],[-93.949451,39.007376],[-93.942165,39.010384],[-93.942271,39.007994],[-93.93989,39.007887],[-93.942303,39.007493],[-93.942533,39.00395],[-93.938545,39.003839],[-93.938684,38.999935],[-93.936287,38.999492],[-93.936282,38.997688],[-93.938515,38.997691],[-93.938817,38.989179],[-93.949595,38.989354],[-93.949863,38.985853],[-93.952944,38.985916],[-93.95306,38.978334],[-93.953273,38.983437],[-93.956067,38.983501],[-93.956035,38.985955],[-93.962491,38.986023],[-93.961505,38.981737],[-93.96722,38.981744],[-93.96743,38.978617],[-93.981505,38.978848],[-93.979061,38.979015],[-93.979002,38.98612],[-93.966822,38.986108],[-93.966372,38.992749],[-93.970579,38.993085],[-93.9705,39.004704],[-93.977122,39.00594],[-93.977029,38.993287],[-93.986302,38.993637],[-93.9862,38.998648],[-93.989568,38.998682],[-93.988863,39.001007],[-93.998299,39.004801]]]}},{"type":"Feature","properties":{"NAME":"Ethel","state_abbr":"MO","state_name":"Missouri","ALAND":597752},"geometry":{"type":"Polygon","coordinates":[[[-92.747233,39.893112],[-92.747212,39.896343],[-92.734951,39.895902],[-92.734954,39.892251],[-92.738769,39.891617],[-92.739285,39.888784],[-92.743495,39.888794],[-92.743698,39.892696],[-92.747233,39.893112]]]}},{"type":"Feature","properties":{"NAME":"Macon","state_abbr":"MO","state_name":"Missouri","ALAND":15700399},"geometry":{"type":"Polygon","coordinates":[[[-92.500605,39.759171],[-92.495202,39.759834],[-92.495505,39.766443],[-92.491921,39.766407],[-92.49026,39.756457],[-92.48355,39.75713],[-92.476889,39.755672],[-92.478416,39.759348],[-92.477205,39.759385],[-92.477148,39.757468],[-92.47683,39.759333],[-92.47411,39.759424],[-92.473592,39.757789],[-92.472226,39.759428],[-92.467497,39.760114],[-92.467454,39.762244],[-92.464988,39.762281],[-92.467471,39.762727],[-92.467083,39.76873],[-92.459319,39.768615],[-92.459361,39.76646],[-92.453066,39.766463],[-92.453412,39.759282],[-92.45139,39.759278],[-92.451287,39.75699],[-92.453503,39.757012],[-92.453704,39.752064],[-92.448919,39.752047],[-92.449127,39.747383],[-92.442338,39.747497],[-92.441269,39.742885],[-92.449347,39.742478],[-92.449177,39.745913],[-92.451996,39.745943],[-92.452876,39.72675],[-92.456905,39.726762],[-92.457095,39.724029],[-92.452975,39.723057],[-92.453073,39.719354],[-92.465006,39.719424],[-92.464533,39.716121],[-92.46569,39.715857],[-92.478468,39.716196],[-92.478588,39.719481],[-92.483136,39.719571],[-92.483318,39.734089],[-92.484273,39.73157],[-92.485017,39.734062],[-92.488336,39.732968],[-92.488501,39.73088],[-92.489845,39.731693],[-92.487482,39.734151],[-92.483283,39.73428],[-92.483189,39.73739],[-92.496203,39.73961],[-92.496284,39.745988],[-92.491507,39.746676],[-92.500485,39.748098],[-92.500528,39.752878],[-92.49652,39.753367],[-92.49764,39.757443],[-92.495214,39.757464],[-92.500441,39.757896],[-92.500605,39.759171]]]}},{"type":"Feature","properties":{"NAME":"Oak Grove","state_abbr":"MO","state_name":"Missouri","ALAND":16603409},"geometry":{"type":"MultiPolygon","coordinates":[[[[-94.11027,39.006174],[-94.110215,39.00796],[-94.105379,39.007884],[-94.105374,39.005021],[-94.11027,39.006174]]],[[[-94.124765,38.98308],[-94.124593,38.985289],[-94.119959,38.98366],[-94.120013,38.982894],[-94.124765,38.98308]]],[[[-94.159276,39.0093],[-94.151094,39.009167],[-94.152127,39.014295],[-94.147422,39.014147],[-94.147333,39.016345],[-94.140172,39.016092],[-94.14732,39.017085],[-94.147069,39.02188],[-94.142413,39.021728],[-94.142309,39.027107],[-94.138499,39.026984],[-94.137914,39.019662],[-94.131336,39.021163],[-94.131205,39.026668],[-94.12821,39.026566],[-94.128065,39.030047],[-94.124778,39.030498],[-94.124737,39.03173],[-94.12798,39.032067],[-94.127909,39.033776],[-94.118304,39.033532],[-94.118278,39.040702],[-94.120552,39.040711],[-94.120358,39.044209],[-94.118003,39.041092],[-94.114036,39.041453],[-94.113934,39.044465],[-94.10886,39.044342],[-94.109106,39.038424],[-94.10646,39.038361],[-94.106591,39.033185],[-94.114312,39.032546],[-94.11185,39.026039],[-94.114424,39.023698],[-94.114342,39.015697],[-94.110005,39.015087],[-94.110136,39.010383],[-94.11973,39.010066],[-94.119691,39.011783],[-94.124251,39.01186],[-94.122522,39.008261],[-94.124354,39.00826],[-94.124367,39.006368],[-94.119835,39.005484],[-94.113541,39.008119],[-94.113686,39.003879],[-94.110319,39.004557],[-94.11054,38.998447],[-94.10795,38.997744],[-94.106019,39.00052],[-94.101469,39.000523],[-94.101696,38.995731],[-94.106886,38.995755],[-94.106309,38.98559],[-94.110992,38.985587],[-94.111344,38.983656],[-94.116211,38.982935],[-94.115854,38.989988],[-94.120563,38.990103],[-94.120696,38.986469],[-94.125368,38.986555],[-94.124956,38.983023],[-94.127867,38.9831],[-94.129174,38.981078],[-94.12778,38.980434],[-94.12787,38.975946],[-94.130488,38.975978],[-94.130323,38.97954],[-94.13382,38.979664],[-94.13509,38.983212],[-94.13782,38.983291],[-94.134984,38.985055],[-94.134406,38.990318],[-94.139,38.990446],[-94.138802,38.993976],[-94.145217,38.993027],[-94.145209,38.994311],[-94.148227,38.994382],[-94.148432,38.990477],[-94.15301,38.988187],[-94.152953,38.990948],[-94.157659,38.991039],[-94.157363,38.998306],[-94.152537,38.99821],[-94.15261,39.004948],[-94.159241,39.007498],[-94.159276,39.0093]],[[-94.143449,39.005359],[-94.138245,39.006063],[-94.137828,39.012382],[-94.143424,39.01257],[-94.143449,39.005359]],[[-94.134645,38.984091],[-94.132365,38.984066],[-94.132358,38.984928],[-94.134645,38.985994],[-94.134645,38.984091]],[[-94.130684,38.986724],[-94.129182,38.985409],[-94.129796,38.986761],[-94.130684,38.986724]],[[-94.120242,39.019056],[-94.11934,39.018079],[-94.119323,39.019031],[-94.120242,39.019056]],[[-94.134497,39.01955],[-94.134975,39.01922],[-94.134482,39.019212],[-94.134497,39.01955]],[[-94.133211,38.986756],[-94.132481,38.985972],[-94.132462,38.986742],[-94.133211,38.986756]]]]}},{"type":"Feature","properties":{"NAME":"Bates City","state_abbr":"MO","state_name":"Missouri","ALAND":2805191},"geometry":{"type":"MultiPolygon","coordinates":[[[[-94.046964,39.010361],[-94.040066,39.010078],[-94.040128,39.008856],[-94.047055,39.007165],[-94.046964,39.010361]]],[[[-94.083099,39.000416],[-94.083812,39.009446],[-94.081317,39.008306],[-94.081196,39.011155],[-94.068655,39.010955],[-94.068564,39.004098],[-94.066928,39.004071],[-94.066903,39.006225],[-94.064429,39.006057],[-94.064397,39.010894],[-94.057189,39.01076],[-94.054782,39.010696],[-94.054987,39.005653],[-94.047055,39.007165],[-94.046997,39.005812],[-94.054993,39.005458],[-94.056491,38.998796],[-94.055636,38.993472],[-94.056755,38.993486],[-94.056725,38.995761],[-94.063969,38.995854],[-94.064393,38.999962],[-94.068753,38.999978],[-94.068696,39.002642],[-94.073528,39.002753],[-94.073669,39.000341],[-94.083099,39.000416]],[[-94.078686,39.003898],[-94.074104,39.004258],[-94.074008,39.007851],[-94.075527,39.007883],[-94.075601,39.006178],[-94.078707,39.007135],[-94.078686,39.003898]],[[-94.075506,39.008485],[-94.073966,39.008483],[-94.073855,39.010375],[-94.075422,39.010399],[-94.075506,39.008485]],[[-94.064457,39.002289],[-94.063798,39.001139],[-94.063711,39.002302],[-94.064457,39.002289]],[[-94.062393,39.002919],[-94.063078,39.001529],[-94.062337,39.001496],[-94.062393,39.002919]]]]}},{"type":"Feature","properties":{"NAME":"Concordia","state_abbr":"MO","state_name":"Missouri","ALAND":4744203},"geometry":{"type":"Polygon","coordinates":[[[-93.580175,38.983246],[-93.579609,38.99737],[-93.569149,38.997013],[-93.568897,39.004261],[-93.564933,39.004042],[-93.564786,39.007744],[-93.562588,39.0077],[-93.562725,39.003995],[-93.560409,39.003932],[-93.561028,38.995948],[-93.56413,38.995962],[-93.56356,38.993342],[-93.56103,38.993212],[-93.561108,38.990937],[-93.551127,38.989104],[-93.555934,38.989052],[-93.556346,38.982206],[-93.562881,38.982145],[-93.564836,38.972391],[-93.561852,38.971518],[-93.562111,38.96895],[-93.566659,38.968677],[-93.566417,38.972282],[-93.571265,38.972324],[-93.570913,38.974446],[-93.573876,38.973463],[-93.574117,38.975099],[-93.575719,38.975108],[-93.573862,38.977951],[-93.575602,38.979055],[-93.57534,38.983464],[-93.580175,38.983246]],[[-93.565431,39.003381],[-93.565009,39.002835],[-93.564982,39.003362],[-93.565431,39.003381]]]}},{"type":"Feature","properties":{"NAME":"Corder","state_abbr":"MO","state_name":"Missouri","ALAND":921741},"geometry":{"type":"Polygon","coordinates":[[[-93.643475,39.093862],[-93.644547,39.101309],[-93.642804,39.101296],[-93.641084,39.105582],[-93.640656,39.104347],[-93.634906,39.105092],[-93.636124,39.104682],[-93.636306,39.101189],[-93.631446,39.101109],[-93.6316,39.098249],[-93.635802,39.098829],[-93.63576,39.093692],[-93.643475,39.093862]]]}},{"type":"Feature","properties":{"NAME":"Higginsville","state_abbr":"MO","state_name":"Missouri","ALAND":9758935},"geometry":{"type":"Polygon","coordinates":[[[-93.746533,39.069903],[-93.741787,39.070401],[-93.742163,39.076504],[-93.740636,39.080899],[-93.735768,39.077318],[-93.73331,39.07804],[-93.732344,39.080496],[-93.729287,39.080404],[-93.72969,39.077168],[-93.724913,39.077022],[-93.724747,39.080819],[-93.721144,39.080751],[-93.720226,39.0859],[-93.724274,39.086044],[-93.724242,39.087468],[-93.720205,39.08696],[-93.719333,39.094524],[-93.734894,39.095233],[-93.735737,39.098292],[-93.735556,39.102457],[-93.730951,39.102398],[-93.730106,39.107203],[-93.727366,39.108781],[-93.726351,39.105076],[-93.716338,39.092543],[-93.715601,39.089658],[-93.710487,39.090931],[-93.711962,39.087383],[-93.715258,39.087385],[-93.715275,39.084742],[-93.712014,39.084316],[-93.711327,39.080042],[-93.706183,39.079625],[-93.707919,39.078097],[-93.708179,39.068108],[-93.712425,39.067263],[-93.712457,39.065556],[-93.710624,39.06655],[-93.709959,39.064916],[-93.718725,39.06559],[-93.718953,39.05981],[-93.728124,39.059987],[-93.728193,39.058206],[-93.732249,39.05825],[-93.733935,39.016189],[-93.732213,39.016174],[-93.732268,39.013696],[-93.734046,39.013728],[-93.734431,39.004096],[-93.725761,39.003867],[-93.725855,39.000235],[-93.731842,39.001182],[-93.731939,38.998673],[-93.73462,38.998693],[-93.73561,38.992603],[-93.737264,38.993308],[-93.736968,38.996061],[-93.738301,38.996937],[-93.738359,38.995516],[-93.740311,38.995582],[-93.74152,38.997157],[-93.741452,39.000671],[-93.740142,39.000623],[-93.739949,39.004314],[-93.736046,39.004218],[-93.735734,39.011996],[-93.739479,39.014681],[-93.735524,39.016917],[-93.734048,39.051241],[-93.737961,39.051335],[-93.737751,39.055722],[-93.733929,39.055655],[-93.733716,39.064308],[-93.746711,39.066262],[-93.746533,39.069903]]]}},{"type":"Feature","properties":{"NAME":"Lexington","state_abbr":"MO","state_name":"Missouri","ALAND":13541541},"geometry":{"type":"Polygon","coordinates":[[[-93.904007,39.179834],[-93.873678,39.205047],[-93.873691,39.194945],[-93.868154,39.194967],[-93.868443,39.19636],[-93.867407,39.194971],[-93.861483,39.194972],[-93.85862,39.188977],[-93.850057,39.19037],[-93.850704,39.193185],[-93.842747,39.19305],[-93.842894,39.190214],[-93.833574,39.190034],[-93.83416,39.175246],[-93.837957,39.176868],[-93.84918,39.176001],[-93.855053,39.179007],[-93.862788,39.173045],[-93.869904,39.171574],[-93.870432,39.149714],[-93.874006,39.149043],[-93.883529,39.149043],[-93.882651,39.153923],[-93.885063,39.160133],[-93.884001,39.168277],[-93.885649,39.168532],[-93.885668,39.172292],[-93.880234,39.172302],[-93.880291,39.179036],[-93.897246,39.179273],[-93.900594,39.176904],[-93.904007,39.179834]]]}},{"type":"Feature","properties":{"NAME":"Mayview","state_abbr":"MO","state_name":"Missouri","ALAND":405119},"geometry":{"type":"Polygon","coordinates":[[[-93.83978,39.054449],[-93.834761,39.055429],[-93.834835,39.054391],[-93.826128,39.053128],[-93.827508,39.050901],[-93.834918,39.052116],[-93.835033,39.048955],[-93.836172,39.048987],[-93.836164,39.050721],[-93.839549,39.050726],[-93.837217,39.052181],[-93.837193,39.054183],[-93.83978,39.054449]]]}},{"type":"Feature","properties":{"NAME":"Waverly","state_abbr":"MO","state_name":"Missouri","ALAND":3266935},"geometry":{"type":"Polygon","coordinates":[[[-93.531925,39.213138],[-93.529625,39.213081],[-93.529631,39.214996],[-93.505836,39.216712],[-93.505371,39.21439],[-93.510401,39.213607],[-93.510646,39.208929],[-93.505946,39.208938],[-93.506289,39.198583],[-93.530283,39.19957],[-93.529592,39.206069],[-93.531623,39.205153],[-93.531925,39.213138]]]}},{"type":"Feature","properties":{"NAME":"Flordell Hills","state_abbr":"MO","state_name":"Missouri","ALAND":317440},"geometry":{"type":"Polygon","coordinates":[[[-90.268956,38.717033],[-90.26627,38.721134],[-90.260469,38.717726],[-90.263349,38.713948],[-90.268956,38.717033]]]}},{"type":"Feature","properties":{"NAME":"Westwood","state_abbr":"MO","state_name":"Missouri","ALAND":1628351},"geometry":{"type":"Polygon","coordinates":[[[-90.443464,38.640708],[-90.443412,38.64809],[-90.424676,38.647929],[-90.424734,38.637461],[-90.443464,38.640708]]]}},{"type":"Feature","properties":{"NAME":"Winchester","state_abbr":"MO","state_name":"Missouri","ALAND":648939},"geometry":{"type":"Polygon","coordinates":[[[-90.533238,38.58629],[-90.532193,38.589913],[-90.52935,38.589887],[-90.529263,38.593002],[-90.519858,38.593173],[-90.519971,38.588108],[-90.524561,38.588263],[-90.524586,38.586184],[-90.533238,38.58629]]]}},{"type":"Feature","properties":{"NAME":"Brentwood","state_abbr":"MO","state_name":"Missouri","ALAND":5058743},"geometry":{"type":"Polygon","coordinates":[[[-90.362394,38.619013],[-90.362272,38.630544],[-90.357572,38.630432],[-90.357606,38.629199],[-90.334936,38.629261],[-90.333765,38.611921],[-90.335161,38.609646],[-90.346322,38.609067],[-90.347503,38.605835],[-90.351204,38.604909],[-90.351641,38.607392],[-90.357784,38.608902],[-90.355132,38.618251],[-90.362394,38.619013]]]}},{"type":"Feature","properties":{"NAME":"Bridgeton","state_abbr":"MO","state_name":"Missouri","ALAND":37691258},"geometry":{"type":"Polygon","coordinates":[[[-90.476499,38.780896],[-90.473188,38.790978],[-90.449556,38.819892],[-90.424642,38.793159],[-90.425951,38.792357],[-90.419704,38.786268],[-90.411998,38.775069],[-90.40521,38.773021],[-90.388569,38.760653],[-90.374893,38.759273],[-90.383604,38.752646],[-90.381777,38.75115],[-90.37863,38.752281],[-90.376878,38.749632],[-90.38064,38.748617],[-90.37699,38.746494],[-90.382613,38.741618],[-90.386165,38.741831],[-90.389646,38.734731],[-90.391766,38.733584],[-90.399454,38.737024],[-90.403142,38.73125],[-90.405879,38.722206],[-90.414051,38.722734],[-90.420751,38.727034],[-90.42072,38.729046],[-90.429254,38.729038],[-90.4298,38.737442],[-90.432003,38.737541],[-90.439341,38.743859],[-90.435327,38.74704],[-90.456974,38.755089],[-90.44988,38.761241],[-90.453763,38.765531],[-90.447854,38.768754],[-90.450508,38.770912],[-90.448825,38.772837],[-90.450985,38.773578],[-90.447737,38.775465],[-90.467706,38.78029],[-90.476499,38.780896]]]}},{"type":"Feature","properties":{"NAME":"Champ","state_abbr":"MO","state_name":"Missouri","ALAND":2071675},"geometry":{"type":"Polygon","coordinates":[[[-90.468857,38.741818],[-90.467256,38.741639],[-90.45525,38.752061],[-90.445083,38.750154],[-90.440878,38.745561],[-90.435906,38.746515],[-90.441376,38.742188],[-90.44717,38.741434],[-90.453097,38.743822],[-90.456669,38.742724],[-90.457261,38.74019],[-90.464094,38.736263],[-90.468857,38.741818]]]}},{"type":"Feature","properties":{"NAME":"Charlack","state_abbr":"MO","state_name":"Missouri","ALAND":701148},"geometry":{"type":"Polygon","coordinates":[[[-90.34933,38.703455],[-90.348454,38.708995],[-90.335359,38.702641],[-90.338377,38.701548],[-90.339087,38.69572],[-90.342601,38.697453],[-90.342018,38.700902],[-90.345711,38.699644],[-90.343877,38.700543],[-90.344064,38.702707],[-90.34933,38.703455]]]}},{"type":"Feature","properties":{"NAME":"Chesterfield","state_abbr":"MO","state_name":"Missouri","ALAND":82452414},"geometry":{"type":"Polygon","coordinates":[[[-90.678437,38.666857],[-90.674531,38.682193],[-90.660509,38.688551],[-90.642551,38.690949],[-90.623805,38.69028],[-90.6039,38.681977],[-90.588614,38.680503],[-90.569983,38.684073],[-90.554722,38.681552],[-90.54013,38.687414],[-90.530689,38.679549],[-90.497786,38.692424],[-90.494696,38.691194],[-90.491497,38.684892],[-90.485535,38.682698],[-90.487869,38.678705],[-90.492172,38.676124],[-90.489289,38.675793],[-90.491034,38.672544],[-90.49465,38.67283],[-90.491841,38.67202],[-90.493678,38.666682],[-90.500851,38.667309],[-90.505811,38.657631],[-90.498587,38.656559],[-90.500618,38.648979],[-90.506042,38.650048],[-90.508918,38.646345],[-90.51295,38.646089],[-90.521766,38.641625],[-90.520674,38.633961],[-90.522331,38.63395],[-90.517255,38.623381],[-90.527744,38.620313],[-90.535619,38.6203],[-90.537446,38.618386],[-90.536079,38.617916],[-90.53846,38.612946],[-90.541246,38.61298],[-90.541247,38.6148],[-90.557206,38.610592],[-90.557266,38.619606],[-90.559348,38.619668],[-90.56025,38.624438],[-90.566723,38.624487],[-90.566869,38.614779],[-90.569728,38.614034],[-90.578459,38.616459],[-90.578179,38.618685],[-90.582005,38.621648],[-90.5805,38.630638],[-90.585191,38.630664],[-90.585154,38.632461],[-90.594446,38.632448],[-90.594415,38.634297],[-90.596095,38.634298],[-90.595127,38.647895],[-90.603202,38.646888],[-90.619835,38.638973],[-90.623754,38.643818],[-90.625841,38.644181],[-90.625531,38.64685],[-90.643129,38.643788],[-90.64557,38.649808],[-90.650341,38.647513],[-90.671376,38.643278],[-90.674472,38.646141],[-90.674217,38.648653],[-90.671186,38.649512],[-90.675771,38.667006],[-90.678437,38.666857]]]}},{"type":"Feature","properties":{"NAME":"Clarkson Valley","state_abbr":"MO","state_name":"Missouri","ALAND":6979463},"geometry":{"type":"Polygon","coordinates":[[[-90.612061,38.643072],[-90.609039,38.644314],[-90.607568,38.643269],[-90.607832,38.644805],[-90.603202,38.646888],[-90.595127,38.647895],[-90.596095,38.634298],[-90.594415,38.634297],[-90.594446,38.632448],[-90.585154,38.632461],[-90.585191,38.630664],[-90.5805,38.630638],[-90.58078,38.623893],[-90.585572,38.614972],[-90.580848,38.614892],[-90.580847,38.612215],[-90.57401,38.612267],[-90.575833,38.607877],[-90.585655,38.60846],[-90.585689,38.604852],[-90.592544,38.604874],[-90.599478,38.613398],[-90.599364,38.619475],[-90.602878,38.619533],[-90.602295,38.624278],[-90.608461,38.626873],[-90.606914,38.639554],[-90.610276,38.638026],[-90.612061,38.643072]],[[-90.603275,38.626884],[-90.602868,38.625577],[-90.60285,38.626882],[-90.603275,38.626884]]]}},{"type":"Feature","properties":{"NAME":"Clayton","state_abbr":"MO","state_name":"Missouri","ALAND":6492951},"geometry":{"type":"Polygon","coordinates":[[[-90.353814,38.656952],[-90.350289,38.658203],[-90.334673,38.656707],[-90.335033,38.653063],[-90.328743,38.651361],[-90.329417,38.647192],[-90.303402,38.646184],[-90.306433,38.63359],[-90.351309,38.639148],[-90.34877,38.656209],[-90.352325,38.655375],[-90.353814,38.656952]]]}},{"type":"Feature","properties":{"NAME":"Country Club Hills","state_abbr":"MO","state_name":"Missouri","ALAND":482937},"geometry":{"type":"Polygon","coordinates":[[[-90.278899,38.721397],[-90.275039,38.726265],[-90.270506,38.722869],[-90.275889,38.715444],[-90.278953,38.71682],[-90.276642,38.719976],[-90.278899,38.721397]]]}},{"type":"Feature","properties":{"NAME":"Bogard","state_abbr":"MO","state_name":"Missouri","ALAND":1413243},"geometry":{"type":"Polygon","coordinates":[[[-93.530293,39.451705],[-93.530123,39.464037],[-93.521456,39.464027],[-93.521504,39.460683],[-93.518896,39.460693],[-93.515701,39.464206],[-93.514716,39.455895],[-93.520253,39.455905],[-93.520266,39.451758],[-93.530293,39.451705]]]}},{"type":"Feature","properties":{"NAME":"Bakersfield","state_abbr":"MO","state_name":"Missouri","ALAND":3547437},"geometry":{"type":"Polygon","coordinates":[[[-92.160773,36.525269],[-92.155946,36.52527],[-92.155811,36.530101],[-92.14198,36.529994],[-92.139265,36.540746],[-92.137427,36.540674],[-92.137862,36.526661],[-92.12843,36.526382],[-92.128705,36.520968],[-92.135492,36.521081],[-92.13555,36.5187],[-92.139983,36.518814],[-92.140095,36.516169],[-92.142083,36.516116],[-92.141685,36.510283],[-92.145281,36.510299],[-92.145279,36.51527],[-92.151413,36.515366],[-92.151416,36.518963],[-92.15587,36.51904],[-92.155858,36.522641],[-92.160172,36.522775],[-92.160773,36.525269]]]}},{"type":"Feature","properties":{"NAME":"Gainesville","state_abbr":"MO","state_name":"Missouri","ALAND":7435752},"geometry":{"type":"Polygon","coordinates":[[[-92.475787,36.597347],[-92.469495,36.597516],[-92.467291,36.604034],[-92.475427,36.599856],[-92.47571,36.60017],[-92.467262,36.605167],[-92.451944,36.604073],[-92.447251,36.603172],[-92.447246,36.601335],[-92.438252,36.601472],[-92.438167,36.606522],[-92.440522,36.606628],[-92.440469,36.610082],[-92.429283,36.610018],[-92.429118,36.613498],[-92.418061,36.613479],[-92.418038,36.61693],[-92.406869,36.616919],[-92.406833,36.61504],[-92.402515,36.615106],[-92.402406,36.620786],[-92.397868,36.620743],[-92.39683,36.62364],[-92.394397,36.623474],[-92.398135,36.618314],[-92.397841,36.600954],[-92.393204,36.594783],[-92.394894,36.596404],[-92.396809,36.595572],[-92.397297,36.592795],[-92.397311,36.598354],[-92.402308,36.599015],[-92.402406,36.604396],[-92.415901,36.604581],[-92.416085,36.598136],[-92.431757,36.597866],[-92.43229,36.595521],[-92.434867,36.595745],[-92.434567,36.598051],[-92.437989,36.598951],[-92.454413,36.59739],[-92.467693,36.596984],[-92.475787,36.597347]],[[-92.463694,36.597712],[-92.444151,36.598509],[-92.437942,36.599606],[-92.463765,36.599763],[-92.463694,36.597712]]]}},{"type":"Feature","properties":{"NAME":"Theodosia","state_abbr":"MO","state_name":"Missouri","ALAND":3547658},"geometry":{"type":"Polygon","coordinates":[[[-92.684146,36.579665],[-92.684078,36.587061],[-92.648007,36.586708],[-92.647855,36.572038],[-92.660194,36.571861],[-92.664083,36.578891],[-92.66959,36.57957],[-92.670377,36.572072],[-92.674986,36.572109],[-92.67497,36.57951],[-92.684146,36.579665]]]}},{"type":"Feature","properties":{"NAME":"Norborne","state_abbr":"MO","state_name":"Missouri","ALAND":1676748},"geometry":{"type":"Polygon","coordinates":[[[-93.685626,39.30035],[-93.685619,39.303057],[-93.683006,39.303038],[-93.68304,39.30775],[-93.666426,39.307705],[-93.668115,39.299665],[-93.670037,39.297728],[-93.67268,39.297726],[-93.672665,39.296504],[-93.683014,39.296492],[-93.683002,39.299591],[-93.685626,39.30035]]]}},{"type":"Feature","properties":{"NAME":"Milford","state_abbr":"MO","state_name":"Missouri","ALAND":108211},"geometry":{"type":"Polygon","coordinates":[[[-94.16103,37.585843],[-94.157136,37.588987],[-94.157279,37.585704],[-94.155278,37.584819],[-94.16103,37.585843]]]}},{"type":"Feature","properties":{"NAME":"Aullville","state_abbr":"MO","state_name":"Missouri","ALAND":689251},"geometry":{"type":"Polygon","coordinates":[[[-93.682594,39.014154],[-93.682319,39.021459],[-93.673034,39.021362],[-93.673392,39.013801],[-93.682594,39.014154]]]}},{"type":"Feature","properties":{"NAME":"Marlborough","state_abbr":"MO","state_name":"Missouri","ALAND":588189},"geometry":{"type":"Polygon","coordinates":[[[-90.355086,38.56551],[-90.339854,38.568121],[-90.339019,38.573099],[-90.332617,38.572208],[-90.333939,38.564294],[-90.337193,38.564625],[-90.336785,38.566924],[-90.340029,38.567275],[-90.340263,38.565845],[-90.350648,38.566008],[-90.351087,38.564476],[-90.355086,38.56551]]]}},{"type":"Feature","properties":{"NAME":"Oakland","state_abbr":"MO","state_name":"Missouri","ALAND":1561091},"geometry":{"type":"Polygon","coordinates":[[[-90.391541,38.56796],[-90.391213,38.582772],[-90.377255,38.582642],[-90.377238,38.573547],[-90.38378,38.572122],[-90.391541,38.56796]]]}},{"type":"Feature","properties":{"NAME":"Crestwood","state_abbr":"MO","state_name":"Missouri","ALAND":9287533},"geometry":{"type":"Polygon","coordinates":[[[-90.397958,38.544408],[-90.397504,38.567835],[-90.391229,38.567979],[-90.38378,38.572122],[-90.377238,38.573547],[-90.369594,38.563314],[-90.367499,38.563354],[-90.368117,38.562372],[-90.359161,38.56485],[-90.357812,38.562882],[-90.349269,38.559821],[-90.350331,38.55887],[-90.352781,38.560751],[-90.352746,38.556902],[-90.349947,38.555192],[-90.353304,38.551459],[-90.362008,38.557434],[-90.363656,38.55565],[-90.360588,38.549836],[-90.366213,38.54407],[-90.38978,38.544264],[-90.39162,38.545679],[-90.397958,38.544408]]]}},{"type":"Feature","properties":{"NAME":"Dellwood","state_abbr":"MO","state_name":"Missouri","ALAND":2684678},"geometry":{"type":"Polygon","coordinates":[[[-90.290854,38.753999],[-90.289092,38.756321],[-90.279714,38.756319],[-90.280257,38.764234],[-90.274602,38.764531],[-90.27356,38.769113],[-90.268728,38.769052],[-90.268717,38.764094],[-90.264407,38.764026],[-90.264005,38.759969],[-90.261519,38.757613],[-90.266103,38.757621],[-90.265699,38.759617],[-90.267321,38.760142],[-90.269867,38.758896],[-90.269867,38.756758],[-90.272216,38.75677],[-90.272307,38.753474],[-90.274859,38.753516],[-90.274224,38.749064],[-90.276924,38.749408],[-90.276241,38.744944],[-90.285503,38.744038],[-90.286257,38.75398],[-90.290854,38.753999]]]}},{"type":"Feature","properties":{"NAME":"Des Peres","state_abbr":"MO","state_name":"Missouri","ALAND":11187387},"geometry":{"type":"Polygon","coordinates":[[[-90.474041,38.596953],[-90.471616,38.602314],[-90.467416,38.602313],[-90.467409,38.604038],[-90.448692,38.604009],[-90.448386,38.618662],[-90.426759,38.61846],[-90.426852,38.614272],[-90.425106,38.614489],[-90.425261,38.596465],[-90.444111,38.596689],[-90.445487,38.587263],[-90.443442,38.584375],[-90.444032,38.581893],[-90.447297,38.581794],[-90.443535,38.574484],[-90.445462,38.573712],[-90.459875,38.572346],[-90.458515,38.572624],[-90.459828,38.574045],[-90.45929,38.576896],[-90.463741,38.578108],[-90.461498,38.579925],[-90.465067,38.57884],[-90.466794,38.584795],[-90.465536,38.586546],[-90.462799,38.586552],[-90.462763,38.588538],[-90.465914,38.58859],[-90.467406,38.585714],[-90.468794,38.58747],[-90.466818,38.589533],[-90.467521,38.591422],[-90.471573,38.591531],[-90.467507,38.592744],[-90.467489,38.596885],[-90.474041,38.596953]]]}},{"type":"Feature","properties":{"NAME":"Ellisville","state_abbr":"MO","state_name":"Missouri","ALAND":11306117},"geometry":{"type":"Polygon","coordinates":[[[-90.618237,38.59031],[-90.618155,38.593976],[-90.601639,38.594262],[-90.603397,38.597602],[-90.602202,38.598312],[-90.603127,38.60478],[-90.585689,38.604852],[-90.585655,38.60846],[-90.580799,38.608444],[-90.580832,38.604702],[-90.576198,38.604847],[-90.571096,38.607622],[-90.56948,38.601306],[-90.571021,38.601105],[-90.571053,38.592753],[-90.558454,38.592702],[-90.558504,38.587995],[-90.562384,38.588013],[-90.562408,38.582646],[-90.567076,38.582973],[-90.56713,38.584605],[-90.564771,38.584592],[-90.56475,38.585707],[-90.567114,38.586391],[-90.575884,38.586399],[-90.576642,38.578987],[-90.585074,38.579023],[-90.584119,38.576661],[-90.585387,38.576601],[-90.581421,38.572393],[-90.586268,38.57152],[-90.586333,38.567023],[-90.592262,38.567029],[-90.59219,38.57246],[-90.600232,38.571835],[-90.601809,38.569642],[-90.605168,38.568726],[-90.605069,38.572956],[-90.600584,38.575224],[-90.603132,38.580965],[-90.600139,38.580957],[-90.600138,38.583163],[-90.604884,38.583179],[-90.604152,38.588075],[-90.6143,38.583964],[-90.614016,38.590291],[-90.618237,38.59031]]]}},{"type":"Feature","properties":{"NAME":"Eureka","state_abbr":"MO","state_name":"Missouri","ALAND":28851202},"geometry":{"type":"MultiPolygon","coordinates":[[[[-90.6448,38.47545],[-90.640188,38.477615],[-90.644657,38.483634],[-90.64476,38.487287],[-90.634403,38.485055],[-90.637101,38.481098],[-90.635889,38.480786],[-90.63746,38.47717],[-90.634413,38.475867],[-90.637915,38.468064],[-90.634349,38.465638],[-90.637415,38.464481],[-90.639498,38.465427],[-90.641108,38.471261],[-90.6448,38.47545]],[[-90.638756,38.468325],[-90.638753,38.467872],[-90.63855,38.467978],[-90.638756,38.468325]],[[-90.638599,38.471819],[-90.638249,38.471658],[-90.63825,38.471823],[-90.638599,38.471819]]],[[[-90.709004,38.500336],[-90.690371,38.503591],[-90.689993,38.511161],[-90.68075,38.510897],[-90.680414,38.51818],[-90.652907,38.517219],[-90.652742,38.521502],[-90.647903,38.518895],[-90.647827,38.521633],[-90.645854,38.52159],[-90.638466,38.520611],[-90.63863,38.516884],[-90.631011,38.516745],[-90.633898,38.517114],[-90.633627,38.52418],[-90.630766,38.524015],[-90.625877,38.517051],[-90.624173,38.51708],[-90.626999,38.522506],[-90.625618,38.52299],[-90.607977,38.516556],[-90.612856,38.504686],[-90.60661,38.50368],[-90.607602,38.50175],[-90.591101,38.501745],[-90.595213,38.494323],[-90.612244,38.493536],[-90.618513,38.486178],[-90.616516,38.484553],[-90.623315,38.484254],[-90.623702,38.485362],[-90.61916,38.486315],[-90.625861,38.488564],[-90.625958,38.483839],[-90.624005,38.486514],[-90.625328,38.482622],[-90.623264,38.481802],[-90.626035,38.480236],[-90.626331,38.475903],[-90.633623,38.485752],[-90.645877,38.488046],[-90.654043,38.487541],[-90.658846,38.48327],[-90.660703,38.479195],[-90.666785,38.477988],[-90.665616,38.47954],[-90.666624,38.480948],[-90.668814,38.479979],[-90.670537,38.483592],[-90.672238,38.482821],[-90.675022,38.48495],[-90.671758,38.48624],[-90.668046,38.484775],[-90.668774,38.490481],[-90.664818,38.492635],[-90.663609,38.491672],[-90.665469,38.494291],[-90.669528,38.49248],[-90.67178,38.495644],[-90.677757,38.493008],[-90.675697,38.482914],[-90.682928,38.483411],[-90.687216,38.481525],[-90.690818,38.488822],[-90.697583,38.490132],[-90.694701,38.492977],[-90.697146,38.494445],[-90.695441,38.496199],[-90.70904,38.496843],[-90.709004,38.500336]],[[-90.627117,38.490815],[-90.625161,38.491383],[-90.625043,38.492022],[-90.626978,38.491888],[-90.627117,38.490815]]]]}},{"type":"Feature","properties":{"NAME":"Fenton","state_abbr":"MO","state_name":"Missouri","ALAND":16243020},"geometry":{"type":"Polygon","coordinates":[[[-90.476755,38.540721],[-90.473486,38.540825],[-90.473256,38.547304],[-90.46958,38.549633],[-90.446732,38.558199],[-90.438899,38.544427],[-90.434885,38.544969],[-90.433838,38.543431],[-90.435626,38.515483],[-90.420209,38.505758],[-90.407497,38.504247],[-90.405335,38.500598],[-90.461238,38.501247],[-90.450414,38.511815],[-90.452029,38.513797],[-90.450894,38.516527],[-90.460631,38.521722],[-90.473106,38.52348],[-90.473498,38.540295],[-90.476339,38.538447],[-90.476755,38.540721]]]}},{"type":"Feature","properties":{"NAME":"Dexter","state_abbr":"MO","state_name":"Missouri","ALAND":18668795},"geometry":{"type":"Polygon","coordinates":[[[-90.025163,36.802539],[-90.025093,36.80595],[-90.019867,36.804642],[-89.999067,36.804639],[-89.997444,36.805471],[-89.997408,36.808637],[-90.000051,36.808684],[-90.000023,36.809931],[-89.997368,36.80987],[-89.996998,36.815331],[-89.993571,36.814604],[-89.994472,36.813291],[-89.992648,36.813253],[-89.99277,36.810595],[-89.988381,36.810496],[-89.98791,36.805442],[-89.983918,36.806388],[-89.983271,36.816465],[-89.978728,36.816469],[-89.978843,36.814566],[-89.97665,36.814596],[-89.976755,36.810967],[-89.979057,36.810404],[-89.973751,36.810975],[-89.973865,36.808852],[-89.946413,36.815909],[-89.946307,36.81938],[-89.936982,36.817368],[-89.941297,36.815494],[-89.941735,36.807891],[-89.944673,36.80286],[-89.942682,36.801741],[-89.945543,36.799323],[-89.942673,36.797272],[-89.939624,36.800387],[-89.932901,36.801395],[-89.933606,36.789841],[-89.938233,36.790698],[-89.938245,36.788253],[-89.933717,36.788129],[-89.935263,36.759729],[-89.948833,36.760219],[-89.947737,36.788511],[-89.950044,36.788574],[-89.953827,36.784078],[-89.955411,36.784118],[-89.960672,36.777756],[-89.963604,36.773369],[-89.964555,36.767062],[-89.964517,36.77227],[-89.963049,36.776201],[-89.956117,36.784158],[-89.958358,36.784233],[-89.959618,36.782174],[-89.966508,36.781621],[-89.968854,36.779391],[-89.971143,36.780184],[-89.970421,36.781786],[-89.975614,36.781831],[-89.974491,36.778217],[-89.97576,36.778234],[-89.976481,36.774597],[-89.978053,36.778152],[-89.980322,36.778248],[-89.980232,36.781939],[-89.982433,36.781975],[-89.982207,36.787149],[-89.980782,36.788509],[-89.989075,36.789223],[-89.988747,36.796513],[-89.990168,36.796609],[-89.991377,36.789221],[-89.994754,36.789296],[-89.994459,36.796605],[-89.997895,36.796643],[-89.99767,36.802069],[-89.999034,36.80301],[-90.025163,36.802539]],[[-89.960751,36.808822],[-89.956101,36.808694],[-89.956186,36.806785],[-89.95444,36.806763],[-89.954152,36.809269],[-89.953254,36.809241],[-89.954167,36.806856],[-89.951324,36.80827],[-89.950519,36.80309],[-89.949304,36.804903],[-89.94698,36.804845],[-89.948124,36.803018],[-89.946794,36.802984],[-89.942728,36.807271],[-89.942512,36.815302],[-89.960086,36.811428],[-89.960751,36.808822]],[[-89.945642,36.80362],[-89.945559,36.802924],[-89.945183,36.803292],[-89.945642,36.80362]],[[-89.936098,36.797683],[-89.935218,36.795359],[-89.935725,36.797674],[-89.936098,36.797683]]]}},{"type":"Feature","properties":{"NAME":"Penermon","state_abbr":"MO","state_name":"Missouri","ALAND":545919},"geometry":{"type":"Polygon","coordinates":[[[-89.835159,36.789278],[-89.831897,36.789403],[-89.831897,36.795573],[-89.826047,36.795904],[-89.826155,36.788654],[-89.83167,36.788518],[-89.831684,36.785329],[-89.835062,36.785249],[-89.835159,36.789278]]]}},{"type":"Feature","properties":{"NAME":"Raytown","state_abbr":"MO","state_name":"Missouri","ALAND":25721830},"geometry":{"type":"Polygon","coordinates":[[[-94.499009,38.966403],[-94.482757,38.983173],[-94.482535,38.987849],[-94.483937,38.987871],[-94.482089,39.028001],[-94.449501,39.026672],[-94.449325,39.029679],[-94.437447,39.029228],[-94.437524,39.026776],[-94.440755,39.026821],[-94.443475,39.024395],[-94.445273,38.98712],[-94.440341,38.986616],[-94.441319,38.963688],[-94.499009,38.966403]]]}},{"type":"Feature","properties":{"NAME":"Unity Village","state_abbr":"MO","state_name":"Missouri","ALAND":3781040},"geometry":{"type":"Polygon","coordinates":[[[-94.41479,38.951325],[-94.414421,38.955601],[-94.410337,38.955339],[-94.410091,38.958612],[-94.404761,38.962195],[-94.404682,38.964074],[-94.406934,38.964159],[-94.406982,38.965838],[-94.404704,38.965741],[-94.402208,38.962262],[-94.395618,38.961207],[-94.395663,38.958147],[-94.386099,38.958146],[-94.387109,38.95052],[-94.382562,38.950392],[-94.382773,38.946629],[-94.401038,38.944735],[-94.401311,38.943341],[-94.403,38.944595],[-94.409139,38.944243],[-94.408378,38.940658],[-94.410206,38.940751],[-94.410514,38.947214],[-94.41479,38.951325]]]}},{"type":"Feature","properties":{"NAME":"Bloomsdale","state_abbr":"MO","state_name":"Missouri","ALAND":4215155},"geometry":{"type":"Polygon","coordinates":[[[-90.234797,38.021451],[-90.234641,38.025418],[-90.2281,38.024917],[-90.225499,38.021095],[-90.223381,38.025909],[-90.215962,38.025902],[-90.216097,38.022783],[-90.213277,38.020775],[-90.216691,38.016742],[-90.214381,38.01548],[-90.213421,38.018045],[-90.209076,38.018259],[-90.202629,38.014499],[-90.204743,38.012183],[-90.209794,38.012787],[-90.213387,38.008564],[-90.21557,38.008948],[-90.215938,38.007518],[-90.211251,38.004334],[-90.212212,38.003375],[-90.214249,38.004655],[-90.217212,38.001483],[-90.21353,37.998667],[-90.214457,37.998196],[-90.220872,38.003277],[-90.227071,38.004486],[-90.230817,38.007817],[-90.23026,38.010254],[-90.233206,38.016713],[-90.230981,38.016362],[-90.234797,38.021451]]]}},{"type":"Feature","properties":{"NAME":"Centerview","state_abbr":"MO","state_name":"Missouri","ALAND":506571},"geometry":{"type":"Polygon","coordinates":[[[-93.850183,38.744138],[-93.847303,38.744356],[-93.846178,38.750175],[-93.84016,38.750035],[-93.840414,38.744378],[-93.843822,38.744265],[-93.844145,38.740748],[-93.84617,38.740684],[-93.846111,38.742754],[-93.850183,38.744138]]]}},{"type":"Feature","properties":{"NAME":"Chilhowee","state_abbr":"MO","state_name":"Missouri","ALAND":933774},"geometry":{"type":"Polygon","coordinates":[[[-93.860782,38.58413],[-93.86053,38.593279],[-93.85121,38.59441],[-93.851541,38.583249],[-93.860782,38.58413]]]}},{"type":"Feature","properties":{"NAME":"Boonville","state_abbr":"MO","state_name":"Missouri","ALAND":21446556},"geometry":{"type":"MultiPolygon","coordinates":[[[[-92.759176,38.933997],[-92.756861,38.935607],[-92.749723,38.935676],[-92.749769,38.93499],[-92.747915,38.93499],[-92.747915,38.932061],[-92.751645,38.93213],[-92.751684,38.928903],[-92.757231,38.929083],[-92.757136,38.933296],[-92.759176,38.933997]]],[[[-92.79316,38.940397],[-92.786776,38.942267],[-92.788134,38.942319],[-92.780267,38.951509],[-92.77415,38.953664],[-92.768315,38.958629],[-92.771098,38.958634],[-92.77097,38.960436],[-92.779849,38.957626],[-92.778781,38.967891],[-92.774983,38.96712],[-92.773071,38.968527],[-92.773741,38.970244],[-92.770811,38.970677],[-92.773632,38.971508],[-92.75019,38.980313],[-92.720402,38.984194],[-92.720583,38.982068],[-92.723538,38.982592],[-92.723108,38.979924],[-92.717827,38.978285],[-92.721383,38.97824],[-92.719397,38.977407],[-92.721718,38.976797],[-92.720997,38.975081],[-92.71808,38.974876],[-92.718124,38.972272],[-92.721868,38.972496],[-92.721788,38.9605],[-92.71555,38.957366],[-92.709479,38.957776],[-92.709239,38.955722],[-92.703446,38.954823],[-92.703561,38.950288],[-92.69841,38.94989],[-92.697375,38.957736],[-92.693946,38.95657],[-92.694023,38.951804],[-92.68979,38.951761],[-92.689825,38.959232],[-92.68667,38.959164],[-92.687936,38.956689],[-92.684465,38.956744],[-92.684511,38.951166],[-92.683379,38.953344],[-92.680615,38.952524],[-92.682045,38.93975],[-92.679835,38.939577],[-92.679853,38.937946],[-92.684661,38.937834],[-92.684629,38.93988],[-92.687498,38.940038],[-92.688528,38.939036],[-92.686941,38.937941],[-92.69101,38.938216],[-92.70221,38.944854],[-92.715253,38.956676],[-92.717422,38.954964],[-92.721135,38.95603],[-92.721148,38.95725],[-92.738569,38.957179],[-92.738568,38.953396],[-92.741586,38.953396],[-92.74191,38.952177],[-92.738572,38.952209],[-92.738516,38.94984],[-92.735474,38.949794],[-92.735571,38.946038],[-92.741748,38.944965],[-92.743266,38.93936],[-92.741115,38.939331],[-92.741671,38.937573],[-92.73658,38.936509],[-92.736536,38.932858],[-92.743344,38.932138],[-92.743405,38.934964],[-92.745083,38.933685],[-92.747033,38.934353],[-92.745053,38.935139],[-92.749246,38.936227],[-92.748018,38.940232],[-92.744456,38.940529],[-92.746941,38.942516],[-92.742695,38.942763],[-92.742387,38.949736],[-92.748297,38.949692],[-92.748603,38.947881],[-92.756035,38.947952],[-92.756044,38.94992],[-92.758338,38.949922],[-92.758744,38.94828],[-92.760709,38.949039],[-92.75997,38.950183],[-92.764665,38.949992],[-92.767689,38.944445],[-92.765915,38.9366],[-92.777065,38.934866],[-92.778702,38.932251],[-92.781294,38.932335],[-92.781188,38.934909],[-92.789989,38.934851],[-92.790023,38.940612],[-92.79316,38.940397]],[[-92.765753,38.950643],[-92.761471,38.950346],[-92.761222,38.95382],[-92.757456,38.953846],[-92.757433,38.957762],[-92.765753,38.950643]],[[-92.755211,38.952373],[-92.74965,38.951823],[-92.74911,38.950161],[-92.748944,38.953825],[-92.755211,38.953863],[-92.755211,38.952373]]]]}},{"type":"Feature","properties":{"NAME":"Bunceton","state_abbr":"MO","state_name":"Missouri","ALAND":2445618},"geometry":{"type":"Polygon","coordinates":[[[-92.809016,38.796196],[-92.789683,38.795821],[-92.789799,38.788115],[-92.788345,38.786614],[-92.789851,38.786065],[-92.790062,38.78205],[-92.80899,38.783492],[-92.809016,38.796196]]]}},{"type":"Feature","properties":{"NAME":"Prairie Home","state_abbr":"MO","state_name":"Missouri","ALAND":1004099},"geometry":{"type":"Polygon","coordinates":[[[-92.597482,38.818756],[-92.585938,38.819172],[-92.586092,38.807822],[-92.595344,38.808105],[-92.595075,38.817035],[-92.597482,38.818756]]]}},{"type":"Feature","properties":{"NAME":"Wooldridge","state_abbr":"MO","state_name":"Missouri","ALAND":155744},"geometry":{"type":"Polygon","coordinates":[[[-92.525161,38.907721],[-92.521011,38.908286],[-92.517064,38.904916],[-92.523929,38.905007],[-92.523689,38.907248],[-92.525161,38.907721]]]}},{"type":"Feature","properties":{"NAME":"Grand Pass","state_abbr":"MO","state_name":"Missouri","ALAND":281400},"geometry":{"type":"Polygon","coordinates":[[[-93.445151,39.200939],[-93.444745,39.208217],[-93.439439,39.20799],[-93.43944,39.203829],[-93.442859,39.204651],[-93.443131,39.200086],[-93.445151,39.200939]]]}},{"type":"Feature","properties":{"NAME":"Mount Leonard","state_abbr":"MO","state_name":"Missouri","ALAND":268784},"geometry":{"type":"Polygon","coordinates":[[[-93.398075,39.126961],[-93.391466,39.128745],[-93.391669,39.123383],[-93.397745,39.123228],[-93.39651,39.12502],[-93.398151,39.125386],[-93.398075,39.126961]]]}},{"type":"Feature","properties":{"NAME":"Cairo","state_abbr":"MO","state_name":"Missouri","ALAND":777222},"geometry":{"type":"Polygon","coordinates":[[[-92.447495,39.511851],[-92.444552,39.51242],[-92.444442,39.515461],[-92.442425,39.515425],[-92.442577,39.517036],[-92.440599,39.515345],[-92.439709,39.517529],[-92.435051,39.511553],[-92.438394,39.511065],[-92.437734,39.508167],[-92.439611,39.508174],[-92.438703,39.505106],[-92.441095,39.504757],[-92.441095,39.506058],[-92.444706,39.505559],[-92.444742,39.510669],[-92.447495,39.511851]]]}},{"type":"Feature","properties":{"NAME":"Clifton Hill","state_abbr":"MO","state_name":"Missouri","ALAND":452625},"geometry":{"type":"Polygon","coordinates":[[[-92.670225,39.436296],[-92.670044,39.439588],[-92.66687,39.440683],[-92.667692,39.443846],[-92.664929,39.443881],[-92.662973,39.437664],[-92.64833,39.43686],[-92.654967,39.435824],[-92.665481,39.437901],[-92.665577,39.435903],[-92.670225,39.436296]]]}},{"type":"Feature","properties":{"NAME":"Higbee","state_abbr":"MO","state_name":"Missouri","ALAND":1026200},"geometry":{"type":"Polygon","coordinates":[[[-92.519098,39.309693],[-92.519035,39.312335],[-92.511948,39.313362],[-92.512121,39.308484],[-92.507489,39.308464],[-92.507743,39.301298],[-92.509103,39.301359],[-92.509167,39.299826],[-92.517437,39.300076],[-92.516653,39.307033],[-92.519098,39.309693]]]}},{"type":"Feature","properties":{"NAME":"Moberly","state_abbr":"MO","state_name":"Missouri","ALAND":34128653},"geometry":{"type":"Polygon","coordinates":[[[-92.480301,39.420788],[-92.480195,39.424019],[-92.465925,39.42751],[-92.464937,39.430627],[-92.46412,39.428123],[-92.464136,39.430374],[-92.461444,39.431587],[-92.463901,39.432345],[-92.463619,39.435879],[-92.455613,39.435756],[-92.456476,39.439366],[-92.461151,39.439451],[-92.460901,39.446813],[-92.459271,39.446768],[-92.459296,39.444821],[-92.457819,39.444804],[-92.457684,39.446714],[-92.45161,39.444604],[-92.45145,39.446594],[-92.446238,39.4465],[-92.446436,39.455819],[-92.43485,39.455627],[-92.434997,39.468174],[-92.421661,39.46902],[-92.422446,39.461856],[-92.413655,39.456599],[-92.413686,39.452948],[-92.411091,39.452878],[-92.411629,39.448323],[-92.418393,39.445081],[-92.418514,39.438513],[-92.415291,39.438424],[-92.415437,39.432294],[-92.411655,39.425644],[-92.411136,39.420506],[-92.406354,39.422528],[-92.406469,39.419326],[-92.410756,39.418164],[-92.411946,39.409546],[-92.410508,39.408655],[-92.412139,39.401238],[-92.405997,39.401082],[-92.407688,39.386469],[-92.4126,39.386643],[-92.412434,39.390285],[-92.417563,39.390401],[-92.417706,39.386789],[-92.425157,39.386959],[-92.425185,39.385247],[-92.430136,39.385409],[-92.430279,39.381713],[-92.437171,39.381859],[-92.437226,39.36618],[-92.436306,39.363656],[-92.430908,39.363603],[-92.4345,39.360872],[-92.431068,39.357586],[-92.454423,39.357764],[-92.454365,39.359649],[-92.450291,39.361389],[-92.444949,39.361335],[-92.443986,39.39751],[-92.44538,39.397522],[-92.445793,39.394863],[-92.448659,39.396318],[-92.448569,39.39927],[-92.443936,39.399529],[-92.44389,39.401365],[-92.450848,39.399871],[-92.450794,39.401917],[-92.453105,39.401761],[-92.452082,39.398991],[-92.457843,39.398705],[-92.456613,39.409052],[-92.466655,39.408533],[-92.466682,39.412056],[-92.469348,39.412124],[-92.466499,39.415666],[-92.469523,39.41571],[-92.472243,39.413692],[-92.472201,39.41571],[-92.475789,39.415819],[-92.475692,39.420448],[-92.480301,39.420788]],[[-92.451664,39.441037],[-92.446979,39.441173],[-92.446655,39.442932],[-92.451622,39.443292],[-92.451664,39.441037]],[[-92.451417,39.428862],[-92.440417,39.423437],[-92.437162,39.423339],[-92.435884,39.435409],[-92.437125,39.433442],[-92.451417,39.428862]],[[-92.4319,39.387198],[-92.43003,39.386609],[-92.430028,39.387096],[-92.4319,39.387198]],[[-92.428659,39.452686],[-92.427684,39.449872],[-92.427515,39.452405],[-92.422092,39.452435],[-92.421872,39.458068],[-92.427311,39.460671],[-92.428659,39.452686]],[[-92.423766,39.428217],[-92.42261,39.426652],[-92.422581,39.428188],[-92.423766,39.428217]]]}},{"type":"Feature","properties":{"NAME":"Golden City","state_abbr":"MO","state_name":"Missouri","ALAND":2679581},"geometry":{"type":"Polygon","coordinates":[[[-94.103754,37.38605],[-94.103246,37.400681],[-94.084668,37.400154],[-94.085338,37.385307],[-94.103754,37.38605]]]}},{"type":"Feature","properties":{"NAME":"Chillicothe","state_abbr":"MO","state_name":"Missouri","ALAND":18475404},"geometry":{"type":"Polygon","coordinates":[[[-93.586358,39.793454],[-93.586353,39.796061],[-93.572924,39.796515],[-93.571095,39.797889],[-93.571194,39.800055],[-93.568212,39.79971],[-93.568297,39.804018],[-93.563704,39.803035],[-93.564668,39.815514],[-93.561388,39.815517],[-93.561407,39.817442],[-93.559481,39.817949],[-93.559487,39.819347],[-93.562748,39.819424],[-93.562687,39.826255],[-93.556396,39.826245],[-93.557344,39.828226],[-93.54726,39.828316],[-93.546045,39.82991],[-93.547514,39.829829],[-93.547555,39.831538],[-93.540552,39.832045],[-93.540608,39.834515],[-93.526013,39.834514],[-93.525902,39.827694],[-93.54046,39.827447],[-93.540533,39.830696],[-93.54423,39.829359],[-93.546492,39.826775],[-93.545676,39.825458],[-93.541739,39.825478],[-93.541721,39.822687],[-93.545101,39.822553],[-93.545101,39.819842],[-93.54951,39.819794],[-93.549458,39.818823],[-93.540337,39.818951],[-93.540215,39.804342],[-93.537631,39.804368],[-93.537691,39.802651],[-93.540114,39.801232],[-93.540013,39.797142],[-93.539267,39.798998],[-93.537814,39.79902],[-93.538475,39.797208],[-93.535238,39.797252],[-93.535119,39.794254],[-93.535181,39.79],[-93.539864,39.789895],[-93.539764,39.787058],[-93.534881,39.784813],[-93.534837,39.783532],[-93.539646,39.78249],[-93.520421,39.7829],[-93.520253,39.776091],[-93.515524,39.775419],[-93.534871,39.773743],[-93.534715,39.768368],[-93.543242,39.767917],[-93.553026,39.751461],[-93.55601,39.754068],[-93.554288,39.756183],[-93.555547,39.757898],[-93.554005,39.757877],[-93.554127,39.765944],[-93.552161,39.771841],[-93.558885,39.773182],[-93.559083,39.76969],[-93.561723,39.769601],[-93.563089,39.782155],[-93.568023,39.782077],[-93.568211,39.786536],[-93.5728,39.79034],[-93.57408,39.795982],[-93.580597,39.795823],[-93.580155,39.792351],[-93.586358,39.793454]],[[-93.53919,39.804116],[-93.539583,39.803388],[-93.538663,39.803471],[-93.53919,39.804116]]]}},{"type":"Feature","properties":{"NAME":"Ludlow","state_abbr":"MO","state_name":"Missouri","ALAND":406063},"geometry":{"type":"Polygon","coordinates":[[[-93.707095,39.655695],[-93.703175,39.655743],[-93.702217,39.659754],[-93.698852,39.659746],[-93.698929,39.657949],[-93.701314,39.657915],[-93.699734,39.654091],[-93.702278,39.647604],[-93.703141,39.651187],[-93.704818,39.65052],[-93.704834,39.653082],[-93.707073,39.653471],[-93.707095,39.655695]]]}},{"type":"Feature","properties":{"NAME":"Holden","state_abbr":"MO","state_name":"Missouri","ALAND":6243203},"geometry":{"type":"Polygon","coordinates":[[[-94.003894,38.703677],[-94.002813,38.725828],[-93.975183,38.724869],[-93.976328,38.702471],[-93.985404,38.702913],[-93.985589,38.699664],[-93.995469,38.700101],[-93.995257,38.703429],[-94.003894,38.703677]]]}},{"type":"Feature","properties":{"NAME":"Leeton","state_abbr":"MO","state_name":"Missouri","ALAND":1337060},"geometry":{"type":"Polygon","coordinates":[[[-93.702337,38.577694],[-93.701346,38.586024],[-93.699147,38.585987],[-93.69906,38.588642],[-93.701366,38.589646],[-93.689796,38.589489],[-93.689896,38.583729],[-93.687489,38.583738],[-93.687453,38.582082],[-93.690183,38.580877],[-93.690205,38.577542],[-93.702337,38.577694]]]}},{"type":"Feature","properties":{"NAME":"Lee's Summit","state_abbr":"MO","state_name":"Missouri","ALAND":165484266},"geometry":{"type":"Polygon","coordinates":[[[-94.471282,38.87068],[-94.468745,38.913286],[-94.450749,38.912692],[-94.447879,38.942572],[-94.408378,38.940658],[-94.409139,38.944243],[-94.403,38.944595],[-94.401311,38.943341],[-94.401038,38.944735],[-94.382773,38.946629],[-94.382562,38.950392],[-94.387109,38.95052],[-94.385448,38.972839],[-94.389872,38.972978],[-94.388439,38.981481],[-94.388265,39.005028],[-94.385931,39.015043],[-94.386944,39.017623],[-94.383617,39.018028],[-94.381764,39.020685],[-94.377627,39.019073],[-94.374158,39.020617],[-94.374283,39.023214],[-94.365351,39.024007],[-94.363398,39.026312],[-94.339791,39.025603],[-94.337416,39.023765],[-94.332818,39.024967],[-94.33396,38.992875],[-94.330861,38.992766],[-94.331002,38.990126],[-94.329463,38.990071],[-94.329515,38.988901],[-94.334181,38.988149],[-94.336057,38.945659],[-94.305054,38.944672],[-94.303701,38.943543],[-94.304561,38.922863],[-94.306123,38.922913],[-94.306322,38.919401],[-94.310953,38.91954],[-94.311143,38.91604],[-94.304214,38.915885],[-94.304624,38.908491],[-94.311583,38.908712],[-94.311956,38.901472],[-94.302687,38.901143],[-94.29342,38.897395],[-94.294102,38.886356],[-94.298789,38.886505],[-94.298876,38.884637],[-94.303536,38.884795],[-94.303622,38.882994],[-94.312909,38.883272],[-94.311294,38.89421],[-94.316235,38.894358],[-94.316594,38.896189],[-94.318463,38.896239],[-94.318552,38.894428],[-94.340208,38.895077],[-94.341811,38.865999],[-94.36043,38.866591],[-94.361971,38.837602],[-94.378872,38.838109],[-94.379029,38.83494],[-94.376767,38.834862],[-94.376972,38.831296],[-94.381749,38.831383],[-94.3821,38.824181],[-94.400242,38.824638],[-94.399824,38.831631],[-94.418871,38.832507],[-94.418523,38.839316],[-94.426801,38.839506],[-94.42722,38.8327],[-94.432715,38.832808],[-94.42963,38.869173],[-94.471282,38.87068]],[[-94.320384,38.916307],[-94.317022,38.916223],[-94.317112,38.919307],[-94.318622,38.919828],[-94.317021,38.91978],[-94.317275,38.922208],[-94.315392,38.923189],[-94.320036,38.923324],[-94.320384,38.916307]],[[-94.315193,38.916181],[-94.312187,38.91609],[-94.312119,38.917338],[-94.315172,38.917428],[-94.315193,38.916181]]]}},{"type":"Feature","properties":{"NAME":"Halltown","state_abbr":"MO","state_name":"Missouri","ALAND":545048},"geometry":{"type":"Polygon","coordinates":[[[-93.634344,37.193491],[-93.634325,37.19748],[-93.625153,37.19814],[-93.626505,37.189824],[-93.629779,37.189832],[-93.62978,37.193258],[-93.634344,37.193491]]]}},{"type":"Feature","properties":{"NAME":"Aurora","state_abbr":"MO","state_name":"Missouri","ALAND":16309134},"geometry":{"type":"Polygon","coordinates":[[[-93.764059,36.96384],[-93.756021,36.969766],[-93.742886,36.970412],[-93.742819,36.973437],[-93.737485,36.97334],[-93.737457,36.977098],[-93.743979,36.976525],[-93.74401,36.98028],[-93.737438,36.980364],[-93.737429,36.984093],[-93.740703,36.987701],[-93.716913,36.987423],[-93.716965,36.98426],[-93.695603,36.983654],[-93.69599,36.970399],[-93.692661,36.969197],[-93.685338,36.963494],[-93.682563,36.965384],[-93.684927,36.96271],[-93.682715,36.960185],[-93.682834,36.953664],[-93.698326,36.954105],[-93.707332,36.948171],[-93.714184,36.947706],[-93.713444,36.944462],[-93.71717,36.943521],[-93.718685,36.943539],[-93.718649,36.945],[-93.723314,36.945153],[-93.723307,36.947908],[-93.755217,36.947733],[-93.755211,36.949093],[-93.724167,36.948077],[-93.723948,36.953892],[-93.741562,36.955061],[-93.741495,36.96138],[-93.745976,36.961457],[-93.74597,36.967659],[-93.750346,36.967704],[-93.750366,36.969681],[-93.75558,36.969786],[-93.764059,36.96384]],[[-93.746988,36.969576],[-93.746195,36.969292],[-93.746206,36.969557],[-93.746988,36.969576]],[[-93.709929,36.954159],[-93.701808,36.953964],[-93.70104,36.952384],[-93.69903,36.953866],[-93.700929,36.954106],[-93.700818,36.957075],[-93.696504,36.957085],[-93.696075,36.967738],[-93.707308,36.967931],[-93.707551,36.956101],[-93.709874,36.956138],[-93.709929,36.954159]],[[-93.693999,36.965229],[-93.689613,36.965273],[-93.689662,36.966234],[-93.693875,36.968338],[-93.693999,36.965229]]]}},{"type":"Feature","properties":{"NAME":"Lebanon","state_abbr":"MO","state_name":"Missouri","ALAND":37924573},"geometry":{"type":"Polygon","coordinates":[[[-92.698793,37.681072],[-92.697293,37.681072],[-92.697146,37.68481],[-92.694377,37.684759],[-92.694434,37.683481],[-92.686044,37.683497],[-92.686367,37.702584],[-92.690846,37.702735],[-92.690865,37.698226],[-92.695382,37.699851],[-92.695548,37.706319],[-92.686499,37.706116],[-92.686522,37.707585],[-92.681938,37.707575],[-92.681695,37.709766],[-92.672617,37.709677],[-92.672688,37.717737],[-92.663826,37.717683],[-92.663627,37.710147],[-92.659203,37.710119],[-92.6594,37.706225],[-92.65,37.706243],[-92.651082,37.700818],[-92.656077,37.695711],[-92.638783,37.694974],[-92.634332,37.698805],[-92.631329,37.698792],[-92.631354,37.69441],[-92.629846,37.69446],[-92.63142,37.692125],[-92.631691,37.685282],[-92.630026,37.685229],[-92.62981,37.683275],[-92.631728,37.679834],[-92.626719,37.678932],[-92.629684,37.677183],[-92.629684,37.675555],[-92.626418,37.675555],[-92.626351,37.673228],[-92.631683,37.671786],[-92.631997,37.668341],[-92.631486,37.664619],[-92.626485,37.664645],[-92.62647,37.66308],[-92.628044,37.663074],[-92.628092,37.66157],[-92.631367,37.662385],[-92.631239,37.649818],[-92.635659,37.649326],[-92.635791,37.647154],[-92.62231,37.646245],[-92.62234,37.643086],[-92.631216,37.643084],[-92.63128,37.63998],[-92.638488,37.64192],[-92.639337,37.636613],[-92.644651,37.636328],[-92.644662,37.634394],[-92.649682,37.63442],[-92.649658,37.636377],[-92.656675,37.636489],[-92.656802,37.633425],[-92.661218,37.633491],[-92.661132,37.63656],[-92.665419,37.63663],[-92.666449,37.634707],[-92.663376,37.63468],[-92.663375,37.630467],[-92.667771,37.630543],[-92.667966,37.625921],[-92.677229,37.626105],[-92.67725,37.629776],[-92.671752,37.629763],[-92.671712,37.633919],[-92.66786,37.633886],[-92.667847,37.636671],[-92.676786,37.636808],[-92.676592,37.644276],[-92.681111,37.644282],[-92.681161,37.648068],[-92.685874,37.648105],[-92.68593,37.677157],[-92.691107,37.677009],[-92.691107,37.679331],[-92.697152,37.678664],[-92.698793,37.681072]],[[-92.6594,37.706225],[-92.662187,37.705375],[-92.662199,37.702229],[-92.659103,37.702232],[-92.6594,37.706225]]]}},{"type":"Feature","properties":{"NAME":"Big Lake","state_abbr":"MO","state_name":"Missouri","ALAND":4287037},"geometry":{"type":"Polygon","coordinates":[[[-95.367956,40.075599],[-95.367776,40.088293],[-95.353456,40.092309],[-95.353311,40.094546],[-95.342706,40.090166],[-95.339155,40.066855],[-95.339443,40.062562],[-95.342474,40.059593],[-95.342569,40.052811],[-95.354051,40.050851],[-95.36364,40.051587],[-95.363443,40.059077],[-95.353847,40.059254],[-95.35038,40.062688],[-95.348856,40.070166],[-95.353527,40.073893],[-95.351786,40.074731],[-95.354811,40.077269],[-95.360651,40.078139],[-95.362943,40.07724],[-95.363094,40.075624],[-95.367956,40.075599]]]}},{"type":"Feature","properties":{"NAME":"Forest City","state_abbr":"MO","state_name":"Missouri","ALAND":2534468},"geometry":{"type":"Polygon","coordinates":[[[-95.20356,39.986448],[-95.200099,39.988575],[-95.202814,39.991389],[-95.198803,39.99134],[-95.194977,39.98774],[-95.175327,39.987439],[-95.175602,39.976653],[-95.194882,39.976791],[-95.194796,39.980435],[-95.199168,39.980483],[-95.199147,39.982412],[-95.20356,39.986448]]]}},{"type":"Feature","properties":{"NAME":"Fortescue","state_abbr":"MO","state_name":"Missouri","ALAND":199707},"geometry":{"type":"Polygon","coordinates":[[[-95.320997,40.050862],[-95.319624,40.054131],[-95.316229,40.054093],[-95.314721,40.052414],[-95.315046,40.049776],[-95.320997,40.050862]]]}},{"type":"Feature","properties":{"NAME":"Maitland","state_abbr":"MO","state_name":"Missouri","ALAND":809214},"geometry":{"type":"Polygon","coordinates":[[[-95.083359,40.199151],[-95.08319,40.206414],[-95.07597,40.206371],[-95.076012,40.204438],[-95.072964,40.205649],[-95.071777,40.203051],[-95.073108,40.199502],[-95.078548,40.195932],[-95.078523,40.198213],[-95.083359,40.199151]]]}},{"type":"Feature","properties":{"NAME":"Stanberry","state_abbr":"MO","state_name":"Missouri","ALAND":3633670},"geometry":{"type":"Polygon","coordinates":[[[-94.55439,40.209483],[-94.545561,40.209201],[-94.545607,40.211215],[-94.54821,40.211426],[-94.548061,40.217373],[-94.552742,40.21836],[-94.552677,40.219758],[-94.548046,40.218413],[-94.547864,40.224355],[-94.541841,40.224406],[-94.54185,40.227674],[-94.531657,40.22749],[-94.531486,40.220251],[-94.524732,40.220203],[-94.524646,40.209292],[-94.52939,40.210107],[-94.528074,40.210464],[-94.529425,40.211352],[-94.528068,40.211348],[-94.528048,40.212928],[-94.531364,40.212925],[-94.531151,40.214005],[-94.534445,40.212984],[-94.534492,40.211309],[-94.532289,40.211674],[-94.532329,40.209328],[-94.529466,40.209216],[-94.529557,40.205251],[-94.533639,40.2052],[-94.533659,40.209337],[-94.539308,40.209309],[-94.544848,40.212593],[-94.54489,40.20967],[-94.542342,40.209605],[-94.542414,40.206059],[-94.554394,40.207297],[-94.55439,40.209483]]]}},{"type":"Feature","properties":{"NAME":"Joplin","state_abbr":"MO","state_name":"Missouri","ALAND":98628922},"geometry":{"type":"MultiPolygon","coordinates":[[[[-94.456887,37.085376],[-94.45445,37.085576],[-94.453316,37.087394],[-94.453464,37.083749],[-94.456887,37.085376]]],[[[-94.536895,37.042999],[-94.535997,37.043826],[-94.535702,37.043331],[-94.536895,37.042999]]],[[[-94.617996,36.994711],[-94.61793,37.005851],[-94.615938,37.0037],[-94.609161,37.003294],[-94.609207,36.999325],[-94.589306,37.00282],[-94.58555,37.006309],[-94.579438,37.004705],[-94.556887,37.008433],[-94.556313,37.012276],[-94.545554,37.012705],[-94.544134,37.019093],[-94.538363,37.0193],[-94.538225,37.018196],[-94.529715,37.027767],[-94.524426,37.030591],[-94.537273,37.037738],[-94.5411,37.036636],[-94.540525,37.03143],[-94.543875,37.030701],[-94.5446,37.033722],[-94.550872,37.033688],[-94.550699,37.038454],[-94.554601,37.038485],[-94.55069,37.039578],[-94.550678,37.041052],[-94.541864,37.041148],[-94.541877,37.039823],[-94.539627,37.041444],[-94.535273,37.040662],[-94.535395,37.04468],[-94.534576,37.043994],[-94.532668,37.048083],[-94.541394,37.048287],[-94.542414,37.055423],[-94.543528,37.055432],[-94.542639,37.048287],[-94.546069,37.048334],[-94.545847,37.055276],[-94.550042,37.05466],[-94.550864,37.050684],[-94.557072,37.041288],[-94.561724,37.041324],[-94.563636,37.044559],[-94.564402,37.055846],[-94.559084,37.055682],[-94.55886,37.063014],[-94.561474,37.063194],[-94.561502,37.059587],[-94.563799,37.059599],[-94.563715,37.063237],[-94.567788,37.063315],[-94.568119,37.055953],[-94.576364,37.05615],[-94.576315,37.063441],[-94.584115,37.063437],[-94.584255,37.059949],[-94.581531,37.059895],[-94.581794,37.053071],[-94.589625,37.052895],[-94.58853,37.055092],[-94.596104,37.054721],[-94.596072,37.056102],[-94.592214,37.056902],[-94.59209,37.061754],[-94.596201,37.061837],[-94.596117,37.064573],[-94.601889,37.070821],[-94.611108,37.071044],[-94.612229,37.069582],[-94.61265,37.071074],[-94.613264,37.069164],[-94.617919,37.071047],[-94.617931,37.077486],[-94.615251,37.080302],[-94.615284,37.078558],[-94.610757,37.078511],[-94.611008,37.071201],[-94.599509,37.070982],[-94.591238,37.064239],[-94.591327,37.060618],[-94.58441,37.061383],[-94.584254,37.065384],[-94.581949,37.065768],[-94.58191,37.063636],[-94.572375,37.063379],[-94.572293,37.065002],[-94.567759,37.065555],[-94.569763,37.067141],[-94.572201,37.066268],[-94.571264,37.070653],[-94.556355,37.070254],[-94.555921,37.07386],[-94.553881,37.073764],[-94.553727,37.077447],[-94.555085,37.077524],[-94.554947,37.080846],[-94.55831,37.080885],[-94.557624,37.091963],[-94.566638,37.092273],[-94.566498,37.095857],[-94.553126,37.09556],[-94.55285,37.100384],[-94.535407,37.09987],[-94.534793,37.111332],[-94.533338,37.109719],[-94.530237,37.109902],[-94.525626,37.11276],[-94.521605,37.110678],[-94.520963,37.113997],[-94.517059,37.113892],[-94.517075,37.110658],[-94.515426,37.10936],[-94.512125,37.111052],[-94.510526,37.117259],[-94.502326,37.117159],[-94.501727,37.138755],[-94.506326,37.138958],[-94.505427,37.156958],[-94.510047,37.157199],[-94.50976,37.164759],[-94.500845,37.164251],[-94.5005,37.173348],[-94.497127,37.171805],[-94.495382,37.173343],[-94.491487,37.172856],[-94.491558,37.153308],[-94.487911,37.153234],[-94.488208,37.142047],[-94.492729,37.142187],[-94.493557,37.12402],[-94.466203,37.123518],[-94.466391,37.120728],[-94.461998,37.120471],[-94.462025,37.118925],[-94.467274,37.119076],[-94.467925,37.116359],[-94.475944,37.11654],[-94.476538,37.101758],[-94.475134,37.101758],[-94.474634,37.109986],[-94.466725,37.109959],[-94.466725,37.112662],[-94.453055,37.112347],[-94.453492,37.101909],[-94.435789,37.101519],[-94.434966,37.112219],[-94.426864,37.11215],[-94.426919,37.105614],[-94.421705,37.105609],[-94.422018,37.098835],[-94.4349,37.097748],[-94.434878,37.094374],[-94.435907,37.094388],[-94.435775,37.09891],[-94.440375,37.098897],[-94.440502,37.094139],[-94.45417,37.094457],[-94.454524,37.08726],[-94.467953,37.087355],[-94.468824,37.07696],[-94.474024,37.07686],[-94.474224,37.07526],[-94.468725,37.074959],[-94.469158,37.064062],[-94.462822,37.063888],[-94.463051,37.054846],[-94.460168,37.054764],[-94.459894,37.062132],[-94.444054,37.061861],[-94.444073,37.058307],[-94.44173,37.058268],[-94.44173,37.056328],[-94.430981,37.060482],[-94.427984,37.06489],[-94.428408,37.068891],[-94.425589,37.068916],[-94.426313,37.072989],[-94.425951,37.071234],[-94.423131,37.071233],[-94.422994,37.074322],[-94.418376,37.074243],[-94.418471,37.070725],[-94.419757,37.070749],[-94.419836,37.068835],[-94.423253,37.068881],[-94.423336,37.066365],[-94.424529,37.066368],[-94.423421,37.063881],[-94.418894,37.064484],[-94.418723,37.068827],[-94.416843,37.068799],[-94.415305,37.06561],[-94.412295,37.066722],[-94.412455,37.068743],[-94.411508,37.067073],[-94.404928,37.068688],[-94.410028,37.066896],[-94.410026,37.064708],[-94.405064,37.064708],[-94.404997,37.066499],[-94.404824,37.064368],[-94.403489,37.064336],[-94.404684,37.066877],[-94.403737,37.067849],[-94.398565,37.068547],[-94.400656,37.061396],[-94.393844,37.061303],[-94.392758,37.063071],[-94.388779,37.06302],[-94.388284,37.068394],[-94.386821,37.064738],[-94.388615,37.063836],[-94.386896,37.062993],[-94.388072,37.053945],[-94.40548,37.05424],[-94.405667,37.050637],[-94.409219,37.050636],[-94.409179,37.05407],[-94.410191,37.052523],[-94.411412,37.054064],[-94.416373,37.05407],[-94.416385,37.050767],[-94.419439,37.050698],[-94.419398,37.048553],[-94.423852,37.048511],[-94.423868,37.052992],[-94.427358,37.050684],[-94.428589,37.054233],[-94.429848,37.054271],[-94.429838,37.052048],[-94.434341,37.054233],[-94.434402,37.050933],[-94.436851,37.050942],[-94.437626,37.054234],[-94.437737,37.05098],[-94.439477,37.05101],[-94.440927,37.054139],[-94.443743,37.054664],[-94.443869,37.051042],[-94.444993,37.051053],[-94.44443,37.05467],[-94.445457,37.054679],[-94.460306,37.049769],[-94.460781,37.033174],[-94.470332,37.033269],[-94.471573,37.034729],[-94.471619,37.033326],[-94.483583,37.033218],[-94.483422,37.036811],[-94.478927,37.036796],[-94.478869,37.040716],[-94.483328,37.040451],[-94.483469,37.036832],[-94.492579,37.036802],[-94.492568,37.035029],[-94.490327,37.035033],[-94.491083,37.033198],[-94.488128,37.033201],[-94.488342,37.025995],[-94.479952,37.025989],[-94.480386,37.023548],[-94.482917,37.022425],[-94.479385,37.022419],[-94.479472,37.019034],[-94.505604,37.018873],[-94.505708,37.022575],[-94.520097,37.021815],[-94.522394,37.023545],[-94.522776,37.026227],[-94.524403,37.026231],[-94.524371,37.029113],[-94.534893,37.019533],[-94.53599,37.012396],[-94.538812,37.012216],[-94.53729,37.013933],[-94.538417,37.015255],[-94.549852,37.006921],[-94.548979,37.005038],[-94.543918,37.005091],[-94.543839,37.003613],[-94.556088,37.001369],[-94.555981,36.997832],[-94.558449,36.997863],[-94.558503,37.003067],[-94.560387,37.003067],[-94.561501,37.007021],[-94.58033,37.003772],[-94.582714,37.00288],[-94.582522,37.001342],[-94.585351,37.002541],[-94.604814,36.999485],[-94.604875,36.997944],[-94.60922,36.996881],[-94.60918,36.995097],[-94.617996,36.994711]],[[-94.553008,37.009149],[-94.551026,37.009506],[-94.550993,37.011347],[-94.552704,37.011214],[-94.553008,37.009149]],[[-94.551354,37.005963],[-94.549906,37.005018],[-94.549891,37.005543],[-94.551354,37.005963]],[[-94.534984,37.0416],[-94.534077,37.040729],[-94.533835,37.043411],[-94.534984,37.0416]],[[-94.53299,37.038604],[-94.522235,37.031305],[-94.515185,37.033697],[-94.514779,37.040658],[-94.532911,37.040812],[-94.53299,37.038604]],[[-94.520441,37.02602],[-94.517149,37.023578],[-94.515446,37.023238],[-94.515367,37.026398],[-94.520441,37.02602]],[[-94.505757,37.044128],[-94.503534,37.044055],[-94.503368,37.047099],[-94.502259,37.047075],[-94.503299,37.048691],[-94.505559,37.048704],[-94.505757,37.044128]],[[-94.494459,37.044873],[-94.492288,37.043991],[-94.492257,37.044849],[-94.494459,37.044873]],[[-94.450939,37.054702],[-94.450794,37.053557],[-94.447439,37.054687],[-94.450939,37.054702]],[[-94.441726,37.055979],[-94.437414,37.05491],[-94.437326,37.057504],[-94.441726,37.055979]],[[-94.430834,37.054234],[-94.430459,37.05388],[-94.430449,37.054233],[-94.430834,37.054234]],[[-94.405311,37.058684],[-94.404229,37.057833],[-94.404206,37.058671],[-94.405311,37.058684]],[[-94.405275,37.059644],[-94.404193,37.058815],[-94.404163,37.059628],[-94.405275,37.059644]],[[-94.405213,37.061313],[-94.403314,37.060458],[-94.403276,37.06132],[-94.405213,37.061313]],[[-94.404894,37.06262],[-94.40399,37.061633],[-94.403956,37.062608],[-94.404894,37.06262]],[[-94.492579,37.036802],[-94.492447,37.040415],[-94.496912,37.040405],[-94.496759,37.044009],[-94.501285,37.04407],[-94.501414,37.040475],[-94.505891,37.040529],[-94.506321,37.033358],[-94.510605,37.033425],[-94.510809,37.028004],[-94.501922,37.026061],[-94.501766,37.029661],[-94.497278,37.029595],[-94.497403,37.025999],[-94.492927,37.025969],[-94.492637,37.033172],[-94.494906,37.03318],[-94.494832,37.035008],[-94.497094,37.03501],[-94.497078,37.03656],[-94.492579,37.036802]],[[-94.496718,37.044883],[-94.495619,37.043973],[-94.495574,37.044876],[-94.496718,37.044883]]]]}},{"type":"Feature","properties":{"NAME":"Neosho","state_abbr":"MO","state_name":"Missouri","ALAND":40795228},"geometry":{"type":"MultiPolygon","coordinates":[[[[-94.360257,36.800095],[-94.36019,36.801224],[-94.346686,36.800817],[-94.34699,36.795289],[-94.352086,36.795526],[-94.349777,36.798845],[-94.360257,36.800095]]],[[[-94.394744,36.824384],[-94.395564,36.82485],[-94.394726,36.824713],[-94.394744,36.824384]]],[[[-94.396211,36.823852],[-94.394773,36.82424],[-94.394786,36.82379],[-94.396211,36.823852]]],[[[-94.415258,36.842569],[-94.414975,36.843995],[-94.414943,36.842577],[-94.415258,36.842569]]],[[[-94.415519,36.843871],[-94.415464,36.84332],[-94.415666,36.843864],[-94.415519,36.843871]]],[[[-94.447767,36.880769],[-94.430354,36.881694],[-94.40559,36.880369],[-94.405243,36.881593],[-94.404894,36.880373],[-94.401303,36.880481],[-94.401199,36.883443],[-94.399327,36.883372],[-94.398355,36.881413],[-94.397712,36.883375],[-94.397571,36.880138],[-94.38397,36.879931],[-94.38239,36.882775],[-94.380666,36.882606],[-94.381963,36.88975],[-94.380512,36.889764],[-94.380497,36.88707],[-94.37922,36.887061],[-94.376685,36.887104],[-94.374107,36.889875],[-94.378136,36.895127],[-94.375674,36.894874],[-94.367974,36.898905],[-94.373031,36.899038],[-94.370829,36.900325],[-94.374571,36.900737],[-94.37737,36.905271],[-94.36617,36.907668],[-94.362076,36.90591],[-94.362073,36.909423],[-94.358528,36.909421],[-94.358492,36.902679],[-94.360965,36.898194],[-94.372775,36.895534],[-94.372962,36.886628],[-94.370467,36.88589],[-94.372434,36.884875],[-94.370478,36.88443],[-94.368848,36.881515],[-94.369392,36.877833],[-94.367972,36.876395],[-94.350376,36.879519],[-94.349362,36.875906],[-94.350622,36.875899],[-94.35047,36.872479],[-94.35339,36.872427],[-94.353404,36.869847],[-94.356416,36.867405],[-94.348767,36.861369],[-94.348213,36.852814],[-94.352884,36.851396],[-94.351,36.851321],[-94.351034,36.84874],[-94.355311,36.848755],[-94.35509,36.854133],[-94.363651,36.854272],[-94.364848,36.849197],[-94.367386,36.849201],[-94.36789,36.850704],[-94.368474,36.846786],[-94.366053,36.846921],[-94.365332,36.8435],[-94.356936,36.844133],[-94.35693,36.845228],[-94.355547,36.845223],[-94.35565,36.843269],[-94.33748,36.844089],[-94.33754,36.842857],[-94.333909,36.842854],[-94.334444,36.835519],[-94.336623,36.835564],[-94.336988,36.829713],[-94.348149,36.82849],[-94.3537,36.824261],[-94.348497,36.821691],[-94.360273,36.803972],[-94.36019,36.801224],[-94.383846,36.802111],[-94.396868,36.791891],[-94.400839,36.78468],[-94.399228,36.788111],[-94.427278,36.788997],[-94.399138,36.788244],[-94.397295,36.791468],[-94.395997,36.803813],[-94.398184,36.805625],[-94.395907,36.805562],[-94.395192,36.817054],[-94.398461,36.817181],[-94.39835,36.818312],[-94.395146,36.8179],[-94.394832,36.823073],[-94.395937,36.823418],[-94.394467,36.823808],[-94.394325,36.825342],[-94.396205,36.825875],[-94.396872,36.824549],[-94.396662,36.830399],[-94.395439,36.830976],[-94.398421,36.831244],[-94.396808,36.836516],[-94.403616,36.838158],[-94.403573,36.836581],[-94.405,36.836593],[-94.405569,36.840614],[-94.407446,36.840502],[-94.407298,36.836628],[-94.410047,36.836702],[-94.409957,36.840361],[-94.424416,36.839777],[-94.424223,36.843986],[-94.415644,36.843354],[-94.415621,36.840201],[-94.405621,36.842533],[-94.405673,36.84422],[-94.409857,36.844295],[-94.408632,36.845959],[-94.40976,36.847834],[-94.407949,36.848144],[-94.409729,36.849036],[-94.407712,36.849002],[-94.407656,36.850659],[-94.413937,36.851134],[-94.413924,36.848794],[-94.417331,36.848863],[-94.423344,36.856327],[-94.423347,36.858711],[-94.418444,36.858647],[-94.418445,36.85523],[-94.413931,36.85523],[-94.413931,36.852195],[-94.416109,36.851563],[-94.40967,36.851348],[-94.408399,36.852778],[-94.408426,36.851156],[-94.406982,36.851143],[-94.405924,36.852747],[-94.405939,36.851137],[-94.404386,36.851119],[-94.404279,36.853279],[-94.402446,36.853692],[-94.40525,36.856619],[-94.401558,36.858754],[-94.396484,36.858998],[-94.39648,36.857194],[-94.391633,36.858596],[-94.391346,36.869377],[-94.400451,36.867163],[-94.401924,36.87987],[-94.428005,36.880402],[-94.42837,36.879232],[-94.42837,36.880404],[-94.447767,36.880769]],[[-94.402248,36.851097],[-94.393997,36.850998],[-94.393804,36.854513],[-94.397509,36.854623],[-94.397204,36.852727],[-94.402261,36.852738],[-94.402248,36.851097]],[[-94.392185,36.836784],[-94.391071,36.836377],[-94.391071,36.836772],[-94.392185,36.836784]],[[-94.391412,36.840729],[-94.389403,36.840759],[-94.38943,36.841775],[-94.390557,36.841714],[-94.391412,36.840729]],[[-94.389633,36.837129],[-94.388665,36.836313],[-94.387681,36.838048],[-94.387717,36.836288],[-94.383774,36.836448],[-94.384716,36.840122],[-94.383649,36.841224],[-94.388447,36.840463],[-94.389633,36.837129]],[[-94.383007,36.840622],[-94.383394,36.837936],[-94.383021,36.837936],[-94.383007,36.840622]],[[-94.383414,36.837234],[-94.383015,36.83647],[-94.383015,36.837234],[-94.383414,36.837234]],[[-94.383007,36.840622],[-94.380724,36.840622],[-94.380711,36.836452],[-94.36996,36.836171],[-94.369822,36.846268],[-94.378451,36.843633],[-94.378409,36.841429],[-94.383007,36.840622]]]]}},{"type":"Feature","properties":{"NAME":"Newtonia","state_abbr":"MO","state_name":"Missouri","ALAND":845621},"geometry":{"type":"Polygon","coordinates":[[[-94.192427,36.876765],[-94.192265,36.880291],[-94.187121,36.880191],[-94.187061,36.883895],[-94.182615,36.88277],[-94.182575,36.883962],[-94.180523,36.883858],[-94.180467,36.882132],[-94.176478,36.88077],[-94.176548,36.875959],[-94.192427,36.876765]]]}},{"type":"Feature","properties":{"NAME":"Excelsior Springs","state_abbr":"MO","state_name":"Missouri","ALAND":28082298},"geometry":{"type":"Polygon","coordinates":[[[-94.304705,39.321113],[-94.303827,39.330063],[-94.290885,39.330071],[-94.290872,39.335216],[-94.28189,39.335189],[-94.281897,39.331523],[-94.272432,39.331112],[-94.271356,39.335979],[-94.267787,39.336779],[-94.2677,39.349653],[-94.258374,39.34957],[-94.258306,39.352331],[-94.255992,39.352325],[-94.256001,39.349544],[-94.249061,39.349481],[-94.248911,39.371956],[-94.243339,39.371884],[-94.242275,39.37384],[-94.238035,39.373848],[-94.236511,39.371787],[-94.230275,39.371776],[-94.230224,39.374869],[-94.232866,39.374869],[-94.23072,39.378544],[-94.225134,39.378528],[-94.227636,39.37199],[-94.225607,39.371813],[-94.225666,39.364914],[-94.222462,39.365037],[-94.221017,39.367662],[-94.220992,39.363782],[-94.225649,39.363748],[-94.225749,39.349287],[-94.222694,39.349318],[-94.222403,39.350817],[-94.221151,39.349319],[-94.211892,39.34953],[-94.211976,39.343763],[-94.207306,39.343708],[-94.207243,39.347248],[-94.201173,39.349213],[-94.201185,39.350654],[-94.197254,39.35068],[-94.197318,39.340794],[-94.206217,39.340087],[-94.192459,39.34043],[-94.192567,39.33056],[-94.212079,39.330681],[-94.212161,39.316514],[-94.258518,39.316706],[-94.258618,39.323898],[-94.263227,39.323908],[-94.263221,39.325572],[-94.278833,39.324331],[-94.279783,39.326484],[-94.290936,39.324409],[-94.290993,39.322456],[-94.299568,39.321341],[-94.304705,39.321113]],[[-94.240977,39.371854],[-94.239831,39.371859],[-94.239483,39.372007],[-94.23979,39.37246],[-94.240977,39.371854]]]}},{"type":"Feature","properties":{"NAME":"Gladstone","state_abbr":"MO","state_name":"Missouri","ALAND":20926426},"geometry":{"type":"Polygon","coordinates":[[[-94.594338,39.174085],[-94.592564,39.183119],[-94.588211,39.183137],[-94.588186,39.190245],[-94.586355,39.190262],[-94.586113,39.234596],[-94.542728,39.233695],[-94.54146,39.231211],[-94.540135,39.233638],[-94.529991,39.233386],[-94.52999,39.231205],[-94.527326,39.231172],[-94.52797,39.228677],[-94.526716,39.227278],[-94.529893,39.226681],[-94.530312,39.195168],[-94.566756,39.195611],[-94.564076,39.202814],[-94.571418,39.202754],[-94.571267,39.206537],[-94.563687,39.206702],[-94.565326,39.21063],[-94.576233,39.210597],[-94.5765,39.19571],[-94.581076,39.195662],[-94.581138,39.181223],[-94.585952,39.181214],[-94.585954,39.174028],[-94.594338,39.174085]]]}},{"type":"Feature","properties":{"NAME":"Glenaire","state_abbr":"MO","state_name":"Missouri","ALAND":703068},"geometry":{"type":"Polygon","coordinates":[[[-94.456602,39.2162],[-94.456433,39.223432],[-94.446466,39.223298],[-94.446349,39.216095],[-94.456602,39.2162]]]}},{"type":"Feature","properties":{"NAME":"Holt","state_abbr":"MO","state_name":"Missouri","ALAND":1345224},"geometry":{"type":"Polygon","coordinates":[[[-94.354999,39.445491],[-94.35171,39.446203],[-94.352529,39.448326],[-94.345909,39.451364],[-94.352184,39.451331],[-94.352864,39.453537],[-94.35111,39.453553],[-94.351234,39.455575],[-94.342168,39.45556],[-94.345279,39.456202],[-94.345255,39.457512],[-94.33789,39.456574],[-94.333799,39.464666],[-94.335012,39.460717],[-94.326342,39.460227],[-94.32448,39.462403],[-94.321865,39.4601],[-94.308151,39.45992],[-94.309825,39.459196],[-94.304621,39.457835],[-94.313688,39.459565],[-94.333696,39.460103],[-94.335665,39.459224],[-94.336613,39.455676],[-94.326475,39.455718],[-94.326724,39.452023],[-94.332848,39.451986],[-94.332718,39.455477],[-94.336828,39.455477],[-94.338809,39.45316],[-94.340755,39.453299],[-94.341782,39.450763],[-94.344012,39.45012],[-94.343353,39.44925],[-94.345918,39.449253],[-94.345915,39.450426],[-94.350547,39.444706],[-94.354999,39.445491]],[[-94.349554,39.453968],[-94.347829,39.453215],[-94.347814,39.453966],[-94.349554,39.453968]],[[-94.342894,39.457028],[-94.342412,39.456682],[-94.342397,39.457025],[-94.342894,39.457028]],[[-94.341887,39.456875],[-94.34145,39.456195],[-94.341449,39.456871],[-94.341887,39.456875]]]}},{"type":"Feature","properties":{"NAME":"Lawson","state_abbr":"MO","state_name":"Missouri","ALAND":7673935},"geometry":{"type":"MultiPolygon","coordinates":[[[[-94.205677,39.450597],[-94.204883,39.458292],[-94.200671,39.458039],[-94.200716,39.455331],[-94.196421,39.454683],[-94.204571,39.448981],[-94.205677,39.450597]]],[[[-94.237325,39.427912],[-94.234186,39.43112],[-94.234168,39.440455],[-94.229572,39.440415],[-94.229557,39.445746],[-94.226238,39.445725],[-94.220549,39.441534],[-94.220079,39.448588],[-94.21442,39.448574],[-94.214476,39.445017],[-94.216505,39.443951],[-94.210758,39.444015],[-94.210742,39.445554],[-94.207848,39.447257],[-94.200562,39.44734],[-94.203124,39.443762],[-94.201661,39.443758],[-94.201687,39.445493],[-94.196906,39.446375],[-94.196605,39.440245],[-94.193031,39.440236],[-94.193145,39.435313],[-94.191336,39.435186],[-94.200692,39.434119],[-94.201125,39.430593],[-94.206095,39.430637],[-94.206122,39.425072],[-94.210794,39.425681],[-94.21088,39.422072],[-94.229712,39.422027],[-94.229678,39.425758],[-94.236993,39.425774],[-94.237325,39.427912]]]]}},{"type":"Feature","properties":{"NAME":"Missouri City","state_abbr":"MO","state_name":"Missouri","ALAND":2839887},"geometry":{"type":"Polygon","coordinates":[[[-94.314602,39.222176],[-94.314609,39.237662],[-94.313089,39.237644],[-94.313148,39.241205],[-94.309952,39.241209],[-94.309976,39.244861],[-94.291368,39.244721],[-94.291331,39.246019],[-94.28665,39.246025],[-94.285745,39.238677],[-94.293211,39.237987],[-94.304156,39.233703],[-94.314602,39.222176]]]}},{"type":"Feature","properties":{"NAME":"Oakview","state_abbr":"MO","state_name":"Missouri","ALAND":452515},"geometry":{"type":"Polygon","coordinates":[[[-94.57627,39.206762],[-94.576233,39.210597],[-94.565326,39.21063],[-94.563687,39.206702],[-94.57627,39.206762]]]}},{"type":"Feature","properties":{"NAME":"Pleasant Valley","state_abbr":"MO","state_name":"Missouri","ALAND":3251067},"geometry":{"type":"Polygon","coordinates":[[[-94.493161,39.209851],[-94.492987,39.22354],[-94.471401,39.223466],[-94.465074,39.230599],[-94.469983,39.223482],[-94.465658,39.223452],[-94.466216,39.216275],[-94.473924,39.215607],[-94.477973,39.20856],[-94.484216,39.205912],[-94.484268,39.209808],[-94.493161,39.209851]]]}},{"type":"Feature","properties":{"NAME":"Berger","state_abbr":"MO","state_name":"Missouri","ALAND":812675},"geometry":{"type":"Polygon","coordinates":[[[-91.34456,38.663321],[-91.343295,38.673269],[-91.339387,38.67564],[-91.344553,38.676827],[-91.335638,38.678133],[-91.330661,38.674767],[-91.330615,38.67228],[-91.340567,38.672332],[-91.340298,38.663302],[-91.34456,38.663321]]]}},{"type":"Feature","properties":{"NAME":"Prathersville","state_abbr":"MO","state_name":"Missouri","ALAND":5832256},"geometry":{"type":"Polygon","coordinates":[[[-94.291136,39.312275],[-94.290936,39.324409],[-94.279783,39.326484],[-94.278833,39.324331],[-94.263221,39.325572],[-94.263227,39.323908],[-94.258618,39.323898],[-94.258709,39.302226],[-94.26405,39.302255],[-94.262997,39.303857],[-94.265427,39.303986],[-94.265981,39.306319],[-94.266732,39.304519],[-94.268369,39.305683],[-94.279814,39.305751],[-94.279374,39.307662],[-94.283522,39.307357],[-94.291136,39.312275]]]}},{"type":"Feature","properties":{"NAME":"Randolph","state_abbr":"MO","state_name":"Missouri","ALAND":836778},"geometry":{"type":"Polygon","coordinates":[[[-94.498468,39.151333],[-94.498461,39.158745],[-94.496233,39.158778],[-94.496146,39.162188],[-94.493908,39.162179],[-94.493991,39.158834],[-94.484741,39.158788],[-94.484687,39.155054],[-94.489936,39.1551],[-94.490072,39.150982],[-94.498468,39.151333]]]}},{"type":"Feature","properties":{"NAME":"Sugar Creek","state_abbr":"MO","state_name":"Missouri","ALAND":28586938},"geometry":{"type":"Polygon","coordinates":[[[-94.460875,39.116327],[-94.455512,39.122403],[-94.457364,39.122246],[-94.457161,39.128367],[-94.448356,39.128391],[-94.440642,39.13078],[-94.425764,39.141807],[-94.417963,39.151144],[-94.402328,39.164766],[-94.400426,39.175983],[-94.395126,39.175979],[-94.395159,39.170943],[-94.38002,39.171866],[-94.378406,39.168912],[-94.368234,39.166414],[-94.358179,39.167466],[-94.351414,39.169988],[-94.342352,39.174943],[-94.333949,39.181941],[-94.329621,39.176296],[-94.334165,39.174461],[-94.333929,39.16412],[-94.340286,39.161833],[-94.340615,39.16009],[-94.344877,39.160116],[-94.343975,39.15612],[-94.347543,39.15554],[-94.347576,39.153829],[-94.351262,39.153895],[-94.351263,39.149705],[-94.352579,39.149751],[-94.353912,39.157236],[-94.364515,39.157344],[-94.36744,39.152328],[-94.372587,39.152454],[-94.372695,39.150402],[-94.377184,39.150574],[-94.377996,39.152384],[-94.378137,39.130946],[-94.373587,39.131023],[-94.373308,39.135942],[-94.364037,39.135579],[-94.364476,39.128955],[-94.401667,39.130254],[-94.401708,39.135964],[-94.407294,39.130513],[-94.42348,39.131238],[-94.422904,39.114224],[-94.424473,39.114202],[-94.424517,39.112748],[-94.431234,39.112512],[-94.431955,39.10253],[-94.453911,39.102782],[-94.453363,39.116479],[-94.457113,39.115522],[-94.460875,39.116327]]]}},{"type":"Feature","properties":{"NAME":"Three Creeks","state_abbr":"MO","state_name":"Missouri","ALAND":12373144},"geometry":{"type":"Polygon","coordinates":[[[-91.027742,38.59005],[-91.020586,38.589816],[-91.020398,38.59782],[-91.011261,38.597372],[-91.012257,38.600885],[-91.01075,38.602824],[-91.001233,38.593041],[-91.000409,38.589126],[-90.997975,38.589629],[-90.996709,38.588034],[-91.005002,38.583596],[-91.006936,38.57771],[-90.996045,38.583848],[-90.992727,38.580718],[-90.997982,38.577262],[-90.995292,38.574768],[-90.990941,38.579174],[-90.98841,38.576829],[-90.986561,38.577867],[-90.984806,38.576825],[-90.984738,38.580458],[-90.982426,38.581461],[-90.979744,38.581256],[-90.975539,38.577733],[-90.970864,38.578694],[-90.969586,38.584576],[-90.964864,38.583773],[-90.963771,38.578145],[-90.968595,38.578146],[-90.968778,38.565178],[-90.966845,38.565411],[-90.968671,38.563136],[-90.973029,38.565085],[-90.977003,38.559302],[-90.995141,38.56454],[-90.977163,38.55906],[-90.980217,38.554392],[-90.994153,38.558042],[-90.999051,38.561176],[-91.000799,38.570256],[-91.004864,38.570757],[-91.001377,38.56687],[-90.999442,38.560352],[-91.009435,38.565329],[-91.018656,38.57328],[-91.027742,38.59005]]]}},{"type":"Feature","properties":{"NAME":"Cave","state_abbr":"MO","state_name":"Missouri","ALAND":2451611},"geometry":{"type":"Polygon","coordinates":[[[-91.062004,39.020254],[-91.061876,39.027415],[-91.042127,39.026918],[-91.036384,39.029171],[-91.036428,39.019519],[-91.038913,39.019596],[-91.039111,39.012312],[-91.048532,39.012587],[-91.048316,39.019891],[-91.062004,39.020254]]]}},{"type":"Feature","properties":{"NAME":"Tarkio","state_abbr":"MO","state_name":"Missouri","ALAND":3591515},"geometry":{"type":"Polygon","coordinates":[[[-95.39424,40.43753],[-95.394186,40.452088],[-95.373002,40.451954],[-95.373064,40.433809],[-95.392535,40.433551],[-95.392349,40.437517],[-95.39424,40.43753]]]}},{"type":"Feature","properties":{"NAME":"Westboro","state_abbr":"MO","state_name":"Missouri","ALAND":655710},"geometry":{"type":"Polygon","coordinates":[[[-95.325907,40.532033],[-95.325877,40.538593],[-95.316378,40.538537],[-95.316352,40.531374],[-95.325907,40.532033]]]}},{"type":"Feature","properties":{"NAME":"Ritchey","state_abbr":"MO","state_name":"Missouri","ALAND":126943},"geometry":{"type":"Polygon","coordinates":[[[-94.188553,36.944234],[-94.187885,36.945677],[-94.182751,36.944637],[-94.18367,36.942509],[-94.188553,36.944234]]]}},{"type":"Feature","properties":{"NAME":"Pocahontas","state_abbr":"MO","state_name":"Missouri","ALAND":266691},"geometry":{"type":"Polygon","coordinates":[[[-89.642666,37.500747],[-89.640157,37.501798],[-89.640166,37.506209],[-89.637765,37.506228],[-89.637614,37.500768],[-89.639138,37.497989],[-89.642623,37.497962],[-89.642666,37.500747]]]}},{"type":"Feature","properties":{"NAME":"Cool Valley","state_abbr":"MO","state_name":"Missouri","ALAND":1187471},"geometry":{"type":"Polygon","coordinates":[[[-90.31443,38.720242],[-90.310582,38.720817],[-90.312308,38.727351],[-90.309863,38.727344],[-90.309748,38.731366],[-90.298577,38.729583],[-90.302176,38.718978],[-90.30671,38.720496],[-90.309578,38.718474],[-90.31443,38.720242]]]}},{"type":"Feature","properties":{"NAME":"Millard","state_abbr":"MO","state_name":"Missouri","ALAND":311909},"geometry":{"type":"Polygon","coordinates":[[[-92.549622,40.10966],[-92.542403,40.109835],[-92.542844,40.104927],[-92.549329,40.105079],[-92.549622,40.10966]]]}},{"type":"Feature","properties":{"NAME":"Cassville","state_abbr":"MO","state_name":"Missouri","ALAND":8864477},"geometry":{"type":"MultiPolygon","coordinates":[[[[-93.876639,36.667381],[-93.869251,36.670702],[-93.868744,36.669379],[-93.869481,36.667005],[-93.874125,36.667089],[-93.874174,36.665154],[-93.876176,36.665177],[-93.876639,36.667381]]],[[[-93.891839,36.670711],[-93.89159,36.678305],[-93.883395,36.678125],[-93.882749,36.676362],[-93.882688,36.68169],[-93.878098,36.681604],[-93.878009,36.683399],[-93.875121,36.683365],[-93.875083,36.685172],[-93.877705,36.685244],[-93.877971,36.687422],[-93.882616,36.687512],[-93.883452,36.68463],[-93.883169,36.689227],[-93.886663,36.68932],[-93.882566,36.689902],[-93.882596,36.688713],[-93.877814,36.688683],[-93.87804,36.691436],[-93.876574,36.691686],[-93.876767,36.693275],[-93.879383,36.693443],[-93.879507,36.697834],[-93.87784,36.698007],[-93.878836,36.699651],[-93.886445,36.699821],[-93.886433,36.70128],[-93.881732,36.700943],[-93.881734,36.703855],[-93.877133,36.699002],[-93.873032,36.698947],[-93.873055,36.697308],[-93.876793,36.697316],[-93.873198,36.692264],[-93.864129,36.692162],[-93.863603,36.689448],[-93.862737,36.694313],[-93.85895,36.694067],[-93.860796,36.689496],[-93.859105,36.68931],[-93.857417,36.69347],[-93.854926,36.693582],[-93.855061,36.688464],[-93.850914,36.688482],[-93.850935,36.681701],[-93.846468,36.681622],[-93.84635,36.685028],[-93.841991,36.686393],[-93.84205,36.684883],[-93.844398,36.684932],[-93.845355,36.681566],[-93.842089,36.681489],[-93.84223,36.679878],[-93.846535,36.679934],[-93.846637,36.67558],[-93.850547,36.67557],[-93.850635,36.673988],[-93.846683,36.674],[-93.846686,36.67282],[-93.851331,36.671244],[-93.859538,36.671776],[-93.861001,36.67043],[-93.859026,36.667425],[-93.860532,36.666673],[-93.860866,36.65863],[-93.85631,36.657915],[-93.857565,36.653435],[-93.859476,36.653083],[-93.858611,36.655868],[-93.860932,36.655927],[-93.860917,36.657514],[-93.865384,36.6576],[-93.865121,36.66306],[-93.869637,36.663603],[-93.867864,36.664208],[-93.868587,36.671045],[-93.86563,36.670514],[-93.867541,36.671782],[-93.867227,36.674008],[-93.875408,36.670758],[-93.874833,36.669113],[-93.876654,36.668158],[-93.879604,36.669117],[-93.88292,36.663527],[-93.883102,36.660329],[-93.888877,36.66302],[-93.887483,36.664992],[-93.888401,36.667372],[-93.885767,36.669436],[-93.891839,36.670711]],[[-93.889175,36.675],[-93.889176,36.671171],[-93.885737,36.67097],[-93.884953,36.675805],[-93.889175,36.675]],[[-93.884993,36.670292],[-93.878315,36.670751],[-93.878312,36.675018],[-93.880867,36.675041],[-93.880076,36.671598],[-93.882256,36.671344],[-93.882713,36.672758],[-93.884993,36.670292]],[[-93.87803,36.69913],[-93.877598,36.698494],[-93.878389,36.699633],[-93.87803,36.69913]],[[-93.875842,36.69847],[-93.875509,36.698172],[-93.875497,36.698459],[-93.875842,36.69847]],[[-93.874082,36.688593],[-93.874892,36.687764],[-93.874032,36.687742],[-93.874082,36.688593]],[[-93.874814,36.68659],[-93.873405,36.685122],[-93.874293,36.686686],[-93.874814,36.68659]],[[-93.865009,36.666788],[-93.862691,36.666709],[-93.862301,36.668004],[-93.864361,36.67163],[-93.865009,36.666788]],[[-93.860172,36.676061],[-93.860138,36.67403],[-93.854801,36.674017],[-93.85509,36.675817],[-93.860172,36.676061]],[[-93.855503,36.673173],[-93.852517,36.673199],[-93.852512,36.67373],[-93.854657,36.673803],[-93.855503,36.673173]],[[-93.855237,36.6776],[-93.851163,36.677519],[-93.851069,36.680215],[-93.855237,36.679991],[-93.855237,36.6776]],[[-93.852101,36.673715],[-93.851203,36.673198],[-93.851221,36.673713],[-93.852101,36.673715]],[[-93.873405,36.685122],[-93.873411,36.684562],[-93.873192,36.685155],[-93.873405,36.685122]]]]}},{"type":"Feature","properties":{"NAME":"Lamar","state_abbr":"MO","state_name":"Missouri","ALAND":13505048},"geometry":{"type":"Polygon","coordinates":[[[-94.317376,37.480425],[-94.317181,37.484423],[-94.312311,37.489438],[-94.312304,37.494096],[-94.316647,37.494185],[-94.316336,37.501428],[-94.30809,37.501295],[-94.306879,37.508578],[-94.283524,37.508159],[-94.283994,37.510684],[-94.281968,37.512038],[-94.283612,37.514964],[-94.274079,37.51491],[-94.274232,37.512456],[-94.269158,37.51134],[-94.268927,37.50748],[-94.261084,37.507234],[-94.261311,37.500015],[-94.242834,37.499451],[-94.243034,37.495866],[-94.247765,37.495984],[-94.247897,37.492036],[-94.257158,37.492328],[-94.25758,37.483549],[-94.252503,37.484418],[-94.251469,37.488295],[-94.247982,37.489127],[-94.249903,37.484145],[-94.244409,37.484846],[-94.240226,37.482394],[-94.241691,37.480838],[-94.25402,37.48144],[-94.250747,37.478419],[-94.252142,37.477604],[-94.255221,37.479483],[-94.258131,37.477923],[-94.263955,37.478074],[-94.271316,37.483494],[-94.271403,37.482047],[-94.2735,37.482098],[-94.273333,37.472955],[-94.276083,37.473053],[-94.27604,37.482167],[-94.292474,37.48265],[-94.292811,37.492054],[-94.291306,37.494717],[-94.293368,37.498396],[-94.291515,37.500062],[-94.290449,37.506465],[-94.288145,37.508081],[-94.298285,37.508338],[-94.299042,37.493791],[-94.307293,37.493509],[-94.307623,37.479332],[-94.317376,37.480425]]]}},{"type":"Feature","properties":{"NAME":"Lamar Heights","state_abbr":"MO","state_name":"Missouri","ALAND":2028694},"geometry":{"type":"Polygon","coordinates":[[[-94.300407,37.48029],[-94.298569,37.508312],[-94.288145,37.508081],[-94.290449,37.506465],[-94.291515,37.500062],[-94.293368,37.498396],[-94.291306,37.494717],[-94.292811,37.492054],[-94.292887,37.485407],[-94.291319,37.479241],[-94.300407,37.48029]]]}},{"type":"Feature","properties":{"NAME":"Liberal","state_abbr":"MO","state_name":"Missouri","ALAND":2184805},"geometry":{"type":"Polygon","coordinates":[[[-94.528036,37.556979],[-94.527781,37.564973],[-94.514368,37.567345],[-94.514404,37.56015],[-94.505454,37.559892],[-94.505554,37.557538],[-94.501032,37.5575],[-94.501187,37.553789],[-94.505653,37.553956],[-94.506581,37.551967],[-94.50649,37.552999],[-94.515375,37.553141],[-94.521227,37.554612],[-94.521179,37.556127],[-94.528036,37.556979]]]}},{"type":"Feature","properties":{"NAME":"Mindenmines","state_abbr":"MO","state_name":"Missouri","ALAND":9446321},"geometry":{"type":"Polygon","coordinates":[[[-94.608797,37.485528],[-94.56882,37.485316],[-94.569319,37.460106],[-94.608627,37.460222],[-94.608797,37.485528]]]}},{"type":"Feature","properties":{"NAME":"Carrollton","state_abbr":"MO","state_name":"Missouri","ALAND":10796124},"geometry":{"type":"Polygon","coordinates":[[[-93.513157,39.347906],[-93.513163,39.359123],[-93.508348,39.359078],[-93.51204,39.381728],[-93.506307,39.381377],[-93.506331,39.384256],[-93.494338,39.384075],[-93.49427,39.377512],[-93.480677,39.376787],[-93.480725,39.384328],[-93.476059,39.384413],[-93.476016,39.379643],[-93.473223,39.377203],[-93.476359,39.377636],[-93.475596,39.369951],[-93.478514,39.369917],[-93.481091,39.362007],[-93.481043,39.355077],[-93.483019,39.351916],[-93.485854,39.351402],[-93.485894,39.348501],[-93.488467,39.348579],[-93.4877,39.344193],[-93.493328,39.344522],[-93.493134,39.337869],[-93.502014,39.337713],[-93.502344,39.349854],[-93.509091,39.349212],[-93.509086,39.351337],[-93.510255,39.35132],[-93.510254,39.347905],[-93.513157,39.347906]],[[-93.481071,39.369881],[-93.478773,39.369915],[-93.478792,39.371905],[-93.481072,39.371864],[-93.481071,39.369881]]]}},{"type":"Feature","properties":{"NAME":"Archie","state_abbr":"MO","state_name":"Missouri","ALAND":3887168},"geometry":{"type":"Polygon","coordinates":[[[-94.367992,38.486952],[-94.362749,38.486676],[-94.362688,38.48896],[-94.340373,38.488478],[-94.336787,38.483551],[-94.335727,38.478073],[-94.339644,38.478093],[-94.339794,38.475406],[-94.341654,38.475425],[-94.341744,38.47216],[-94.363426,38.47272],[-94.362205,38.485654],[-94.368036,38.483664],[-94.367992,38.486952]]]}},{"type":"Feature","properties":{"NAME":"Cleveland","state_abbr":"MO","state_name":"Missouri","ALAND":3848589},"geometry":{"type":"Polygon","coordinates":[[[-94.606238,38.680072],[-94.606074,38.694169],[-94.60101,38.694035],[-94.600953,38.697455],[-94.5984,38.697391],[-94.598509,38.693999],[-94.594325,38.690081],[-94.592024,38.685165],[-94.587423,38.685597],[-94.587339,38.678301],[-94.591299,38.675207],[-94.589794,38.675232],[-94.591577,38.672585],[-94.590134,38.67083],[-94.591492,38.670869],[-94.591487,38.668918],[-94.594411,38.668834],[-94.594684,38.662355],[-94.59626,38.662448],[-94.597198,38.659174],[-94.603646,38.659402],[-94.603471,38.672301],[-94.596432,38.671939],[-94.594004,38.674518],[-94.603489,38.676147],[-94.60345,38.679711],[-94.606238,38.680072]],[[-94.600581,38.666817],[-94.598636,38.66671],[-94.598598,38.668369],[-94.600494,38.668441],[-94.600581,38.666817]],[[-94.596454,38.675982],[-94.594563,38.675333],[-94.594563,38.675942],[-94.596454,38.675982]]]}},{"type":"Feature","properties":{"NAME":"East Lynne","state_abbr":"MO","state_name":"Missouri","ALAND":844950},"geometry":{"type":"Polygon","coordinates":[[[-94.240852,38.667834],[-94.23471,38.668252],[-94.234513,38.671795],[-94.224374,38.671452],[-94.224704,38.66971],[-94.221964,38.670034],[-94.221797,38.667422],[-94.225958,38.667694],[-94.226052,38.66377],[-94.234766,38.666383],[-94.240548,38.665651],[-94.240852,38.667834]]]}},{"type":"Feature","properties":{"NAME":"Freeman","state_abbr":"MO","state_name":"Missouri","ALAND":2223903},"geometry":{"type":"MultiPolygon","coordinates":[[[[-94.500173,38.616431],[-94.496377,38.61614],[-94.496565,38.614404],[-94.498807,38.61459],[-94.500173,38.616431]]],[[[-94.52578,38.625203],[-94.522195,38.625205],[-94.522149,38.622655],[-94.517658,38.622656],[-94.517565,38.628213],[-94.513803,38.628145],[-94.513932,38.629352],[-94.507241,38.630929],[-94.505349,38.630054],[-94.502915,38.622105],[-94.498488,38.619265],[-94.498994,38.617288],[-94.479338,38.616825],[-94.475825,38.620033],[-94.468688,38.620429],[-94.468742,38.619249],[-94.478676,38.616536],[-94.501115,38.616957],[-94.502551,38.616023],[-94.501528,38.613586],[-94.510222,38.613576],[-94.510188,38.616672],[-94.513272,38.618804],[-94.512982,38.622771],[-94.525752,38.622239],[-94.52578,38.625203]]]]}},{"type":"Feature","properties":{"NAME":"Alma","state_abbr":"MO","state_name":"Missouri","ALAND":712536},"geometry":{"type":"Polygon","coordinates":[[[-93.551334,39.091096],[-93.551097,39.102064],[-93.544523,39.101815],[-93.544878,39.095746],[-93.542751,39.095642],[-93.544111,39.09201],[-93.551334,39.091096]]]}},{"type":"Feature","properties":{"NAME":"Dover","state_abbr":"MO","state_name":"Missouri","ALAND":520247},"geometry":{"type":"MultiPolygon","coordinates":[[[[-93.68494,39.191518],[-93.683548,39.193403],[-93.683533,39.191601],[-93.68494,39.191518]]],[[[-93.694659,39.196641],[-93.685525,39.197256],[-93.68551,39.190615],[-93.694573,39.191544],[-93.694659,39.196641]]]]}},{"type":"Feature","properties":{"NAME":"Blackburn","state_abbr":"MO","state_name":"Missouri","ALAND":800037},"geometry":{"type":"Polygon","coordinates":[[[-93.492437,39.105986],[-93.490244,39.105861],[-93.490384,39.10775],[-93.485503,39.107603],[-93.484393,39.112588],[-93.482656,39.112578],[-93.482676,39.110136],[-93.481311,39.110129],[-93.481048,39.099618],[-93.487813,39.098772],[-93.4877,39.103058],[-93.492445,39.103369],[-93.492437,39.105986]]]}},{"type":"Feature","properties":{"NAME":"Emma","state_abbr":"MO","state_name":"Missouri","ALAND":1517885},"geometry":{"type":"Polygon","coordinates":[[[-93.504046,38.972399],[-93.499578,38.972117],[-93.499093,38.977834],[-93.496728,38.977688],[-93.49626,38.984368],[-93.501317,38.986521],[-93.496239,38.986447],[-93.496117,38.98819],[-93.492751,38.98814],[-93.493017,38.983503],[-93.486866,38.982776],[-93.486912,38.980174],[-93.49318,38.980185],[-93.494003,38.973422],[-93.48927,38.9734],[-93.489297,38.971669],[-93.493225,38.971084],[-93.49351,38.96121],[-93.495341,38.961213],[-93.49517,38.964653],[-93.500177,38.965018],[-93.499671,38.971387],[-93.504046,38.972399]]]}},{"type":"Feature","properties":{"NAME":"Arrow Rock","state_abbr":"MO","state_name":"Missouri","ALAND":345226},"geometry":{"type":"Polygon","coordinates":[[[-92.952667,39.070806],[-92.942427,39.07259],[-92.941147,39.06989],[-92.951754,39.067319],[-92.952667,39.070806]]]}},{"type":"Feature","properties":{"NAME":"Malta Bend","state_abbr":"MO","state_name":"Missouri","ALAND":654434},"geometry":{"type":"Polygon","coordinates":[[[-93.368539,39.191755],[-93.367656,39.197884],[-93.358601,39.197622],[-93.359263,39.191188],[-93.360937,39.191156],[-93.360936,39.189232],[-93.364667,39.189235],[-93.364644,39.19052],[-93.368539,39.191755]]]}},{"type":"Feature","properties":{"NAME":"Gerald","state_abbr":"MO","state_name":"Missouri","ALAND":3827189},"geometry":{"type":"Polygon","coordinates":[[[-91.345027,38.398919],[-91.339119,38.398847],[-91.339122,38.400784],[-91.34313,38.400867],[-91.343015,38.407844],[-91.33132,38.407993],[-91.329185,38.411343],[-91.323946,38.411391],[-91.323773,38.405691],[-91.320702,38.407599],[-91.320775,38.404404],[-91.323135,38.404408],[-91.323241,38.401466],[-91.320272,38.399497],[-91.320331,38.397312],[-91.324395,38.397254],[-91.324367,38.393526],[-91.315258,38.393428],[-91.315391,38.388482],[-91.327905,38.389272],[-91.327806,38.385689],[-91.329127,38.385654],[-91.329111,38.389462],[-91.333933,38.390163],[-91.333873,38.39345],[-91.342257,38.393462],[-91.342385,38.397164],[-91.344993,38.39711],[-91.345027,38.398919]],[[-91.329892,38.389863],[-91.329113,38.389637],[-91.329114,38.389845],[-91.329892,38.389863]]]}},{"type":"Feature","properties":{"NAME":"Jacksonville","state_abbr":"MO","state_name":"Missouri","ALAND":285344},"geometry":{"type":"Polygon","coordinates":[[[-92.475988,39.586102],[-92.475941,39.589813],[-92.470958,39.5913],[-92.469201,39.588852],[-92.46981,39.585216],[-92.475988,39.586102]]]}},{"type":"Feature","properties":{"NAME":"Palmyra","state_abbr":"MO","state_name":"Missouri","ALAND":8035481},"geometry":{"type":"Polygon","coordinates":[[[-91.54739,39.790397],[-91.544123,39.794527],[-91.537339,39.794422],[-91.53745,39.801638],[-91.539487,39.801868],[-91.539311,39.808912],[-91.53771,39.808835],[-91.538019,39.820416],[-91.527735,39.819977],[-91.527452,39.814717],[-91.531848,39.812091],[-91.53254,39.80883],[-91.52733,39.813248],[-91.52732,39.81116],[-91.52081,39.811089],[-91.522022,39.808828],[-91.519095,39.809431],[-91.516136,39.809523],[-91.515629,39.814844],[-91.514738,39.816434],[-91.515641,39.809514],[-91.510403,39.809416],[-91.510237,39.80639],[-91.513779,39.807224],[-91.512931,39.809267],[-91.515655,39.809316],[-91.516225,39.801469],[-91.512909,39.801501],[-91.513447,39.790615],[-91.508869,39.790611],[-91.509012,39.783329],[-91.517563,39.783337],[-91.518817,39.757388],[-91.519771,39.760318],[-91.518294,39.77991],[-91.528112,39.779824],[-91.527886,39.787043],[-91.54058,39.787049],[-91.54058,39.78946],[-91.54739,39.790397]],[[-91.521778,39.808718],[-91.516189,39.808675],[-91.51614,39.809333],[-91.519082,39.809228],[-91.521778,39.808718]]]}},{"type":"Feature","properties":{"NAME":"St. Thomas","state_abbr":"MO","state_name":"Missouri","ALAND":2534968},"geometry":{"type":"Polygon","coordinates":[[[-92.225896,38.393851],[-92.224522,38.393856],[-92.223848,38.38794],[-92.215489,38.374519],[-92.21327,38.374443],[-92.21327,38.371825],[-92.207976,38.371786],[-92.208531,38.35622],[-92.222012,38.356354],[-92.221839,38.372105],[-92.220872,38.374746],[-92.217099,38.374586],[-92.22511,38.387562],[-92.225896,38.393851]]]}},{"type":"Feature","properties":{"NAME":"Hoberg","state_abbr":"MO","state_name":"Missouri","ALAND":139958},"geometry":{"type":"Polygon","coordinates":[[[-93.851149,37.066039],[-93.848749,37.07103],[-93.847072,37.069994],[-93.848402,37.066008],[-93.851149,37.066039]]]}},{"type":"Feature","properties":{"NAME":"Marionville","state_abbr":"MO","state_name":"Missouri","ALAND":4623883},"geometry":{"type":"Polygon","coordinates":[[[-93.646406,36.985335],[-93.64656,37.01035],[-93.637105,37.010294],[-93.637143,37.017454],[-93.6281,37.017587],[-93.628222,37.007613],[-93.622193,37.00805],[-93.623484,37.006778],[-93.628641,37.00717],[-93.623584,37.006681],[-93.626835,37.003064],[-93.623745,37.003097],[-93.623889,36.995821],[-93.626503,36.995827],[-93.625913,36.993061],[-93.628292,36.993098],[-93.62761,36.99519],[-93.63581,36.992226],[-93.63586,36.993746],[-93.63747,36.993217],[-93.637613,36.987771],[-93.643999,36.987627],[-93.644055,36.985295],[-93.646406,36.985335]],[[-93.642279,36.992337],[-93.645488,36.989402],[-93.638066,36.992703],[-93.642279,36.992337]],[[-93.637105,37.010294],[-93.637274,37.008583],[-93.632709,37.008666],[-93.632749,37.010243],[-93.637105,37.010294]]]}},{"type":"Feature","properties":{"NAME":"Miller","state_abbr":"MO","state_name":"Missouri","ALAND":1985421},"geometry":{"type":"Polygon","coordinates":[[[-93.847584,37.207607],[-93.847342,37.222113],[-93.833715,37.22195],[-93.833714,37.217262],[-93.832521,37.21722],[-93.833765,37.207397],[-93.847584,37.207607]]]}},{"type":"Feature","properties":{"NAME":"Mount Vernon","state_abbr":"MO","state_name":"Missouri","ALAND":10619353},"geometry":{"type":"MultiPolygon","coordinates":[[[[-93.797045,37.096746],[-93.796731,37.09691],[-93.788077,37.086813],[-93.797045,37.096746]]],[[[-93.810658,37.086935],[-93.814581,37.087511],[-93.810635,37.089371],[-93.810658,37.086935]]],[[[-93.841309,37.112676],[-93.837057,37.112642],[-93.837045,37.11609],[-93.840262,37.116169],[-93.840671,37.117219],[-93.833757,37.116521],[-93.834117,37.119723],[-93.831471,37.119734],[-93.832602,37.116292],[-93.829134,37.11611],[-93.832835,37.115135],[-93.829769,37.113574],[-93.830455,37.107798],[-93.828321,37.107969],[-93.82981,37.111416],[-93.828859,37.113185],[-93.829156,37.110345],[-93.828038,37.110344],[-93.827429,37.12142],[-93.829839,37.121438],[-93.829834,37.123415],[-93.835575,37.123423],[-93.835621,37.130879],[-93.831175,37.130817],[-93.831199,37.127139],[-93.818594,37.126687],[-93.818622,37.123521],[-93.814238,37.12347],[-93.814505,37.11782],[-93.817459,37.117937],[-93.817236,37.114681],[-93.814276,37.116288],[-93.800973,37.116065],[-93.801089,37.112316],[-93.808831,37.111986],[-93.809358,37.105018],[-93.805742,37.104958],[-93.80567,37.103262],[-93.796398,37.103028],[-93.796407,37.104104],[-93.790052,37.104732],[-93.790233,37.100998],[-93.801635,37.095105],[-93.805792,37.09445],[-93.805881,37.091708],[-93.802941,37.092443],[-93.801232,37.091186],[-93.802722,37.092906],[-93.799761,37.091543],[-93.801536,37.09374],[-93.799238,37.09518],[-93.800002,37.092501],[-93.797882,37.092399],[-93.797925,37.090434],[-93.792176,37.086765],[-93.797076,37.089634],[-93.797139,37.086776],[-93.806446,37.0868],[-93.806514,37.089957],[-93.809832,37.090753],[-93.819767,37.086155],[-93.82901,37.087014],[-93.828886,37.089825],[-93.832062,37.089941],[-93.832023,37.092356],[-93.835101,37.091583],[-93.835683,37.09486],[-93.832027,37.094723],[-93.83185,37.105261],[-93.836709,37.105297],[-93.836709,37.108955],[-93.841287,37.108958],[-93.841309,37.112676]],[[-93.827773,37.087182],[-93.82327,37.087135],[-93.823217,37.088846],[-93.827797,37.088837],[-93.827773,37.087182]],[[-93.819844,37.120631],[-93.818703,37.119484],[-93.818675,37.120592],[-93.819844,37.120631]],[[-93.814796,37.115978],[-93.814773,37.10882],[-93.810414,37.108822],[-93.809091,37.115898],[-93.814796,37.115978]],[[-93.808284,37.103157],[-93.807323,37.1022],[-93.806153,37.101588],[-93.805849,37.104002],[-93.808284,37.103157]],[[-93.797968,37.090171],[-93.797614,37.089789],[-93.797541,37.089914],[-93.797968,37.090171]]]]}},{"type":"Feature","properties":{"NAME":"Pierce City","state_abbr":"MO","state_name":"Missouri","ALAND":3340836},"geometry":{"type":"Polygon","coordinates":[[[-94.012934,36.935564],[-94.012559,36.948296],[-94.007145,36.956016],[-94.003253,36.957134],[-94.003123,36.959596],[-93.99861,36.959562],[-94.000917,36.958904],[-94.000941,36.956476],[-93.994052,36.956299],[-93.992726,36.954096],[-93.994145,36.954765],[-93.99456,36.937771],[-94.008251,36.937622],[-94.008881,36.9163],[-94.00852,36.935448],[-94.012934,36.935564]],[[-94.009075,36.938071],[-94.008428,36.937442],[-94.00801,36.938041],[-94.009075,36.938071]]]}},{"type":"Feature","properties":{"NAME":"Verona","state_abbr":"MO","state_name":"Missouri","ALAND":2248653},"geometry":{"type":"Polygon","coordinates":[[[-93.804692,36.956212],[-93.804625,36.959405],[-93.800145,36.95946],[-93.799921,36.970124],[-93.789915,36.970647],[-93.789842,36.971826],[-93.784202,36.970581],[-93.784209,36.96658],[-93.786017,36.966546],[-93.785867,36.959324],[-93.793632,36.955758],[-93.793729,36.953351],[-93.795258,36.953373],[-93.795248,36.955749],[-93.804692,36.956212]]]}},{"type":"Feature","properties":{"NAME":"Garden City","state_abbr":"MO","state_name":"Missouri","ALAND":6403497},"geometry":{"type":"MultiPolygon","coordinates":[[[[-94.193092,38.574823],[-94.192998,38.577133],[-94.184851,38.577133],[-94.184963,38.570821],[-94.187933,38.570765],[-94.193092,38.574823]]],[[[-94.212393,38.556634],[-94.212077,38.564382],[-94.198103,38.565446],[-94.19784,38.570449],[-94.188226,38.570237],[-94.188215,38.566623],[-94.170692,38.566172],[-94.170866,38.559435],[-94.173118,38.562502],[-94.174961,38.562597],[-94.17565,38.548698],[-94.180941,38.548352],[-94.180908,38.550069],[-94.184189,38.550153],[-94.184249,38.548469],[-94.192065,38.548652],[-94.193999,38.549661],[-94.193902,38.55228],[-94.190783,38.552428],[-94.193896,38.552456],[-94.193879,38.55586],[-94.212393,38.556634]],[[-94.197341,38.559199],[-94.197688,38.558984],[-94.197412,38.557184],[-94.197341,38.559199]],[[-94.197168,38.562983],[-94.197478,38.562704],[-94.197152,38.561781],[-94.197168,38.562983]],[[-94.180147,38.558664],[-94.175476,38.558605],[-94.176535,38.561408],[-94.175397,38.562591],[-94.179776,38.5627],[-94.180147,38.558664]],[[-94.175562,38.551475],[-94.175487,38.558063],[-94.18017,38.558206],[-94.183408,38.561558],[-94.182024,38.559314],[-94.183805,38.557656],[-94.175562,38.551475]]],[[[-94.221271,38.577992],[-94.211507,38.577986],[-94.212077,38.564382],[-94.221226,38.564524],[-94.221271,38.577992]]]]}},{"type":"Feature","properties":{"NAME":"Lake Winnebago","state_abbr":"MO","state_name":"Missouri","ALAND":6007938},"geometry":{"type":"Polygon","coordinates":[[[-94.381925,38.827947],[-94.381749,38.831383],[-94.376972,38.831296],[-94.376767,38.834862],[-94.379029,38.83494],[-94.378872,38.838109],[-94.348105,38.837115],[-94.348752,38.826912],[-94.349911,38.826206],[-94.348802,38.826005],[-94.349119,38.820005],[-94.352498,38.820045],[-94.352566,38.815824],[-94.345036,38.81522],[-94.34322,38.814272],[-94.343261,38.811458],[-94.345201,38.811319],[-94.345082,38.808451],[-94.363735,38.807792],[-94.363829,38.808965],[-94.368312,38.809011],[-94.368322,38.813143],[-94.372972,38.813222],[-94.373935,38.802079],[-94.373446,38.824928],[-94.374512,38.827785],[-94.381925,38.827947]],[[-94.375849,38.831308],[-94.372818,38.824331],[-94.372471,38.827376],[-94.365627,38.827234],[-94.365563,38.829856],[-94.36753,38.829845],[-94.36752,38.831071],[-94.375849,38.831308]],[[-94.363514,38.816384],[-94.362228,38.816377],[-94.362158,38.819026],[-94.363345,38.819058],[-94.363514,38.816384]]]}},{"type":"Feature","properties":{"NAME":"De Witt","state_abbr":"MO","state_name":"Missouri","ALAND":624598},"geometry":{"type":"Polygon","coordinates":[[[-93.226106,39.384542],[-93.2238,39.384477],[-93.223628,39.389124],[-93.218289,39.389475],[-93.218085,39.385927],[-93.213837,39.386374],[-93.214123,39.382729],[-93.217867,39.380796],[-93.223715,39.381525],[-93.226106,39.384542]]]}},{"type":"Feature","properties":{"NAME":"Hale","state_abbr":"MO","state_name":"Missouri","ALAND":1422364},"geometry":{"type":"Polygon","coordinates":[[[-93.349535,39.610656],[-93.338361,39.611796],[-93.33625,39.599197],[-93.349315,39.598682],[-93.349535,39.610656]]]}},{"type":"Feature","properties":{"NAME":"Tina","state_abbr":"MO","state_name":"Missouri","ALAND":832480},"geometry":{"type":"Polygon","coordinates":[[[-93.445593,39.543493],[-93.439719,39.543359],[-93.439822,39.541797],[-93.437717,39.541908],[-93.435946,39.53561],[-93.439838,39.53263],[-93.445253,39.532513],[-93.445593,39.543493]]]}},{"type":"Feature","properties":{"NAME":"Loch Lloyd","state_abbr":"MO","state_name":"Missouri","ALAND":4508146},"geometry":{"type":"Polygon","coordinates":[[[-94.608033,38.847207],[-94.593789,38.846564],[-94.594153,38.840291],[-94.586361,38.840061],[-94.585983,38.837817],[-94.601979,38.838583],[-94.601135,38.836687],[-94.591493,38.83626],[-94.590535,38.834195],[-94.584327,38.832376],[-94.586114,38.824063],[-94.588981,38.824067],[-94.589601,38.816282],[-94.595454,38.81635],[-94.595311,38.819841],[-94.597809,38.819212],[-94.599666,38.821002],[-94.599832,38.816731],[-94.607902,38.816398],[-94.607673,38.825816],[-94.603558,38.826932],[-94.603413,38.832943],[-94.607736,38.832916],[-94.608033,38.847207]]]}},{"type":"Feature","properties":{"NAME":"West Line","state_abbr":"MO","state_name":"Missouri","ALAND":1175210},"geometry":{"type":"MultiPolygon","coordinates":[[[[-94.587404,38.62679],[-94.587075,38.637645],[-94.579953,38.637073],[-94.580992,38.633196],[-94.582707,38.633573],[-94.582801,38.629342],[-94.586349,38.629357],[-94.587404,38.62679]]],[[[-94.5911,38.637082],[-94.591316,38.643144],[-94.582749,38.643081],[-94.582912,38.63759],[-94.587277,38.637879],[-94.5911,38.637082]]],[[[-94.595792,38.629794],[-94.589334,38.634317],[-94.587866,38.631664],[-94.588057,38.629309],[-94.595792,38.629794]]]]}},{"type":"Feature","properties":{"NAME":"Gunn City","state_abbr":"MO","state_name":"Missouri","ALAND":208914},"geometry":{"type":"Polygon","coordinates":[[[-94.166906,38.66519],[-94.166758,38.668023],[-94.161909,38.667953],[-94.160654,38.665667],[-94.16084,38.6641],[-94.166906,38.66519]]]}},{"type":"Feature","properties":{"NAME":"Blairstown","state_abbr":"MO","state_name":"Missouri","ALAND":644431},"geometry":{"type":"Polygon","coordinates":[[[-93.962495,38.554874],[-93.962304,38.56168],[-93.953015,38.561467],[-93.953325,38.554293],[-93.962495,38.554874]]]}},{"type":"Feature","properties":{"NAME":"La Due","state_abbr":"MO","state_name":"Missouri","ALAND":208254},"geometry":{"type":"Polygon","coordinates":[[[-93.881702,38.312572],[-93.875323,38.31507],[-93.873488,38.312596],[-93.88007,38.309887],[-93.881702,38.312572]]]}},{"type":"Feature","properties":{"NAME":"Oakwood Park","state_abbr":"MO","state_name":"Missouri","ALAND":173824},"geometry":{"type":"Polygon","coordinates":[[[-94.57633,39.203358],[-94.576273,39.206591],[-94.571267,39.206537],[-94.571418,39.202754],[-94.57633,39.203358]]]}},{"type":"Feature","properties":{"NAME":"Appleton City","state_abbr":"MO","state_name":"Missouri","ALAND":2972387},"geometry":{"type":"Polygon","coordinates":[[[-94.041886,38.183598],[-94.041099,38.198102],[-94.020172,38.197593],[-94.020833,38.182982],[-94.041886,38.183598]]]}},{"type":"Feature","properties":{"NAME":"Collins","state_abbr":"MO","state_name":"Missouri","ALAND":639234},"geometry":{"type":"Polygon","coordinates":[[[-93.642648,37.891498],[-93.625936,37.891489],[-93.625823,37.89478],[-93.624111,37.894752],[-93.625272,37.907132],[-93.624524,37.920039],[-93.625086,37.907423],[-93.623483,37.891372],[-93.605017,37.891381],[-93.614378,37.890812],[-93.614434,37.888563],[-93.618139,37.887413],[-93.618053,37.886101],[-93.618801,37.887428],[-93.62314,37.887568],[-93.621035,37.862493],[-93.623368,37.887573],[-93.624922,37.8912],[-93.642648,37.891498]]]}},{"type":"Feature","properties":{"NAME":"Gerster","state_abbr":"MO","state_name":"Missouri","ALAND":208727},"geometry":{"type":"Polygon","coordinates":[[[-93.580442,37.957189],[-93.574245,37.956528],[-93.574199,37.951835],[-93.578645,37.952942],[-93.580442,37.957189]]]}},{"type":"Feature","properties":{"NAME":"Lowry City","state_abbr":"MO","state_name":"Missouri","ALAND":2656727},"geometry":{"type":"Polygon","coordinates":[[[-93.737671,38.133862],[-93.737067,38.144802],[-93.732933,38.144717],[-93.732776,38.148236],[-93.718565,38.147807],[-93.718216,38.140564],[-93.714194,38.140167],[-93.714267,38.136805],[-93.723777,38.135565],[-93.723855,38.134033],[-93.728942,38.134137],[-93.729083,38.130254],[-93.733238,38.130352],[-93.735189,38.131502],[-93.735173,38.133754],[-93.737671,38.133862]]]}},{"type":"Feature","properties":{"NAME":"Osceola","state_abbr":"MO","state_name":"Missouri","ALAND":2793445},"geometry":{"type":"Polygon","coordinates":[[[-93.709085,38.044596],[-93.701397,38.052889],[-93.692756,38.053909],[-93.692631,38.055826],[-93.686138,38.055828],[-93.685996,38.048876],[-93.691163,38.048913],[-93.691128,38.045346],[-93.684118,38.04504],[-93.679477,38.036707],[-93.685905,38.036875],[-93.683773,38.040408],[-93.695748,38.044937],[-93.695879,38.041763],[-93.700457,38.041845],[-93.700602,38.034975],[-93.70271,38.034983],[-93.700469,38.03376],[-93.702809,38.033424],[-93.70296,38.030537],[-93.700698,38.027752],[-93.70475,38.027927],[-93.704071,38.032202],[-93.705652,38.033102],[-93.703808,38.033103],[-93.703754,38.034987],[-93.705101,38.034986],[-93.70498,38.038742],[-93.706128,38.038752],[-93.704937,38.041217],[-93.709022,38.041285],[-93.709085,38.044596]]]}},{"type":"Feature","properties":{"NAME":"Roscoe","state_abbr":"MO","state_name":"Missouri","ALAND":3964172},"geometry":{"type":"Polygon","coordinates":[[[-93.823337,37.964769],[-93.822142,37.994301],[-93.810826,37.986399],[-93.805895,37.985716],[-93.801482,37.987158],[-93.801569,37.983352],[-93.803019,37.983149],[-93.804173,37.979565],[-93.80473,37.965236],[-93.821321,37.966021],[-93.823337,37.964769]]]}},{"type":"Feature","properties":{"NAME":"Vista","state_abbr":"MO","state_name":"Missouri","ALAND":338356},"geometry":{"type":"Polygon","coordinates":[[[-93.667494,37.989369],[-93.663198,37.992067],[-93.659956,37.98889],[-93.66414,37.986063],[-93.667494,37.989369]]]}},{"type":"Feature","properties":{"NAME":"Mound City","state_abbr":"MO","state_name":"Missouri","ALAND":3226064},"geometry":{"type":"Polygon","coordinates":[[[-95.242588,40.125856],[-95.242268,40.14263],[-95.238792,40.142602],[-95.238728,40.149757],[-95.229447,40.149636],[-95.229514,40.146058],[-95.227201,40.146015],[-95.227142,40.14379],[-95.229622,40.143816],[-95.22968,40.138805],[-95.22652,40.138748],[-95.222378,40.131887],[-95.22521,40.125709],[-95.236471,40.127796],[-95.242588,40.125856]]]}},{"type":"Feature","properties":{"NAME":"Craig","state_abbr":"MO","state_name":"Missouri","ALAND":672111},"geometry":{"type":"Polygon","coordinates":[[[-95.378396,40.188741],[-95.376956,40.195195],[-95.378382,40.197473],[-95.377594,40.199676],[-95.375776,40.199703],[-95.375775,40.19814],[-95.371206,40.196314],[-95.371196,40.194093],[-95.36994,40.193981],[-95.371228,40.185917],[-95.374293,40.18806],[-95.375741,40.186851],[-95.378396,40.188741]]]}},{"type":"Feature","properties":{"NAME":"Ashburn","state_abbr":"MO","state_name":"Missouri","ALAND":342782},"geometry":{"type":"Polygon","coordinates":[[[-91.177259,39.544813],[-91.177197,39.547543],[-91.166683,39.547435],[-91.166683,39.544022],[-91.177259,39.544813]]]}},{"type":"Feature","properties":{"NAME":"Paynesville","state_abbr":"MO","state_name":"Missouri","ALAND":681663},"geometry":{"type":"Polygon","coordinates":[[[-90.9055,39.261756],[-90.902528,39.262314],[-90.905066,39.270787],[-90.902604,39.271185],[-90.900587,39.264798],[-90.898087,39.262861],[-90.894491,39.262729],[-90.894486,39.257838],[-90.901451,39.258053],[-90.90537,39.260023],[-90.9055,39.261756]]]}},{"type":"Feature","properties":{"NAME":"Avondale","state_abbr":"MO","state_name":"Missouri","ALAND":350150},"geometry":{"type":"Polygon","coordinates":[[[-94.548035,39.152038],[-94.549283,39.159228],[-94.547041,39.159215],[-94.547895,39.155708],[-94.540314,39.155618],[-94.540421,39.151955],[-94.548035,39.152038]]]}},{"type":"Feature","properties":{"NAME":"Jerico Springs","state_abbr":"MO","state_name":"Missouri","ALAND":1772215},"geometry":{"type":"Polygon","coordinates":[[[-94.019283,37.61408],[-94.01887,37.625278],[-94.00064,37.624151],[-94.000805,37.620223],[-94.005648,37.620194],[-94.005797,37.613265],[-94.019283,37.61408]]]}},{"type":"Feature","properties":{"NAME":"Mountain View","state_abbr":"MO","state_name":"Missouri","ALAND":9793624},"geometry":{"type":"Polygon","coordinates":[[[-91.734604,36.994778],[-91.721332,36.997119],[-91.724087,36.998226],[-91.714743,36.999331],[-91.713954,37.005024],[-91.716293,37.005824],[-91.705237,37.007147],[-91.705228,37.010297],[-91.710386,37.010287],[-91.710386,37.0123],[-91.706404,37.013057],[-91.700691,37.011866],[-91.702733,37.011724],[-91.702751,37.008572],[-91.696657,37.009691],[-91.696369,37.001815],[-91.690962,37.001264],[-91.691694,37.003141],[-91.688654,37.003073],[-91.68864,37.005943],[-91.686726,37.006014],[-91.686616,37.008023],[-91.682622,37.008049],[-91.682731,37.005351],[-91.68027,37.005341],[-91.680284,37.003894],[-91.683959,37.003462],[-91.683928,37.002036],[-91.682206,37.002579],[-91.682798,37.000923],[-91.679086,37.000806],[-91.67935,37.003146],[-91.677492,37.003153],[-91.676891,37.000924],[-91.669616,36.998852],[-91.669683,36.997061],[-91.673233,36.997339],[-91.673868,36.995515],[-91.677894,36.995598],[-91.678221,36.993904],[-91.685181,36.994069],[-91.685478,36.990052],[-91.6784,36.989903],[-91.678404,36.986801],[-91.692147,36.986592],[-91.692043,36.989083],[-91.694064,36.989103],[-91.696214,36.985187],[-91.693346,36.981976],[-91.70111,36.98207],[-91.70118,36.976149],[-91.709611,36.975535],[-91.715184,36.976754],[-91.715261,36.980129],[-91.728503,36.98022],[-91.728464,36.984125],[-91.71882,36.987267],[-91.710334,36.986969],[-91.710125,36.990101],[-91.712684,36.990318],[-91.712779,36.992178],[-91.724845,36.992745],[-91.724834,36.994645],[-91.731611,36.993351],[-91.73155,36.991104],[-91.734488,36.991192],[-91.734604,36.994778]],[[-91.71911,36.996758],[-91.719034,36.993576],[-91.714794,36.993558],[-91.714824,36.99799],[-91.71911,36.996758]],[[-91.710373,36.983948],[-91.70895,36.980146],[-91.705842,36.980164],[-91.70564,36.985717],[-91.708758,36.985776],[-91.710373,36.983948]],[[-91.702056,37.005648],[-91.700751,37.004869],[-91.700733,37.005606],[-91.702056,37.005648]],[[-91.699406,36.98862],[-91.698597,36.987678],[-91.697683,36.987636],[-91.697559,36.989191],[-91.699406,36.98862]]]}},{"type":"Feature","properties":{"NAME":"Birmingham","state_abbr":"MO","state_name":"Missouri","ALAND":1455399},"geometry":{"type":"Polygon","coordinates":[[[-94.457186,39.162322],[-94.45703,39.173016],[-94.442963,39.172858],[-94.443046,39.162304],[-94.457186,39.162322]]]}},{"type":"Feature","properties":{"NAME":"Willow Springs","state_abbr":"MO","state_name":"Missouri","ALAND":9361232},"geometry":{"type":"MultiPolygon","coordinates":[[[[-91.991418,36.98243],[-91.98824,36.982401],[-91.988277,36.984177],[-91.986466,36.984161],[-91.986046,36.982393],[-91.982058,36.98236],[-91.982111,36.97927],[-91.980539,36.978611],[-91.991168,36.978816],[-91.991418,36.98243]]],[[[-91.996212,37.022592],[-91.990734,37.014065],[-91.982078,37.007848],[-91.981749,37.011474],[-91.979667,37.011423],[-91.977306,37.007695],[-91.971627,37.0075],[-91.9735,37.005478],[-91.97615,37.005666],[-91.973874,37.002956],[-91.969611,37.004002],[-91.96904,37.005675],[-91.96447,37.005588],[-91.964545,37.003279],[-91.962964,37.003261],[-91.963028,37.00068],[-91.961572,37.000393],[-91.960132,37.000753],[-91.960113,37.003672],[-91.950973,37.002978],[-91.950979,36.999386],[-91.961273,36.999853],[-91.961276,36.997898],[-91.95777,36.997857],[-91.957776,36.995991],[-91.951259,36.995789],[-91.953058,36.989219],[-91.950421,36.988392],[-91.951513,36.98224],[-91.943982,36.980926],[-91.94719,36.978395],[-91.944649,36.978424],[-91.942604,36.980874],[-91.938028,36.980717],[-91.938007,36.977091],[-91.942864,36.977091],[-91.943898,36.975226],[-91.931207,36.972021],[-91.931313,36.969388],[-91.934121,36.968163],[-91.93818,36.971348],[-91.93834,36.966071],[-91.957467,36.966733],[-91.957567,36.969455],[-91.960835,36.969668],[-91.96061,36.976385],[-91.954826,36.975887],[-91.955576,36.977502],[-91.975951,36.982332],[-91.982058,36.98236],[-91.981762,36.986939],[-91.991256,36.994312],[-91.996212,37.022592]],[[-91.993107,37.016828],[-91.990278,36.994474],[-91.981993,36.988065],[-91.981718,36.992668],[-91.986836,36.993339],[-91.981707,36.993395],[-91.981685,36.995316],[-91.974282,36.995129],[-91.977976,37.002131],[-91.985664,37.007871],[-91.982551,37.007856],[-91.990806,37.013683],[-91.993107,37.016828]],[[-91.973525,36.982791],[-91.969417,36.981341],[-91.956687,36.978611],[-91.962088,36.98514],[-91.970044,36.985421],[-91.972333,36.98448],[-91.96958,36.984352],[-91.969645,36.981757],[-91.973525,36.982791]],[[-91.956202,36.984415],[-91.956829,36.983199],[-91.955854,36.98317],[-91.956202,36.984415]],[[-91.955469,36.981374],[-91.953017,36.977411],[-91.952576,36.977332],[-91.952293,36.979871],[-91.955469,36.981374]],[[-91.953082,36.977172],[-91.949199,36.97402],[-91.948195,36.968503],[-91.942875,36.967124],[-91.942772,36.969695],[-91.945689,36.971645],[-91.943961,36.973544],[-91.953082,36.977172]]]]}},{"type":"Feature","properties":{"NAME":"Umber View Heights","state_abbr":"MO","state_name":"Missouri","ALAND":160705},"geometry":{"type":"Polygon","coordinates":[[[-93.805984,37.622613],[-93.805898,37.625145],[-93.800985,37.624651],[-93.801216,37.621664],[-93.805984,37.622613]]]}},{"type":"Feature","properties":{"NAME":"Deepwater","state_abbr":"MO","state_name":"Missouri","ALAND":2196992},"geometry":{"type":"Polygon","coordinates":[[[-93.78387,38.250403],[-93.783816,38.261347],[-93.780934,38.261325],[-93.780772,38.266334],[-93.765305,38.265894],[-93.765494,38.25347],[-93.779264,38.253896],[-93.779782,38.250844],[-93.78387,38.250403]]]}},{"type":"Feature","properties":{"NAME":"Gilliam","state_abbr":"MO","state_name":"Missouri","ALAND":643396},"geometry":{"type":"Polygon","coordinates":[[[-93.009002,39.229782],[-93.00861,39.236553],[-92.999251,39.236016],[-92.999494,39.229107],[-93.009002,39.229782]]]}},{"type":"Feature","properties":{"NAME":"Bronaugh","state_abbr":"MO","state_name":"Missouri","ALAND":738511},"geometry":{"type":"Polygon","coordinates":[[[-94.472899,37.690064],[-94.472707,37.698847],[-94.462326,37.69791],[-94.462558,37.69383],[-94.46476,37.693854],[-94.464681,37.689805],[-94.468735,37.68997],[-94.468789,37.687984],[-94.469269,37.689994],[-94.472899,37.690064]]]}},{"type":"Feature","properties":{"NAME":"Harwood","state_abbr":"MO","state_name":"Missouri","ALAND":272205},"geometry":{"type":"Polygon","coordinates":[[[-94.15647,37.953937],[-94.156319,37.959598],[-94.150907,37.959566],[-94.152871,37.957035],[-94.151211,37.957067],[-94.151309,37.953831],[-94.15647,37.953937]]]}},{"type":"Feature","properties":{"NAME":"Milo","state_abbr":"MO","state_name":"Missouri","ALAND":197642},"geometry":{"type":"Polygon","coordinates":[[[-94.306638,37.753665],[-94.308929,37.75701],[-94.302032,37.756882],[-94.302131,37.753395],[-94.306638,37.753665]]]}},{"type":"Feature","properties":{"NAME":"Nevada","state_abbr":"MO","state_name":"Missouri","ALAND":23509035},"geometry":{"type":"Polygon","coordinates":[[[-94.387526,37.837863],[-94.378365,37.837887],[-94.378859,37.84738],[-94.382333,37.847501],[-94.38214,37.850496],[-94.367717,37.851237],[-94.367597,37.855139],[-94.365709,37.855136],[-94.36553,37.858463],[-94.376375,37.858746],[-94.37574,37.873243],[-94.357756,37.871774],[-94.353006,37.872701],[-94.353054,37.869212],[-94.348503,37.869095],[-94.348522,37.8672],[-94.345033,37.867164],[-94.344515,37.879569],[-94.329662,37.879335],[-94.329836,37.871863],[-94.33931,37.872227],[-94.339484,37.86506],[-94.335444,37.864971],[-94.335484,37.861276],[-94.339407,37.861336],[-94.339629,37.857797],[-94.335472,37.857702],[-94.335669,37.854096],[-94.333029,37.854008],[-94.333168,37.849954],[-94.336118,37.849967],[-94.336325,37.846463],[-94.321964,37.850588],[-94.309506,37.857123],[-94.300176,37.861036],[-94.297957,37.859633],[-94.301138,37.853438],[-94.299067,37.851684],[-94.299218,37.849519],[-94.302204,37.849674],[-94.311046,37.841224],[-94.313633,37.842619],[-94.308478,37.84939],[-94.308006,37.857416],[-94.320461,37.850743],[-94.336278,37.846086],[-94.32319,37.838135],[-94.321223,37.835067],[-94.317684,37.833931],[-94.318828,37.83603],[-94.316435,37.835961],[-94.316327,37.837674],[-94.314498,37.837613],[-94.314583,37.835909],[-94.312387,37.8373],[-94.31246,37.83564],[-94.318276,37.835719],[-94.311768,37.830019],[-94.309672,37.826126],[-94.310255,37.812966],[-94.313796,37.804048],[-94.311974,37.799103],[-94.325007,37.799458],[-94.325608,37.8015],[-94.324647,37.810773],[-94.3157,37.810458],[-94.313213,37.806427],[-94.310774,37.813086],[-94.310441,37.827171],[-94.317588,37.833625],[-94.319434,37.831892],[-94.319655,37.828769],[-94.348734,37.829644],[-94.353723,37.826026],[-94.354209,37.822454],[-94.356011,37.822521],[-94.355859,37.825793],[-94.354236,37.825797],[-94.354197,37.827275],[-94.361772,37.824348],[-94.360688,37.820342],[-94.360749,37.815312],[-94.366145,37.816779],[-94.368012,37.815516],[-94.368145,37.811852],[-94.369935,37.811883],[-94.369702,37.818117],[-94.374664,37.819161],[-94.374241,37.82652],[-94.37836,37.826642],[-94.377997,37.83758],[-94.387526,37.837863]],[[-94.3643,37.818613],[-94.360913,37.818571],[-94.361902,37.824322],[-94.363951,37.824091],[-94.3643,37.818613]],[[-94.349129,37.858812],[-94.346006,37.858721],[-94.346494,37.862115],[-94.34899,37.861746],[-94.349129,37.858812]],[[-94.348652,37.862428],[-94.346474,37.862485],[-94.344884,37.866851],[-94.348483,37.866905],[-94.348652,37.862428]],[[-94.344214,37.85868],[-94.340438,37.858663],[-94.340171,37.868612],[-94.343651,37.868643],[-94.342605,37.861725],[-94.344214,37.85868]]]}},{"type":"Feature","properties":{"NAME":"Richards","state_abbr":"MO","state_name":"Missouri","ALAND":693540},"geometry":{"type":"Polygon","coordinates":[[[-94.560557,37.904738],[-94.561315,37.914574],[-94.552392,37.914313],[-94.55284,37.907323],[-94.560557,37.904738]]]}},{"type":"Feature","properties":{"NAME":"Schell City","state_abbr":"MO","state_name":"Missouri","ALAND":1608544},"geometry":{"type":"Polygon","coordinates":[[[-94.123303,38.013133],[-94.123155,38.025496],[-94.109675,38.025227],[-94.110091,38.012833],[-94.123303,38.013133]]]}},{"type":"Feature","properties":{"NAME":"Sheldon","state_abbr":"MO","state_name":"Missouri","ALAND":1360308},"geometry":{"type":"Polygon","coordinates":[[[-94.305605,37.658313],[-94.302419,37.658635],[-94.302248,37.661816],[-94.304729,37.663031],[-94.289027,37.664047],[-94.289109,37.657994],[-94.290656,37.654478],[-94.292054,37.65446],[-94.292227,37.64972],[-94.296108,37.650176],[-94.296567,37.654514],[-94.302184,37.654707],[-94.302168,37.658018],[-94.305605,37.658313]]]}},{"type":"Feature","properties":{"NAME":"Walker","state_abbr":"MO","state_name":"Missouri","ALAND":805111},"geometry":{"type":"Polygon","coordinates":[[[-94.237282,37.895651],[-94.235318,37.902324],[-94.222903,37.901789],[-94.223178,37.897189],[-94.229765,37.89736],[-94.22977,37.894913],[-94.237282,37.895651]]]}},{"type":"Feature","properties":{"NAME":"Moundville","state_abbr":"MO","state_name":"Missouri","ALAND":419763},"geometry":{"type":"Polygon","coordinates":[[[-94.455769,37.763617],[-94.455701,37.76707],[-94.44437,37.76673],[-94.450748,37.760737],[-94.452437,37.760735],[-94.45239,37.763023],[-94.455769,37.763617]]]}},{"type":"Feature","properties":{"NAME":"Jamestown","state_abbr":"MO","state_name":"Missouri","ALAND":2588603},"geometry":{"type":"Polygon","coordinates":[[[-92.49187,38.763518],[-92.489557,38.763993],[-92.489084,38.77426],[-92.470683,38.773744],[-92.471195,38.759052],[-92.489735,38.759719],[-92.489558,38.762964],[-92.49187,38.763518]]]}},{"type":"Feature","properties":{"NAME":"Lupus","state_abbr":"MO","state_name":"Missouri","ALAND":478677},"geometry":{"type":"Polygon","coordinates":[[[-92.457432,38.850102],[-92.452642,38.850085],[-92.449017,38.84245],[-92.457335,38.842564],[-92.457432,38.850102]]]}},{"type":"Feature","properties":{"NAME":"Florida","state_abbr":"MO","state_name":"Missouri","ALAND":272020},"geometry":{"type":"Polygon","coordinates":[[[-91.795794,39.493852],[-91.78968,39.494156],[-91.7866,39.496183],[-91.786599,39.491304],[-91.79578,39.491424],[-91.795794,39.493852]]]}},{"type":"Feature","properties":{"NAME":"El Dorado Springs","state_abbr":"MO","state_name":"Missouri","ALAND":7982603},"geometry":{"type":"Polygon","coordinates":[[[-94.040043,37.867017],[-94.039824,37.872535],[-94.03449,37.872635],[-94.034425,37.874665],[-94.032046,37.874611],[-94.032043,37.872549],[-94.030359,37.872507],[-94.029779,37.882461],[-94.032751,37.88241],[-94.030814,37.892944],[-94.033906,37.893876],[-94.033568,37.897428],[-94.029233,37.897263],[-94.028881,37.888854],[-94.025071,37.888638],[-94.02527,37.884907],[-94.010869,37.884648],[-94.012313,37.862776],[-94.010334,37.862723],[-94.010415,37.860351],[-94.00645,37.861068],[-94.005956,37.862598],[-94.00269,37.862482],[-94.002727,37.860956],[-94.001769,37.862455],[-93.999293,37.861136],[-93.998941,37.862363],[-93.992896,37.862457],[-93.993272,37.854408],[-94.000181,37.854733],[-94.003666,37.851607],[-94.006242,37.851954],[-94.003604,37.85525],[-94.015221,37.855609],[-94.015303,37.853118],[-94.016989,37.853146],[-94.016968,37.854971],[-94.031093,37.856049],[-94.030834,37.861226],[-94.03531,37.860461],[-94.036717,37.862625],[-94.030739,37.863427],[-94.030551,37.868195],[-94.035466,37.866083],[-94.040043,37.867017]],[[-94.034756,37.869574],[-94.03175,37.869447],[-94.031681,37.870654],[-94.034713,37.870647],[-94.034756,37.869574]]]}},{"type":"Feature","properties":{"NAME":"Stockton","state_abbr":"MO","state_name":"Missouri","ALAND":5482379},"geometry":{"type":"Polygon","coordinates":[[[-93.812294,37.702166],[-93.812005,37.707276],[-93.810665,37.708325],[-93.808588,37.708287],[-93.808854,37.705208],[-93.802995,37.704981],[-93.802785,37.708775],[-93.781524,37.709041],[-93.780196,37.70796],[-93.780193,37.702905],[-93.782918,37.702948],[-93.78503,37.700598],[-93.7855,37.686217],[-93.788574,37.686322],[-93.788601,37.684075],[-93.794846,37.683705],[-93.796924,37.686638],[-93.799322,37.686633],[-93.800852,37.680383],[-93.799168,37.679311],[-93.806049,37.68149],[-93.803421,37.686812],[-93.805939,37.686842],[-93.805513,37.696284],[-93.809159,37.697507],[-93.809448,37.701331],[-93.812294,37.702166]]]}},{"type":"Feature","properties":{"NAME":"Blackwater","state_abbr":"MO","state_name":"Missouri","ALAND":848378},"geometry":{"type":"Polygon","coordinates":[[[-92.997501,38.976225],[-92.996248,38.985919],[-92.99201,38.982626],[-92.98757,38.98398],[-92.987634,38.979856],[-92.983624,38.974833],[-92.997501,38.976225]]]}},{"type":"Feature","properties":{"NAME":"Kingdom City","state_abbr":"MO","state_name":"Missouri","ALAND":5024935},"geometry":{"type":"Polygon","coordinates":[[[-91.960747,38.951962],[-91.94121,38.951882],[-91.94061,38.963625],[-91.931598,38.960552],[-91.927223,38.964573],[-91.925546,38.960162],[-91.927486,38.959252],[-91.915183,38.963102],[-91.911915,38.958551],[-91.92242,38.95808],[-91.923064,38.956659],[-91.930298,38.958377],[-91.938892,38.952225],[-91.94008,38.950206],[-91.933213,38.948333],[-91.931619,38.949182],[-91.924582,38.945887],[-91.924635,38.944198],[-91.933007,38.943873],[-91.923617,38.943766],[-91.923623,38.940765],[-91.93313,38.94077],[-91.93356,38.929855],[-91.941214,38.930014],[-91.941043,38.937472],[-91.943533,38.937449],[-91.943622,38.939223],[-91.951072,38.939048],[-91.94246,38.94933],[-91.94701,38.944794],[-91.960489,38.949482],[-91.960747,38.951962]]]}},{"type":"Feature","properties":{"NAME":"Tindall","state_abbr":"MO","state_name":"Missouri","ALAND":342090},"geometry":{"type":"Polygon","coordinates":[[[-93.61444,40.16194],[-93.604867,40.162783],[-93.604753,40.15907],[-93.614582,40.158993],[-93.61444,40.16194]]]}},{"type":"Feature","properties":{"NAME":"Trenton","state_abbr":"MO","state_name":"Missouri","ALAND":16698451},"geometry":{"type":"Polygon","coordinates":[[[-93.636937,40.082648],[-93.632107,40.082725],[-93.632056,40.086368],[-93.622648,40.086383],[-93.622691,40.089865],[-93.618375,40.089935],[-93.618476,40.104528],[-93.613324,40.104579],[-93.613393,40.118802],[-93.6087,40.119052],[-93.607493,40.111899],[-93.605975,40.111906],[-93.605974,40.104611],[-93.600586,40.104641],[-93.600669,40.094249],[-93.598368,40.090092],[-93.58981,40.090127],[-93.589811,40.082994],[-93.581827,40.082977],[-93.58187,40.090179],[-93.566604,40.090225],[-93.566412,40.080297],[-93.560845,40.0802],[-93.56097,40.075692],[-93.571765,40.074666],[-93.572126,40.071621],[-93.573731,40.071618],[-93.573675,40.066629],[-93.579891,40.066505],[-93.579821,40.062106],[-93.593203,40.074645],[-93.594829,40.072014],[-93.597195,40.071781],[-93.595435,40.070066],[-93.596792,40.06724],[-93.602263,40.067139],[-93.602263,40.061909],[-93.612851,40.061899],[-93.613817,40.058812],[-93.61378,40.060786],[-93.617361,40.061562],[-93.61804,40.064899],[-93.62043,40.066926],[-93.62259,40.066579],[-93.622506,40.061816],[-93.630571,40.060658],[-93.629374,40.062992],[-93.625698,40.06393],[-93.625673,40.066337],[-93.631981,40.066278],[-93.632065,40.079067],[-93.636926,40.079333],[-93.636937,40.082648]],[[-93.578591,40.06814],[-93.576676,40.068104],[-93.575525,40.068083],[-93.575663,40.068857],[-93.578591,40.06814]],[[-93.573731,40.071618],[-93.573593,40.074653],[-93.574983,40.074696],[-93.575016,40.071616],[-93.573731,40.071618]]]}},{"type":"Feature","properties":{"NAME":"Jameson","state_abbr":"MO","state_name":"Missouri","ALAND":580429},"geometry":{"type":"Polygon","coordinates":[[[-93.992893,40.003734],[-93.992769,40.008788],[-93.982485,40.009062],[-93.982299,40.003885],[-93.988368,40.002985],[-93.988306,40.000629],[-93.989569,40.000556],[-93.98953,40.003029],[-93.992893,40.003734]]]}},{"type":"Feature","properties":{"NAME":"Kennett","state_abbr":"MO","state_name":"Missouri","ALAND":18135006},"geometry":{"type":"Polygon","coordinates":[[[-90.084364,36.238055],[-90.081692,36.237244],[-90.081613,36.239415],[-90.078524,36.240893],[-90.078568,36.239373],[-90.073582,36.240258],[-90.071289,36.244169],[-90.060806,36.250595],[-90.047349,36.251851],[-90.04923,36.252041],[-90.049202,36.258445],[-90.047143,36.258445],[-90.047212,36.251852],[-90.045194,36.251863],[-90.045224,36.258526],[-90.040621,36.2585],[-90.036364,36.2659],[-90.034333,36.265853],[-90.034415,36.258569],[-90.033119,36.258607],[-90.033107,36.262568],[-90.031572,36.263227],[-90.032943,36.26492],[-90.029065,36.276315],[-90.026201,36.276793],[-90.02617,36.274511],[-90.024795,36.274518],[-90.02471,36.276769],[-90.017583,36.276414],[-90.019505,36.273061],[-90.019514,36.265859],[-90.02722,36.26581],[-90.027228,36.260402],[-90.021586,36.258562],[-90.021186,36.251266],[-90.021465,36.24758],[-90.024085,36.247599],[-90.02416,36.244027],[-90.02236,36.243728],[-90.026795,36.242652],[-90.026868,36.23901],[-90.026273,36.237846],[-90.015335,36.237893],[-90.015355,36.235805],[-90.023754,36.235449],[-90.025484,36.232955],[-90.02755,36.232933],[-90.035769,36.22169],[-90.035685,36.229372],[-90.040195,36.229436],[-90.040195,36.221993],[-90.04219,36.221981],[-90.04214,36.228955],[-90.053821,36.224634],[-90.055691,36.218298],[-90.063515,36.218301],[-90.064719,36.207926],[-90.073695,36.207816],[-90.073675,36.209187],[-90.076598,36.20978],[-90.080177,36.207311],[-90.078112,36.211144],[-90.074401,36.212182],[-90.073759,36.21476],[-90.074569,36.235787],[-90.083372,36.235848],[-90.084364,36.238055]],[[-90.073613,36.223492],[-90.072764,36.222919],[-90.071897,36.223484],[-90.073613,36.223492]],[[-90.073522,36.222484],[-90.072668,36.221916],[-90.072677,36.222681],[-90.073522,36.222484]],[[-90.070032,36.218251],[-90.069913,36.21615],[-90.067518,36.218279],[-90.070032,36.218251]],[[-90.069249,36.221916],[-90.067049,36.221009],[-90.06607,36.221929],[-90.069249,36.221916]],[[-90.065599,36.218266],[-90.064639,36.2179],[-90.064659,36.218176],[-90.065599,36.218266]],[[-90.064876,36.222346],[-90.064622,36.221842],[-90.06449,36.22228],[-90.064876,36.222346]],[[-90.064649,36.224542],[-90.064048,36.223412],[-90.062569,36.224759],[-90.064649,36.224542]],[[-90.064577,36.223325],[-90.064543,36.222913],[-90.064209,36.223267],[-90.064577,36.223325]],[[-90.061802,36.224826],[-90.060959,36.224263],[-90.060958,36.224901],[-90.061802,36.224826]],[[-90.044015,36.25187],[-90.040008,36.252116],[-90.040028,36.255274],[-90.04209,36.255284],[-90.044015,36.25187]],[[-90.033078,36.261085],[-90.030549,36.260401],[-90.030551,36.26108],[-90.033078,36.261085]],[[-90.031025,36.266523],[-90.030828,36.265808],[-90.030822,36.266521],[-90.031025,36.266523]],[[-90.03077,36.264904],[-90.029764,36.264968],[-90.029509,36.265798],[-90.029798,36.265801],[-90.03077,36.264904]],[[-90.02845,36.240455],[-90.027801,36.238349],[-90.02776,36.240414],[-90.02845,36.240455]],[[-90.024407,36.251259],[-90.023156,36.251264],[-90.023157,36.25434],[-90.024373,36.25434],[-90.024407,36.251259]],[[-90.024329,36.237225],[-90.023179,36.236674],[-90.022918,36.237212],[-90.024329,36.237225]],[[-90.03187,36.258582],[-90.033123,36.258311],[-90.03187,36.258252],[-90.03187,36.258582]]]}},{"type":"Feature","properties":{"NAME":"Green Castle","state_abbr":"MO","state_name":"Missouri","ALAND":1157526},"geometry":{"type":"Polygon","coordinates":[[[-92.884007,40.266118],[-92.872595,40.26634],[-92.87232,40.258594],[-92.874305,40.258561],[-92.874129,40.254932],[-92.883837,40.254866],[-92.884007,40.266118]]]}},{"type":"Feature","properties":{"NAME":"Arcola","state_abbr":"MO","state_name":"Missouri","ALAND":663953},"geometry":{"type":"Polygon","coordinates":[[[-93.880301,37.545922],[-93.879866,37.55298],[-93.87038,37.552643],[-93.870555,37.545732],[-93.880301,37.545922]]]}},{"type":"Feature","properties":{"NAME":"Ironton","state_abbr":"MO","state_name":"Missouri","ALAND":3478464},"geometry":{"type":"Polygon","coordinates":[[[-90.664239,37.592712],[-90.664009,37.600086],[-90.658518,37.599431],[-90.658201,37.596326],[-90.655502,37.596236],[-90.655515,37.593083],[-90.64615,37.592417],[-90.646155,37.595559],[-90.648968,37.595727],[-90.648893,37.597431],[-90.641708,37.595872],[-90.640841,37.598546],[-90.636499,37.59715],[-90.636361,37.598834],[-90.632992,37.598659],[-90.632709,37.601044],[-90.630715,37.60102],[-90.631012,37.610765],[-90.640463,37.613779],[-90.640613,37.617374],[-90.630704,37.611163],[-90.632282,37.614877],[-90.629828,37.614338],[-90.628483,37.609446],[-90.61638,37.600162],[-90.616176,37.597101],[-90.621663,37.59586],[-90.621658,37.597084],[-90.623745,37.597053],[-90.62973,37.591938],[-90.636653,37.592073],[-90.636603,37.59446],[-90.638254,37.594435],[-90.643912,37.591556],[-90.642443,37.588948],[-90.644767,37.588876],[-90.645594,37.5906],[-90.646598,37.587886],[-90.649451,37.589831],[-90.655282,37.590021],[-90.654852,37.588663],[-90.664239,37.592712]]]}},{"type":"Feature","properties":{"NAME":"Fairfax","state_abbr":"MO","state_name":"Missouri","ALAND":1205634},"geometry":{"type":"Polygon","coordinates":[[[-95.398779,40.344222],[-95.386711,40.344145],[-95.386768,40.342114],[-95.384518,40.341762],[-95.386384,40.333971],[-95.39723,40.334005],[-95.39723,40.336521],[-95.398664,40.336521],[-95.398779,40.344222]]]}},{"type":"Feature","properties":{"NAME":"Windsor Place","state_abbr":"MO","state_name":"Missouri","ALAND":2322698},"geometry":{"type":"Polygon","coordinates":[[[-92.726394,38.934649],[-92.724365,38.934705],[-92.725184,38.937162],[-92.697124,38.93783],[-92.696363,38.941727],[-92.701614,38.943139],[-92.702135,38.944961],[-92.687644,38.937588],[-92.690659,38.93663],[-92.68887,38.925763],[-92.690384,38.932768],[-92.691991,38.932662],[-92.690924,38.929518],[-92.694717,38.929561],[-92.696532,38.926088],[-92.70367,38.926595],[-92.703179,38.933884],[-92.724981,38.933515],[-92.726394,38.934649]]]}},{"type":"Feature","properties":{"NAME":"Diehlstadt","state_abbr":"MO","state_name":"Missouri","ALAND":192246},"geometry":{"type":"Polygon","coordinates":[[[-89.434753,36.961474],[-89.429851,36.961074],[-89.429796,36.957318],[-89.434857,36.957412],[-89.434753,36.961474]]]}},{"type":"Feature","properties":{"NAME":"Linn","state_abbr":"MO","state_name":"Missouri","ALAND":3020059},"geometry":{"type":"Polygon","coordinates":[[[-91.860333,38.493579],[-91.854194,38.493261],[-91.8451,38.483805],[-91.842466,38.482974],[-91.839914,38.478299],[-91.837463,38.479281],[-91.8381,38.478005],[-91.832801,38.478151],[-91.83211,38.477084],[-91.834683,38.475584],[-91.829978,38.475968],[-91.830998,38.472856],[-91.827078,38.469739],[-91.827974,38.467865],[-91.831088,38.470103],[-91.833133,38.467254],[-91.835034,38.467221],[-91.836714,38.471288],[-91.84066,38.469677],[-91.838061,38.466449],[-91.847313,38.468334],[-91.849252,38.472146],[-91.83782,38.473352],[-91.849258,38.474932],[-91.849158,38.482392],[-91.850348,38.482901],[-91.854347,38.48028],[-91.85843,38.481227],[-91.858101,38.490019],[-91.860333,38.493579]]]}},{"type":"Feature","properties":{"NAME":"Huntsville","state_abbr":"MO","state_name":"Missouri","ALAND":6000992},"geometry":{"type":"Polygon","coordinates":[[[-92.560601,39.42748],[-92.557681,39.429129],[-92.555619,39.449718],[-92.544137,39.449577],[-92.543448,39.447702],[-92.540211,39.447695],[-92.539142,39.451276],[-92.537536,39.451267],[-92.538564,39.447665],[-92.534968,39.447632],[-92.535164,39.440567],[-92.52222,39.440458],[-92.535277,39.435202],[-92.531567,39.436207],[-92.531769,39.433052],[-92.526903,39.433109],[-92.526905,39.426026],[-92.5358,39.425474],[-92.535789,39.422877],[-92.539234,39.423659],[-92.539348,39.425771],[-92.559091,39.426109],[-92.560601,39.42748]],[[-92.535301,39.434033],[-92.534478,39.432923],[-92.534138,39.434523],[-92.535301,39.434033]]]}},{"type":"Feature","properties":{"NAME":"Van Buren","state_abbr":"MO","state_name":"Missouri","ALAND":5177534},"geometry":{"type":"Polygon","coordinates":[[[-91.020582,37.011554],[-91.020255,37.023159],[-91.001956,37.023452],[-91.001638,37.014259],[-91.00613,37.008091],[-91.002633,37.008063],[-91.003049,36.993194],[-91.009651,36.993157],[-91.009701,36.990605],[-91.018604,36.993214],[-91.020566,36.998997],[-91.018182,37.009043],[-91.020582,37.011554]]]}},{"type":"Feature","properties":{"NAME":"Arkoe","state_abbr":"MO","state_name":"Missouri","ALAND":329386},"geometry":{"type":"Polygon","coordinates":[[[-94.83168,40.261671],[-94.824877,40.261869],[-94.824646,40.256451],[-94.82997,40.256587],[-94.829921,40.258385],[-94.83171,40.258418],[-94.83168,40.261671]]]}},{"type":"Feature","properties":{"NAME":"Graham","state_abbr":"MO","state_name":"Missouri","ALAND":688783},"geometry":{"type":"Polygon","coordinates":[[[-95.047116,40.198375],[-95.045848,40.204071],[-95.033359,40.204045],[-95.033322,40.200015],[-95.035828,40.200059],[-95.035834,40.198335],[-95.047116,40.198375]]]}},{"type":"Feature","properties":{"NAME":"Pickering","state_abbr":"MO","state_name":"Missouri","ALAND":443868},"geometry":{"type":"Polygon","coordinates":[[[-94.846582,40.449713],[-94.845541,40.453659],[-94.838581,40.453631],[-94.838463,40.446401],[-94.844148,40.446432],[-94.844127,40.450068],[-94.846582,40.449713]]]}},{"type":"Feature","properties":{"NAME":"Forsyth","state_abbr":"MO","state_name":"Missouri","ALAND":8717171},"geometry":{"type":"Polygon","coordinates":[[[-93.128026,36.700516],[-93.127689,36.701819],[-93.12434,36.702335],[-93.125586,36.70262],[-93.124414,36.703581],[-93.125359,36.711027],[-93.121136,36.711882],[-93.121219,36.705383],[-93.12009,36.705365],[-93.12014,36.708964],[-93.116719,36.708932],[-93.116706,36.7053],[-93.112294,36.705373],[-93.112289,36.701705],[-93.107799,36.701735],[-93.107759,36.699912],[-93.109971,36.699894],[-93.107792,36.698994],[-93.107786,36.694546],[-93.109452,36.694543],[-93.109609,36.691079],[-93.113066,36.691893],[-93.112245,36.689417],[-93.110719,36.689315],[-93.111181,36.687285],[-93.103006,36.687329],[-93.102835,36.686115],[-93.096182,36.68737],[-93.094284,36.690975],[-93.09432,36.695454],[-93.089078,36.696606],[-93.087546,36.699303],[-93.080805,36.698184],[-93.08079,36.694583],[-93.083047,36.694573],[-93.080767,36.690984],[-93.084606,36.692682],[-93.085265,36.690987],[-93.089762,36.690986],[-93.089699,36.687387],[-93.092182,36.687381],[-93.092198,36.684112],[-93.099844,36.683453],[-93.100276,36.678784],[-93.101143,36.676772],[-93.102402,36.675363],[-93.10024,36.673407],[-93.095159,36.673406],[-93.093873,36.672319],[-93.089919,36.673509],[-93.08965,36.67703],[-93.083489,36.675694],[-93.078412,36.676976],[-93.07832,36.68014],[-93.080693,36.680128],[-93.080715,36.6821],[-93.074042,36.684781],[-93.068354,36.684777],[-93.068331,36.681521],[-93.070755,36.680174],[-93.071978,36.676928],[-93.076555,36.676941],[-93.076513,36.673349],[-93.078786,36.67155],[-93.078794,36.66969],[-93.076538,36.669686],[-93.0766,36.662442],[-93.089369,36.661967],[-93.091461,36.666089],[-93.098375,36.666158],[-93.097454,36.668259],[-93.094123,36.668715],[-93.096692,36.671036],[-93.096513,36.672878],[-93.10035,36.673306],[-93.102503,36.675167],[-93.102455,36.675708],[-93.10118,36.677023],[-93.100441,36.679163],[-93.10107,36.683286],[-93.112932,36.682787],[-93.125511,36.675507],[-93.123781,36.680104],[-93.12501,36.68001],[-93.124186,36.685148],[-93.126092,36.69083],[-93.12558,36.70071],[-93.128026,36.700516]],[[-93.116694,36.687281],[-93.113733,36.687286],[-93.113748,36.68866],[-93.116675,36.689753],[-93.116694,36.687281]],[[-93.11667,36.693889],[-93.114341,36.691735],[-93.112971,36.693407],[-93.11667,36.693889]]]}},{"type":"Feature","properties":{"NAME":"Cardwell","state_abbr":"MO","state_name":"Missouri","ALAND":1631183},"geometry":{"type":"Polygon","coordinates":[[[-90.297696,36.0427],[-90.297649,36.05364],[-90.284199,36.053673],[-90.284168,36.042688],[-90.288764,36.04263],[-90.288775,36.039123],[-90.293151,36.039124],[-90.293177,36.042789],[-90.297696,36.0427]]]}},{"type":"Feature","properties":{"NAME":"Bland","state_abbr":"MO","state_name":"Missouri","ALAND":1670942},"geometry":{"type":"Polygon","coordinates":[[[-91.646369,38.300198],[-91.644697,38.304394],[-91.639453,38.303119],[-91.639402,38.306564],[-91.635864,38.306147],[-91.635801,38.309063],[-91.633936,38.309046],[-91.63411,38.305765],[-91.632588,38.305007],[-91.627418,38.303652],[-91.624839,38.304584],[-91.626067,38.30123],[-91.622257,38.294412],[-91.636128,38.294452],[-91.636043,38.299374],[-91.641716,38.299343],[-91.641629,38.301653],[-91.646369,38.300198]]]}},{"type":"Feature","properties":{"NAME":"Morrison","state_abbr":"MO","state_name":"Missouri","ALAND":1173874},"geometry":{"type":"Polygon","coordinates":[[[-91.640598,38.667656],[-91.640577,38.674195],[-91.63796,38.675934],[-91.630978,38.677104],[-91.631173,38.675381],[-91.62636,38.675189],[-91.626379,38.666975],[-91.640598,38.667656]]]}},{"type":"Feature","properties":{"NAME":"Grandview","state_abbr":"MO","state_name":"Missouri","ALAND":38146070},"geometry":{"type":"Polygon","coordinates":[[[-94.563841,38.866933],[-94.560828,38.910095],[-94.488569,38.907211],[-94.49213,38.841707],[-94.529564,38.843652],[-94.526921,38.865305],[-94.563841,38.866933]]]}},{"type":"Feature","properties":{"NAME":"Lake Lotawana","state_abbr":"MO","state_name":"Missouri","ALAND":26652186},"geometry":{"type":"MultiPolygon","coordinates":[[[[-94.279848,38.932776],[-94.278804,38.932748],[-94.278848,38.929202],[-94.279931,38.929228],[-94.279848,38.932776]]],[[[-94.285691,38.865163],[-94.283368,38.866631],[-94.279995,38.865021],[-94.285691,38.865163]]],[[[-94.298409,38.900113],[-94.297267,38.918739],[-94.293507,38.918702],[-94.297217,38.920271],[-94.293507,38.920213],[-94.292033,38.922529],[-94.289843,38.922487],[-94.289754,38.925996],[-94.286921,38.927119],[-94.286875,38.925434],[-94.275775,38.925412],[-94.275728,38.928614],[-94.277175,38.929215],[-94.275739,38.929377],[-94.275223,38.933377],[-94.278845,38.933314],[-94.278795,38.935865],[-94.2759,38.936636],[-94.278004,38.936733],[-94.280317,38.942187],[-94.277875,38.942061],[-94.277642,38.944204],[-94.275533,38.944082],[-94.272443,38.940185],[-94.269655,38.94015],[-94.269758,38.938157],[-94.266822,38.938076],[-94.266751,38.940094],[-94.261765,38.939938],[-94.260441,38.941559],[-94.26153,38.945972],[-94.255664,38.944941],[-94.257741,38.941586],[-94.254111,38.939946],[-94.248487,38.940191],[-94.247319,38.943269],[-94.245942,38.94324],[-94.245889,38.940216],[-94.242652,38.93972],[-94.242631,38.92353],[-94.242337,38.921213],[-94.240586,38.921109],[-94.241106,38.907495],[-94.245835,38.907392],[-94.247643,38.911997],[-94.253778,38.909096],[-94.254472,38.900171],[-94.264329,38.900193],[-94.264819,38.890675],[-94.25567,38.889344],[-94.255559,38.891554],[-94.257736,38.891601],[-94.257788,38.893007],[-94.250625,38.891736],[-94.242489,38.885699],[-94.242801,38.87833],[-94.246909,38.878415],[-94.246885,38.873442],[-94.240313,38.873462],[-94.240391,38.871966],[-94.237929,38.871973],[-94.238278,38.865914],[-94.236128,38.865915],[-94.23613,38.864061],[-94.210965,38.863891],[-94.211258,38.856769],[-94.215843,38.856723],[-94.21615,38.849321],[-94.220674,38.84935],[-94.220551,38.854789],[-94.229415,38.856378],[-94.229171,38.860107],[-94.233878,38.860168],[-94.234,38.858151],[-94.238829,38.858033],[-94.238505,38.863923],[-94.245429,38.863927],[-94.245351,38.865729],[-94.243172,38.865654],[-94.242993,38.870328],[-94.253991,38.870683],[-94.253807,38.875207],[-94.256925,38.87539],[-94.257414,38.86078],[-94.252601,38.860471],[-94.252846,38.856497],[-94.248805,38.856532],[-94.248782,38.854996],[-94.257659,38.854483],[-94.257475,38.857356],[-94.266661,38.857721],[-94.26644,38.861513],[-94.276177,38.860129],[-94.276109,38.865053],[-94.279995,38.865021],[-94.279956,38.868366],[-94.274378,38.868362],[-94.266205,38.865577],[-94.266051,38.868229],[-94.267801,38.869489],[-94.274777,38.869659],[-94.274817,38.871256],[-94.273195,38.871294],[-94.27489,38.873251],[-94.265777,38.873007],[-94.265459,38.878519],[-94.269725,38.878502],[-94.269518,38.886944],[-94.274409,38.887067],[-94.27429,38.892841],[-94.284984,38.893189],[-94.298409,38.900113]],[[-94.296141,38.917716],[-94.292371,38.916705],[-94.29237,38.917602],[-94.296141,38.917716]],[[-94.293039,38.901295],[-94.289677,38.901417],[-94.289738,38.903985],[-94.2931,38.903985],[-94.293039,38.901295]],[[-94.275903,38.936812],[-94.273719,38.93673],[-94.273843,38.940063],[-94.275738,38.940142],[-94.275903,38.936812]],[[-94.272301,38.864707],[-94.269576,38.864592],[-94.269562,38.862742],[-94.266377,38.862607],[-94.266225,38.865233],[-94.272301,38.867015],[-94.272301,38.864707]],[[-94.257935,38.923762],[-94.256711,38.923845],[-94.256627,38.925866],[-94.257779,38.92587],[-94.257935,38.923762]]]]}},{"type":"Feature","properties":{"NAME":"Carthage","state_abbr":"MO","state_name":"Missouri","ALAND":31317360},"geometry":{"type":"Polygon","coordinates":[[[-94.367919,37.097119],[-94.367406,37.111551],[-94.363501,37.111521],[-94.36112,37.113866],[-94.360979,37.11882],[-94.351925,37.118697],[-94.350948,37.125998],[-94.348185,37.125934],[-94.347294,37.122252],[-94.342772,37.122219],[-94.342745,37.125833],[-94.335242,37.125798],[-94.333926,37.119518],[-94.331344,37.119518],[-94.331393,37.122032],[-94.329206,37.122046],[-94.329236,37.125814],[-94.333804,37.12587],[-94.333637,37.129121],[-94.329245,37.129],[-94.329307,37.132939],[-94.324189,37.132924],[-94.324149,37.140256],[-94.332152,37.140211],[-94.333311,37.138885],[-94.32857,37.138392],[-94.328673,37.134832],[-94.33346,37.134865],[-94.33341,37.136559],[-94.34457,37.136816],[-94.344445,37.140357],[-94.340829,37.14056],[-94.341372,37.143959],[-94.339978,37.143937],[-94.339998,37.14057],[-94.334301,37.140583],[-94.334255,37.142105],[-94.333232,37.140586],[-94.328444,37.140474],[-94.328458,37.143844],[-94.324828,37.143825],[-94.332992,37.154527],[-94.337252,37.154788],[-94.337141,37.158412],[-94.34166,37.158426],[-94.340773,37.16148],[-94.345982,37.161144],[-94.345905,37.163457],[-94.339857,37.166273],[-94.339908,37.167502],[-94.342914,37.166857],[-94.342856,37.169368],[-94.345773,37.169427],[-94.345677,37.172827],[-94.347719,37.172518],[-94.345675,37.172889],[-94.345482,37.176522],[-94.336448,37.176581],[-94.336397,37.180165],[-94.327336,37.180162],[-94.32722,37.183829],[-94.32263,37.183798],[-94.326519,37.188836],[-94.32718,37.19481],[-94.334928,37.194774],[-94.334063,37.202476],[-94.326661,37.20572],[-94.322197,37.205225],[-94.326749,37.203866],[-94.326804,37.202246],[-94.322591,37.202227],[-94.32273,37.198436],[-94.325238,37.198442],[-94.324012,37.191288],[-94.325964,37.191118],[-94.326161,37.189441],[-94.321972,37.18494],[-94.318311,37.185435],[-94.318276,37.187434],[-94.310529,37.18834],[-94.300122,37.187497],[-94.29918,37.184716],[-94.294461,37.189947],[-94.29235,37.190951],[-94.291033,37.189876],[-94.291545,37.185857],[-94.298458,37.18376],[-94.29099,37.183933],[-94.291648,37.165479],[-94.28568,37.161721],[-94.287212,37.161721],[-94.28731,37.154642],[-94.292104,37.154662],[-94.292124,37.147375],[-94.296776,37.147358],[-94.29694,37.140184],[-94.306028,37.140214],[-94.306274,37.132784],[-94.310776,37.132779],[-94.310728,37.134349],[-94.315046,37.133856],[-94.31514,37.130886],[-94.311907,37.129397],[-94.311187,37.125715],[-94.315179,37.125728],[-94.315235,37.121661],[-94.320242,37.121668],[-94.32057,37.111277],[-94.329632,37.111281],[-94.329534,37.114905],[-94.334003,37.114931],[-94.334099,37.111292],[-94.345479,37.111385],[-94.345456,37.109826],[-94.343162,37.109842],[-94.343267,37.104076],[-94.347192,37.10337],[-94.348165,37.105029],[-94.350328,37.105025],[-94.350329,37.100673],[-94.352367,37.100534],[-94.352376,37.097021],[-94.367919,37.097119]],[[-94.342198,37.163345],[-94.341473,37.16291],[-94.341482,37.163656],[-94.342198,37.163345]],[[-94.336083,37.162478],[-94.334437,37.158408],[-94.330856,37.154936],[-94.328216,37.154813],[-94.328186,37.156062],[-94.331037,37.156065],[-94.32818,37.156305],[-94.328064,37.159635],[-94.330393,37.159303],[-94.330285,37.162004],[-94.334768,37.160433],[-94.333224,37.169299],[-94.33504,37.169307],[-94.336083,37.162478]],[[-94.33359,37.155029],[-94.333025,37.155421],[-94.333884,37.156671],[-94.33359,37.155029]],[[-94.332379,37.167446],[-94.329279,37.167463],[-94.327695,37.169303],[-94.332278,37.16931],[-94.332379,37.167446]],[[-94.329674,37.154624],[-94.330258,37.152652],[-94.329766,37.151937],[-94.329674,37.154624]],[[-94.330027,37.165575],[-94.32789,37.164993],[-94.327824,37.165625],[-94.330027,37.165575]],[[-94.325838,37.151048],[-94.322476,37.152754],[-94.322497,37.148401],[-94.317104,37.148374],[-94.317002,37.151116],[-94.319275,37.15113],[-94.319961,37.15478],[-94.321581,37.153513],[-94.323754,37.154779],[-94.325838,37.151048]],[[-94.315052,37.136614],[-94.310752,37.137517],[-94.310659,37.140095],[-94.315022,37.140103],[-94.315052,37.136614]],[[-94.29929,37.14823],[-94.297713,37.147359],[-94.297696,37.148233],[-94.29929,37.14823]]]}},{"type":"Feature","properties":{"NAME":"Rosebud","state_abbr":"MO","state_name":"Missouri","ALAND":2255080},"geometry":{"type":"Polygon","coordinates":[[[-91.418287,38.387302],[-91.416512,38.388804],[-91.414066,38.387619],[-91.414066,38.389753],[-91.408642,38.390587],[-91.390295,38.390474],[-91.390167,38.381231],[-91.404702,38.381091],[-91.404763,38.377473],[-91.414135,38.377473],[-91.41415,38.381265],[-91.408626,38.381196],[-91.409091,38.385963],[-91.418287,38.387302]]]}},{"type":"Feature","properties":{"NAME":"Iberia","state_abbr":"MO","state_name":"Missouri","ALAND":2281852},"geometry":{"type":"MultiPolygon","coordinates":[[[[-92.296571,38.098677],[-92.293389,38.098589],[-92.29342,38.096927],[-92.296643,38.097081],[-92.296571,38.098677]]],[[[-92.307762,38.087661],[-92.303977,38.087392],[-92.302812,38.091933],[-92.299384,38.09349],[-92.29885,38.097421],[-92.295783,38.095754],[-92.289643,38.096806],[-92.290429,38.094999],[-92.281997,38.091402],[-92.284324,38.091426],[-92.284465,38.088784],[-92.292281,38.087259],[-92.293785,38.080812],[-92.296152,38.080186],[-92.295394,38.077618],[-92.298471,38.077627],[-92.298348,38.080053],[-92.300357,38.079521],[-92.301701,38.08302],[-92.307686,38.082925],[-92.307762,38.087661]]]]}},{"type":"Feature","properties":{"NAME":"New Florence","state_abbr":"MO","state_name":"Missouri","ALAND":7789283},"geometry":{"type":"Polygon","coordinates":[[[-91.480675,38.903085],[-91.471022,38.903256],[-91.470822,38.90943],[-91.461429,38.910509],[-91.463012,38.92201],[-91.462144,38.926319],[-91.468771,38.934492],[-91.464897,38.929973],[-91.461384,38.928483],[-91.461366,38.934571],[-91.4555,38.93465],[-91.455729,38.924424],[-91.450123,38.924389],[-91.45028,38.920063],[-91.437272,38.919903],[-91.437629,38.905008],[-91.442842,38.90502],[-91.443448,38.879136],[-91.455985,38.89778],[-91.456271,38.895451],[-91.460603,38.895642],[-91.460385,38.900083],[-91.480675,38.903085]],[[-91.455641,38.897475],[-91.451409,38.891613],[-91.447913,38.891743],[-91.45242,38.895548],[-91.45242,38.898099],[-91.455641,38.897475]]]}},{"type":"Feature","properties":{"NAME":"Niangua","state_abbr":"MO","state_name":"Missouri","ALAND":1061831},"geometry":{"type":"Polygon","coordinates":[[[-92.836189,37.385563],[-92.835979,37.394628],[-92.826766,37.394445],[-92.827237,37.387822],[-92.826209,37.385485],[-92.823249,37.38544],[-92.823342,37.382035],[-92.829749,37.382095],[-92.831173,37.3855],[-92.836189,37.385563]]]}},{"type":"Feature","properties":{"NAME":"Bucklin","state_abbr":"MO","state_name":"Missouri","ALAND":3060511},"geometry":{"type":"Polygon","coordinates":[[[-92.897731,39.775135],[-92.89746,39.791612],[-92.879807,39.791396],[-92.879778,39.793267],[-92.874786,39.793403],[-92.874809,39.788623],[-92.879819,39.78872],[-92.879902,39.774563],[-92.897731,39.775135]]]}},{"type":"Feature","properties":{"NAME":"Linneus","state_abbr":"MO","state_name":"Missouri","ALAND":2760082},"geometry":{"type":"Polygon","coordinates":[[[-93.19622,39.884494],[-93.179562,39.884481],[-93.179557,39.882391],[-93.176062,39.882358],[-93.175736,39.87511],[-93.179723,39.874708],[-93.179708,39.868424],[-93.195515,39.86813],[-93.19622,39.884494]]]}},{"type":"Feature","properties":{"NAME":"Shelbyville","state_abbr":"MO","state_name":"Missouri","ALAND":2009734},"geometry":{"type":"Polygon","coordinates":[[[-92.051767,39.80391],[-92.050702,39.812804],[-92.041963,39.811151],[-92.040377,39.813376],[-92.031927,39.813334],[-92.031962,39.809491],[-92.029712,39.809493],[-92.029822,39.801504],[-92.049002,39.801942],[-92.048917,39.803788],[-92.051767,39.80391]]]}},{"type":"Feature","properties":{"NAME":"Warrenton","state_abbr":"MO","state_name":"Missouri","ALAND":23432202},"geometry":{"type":"MultiPolygon","coordinates":[[[[-91.154217,38.788618],[-91.150327,38.791291],[-91.149499,38.789659],[-91.154217,38.788618]]],[[[-91.231675,38.843928],[-91.224465,38.839917],[-91.221815,38.841209],[-91.222216,38.837447],[-91.210922,38.828861],[-91.188647,38.821573],[-91.179249,38.82263],[-91.168056,38.819818],[-91.150675,38.821757],[-91.150666,38.844708],[-91.143804,38.844621],[-91.145592,38.851957],[-91.135975,38.851814],[-91.134347,38.859377],[-91.118645,38.859344],[-91.118588,38.855333],[-91.126318,38.856245],[-91.126444,38.853555],[-91.130734,38.853556],[-91.130591,38.848042],[-91.135535,38.848044],[-91.135761,38.84643],[-91.135842,38.844523],[-91.126932,38.844424],[-91.126221,38.846464],[-91.124272,38.846663],[-91.124278,38.850699],[-91.11974,38.850705],[-91.121805,38.83601],[-91.116654,38.8359],[-91.116736,38.829585],[-91.121875,38.829585],[-91.122051,38.818638],[-91.085566,38.82132],[-91.113857,38.818424],[-91.136338,38.818475],[-91.136568,38.807292],[-91.123841,38.806904],[-91.122348,38.806218],[-91.122385,38.80261],[-91.113287,38.80259],[-91.113308,38.81442],[-91.101941,38.814651],[-91.102117,38.81125],[-91.098215,38.811246],[-91.099551,38.806346],[-91.098551,38.790492],[-91.109699,38.790673],[-91.10982,38.79529],[-91.113291,38.795429],[-91.113249,38.800472],[-91.117192,38.801343],[-91.117499,38.79587],[-91.127541,38.795934],[-91.127545,38.793937],[-91.132094,38.793908],[-91.132169,38.792011],[-91.137118,38.792194],[-91.137377,38.788174],[-91.142723,38.788367],[-91.142783,38.791323],[-91.156354,38.792902],[-91.156336,38.799845],[-91.161129,38.79988],[-91.160114,38.809165],[-91.161128,38.813422],[-91.165384,38.815554],[-91.165246,38.817077],[-91.170198,38.817368],[-91.169013,38.817021],[-91.171629,38.815039],[-91.178096,38.815142],[-91.175654,38.813789],[-91.179747,38.812267],[-91.179773,38.81031],[-91.182079,38.810247],[-91.182348,38.813797],[-91.183384,38.810854],[-91.186748,38.810861],[-91.186684,38.815285],[-91.196081,38.814469],[-91.196056,38.818166],[-91.180268,38.818213],[-91.179767,38.819822],[-91.187035,38.820251],[-91.210511,38.827802],[-91.224265,38.83756],[-91.226749,38.837592],[-91.227569,38.841038],[-91.231675,38.843928]],[[-91.182142,38.815185],[-91.181477,38.81434],[-91.180142,38.81516],[-91.182142,38.815185]],[[-91.140717,38.848125],[-91.137807,38.846801],[-91.137777,38.844544],[-91.136397,38.844501],[-91.136105,38.848048],[-91.140717,38.848125]],[[-91.137322,38.793787],[-91.136282,38.792757],[-91.136277,38.793765],[-91.137322,38.793787]],[[-91.132049,38.796138],[-91.127536,38.797446],[-91.127541,38.79966],[-91.131995,38.799687],[-91.132049,38.796138]]]]}},{"type":"Feature","properties":{"NAME":"Wright City","state_abbr":"MO","state_name":"Missouri","ALAND":15695665},"geometry":{"type":"MultiPolygon","coordinates":[[[[-91.064629,38.811321],[-91.064623,38.813841],[-91.05519,38.81369],[-91.055305,38.810598],[-91.064629,38.811321]]],[[[-91.085668,38.822174],[-91.055076,38.828066],[-91.053991,38.828693],[-91.054888,38.830874],[-91.05256,38.830902],[-91.052514,38.835573],[-91.045459,38.835656],[-91.045459,38.843031],[-91.049785,38.843119],[-91.049808,38.840728],[-91.051156,38.840742],[-91.05553,38.843159],[-91.06399,38.843252],[-91.063926,38.850923],[-91.062223,38.85167],[-91.063912,38.851685],[-91.063867,38.85411],[-91.067445,38.854166],[-91.067445,38.86147],[-91.073609,38.859072],[-91.073669,38.865561],[-91.069907,38.865642],[-91.067935,38.87006],[-91.065212,38.867803],[-91.065228,38.8711],[-91.059552,38.868367],[-91.059602,38.870426],[-91.058257,38.870293],[-91.059818,38.872635],[-91.056066,38.872577],[-91.056016,38.861511],[-91.063586,38.861511],[-91.063569,38.858075],[-91.046087,38.85793],[-91.046111,38.855633],[-91.044241,38.855537],[-91.045836,38.85324],[-91.049543,38.853212],[-91.049674,38.844845],[-91.05087,38.843783],[-91.045376,38.843546],[-91.044918,38.847436],[-91.040543,38.847423],[-91.040431,38.850253],[-91.035462,38.850175],[-91.035456,38.845182],[-91.030936,38.845196],[-91.03094,38.840792],[-91.032986,38.839937],[-91.033325,38.835623],[-91.012146,38.835096],[-91.012146,38.837237],[-91.014371,38.837243],[-91.012154,38.838628],[-91.002357,38.838435],[-91.002643,38.832682],[-90.997321,38.831945],[-91.011981,38.830908],[-91.012011,38.829304],[-90.98916,38.823413],[-90.993931,38.823817],[-90.993931,38.819997],[-91.001405,38.819808],[-91.001419,38.816007],[-91.007887,38.815933],[-91.007949,38.818032],[-91.014836,38.817965],[-91.015183,38.820579],[-91.020614,38.824074],[-91.027823,38.824224],[-91.027783,38.818925],[-91.035883,38.818964],[-91.036771,38.798496],[-91.036715,38.807244],[-91.045494,38.807336],[-91.04491,38.820889],[-91.054884,38.820452],[-91.055034,38.82584],[-91.06014,38.826298],[-91.059864,38.821214],[-91.064548,38.819312],[-91.064623,38.813841],[-91.069711,38.813887],[-91.069738,38.818449],[-91.072533,38.82345],[-91.085668,38.822174]],[[-91.044749,38.835824],[-91.037707,38.835658],[-91.035462,38.842062],[-91.040261,38.842063],[-91.040299,38.838726],[-91.044744,38.838761],[-91.044749,38.835824]]]]}},{"type":"Feature","properties":{"NAME":"Country Life Acres","state_abbr":"MO","state_name":"Missouri","ALAND":321441},"geometry":{"type":"Polygon","coordinates":[[[-90.4578,38.619063],[-90.457735,38.625739],[-90.453022,38.625759],[-90.453103,38.618763],[-90.4578,38.619063]]]}},{"type":"Feature","properties":{"NAME":"Maryland Heights","state_abbr":"MO","state_name":"Missouri","ALAND":56671120},"geometry":{"type":"Polygon","coordinates":[[[-90.538743,38.687116],[-90.533785,38.691915],[-90.530363,38.69863],[-90.530378,38.708195],[-90.533638,38.726871],[-90.53134,38.731178],[-90.49579,38.748256],[-90.485205,38.759229],[-90.482299,38.764348],[-90.450121,38.752594],[-90.449095,38.751076],[-90.45692,38.751671],[-90.460416,38.746898],[-90.468857,38.741818],[-90.464094,38.736263],[-90.457261,38.74019],[-90.456669,38.742724],[-90.453097,38.743822],[-90.44717,38.741434],[-90.439133,38.743471],[-90.432003,38.737541],[-90.4298,38.737442],[-90.429254,38.729038],[-90.42072,38.729046],[-90.420751,38.727034],[-90.414051,38.722734],[-90.40728,38.722343],[-90.408951,38.693537],[-90.410424,38.694508],[-90.411995,38.692864],[-90.419321,38.691971],[-90.419767,38.689697],[-90.423761,38.692014],[-90.423325,38.694629],[-90.428327,38.694464],[-90.428817,38.696092],[-90.432962,38.692242],[-90.444427,38.69198],[-90.444909,38.690595],[-90.447588,38.691058],[-90.448375,38.687848],[-90.450027,38.68811],[-90.450301,38.692911],[-90.454996,38.693641],[-90.454063,38.695352],[-90.456943,38.696431],[-90.464885,38.694677],[-90.467748,38.695528],[-90.474684,38.704214],[-90.478245,38.70572],[-90.491384,38.693316],[-90.490512,38.692663],[-90.494825,38.691149],[-90.497786,38.692424],[-90.510465,38.688452],[-90.530689,38.679549],[-90.538743,38.687116]]]}},{"type":"Feature","properties":{"NAME":"Cole Camp","state_abbr":"MO","state_name":"Missouri","ALAND":3371275},"geometry":{"type":"Polygon","coordinates":[[[-93.220356,38.462138],[-93.215833,38.462111],[-93.21578,38.464548],[-93.206535,38.464695],[-93.206508,38.466461],[-93.182131,38.466322],[-93.191332,38.463822],[-93.191222,38.461199],[-93.1878,38.461195],[-93.187736,38.459283],[-93.190521,38.45925],[-93.190521,38.453038],[-93.189139,38.452332],[-93.195052,38.454172],[-93.195048,38.453092],[-93.210377,38.453101],[-93.212025,38.451526],[-93.211925,38.448549],[-93.214985,38.450286],[-93.211803,38.453112],[-93.215986,38.453172],[-93.215866,38.460871],[-93.220446,38.460972],[-93.220356,38.462138]]]}},{"type":"Feature","properties":{"NAME":"Bonne Terre","state_abbr":"MO","state_name":"Missouri","ALAND":10536655},"geometry":{"type":"MultiPolygon","coordinates":[[[[-90.52068,37.907237],[-90.51899,37.906468],[-90.517132,37.905773],[-90.519551,37.906022],[-90.52068,37.907237]]],[[[-90.521203,37.916473],[-90.521884,37.917928],[-90.521008,37.917791],[-90.521203,37.916473]]],[[[-90.522286,37.921317],[-90.521123,37.921943],[-90.521882,37.925879],[-90.517283,37.929563],[-90.508696,37.929117],[-90.509343,37.924514],[-90.511321,37.923553],[-90.511934,37.920452],[-90.522286,37.921317]]],[[[-90.560885,37.935573],[-90.559645,37.934631],[-90.559564,37.934205],[-90.560159,37.934053],[-90.560885,37.935573]]],[[[-90.568417,37.928216],[-90.568186,37.93071],[-90.563274,37.930422],[-90.562928,37.933753],[-90.557672,37.933398],[-90.559976,37.935001],[-90.559418,37.936079],[-90.554476,37.936239],[-90.554287,37.933414],[-90.55301,37.933388],[-90.55373,37.940736],[-90.545206,37.939793],[-90.542619,37.938287],[-90.5413,37.935032],[-90.542216,37.935029],[-90.543529,37.928073],[-90.543405,37.927047],[-90.542349,37.932442],[-90.5407,37.932447],[-90.539324,37.92708],[-90.540086,37.931289],[-90.535718,37.930735],[-90.53559,37.927794],[-90.532454,37.92762],[-90.533798,37.921468],[-90.527706,37.921183],[-90.526329,37.918837],[-90.525528,37.920949],[-90.521663,37.920564],[-90.522912,37.920102],[-90.521818,37.919599],[-90.522467,37.908882],[-90.535363,37.914691],[-90.537753,37.91738],[-90.536745,37.915245],[-90.515868,37.903553],[-90.521584,37.904334],[-90.521858,37.906779],[-90.529826,37.907191],[-90.531818,37.901313],[-90.541969,37.903148],[-90.540925,37.907479],[-90.552078,37.907059],[-90.55404,37.911085],[-90.558502,37.911379],[-90.557495,37.912539],[-90.564393,37.915617],[-90.563505,37.920769],[-90.565509,37.920889],[-90.565165,37.926036],[-90.568417,37.928216]],[[-90.542628,37.910504],[-90.539827,37.91042],[-90.538037,37.913893],[-90.534552,37.913608],[-90.54111,37.916698],[-90.542628,37.910504]]]]}},{"type":"Feature","properties":{"NAME":"Auxvasse","state_abbr":"MO","state_name":"Missouri","ALAND":1955481},"geometry":{"type":"Polygon","coordinates":[[[-91.907094,39.014469],[-91.902306,39.016225],[-91.900745,39.020461],[-91.897708,39.020442],[-91.896723,39.032569],[-91.89161,39.03246],[-91.892236,39.028499],[-91.89498,39.028484],[-91.895116,39.02529],[-91.896635,39.025203],[-91.892235,39.024979],[-91.892338,39.021298],[-91.896274,39.021055],[-91.893404,39.020525],[-91.892418,39.017969],[-91.882938,39.017856],[-91.887581,39.014672],[-91.888219,39.011494],[-91.897471,39.010357],[-91.897908,39.004082],[-91.899122,39.004096],[-91.898111,39.014159],[-91.898906,39.010624],[-91.902234,39.010664],[-91.907109,39.012302],[-91.907094,39.014469]]]}},{"type":"Feature","properties":{"NAME":"Leadwood","state_abbr":"MO","state_name":"Missouri","ALAND":2995962},"geometry":{"type":"Polygon","coordinates":[[[-90.605558,37.86553],[-90.605412,37.868223],[-90.596732,37.867331],[-90.596291,37.870863],[-90.582816,37.869559],[-90.582847,37.864008],[-90.578147,37.863947],[-90.578559,37.852661],[-90.592403,37.85302],[-90.592276,37.856675],[-90.598072,37.856897],[-90.598089,37.864909],[-90.605558,37.86553]]]}},{"type":"Feature","properties":{"NAME":"Rock Port","state_abbr":"MO","state_name":"Missouri","ALAND":7176668},"geometry":{"type":"Polygon","coordinates":[[[-95.567594,40.405883],[-95.559579,40.407119],[-95.5596,40.411038],[-95.563521,40.41435],[-95.563457,40.417946],[-95.559383,40.41798],[-95.559427,40.416369],[-95.552425,40.410353],[-95.547114,40.415887],[-95.544175,40.416476],[-95.544057,40.41849],[-95.54121,40.419267],[-95.538972,40.419632],[-95.538782,40.41776],[-95.520237,40.418023],[-95.520356,40.42755],[-95.5172,40.424682],[-95.516755,40.420756],[-95.512958,40.420743],[-95.511585,40.416031],[-95.505732,40.417161],[-95.505816,40.410059],[-95.51226,40.409097],[-95.513486,40.406222],[-95.508851,40.404046],[-95.513236,40.401122],[-95.515407,40.401172],[-95.515375,40.403048],[-95.536249,40.403273],[-95.536237,40.406519],[-95.542107,40.406437],[-95.542069,40.403455],[-95.566319,40.403152],[-95.567594,40.405883]]]}},{"type":"Feature","properties":{"NAME":"Watson","state_abbr":"MO","state_name":"Missouri","ALAND":281154},"geometry":{"type":"Polygon","coordinates":[[[-95.62582,40.4833],[-95.621261,40.483131],[-95.620517,40.476419],[-95.625796,40.477032],[-95.62582,40.4833]]]}},{"type":"Feature","properties":{"NAME":"Holts Summit","state_abbr":"MO","state_name":"Missouri","ALAND":9596316},"geometry":{"type":"MultiPolygon","coordinates":[[[[-92.107164,38.673021],[-92.106827,38.676699],[-92.10224,38.680239],[-92.096831,38.68007],[-92.097857,38.672746],[-92.107164,38.673021]]],[[[-92.138815,38.62963],[-92.132444,38.631457],[-92.130307,38.635071],[-92.126907,38.637032],[-92.126792,38.651466],[-92.122213,38.651308],[-92.122088,38.654944],[-92.126621,38.655099],[-92.126469,38.662484],[-92.121733,38.662395],[-92.121668,38.66603],[-92.117359,38.665081],[-92.118982,38.662355],[-92.111321,38.66218],[-92.109756,38.664635],[-92.107758,38.663855],[-92.107787,38.662123],[-92.094248,38.661716],[-92.094869,38.647053],[-92.108373,38.647296],[-92.108502,38.644371],[-92.106042,38.644318],[-92.105813,38.641502],[-92.108674,38.640068],[-92.10928,38.625397],[-92.127099,38.625644],[-92.128276,38.624204],[-92.138815,38.62963]]]]}},{"type":"Feature","properties":{"NAME":"Otterville","state_abbr":"MO","state_name":"Missouri","ALAND":1267181},"geometry":{"type":"Polygon","coordinates":[[[-93.011405,38.70466],[-93.003594,38.705883],[-93.003364,38.711348],[-93.000666,38.711139],[-93.000622,38.709477],[-92.996829,38.708311],[-92.997101,38.698213],[-93.006378,38.694734],[-93.006287,38.700512],[-93.011472,38.701036],[-93.011405,38.70466]]]}},{"type":"Feature","properties":{"NAME":"New Bloomfield","state_abbr":"MO","state_name":"Missouri","ALAND":4101378},"geometry":{"type":"Polygon","coordinates":[[[-92.10829,38.713137],[-92.105742,38.713158],[-92.105702,38.714866],[-92.098144,38.714859],[-92.097915,38.719306],[-92.099945,38.719325],[-92.099836,38.721723],[-92.096287,38.722707],[-92.088157,38.721568],[-92.091569,38.722164],[-92.091008,38.724742],[-92.09247,38.724774],[-92.093688,38.727719],[-92.092564,38.727694],[-92.092532,38.730843],[-92.083281,38.730986],[-92.082848,38.742065],[-92.068072,38.741564],[-92.081813,38.741229],[-92.083593,38.721316],[-92.07686,38.71984],[-92.085316,38.710163],[-92.087453,38.710287],[-92.088935,38.707229],[-92.086957,38.706444],[-92.087317,38.705293],[-92.09254,38.705068],[-92.093397,38.700771],[-92.099235,38.700867],[-92.099326,38.698313],[-92.101308,38.698938],[-92.094477,38.713239],[-92.086914,38.712901],[-92.085864,38.716533],[-92.092394,38.716475],[-92.095592,38.711708],[-92.101098,38.711739],[-92.101138,38.710614],[-92.096193,38.710529],[-92.097008,38.708928],[-92.101264,38.709042],[-92.101384,38.705713],[-92.106024,38.705864],[-92.105861,38.709434],[-92.108277,38.709465],[-92.10829,38.713137]]]}},{"type":"Feature","properties":{"NAME":"Mokane","state_abbr":"MO","state_name":"Missouri","ALAND":759117},"geometry":{"type":"Polygon","coordinates":[[[-91.879886,38.67382],[-91.878179,38.673635],[-91.878729,38.677623],[-91.876577,38.678466],[-91.866733,38.677233],[-91.867121,38.670382],[-91.876575,38.670643],[-91.876645,38.673265],[-91.879886,38.67382]]]}},{"type":"Feature","properties":{"NAME":"Newtown","state_abbr":"MO","state_name":"Missouri","ALAND":654171},"geometry":{"type":"Polygon","coordinates":[[[-93.338257,40.372537],[-93.33837,40.379693],[-93.328708,40.379943],[-93.328912,40.372688],[-93.338257,40.372537]]]}},{"type":"Feature","properties":{"NAME":"Ewing","state_abbr":"MO","state_name":"Missouri","ALAND":1616630},"geometry":{"type":"Polygon","coordinates":[[[-91.724397,40.008131],[-91.72237,40.009963],[-91.721278,40.009269],[-91.72153,40.015854],[-91.712846,40.015992],[-91.714058,40.014612],[-91.710513,40.014691],[-91.710522,40.012495],[-91.706376,40.012451],[-91.707387,40.010055],[-91.708984,40.01006],[-91.709046,40.007224],[-91.704335,40.004284],[-91.70792,40.004257],[-91.707966,40.001689],[-91.713272,40.003113],[-91.713316,40.001415],[-91.718911,40.001192],[-91.718792,40.005575],[-91.720378,40.005575],[-91.72067,40.008099],[-91.724397,40.008131]]]}},{"type":"Feature","properties":{"NAME":"La Grange","state_abbr":"MO","state_name":"Missouri","ALAND":4030567},"geometry":{"type":"Polygon","coordinates":[[[-91.51602,40.056291],[-91.510614,40.056242],[-91.5106,40.059042],[-91.505224,40.056797],[-91.491019,40.060823],[-91.489585,40.057153],[-91.494981,40.036945],[-91.49318,40.033463],[-91.511299,40.033622],[-91.510859,40.048104],[-91.515249,40.046562],[-91.51602,40.056291]]]}},{"type":"Feature","properties":{"NAME":"Monticello","state_abbr":"MO","state_name":"Missouri","ALAND":675848},"geometry":{"type":"Polygon","coordinates":[[[-91.718608,40.11648],[-91.717806,40.121793],[-91.714422,40.121717],[-91.714481,40.12368],[-91.708655,40.123113],[-91.708445,40.115474],[-91.71485,40.115402],[-91.715911,40.113989],[-91.718608,40.11648]]]}},{"type":"Feature","properties":{"NAME":"Tracy","state_abbr":"MO","state_name":"Missouri","ALAND":1061761},"geometry":{"type":"Polygon","coordinates":[[[-94.799444,39.379144],[-94.798154,39.384535],[-94.787068,39.385777],[-94.783233,39.382859],[-94.788804,39.378503],[-94.78877,39.381869],[-94.79312,39.381799],[-94.794404,39.379485],[-94.788801,39.37694],[-94.788783,39.370065],[-94.793975,39.374987],[-94.798154,39.372456],[-94.798138,39.375423],[-94.795756,39.377781],[-94.799444,39.379144]],[[-94.797091,39.374727],[-94.796624,39.373942],[-94.79379,39.376437],[-94.797091,39.374727]]]}},{"type":"Feature","properties":{"NAME":"Parkville","state_abbr":"MO","state_name":"Missouri","ALAND":38715467},"geometry":{"type":"MultiPolygon","coordinates":[[[[-94.693365,39.210671],[-94.694403,39.211015],[-94.693398,39.211437],[-94.693365,39.210671]]],[[[-94.716785,39.22046],[-94.716496,39.221356],[-94.715985,39.221087],[-94.716785,39.22046]]],[[[-94.772145,39.226995],[-94.770722,39.226969],[-94.77045,39.25437],[-94.747958,39.254294],[-94.747904,39.23992],[-94.75188,39.239914],[-94.751835,39.233596],[-94.756954,39.233633],[-94.759886,39.227958],[-94.756551,39.225067],[-94.757075,39.217446],[-94.754239,39.219157],[-94.752018,39.218419],[-94.751871,39.20382],[-94.740444,39.203807],[-94.740797,39.201964],[-94.733344,39.200055],[-94.733366,39.196543],[-94.723232,39.197502],[-94.714908,39.196526],[-94.714897,39.194184],[-94.705601,39.193347],[-94.705591,39.197612],[-94.698586,39.198325],[-94.698249,39.200035],[-94.705552,39.203652],[-94.706278,39.205805],[-94.704746,39.207295],[-94.706376,39.208859],[-94.711409,39.210254],[-94.707947,39.209688],[-94.701237,39.209677],[-94.70083,39.21027],[-94.709276,39.210063],[-94.716278,39.212654],[-94.714863,39.213486],[-94.716817,39.216923],[-94.713494,39.216927],[-94.713507,39.219982],[-94.715257,39.220002],[-94.715106,39.221732],[-94.717029,39.22159],[-94.717784,39.22346],[-94.719023,39.222002],[-94.716608,39.219991],[-94.719431,39.220001],[-94.719627,39.227826],[-94.719477,39.229023],[-94.714943,39.229043],[-94.714948,39.225434],[-94.712578,39.22544],[-94.713282,39.223321],[-94.705548,39.223903],[-94.705524,39.218208],[-94.700262,39.218191],[-94.701785,39.215851],[-94.698461,39.215477],[-94.699703,39.212851],[-94.697507,39.212833],[-94.698733,39.210899],[-94.693036,39.210073],[-94.688461,39.210509],[-94.688097,39.215041],[-94.682398,39.214847],[-94.680424,39.216477],[-94.678391,39.215549],[-94.678414,39.213586],[-94.676355,39.214566],[-94.675196,39.210939],[-94.659176,39.210885],[-94.65944,39.18413],[-94.65715,39.184366],[-94.65688,39.181845],[-94.651908,39.179813],[-94.659406,39.180827],[-94.659371,39.174406],[-94.666671,39.18116],[-94.68206,39.184225],[-94.688788,39.183228],[-94.714137,39.170403],[-94.735743,39.169191],[-94.752286,39.17325],[-94.762858,39.179991],[-94.770739,39.190756],[-94.765803,39.196852],[-94.766119,39.208927],[-94.770918,39.209882],[-94.770745,39.225634],[-94.772145,39.226995]],[[-94.701486,39.192641],[-94.696404,39.1915],[-94.69638,39.19647],[-94.700995,39.196516],[-94.701486,39.192641]]]]}},{"type":"Feature","properties":{"NAME":"Houston Lake","state_abbr":"MO","state_name":"Missouri","ALAND":310528},"geometry":{"type":"Polygon","coordinates":[[[-94.625497,39.189922],[-94.625468,39.195977],[-94.622412,39.195991],[-94.621132,39.193253],[-94.618322,39.193896],[-94.617062,39.190656],[-94.625497,39.189922]]]}},{"type":"Feature","properties":{"NAME":"Ferrelview","state_abbr":"MO","state_name":"Missouri","ALAND":288040},"geometry":{"type":"Polygon","coordinates":[[[-94.667515,39.311051],[-94.667498,39.318394],[-94.664028,39.318421],[-94.664031,39.312494],[-94.661034,39.312504],[-94.661068,39.311005],[-94.667515,39.311051]]]}},{"type":"Feature","properties":{"NAME":"Dadeville","state_abbr":"MO","state_name":"Missouri","ALAND":2569505},"geometry":{"type":"Polygon","coordinates":[[[-93.683399,37.472495],[-93.682868,37.486669],[-93.664712,37.486484],[-93.665164,37.471869],[-93.683399,37.472495]]]}},{"type":"Feature","properties":{"NAME":"Everton","state_abbr":"MO","state_name":"Missouri","ALAND":893701},"geometry":{"type":"Polygon","coordinates":[[[-93.708891,37.340685],[-93.706707,37.340684],[-93.707086,37.348049],[-93.701835,37.347919],[-93.701829,37.346222],[-93.697002,37.34729],[-93.697008,37.338549],[-93.708954,37.338575],[-93.708891,37.340685]]]}},{"type":"Feature","properties":{"NAME":"Lockwood","state_abbr":"MO","state_name":"Missouri","ALAND":2514326},"geometry":{"type":"Polygon","coordinates":[[[-93.973113,37.383422],[-93.973047,37.39023],[-93.963457,37.390072],[-93.962966,37.388946],[-93.959978,37.390013],[-93.959787,37.393882],[-93.948136,37.393795],[-93.948149,37.38991],[-93.943971,37.389885],[-93.943946,37.388296],[-93.948171,37.387884],[-93.948286,37.378427],[-93.952399,37.378603],[-93.953433,37.379959],[-93.953553,37.375381],[-93.95504,37.3754],[-93.954878,37.382647],[-93.973113,37.383422]]]}},{"type":"Feature","properties":{"NAME":"South Greenfield","state_abbr":"MO","state_name":"Missouri","ALAND":466429},"geometry":{"type":"Polygon","coordinates":[[[-93.844325,37.372009],[-93.843056,37.380536],[-93.838091,37.380559],[-93.838028,37.372078],[-93.844325,37.372009]]]}},{"type":"Feature","properties":{"NAME":"Pattonsburg","state_abbr":"MO","state_name":"Missouri","ALAND":1570395},"geometry":{"type":"Polygon","coordinates":[[[-94.115785,40.066877],[-94.110449,40.074261],[-94.108838,40.079434],[-94.099408,40.078131],[-94.09966,40.06612],[-94.104383,40.066093],[-94.104418,40.063537],[-94.108543,40.063542],[-94.108553,40.066355],[-94.115785,40.066877]]]}},{"type":"Feature","properties":{"NAME":"Miramiguoa Park","state_abbr":"MO","state_name":"Missouri","ALAND":997136},"geometry":{"type":"Polygon","coordinates":[[[-91.075058,38.239741],[-91.069885,38.244379],[-91.06455,38.242891],[-91.061272,38.239799],[-91.063332,38.235842],[-91.074959,38.23385],[-91.075058,38.239741]]]}},{"type":"Feature","properties":{"NAME":"New Haven","state_abbr":"MO","state_name":"Missouri","ALAND":8320801},"geometry":{"type":"Polygon","coordinates":[[[-91.237218,38.607769],[-91.233938,38.607739],[-91.232402,38.605213],[-91.232964,38.62216],[-91.202933,38.614706],[-91.199511,38.613492],[-91.199846,38.595795],[-91.203417,38.596056],[-91.20418,38.592811],[-91.211155,38.592685],[-91.211157,38.586456],[-91.218299,38.585247],[-91.218812,38.590229],[-91.217409,38.590298],[-91.217484,38.591915],[-91.226075,38.591686],[-91.226088,38.594668],[-91.235941,38.595869],[-91.237218,38.607769]]]}},{"type":"Feature","properties":{"NAME":"Oak Grove Village","state_abbr":"MO","state_name":"Missouri","ALAND":1592906},"geometry":{"type":"Polygon","coordinates":[[[-91.159118,38.230569],[-91.155206,38.230643],[-91.155375,38.232672],[-91.152241,38.233894],[-91.148235,38.232915],[-91.146079,38.23565],[-91.146003,38.233764],[-91.141184,38.233428],[-91.140563,38.230758],[-91.148918,38.219505],[-91.153984,38.219417],[-91.153912,38.227361],[-91.15902,38.226664],[-91.156139,38.227517],[-91.156161,38.229341],[-91.159094,38.229474],[-91.159118,38.230569]]]}},{"type":"Feature","properties":{"NAME":"Pacific","state_abbr":"MO","state_name":"Missouri","ALAND":17706937},"geometry":{"type":"MultiPolygon","coordinates":[[[[-90.713124,38.479425],[-90.705837,38.481113],[-90.700414,38.485906],[-90.698225,38.482855],[-90.69961,38.480019],[-90.697,38.481144],[-90.690722,38.47254],[-90.694627,38.470793],[-90.699578,38.47303],[-90.70793,38.471833],[-90.713124,38.479425]],[[-90.700772,38.475289],[-90.699233,38.474491],[-90.698434,38.475476],[-90.699976,38.476315],[-90.700772,38.475289]]],[[[-90.793581,38.483751],[-90.793573,38.486339],[-90.786545,38.487195],[-90.792047,38.48797],[-90.791942,38.491643],[-90.790067,38.491609],[-90.790066,38.4887],[-90.772561,38.487199],[-90.772503,38.498786],[-90.765942,38.498673],[-90.765964,38.490618],[-90.751291,38.490149],[-90.754231,38.491543],[-90.748903,38.491544],[-90.748932,38.490109],[-90.744583,38.490061],[-90.743728,38.492431],[-90.746428,38.495883],[-90.745848,38.503374],[-90.748358,38.503618],[-90.74813,38.508395],[-90.739592,38.508189],[-90.739647,38.50439],[-90.735324,38.504336],[-90.735466,38.497154],[-90.73947,38.497158],[-90.739862,38.490425],[-90.731682,38.489947],[-90.731827,38.485046],[-90.709439,38.480785],[-90.703474,38.484695],[-90.706852,38.488507],[-90.705323,38.489175],[-90.7089,38.493989],[-90.708948,38.49684],[-90.695802,38.496438],[-90.697146,38.494445],[-90.694701,38.492977],[-90.704961,38.482597],[-90.708722,38.48067],[-90.731851,38.48392],[-90.736167,38.466869],[-90.736087,38.469781],[-90.748394,38.469761],[-90.752348,38.460382],[-90.750416,38.459779],[-90.751198,38.45344],[-90.758215,38.453437],[-90.755068,38.45745],[-90.764129,38.457674],[-90.76413,38.46084],[-90.771932,38.46086],[-90.773865,38.464448],[-90.771028,38.464903],[-90.771417,38.465986],[-90.774009,38.468689],[-90.778094,38.468848],[-90.77813,38.473053],[-90.786556,38.473317],[-90.787447,38.47825],[-90.791977,38.478092],[-90.79204,38.483653],[-90.793581,38.483751]],[[-90.772729,38.486952],[-90.776211,38.486667],[-90.77284,38.485457],[-90.772729,38.486952]],[[-90.773716,38.469906],[-90.768642,38.47011],[-90.768477,38.476445],[-90.773707,38.475438],[-90.773716,38.469906]],[[-90.767562,38.478945],[-90.767542,38.476518],[-90.766744,38.476574],[-90.76593,38.479278],[-90.767562,38.478945]],[[-90.765231,38.479055],[-90.765184,38.476691],[-90.763941,38.476773],[-90.763996,38.47937],[-90.765231,38.479055]],[[-90.763941,38.488358],[-90.762235,38.487967],[-90.760952,38.487816],[-90.763014,38.48941],[-90.763941,38.488358]]]]}},{"type":"Feature","properties":{"NAME":"Sullivan","state_abbr":"MO","state_name":"Missouri","ALAND":21223953},"geometry":{"type":"Polygon","coordinates":[[[-91.208849,38.219248],[-91.199664,38.221051],[-91.199627,38.215367],[-91.191157,38.215826],[-91.191366,38.221083],[-91.189888,38.221076],[-91.189866,38.222896],[-91.186776,38.2229],[-91.186779,38.227292],[-91.183208,38.227106],[-91.184266,38.225476],[-91.182004,38.226524],[-91.181953,38.222936],[-91.17322,38.222926],[-91.173356,38.229567],[-91.175635,38.230245],[-91.175648,38.232763],[-91.165957,38.233984],[-91.165057,38.237705],[-91.157084,38.237862],[-91.155587,38.240075],[-91.1509,38.240158],[-91.150847,38.23705],[-91.155474,38.236475],[-91.155356,38.234716],[-91.152302,38.235187],[-91.155375,38.232672],[-91.155206,38.230643],[-91.159118,38.230569],[-91.159094,38.229474],[-91.156161,38.229341],[-91.156139,38.227517],[-91.15902,38.226664],[-91.153912,38.227361],[-91.154752,38.2202],[-91.148918,38.219505],[-91.140563,38.230758],[-91.141184,38.233428],[-91.146003,38.233764],[-91.146068,38.23529],[-91.143763,38.238076],[-91.141332,38.238143],[-91.141708,38.234438],[-91.138367,38.234513],[-91.136875,38.238222],[-91.132015,38.238321],[-91.132035,38.241798],[-91.129977,38.24182],[-91.130493,38.252921],[-91.125555,38.255462],[-91.126855,38.24956],[-91.125005,38.241733],[-91.130608,38.234411],[-91.136379,38.232612],[-91.136161,38.22354],[-91.134943,38.22356],[-91.136124,38.218629],[-91.133853,38.217441],[-91.13619,38.217489],[-91.136164,38.208863],[-91.140568,38.208703],[-91.140146,38.200596],[-91.138824,38.200591],[-91.138769,38.198578],[-91.145467,38.196616],[-91.154083,38.197303],[-91.153562,38.186241],[-91.17156,38.18604],[-91.172141,38.189669],[-91.185873,38.189671],[-91.186214,38.198951],[-91.190868,38.199043],[-91.190915,38.200881],[-91.187445,38.200849],[-91.188761,38.21131],[-91.199422,38.211653],[-91.199487,38.213379],[-91.202666,38.213022],[-91.202741,38.214196],[-91.208516,38.212363],[-91.208849,38.219248]],[[-91.202231,38.215114],[-91.202051,38.214391],[-91.20181,38.214975],[-91.202231,38.215114]]]}},{"type":"Feature","properties":{"NAME":"Centertown","state_abbr":"MO","state_name":"Missouri","ALAND":2454656},"geometry":{"type":"Polygon","coordinates":[[[-92.419898,38.615848],[-92.419721,38.61939],[-92.415097,38.619293],[-92.414776,38.630253],[-92.405463,38.630045],[-92.405833,38.620255],[-92.401323,38.618255],[-92.401574,38.604573],[-92.410901,38.60469],[-92.410712,38.608356],[-92.406049,38.608269],[-92.405962,38.613758],[-92.415272,38.6139],[-92.415226,38.615712],[-92.419898,38.615848]]]}},{"type":"Feature","properties":{"NAME":"Lohman","state_abbr":"MO","state_name":"Missouri","ALAND":933062},"geometry":{"type":"Polygon","coordinates":[[[-92.373245,38.551591],[-92.373211,38.552852],[-92.359334,38.548155],[-92.359373,38.546934],[-92.36205,38.547122],[-92.362247,38.541548],[-92.359573,38.541485],[-92.359721,38.536672],[-92.362039,38.536717],[-92.362041,38.534244],[-92.366148,38.533776],[-92.366425,38.547588],[-92.373245,38.551591]]]}},{"type":"Feature","properties":{"NAME":"Green City","state_abbr":"MO","state_name":"Missouri","ALAND":3706239},"geometry":{"type":"Polygon","coordinates":[[[-92.966396,40.268388],[-92.961039,40.268524],[-92.961546,40.275801],[-92.946672,40.276016],[-92.946477,40.259365],[-92.950748,40.259423],[-92.950536,40.253564],[-92.955594,40.253491],[-92.955569,40.250165],[-92.961149,40.250118],[-92.96124,40.253394],[-92.966263,40.253432],[-92.966396,40.268388]]]}},{"type":"Feature","properties":{"NAME":"Harris","state_abbr":"MO","state_name":"Missouri","ALAND":398736},"geometry":{"type":"Polygon","coordinates":[[[-93.353578,40.309619],[-93.346827,40.309264],[-93.347896,40.302605],[-93.353384,40.302713],[-93.353578,40.309619]]]}},{"type":"Feature","properties":{"NAME":"Village of Four Seasons","state_abbr":"MO","state_name":"Missouri","ALAND":12032659},"geometry":{"type":"Polygon","coordinates":[[[-92.750429,38.188787],[-92.745455,38.192891],[-92.737481,38.190082],[-92.736693,38.192966],[-92.741251,38.197003],[-92.738093,38.198924],[-92.741755,38.200903],[-92.733774,38.202852],[-92.73547,38.204721],[-92.733816,38.206883],[-92.736886,38.207762],[-92.737905,38.210613],[-92.745913,38.211549],[-92.743017,38.212017],[-92.743039,38.213616],[-92.739515,38.213249],[-92.740074,38.215804],[-92.73683,38.217184],[-92.737086,38.213712],[-92.734402,38.210532],[-92.733157,38.212351],[-92.733947,38.217169],[-92.732818,38.215884],[-92.730173,38.217786],[-92.728327,38.215693],[-92.731521,38.213379],[-92.728541,38.213369],[-92.730573,38.210363],[-92.729054,38.209655],[-92.731331,38.208649],[-92.730327,38.206874],[-92.732033,38.206616],[-92.731134,38.205506],[-92.732428,38.204715],[-92.730242,38.204952],[-92.730651,38.202248],[-92.727846,38.202634],[-92.728141,38.20693],[-92.719594,38.20006],[-92.719742,38.203202],[-92.725502,38.207349],[-92.726457,38.210167],[-92.724021,38.212338],[-92.722599,38.209327],[-92.716172,38.207752],[-92.718721,38.208801],[-92.721877,38.213245],[-92.721216,38.214201],[-92.718987,38.212955],[-92.719309,38.215553],[-92.724546,38.217815],[-92.720062,38.217586],[-92.718683,38.219212],[-92.716308,38.21734],[-92.715027,38.218774],[-92.710716,38.218357],[-92.711523,38.216368],[-92.714991,38.215192],[-92.713166,38.21445],[-92.715554,38.211901],[-92.712531,38.211193],[-92.711467,38.213292],[-92.710435,38.209622],[-92.707595,38.209875],[-92.705091,38.207106],[-92.705434,38.20476],[-92.703054,38.20543],[-92.70252,38.209464],[-92.696733,38.206722],[-92.696764,38.205313],[-92.698991,38.206013],[-92.701797,38.203943],[-92.696568,38.201647],[-92.700502,38.19882],[-92.700315,38.196223],[-92.694489,38.199284],[-92.693715,38.19551],[-92.69194,38.197565],[-92.687638,38.195554],[-92.687941,38.191442],[-92.68027,38.190672],[-92.679383,38.189068],[-92.684953,38.185426],[-92.683853,38.186436],[-92.689343,38.185906],[-92.688515,38.18923],[-92.691369,38.186582],[-92.693812,38.189345],[-92.693492,38.186835],[-92.695747,38.187137],[-92.695364,38.184796],[-92.697181,38.186049],[-92.698009,38.184642],[-92.699597,38.185873],[-92.698692,38.189735],[-92.702172,38.188169],[-92.701712,38.1849],[-92.704148,38.18485],[-92.704399,38.186537],[-92.706821,38.184712],[-92.706745,38.186849],[-92.704706,38.188091],[-92.704957,38.191108],[-92.705751,38.189668],[-92.707011,38.190536],[-92.709084,38.186948],[-92.710874,38.190431],[-92.710783,38.188761],[-92.712169,38.18892],[-92.711235,38.187382],[-92.714744,38.189166],[-92.716484,38.18832],[-92.711325,38.184772],[-92.714938,38.185881],[-92.713935,38.184063],[-92.715884,38.183793],[-92.718836,38.186671],[-92.718939,38.183578],[-92.721083,38.183171],[-92.722581,38.186544],[-92.723923,38.183241],[-92.727619,38.182449],[-92.726145,38.185872],[-92.729352,38.183146],[-92.728539,38.185432],[-92.730703,38.184601],[-92.732062,38.185985],[-92.732018,38.18287],[-92.733967,38.182826],[-92.73456,38.18549],[-92.735999,38.182501],[-92.742124,38.182448],[-92.73704,38.187286],[-92.739003,38.187559],[-92.740964,38.185718],[-92.741411,38.187069],[-92.743081,38.186728],[-92.744533,38.183167],[-92.747157,38.183243],[-92.748593,38.184989],[-92.743654,38.189777],[-92.746314,38.190193],[-92.749054,38.187384],[-92.750429,38.188787]]]}},{"type":"Feature","properties":{"NAME":"Humphreys","state_abbr":"MO","state_name":"Missouri","ALAND":645792},"geometry":{"type":"Polygon","coordinates":[[[-93.324171,40.12134],[-93.323969,40.128776],[-93.316801,40.129314],[-93.314901,40.128024],[-93.314983,40.12151],[-93.324171,40.12134]]]}},{"type":"Feature","properties":{"NAME":"Milan","state_abbr":"MO","state_name":"Missouri","ALAND":4593250},"geometry":{"type":"Polygon","coordinates":[[[-93.13826,40.200198],[-93.137354,40.211388],[-93.13153,40.211452],[-93.131631,40.21517],[-93.129523,40.215161],[-93.129695,40.21345],[-93.112561,40.213526],[-93.112377,40.193585],[-93.11733,40.193546],[-93.117286,40.190269],[-93.126851,40.190103],[-93.1269,40.193735],[-93.131568,40.193735],[-93.131634,40.197491],[-93.134222,40.197467],[-93.134061,40.200359],[-93.13826,40.200198]]]}},{"type":"Feature","properties":{"NAME":"Pollock","state_abbr":"MO","state_name":"Missouri","ALAND":429767},"geometry":{"type":"Polygon","coordinates":[[[-93.088545,40.360965],[-93.078639,40.36029],[-93.077466,40.356442],[-93.088448,40.356008],[-93.088545,40.360965]]]}},{"type":"Feature","properties":{"NAME":"Sumner","state_abbr":"MO","state_name":"Missouri","ALAND":585927},"geometry":{"type":"Polygon","coordinates":[[[-93.247816,39.652411],[-93.247733,39.659639],[-93.239202,39.659769],[-93.239237,39.652433],[-93.247816,39.652411]]]}},{"type":"Feature","properties":{"NAME":"Elsberry","state_abbr":"MO","state_name":"Missouri","ALAND":3912731},"geometry":{"type":"Polygon","coordinates":[[[-90.803958,39.163746],[-90.790009,39.169663],[-90.794553,39.176005],[-90.794737,39.177199],[-90.791492,39.178614],[-90.795746,39.183821],[-90.788858,39.186782],[-90.790397,39.194611],[-90.788308,39.187016],[-90.784261,39.188789],[-90.782055,39.185751],[-90.787202,39.183566],[-90.778847,39.162771],[-90.776685,39.160711],[-90.777693,39.160292],[-90.775462,39.154925],[-90.782123,39.152022],[-90.782947,39.14983],[-90.782757,39.146272],[-90.778987,39.139829],[-90.78293,39.145785],[-90.783463,39.14855],[-90.782769,39.151442],[-90.786025,39.156756],[-90.788535,39.155614],[-90.790254,39.158021],[-90.784135,39.16066],[-90.785135,39.162258],[-90.792034,39.159703],[-90.791124,39.158381],[-90.792907,39.159644],[-90.800494,39.158403],[-90.803958,39.163746]],[[-90.789036,39.175861],[-90.785974,39.171406],[-90.78325,39.172488],[-90.785045,39.177322],[-90.789036,39.175861]]]}},{"type":"Feature","properties":{"NAME":"Fremont Hills","state_abbr":"MO","state_name":"Missouri","ALAND":1432477},"geometry":{"type":"Polygon","coordinates":[[[-93.260109,37.068195],[-93.260068,37.071104],[-93.245993,37.070071],[-93.246514,37.063608],[-93.251095,37.063724],[-93.248842,37.061837],[-93.248905,37.060012],[-93.251172,37.060094],[-93.251279,37.055103],[-93.255856,37.05523],[-93.256843,37.058635],[-93.255726,37.060203],[-93.258016,37.060292],[-93.257812,37.067445],[-93.260109,37.068195]]]}},{"type":"Feature","properties":{"NAME":"Highlandville","state_abbr":"MO","state_name":"Missouri","ALAND":12746820},"geometry":{"type":"Polygon","coordinates":[[[-93.302995,36.92318],[-93.302257,36.94817],[-93.283915,36.947952],[-93.2838,36.951635],[-93.286318,36.953101],[-93.286233,36.955295],[-93.283694,36.955249],[-93.283478,36.971636],[-93.294642,36.986351],[-93.287206,36.97732],[-93.275336,36.976549],[-93.275706,36.962129],[-93.272975,36.962088],[-93.272951,36.963867],[-93.266569,36.961785],[-93.267299,36.932494],[-93.271818,36.932616],[-93.271857,36.929953],[-93.276416,36.929077],[-93.2767,36.911079],[-93.28426,36.911221],[-93.284284,36.916786],[-93.285502,36.917084],[-93.284298,36.922251],[-93.302995,36.92318]],[[-93.276394,36.932454],[-93.275,36.931812],[-93.274897,36.932689],[-93.276394,36.932454]]]}},{"type":"Feature","properties":{"NAME":"Hawk Point","state_abbr":"MO","state_name":"Missouri","ALAND":1075011},"geometry":{"type":"Polygon","coordinates":[[[-91.154252,38.97964],[-91.136046,38.973939],[-91.130007,38.974422],[-91.130641,38.976738],[-91.129742,38.985425],[-91.129879,38.974132],[-91.120275,38.973541],[-91.118187,38.975866],[-91.118187,38.974536],[-91.115342,38.973516],[-91.105623,38.973386],[-91.125124,38.973413],[-91.125038,38.968613],[-91.120254,38.96832],[-91.120326,38.966],[-91.12372,38.966057],[-91.125061,38.968504],[-91.129932,38.968569],[-91.129889,38.963074],[-91.12881,38.95798],[-91.129044,38.956878],[-91.130139,38.963092],[-91.130151,38.968499],[-91.140179,38.968898],[-91.139606,38.974696],[-91.144603,38.976085],[-91.144552,38.973437],[-91.145812,38.973427],[-91.145881,38.976352],[-91.154252,38.97964]]]}},{"type":"Feature","properties":{"NAME":"Old Monroe","state_abbr":"MO","state_name":"Missouri","ALAND":937413},"geometry":{"type":"Polygon","coordinates":[[[-90.783614,38.933108],[-90.770571,38.933797],[-90.769572,38.933191],[-90.767249,38.929744],[-90.76594,38.929324],[-90.751893,38.935096],[-90.745891,38.946979],[-90.742084,38.965553],[-90.746717,38.940666],[-90.746785,38.93605],[-90.742997,38.930368],[-90.747412,38.927448],[-90.752123,38.927875],[-90.751193,38.932718],[-90.754411,38.927384],[-90.750447,38.923349],[-90.755215,38.927204],[-90.753315,38.933283],[-90.766985,38.928785],[-90.77065,38.933615],[-90.778361,38.932225],[-90.783614,38.933108]],[[-90.749795,38.935892],[-90.747727,38.934051],[-90.746965,38.934155],[-90.747307,38.936946],[-90.749795,38.935892]],[[-90.748598,38.938148],[-90.747273,38.938389],[-90.746922,38.940574],[-90.748075,38.939154],[-90.748598,38.938148]]]}},{"type":"Feature","properties":{"NAME":"Silex","state_abbr":"MO","state_name":"Missouri","ALAND":746794},"geometry":{"type":"MultiPolygon","coordinates":[[[[-91.054768,39.128703],[-91.053849,39.13022],[-91.0539,39.128692],[-91.054768,39.128703]]],[[[-91.059526,39.121746],[-91.061987,39.13138],[-91.060328,39.131466],[-91.061702,39.131119],[-91.061319,39.129594],[-91.057808,39.128416],[-91.056727,39.130493],[-91.056409,39.128075],[-91.052985,39.128046],[-91.053134,39.123645],[-91.043667,39.124195],[-91.04377,39.118976],[-91.04612,39.118992],[-91.046074,39.123406],[-91.059526,39.121746]]]]}},{"type":"Feature","properties":{"NAME":"Whiteside","state_abbr":"MO","state_name":"Missouri","ALAND":268556},"geometry":{"type":"Polygon","coordinates":[[[-91.020334,39.184402],[-91.016273,39.186091],[-91.008244,39.186907],[-91.013159,39.185283],[-91.012735,39.183823],[-91.016371,39.18244],[-91.016073,39.180611],[-91.01851,39.180534],[-91.020334,39.184402]]]}},{"type":"Feature","properties":{"NAME":"Winfield","state_abbr":"MO","state_name":"Missouri","ALAND":2200074},"geometry":{"type":"MultiPolygon","coordinates":[[[[-90.756817,38.98913],[-90.75585,38.993925],[-90.753595,38.993903],[-90.752623,38.998781],[-90.743524,38.997859],[-90.738942,38.999061],[-90.732686,38.9966],[-90.732946,38.995165],[-90.725485,38.993789],[-90.725454,38.992327],[-90.738033,38.992669],[-90.737901,38.988358],[-90.742084,38.965553],[-90.738236,38.990382],[-90.741514,38.991669],[-90.746778,38.990724],[-90.748041,38.984148],[-90.755806,38.985062],[-90.755029,38.989164],[-90.756817,38.98913]],[[-90.739796,38.992635],[-90.73826,38.990765],[-90.738386,38.992655],[-90.739796,38.992635]]],[[[-90.759287,38.986855],[-90.758679,38.989731],[-90.756817,38.98913],[-90.757297,38.986642],[-90.759287,38.986855]]]]}},{"type":"Feature","properties":{"NAME":"Taos","state_abbr":"MO","state_name":"Missouri","ALAND":16677377},"geometry":{"type":"MultiPolygon","coordinates":[[[[-92.050264,38.517555],[-92.051233,38.517992],[-92.050117,38.517798],[-92.050264,38.517555]]],[[[-92.109673,38.512622],[-92.098806,38.521336],[-92.094776,38.521504],[-92.090146,38.519416],[-92.089866,38.525275],[-92.081081,38.525565],[-92.080097,38.53025],[-92.074776,38.52942],[-92.07507,38.533279],[-92.065765,38.531855],[-92.064631,38.535003],[-92.058206,38.536202],[-92.060235,38.53408],[-92.05844,38.532987],[-92.058816,38.530316],[-92.056945,38.532511],[-92.0524,38.53246],[-92.053745,38.530795],[-92.050443,38.528992],[-92.047756,38.530614],[-92.04755,38.536163],[-92.034185,38.536159],[-92.033522,38.53771],[-92.040671,38.539736],[-92.040708,38.544425],[-92.037633,38.545658],[-92.037355,38.547203],[-92.029154,38.547164],[-92.030451,38.54055],[-92.029646,38.532275],[-92.038504,38.532369],[-92.038644,38.527342],[-92.028424,38.528531],[-92.026381,38.521293],[-92.020648,38.514478],[-92.02117,38.512166],[-92.027013,38.51243],[-92.029559,38.510319],[-92.031638,38.512392],[-92.036547,38.512743],[-92.036315,38.514743],[-92.039847,38.515219],[-92.037738,38.516384],[-92.038127,38.517818],[-92.040763,38.51669],[-92.041119,38.514023],[-92.046068,38.516774],[-92.044877,38.518381],[-92.048209,38.519198],[-92.048133,38.521402],[-92.051748,38.521798],[-92.05856,38.528285],[-92.06034,38.526691],[-92.057164,38.525764],[-92.059275,38.525756],[-92.059501,38.524419],[-92.058146,38.523536],[-92.058681,38.524746],[-92.056281,38.524757],[-92.055677,38.52341],[-92.057695,38.523538],[-92.055323,38.521472],[-92.057233,38.52154],[-92.057656,38.51779],[-92.059954,38.517832],[-92.059755,38.521571],[-92.066747,38.521741],[-92.066998,38.514202],[-92.062293,38.513274],[-92.063056,38.497435],[-92.067557,38.494335],[-92.063168,38.493293],[-92.063209,38.492115],[-92.068317,38.492582],[-92.069119,38.490903],[-92.072326,38.491032],[-92.077584,38.487392],[-92.095776,38.492384],[-92.095718,38.495978],[-92.100519,38.495904],[-92.100407,38.503289],[-92.086079,38.503244],[-92.085992,38.506934],[-92.076468,38.506879],[-92.076269,38.510632],[-92.071694,38.510581],[-92.071597,38.513356],[-92.076118,38.513337],[-92.075855,38.518049],[-92.085463,38.518575],[-92.085782,38.51122],[-92.088013,38.510585],[-92.090563,38.510578],[-92.090401,38.514245],[-92.095134,38.514202],[-92.094936,38.51783],[-92.099753,38.517839],[-92.100152,38.51052],[-92.109671,38.510313],[-92.109673,38.512622]],[[-92.075197,38.525756],[-92.066643,38.525432],[-92.066506,38.528646],[-92.075084,38.529249],[-92.075197,38.525756]],[[-92.066865,38.528994],[-92.066476,38.529179],[-92.067625,38.529212],[-92.066865,38.528994]],[[-92.051358,38.528771],[-92.050417,38.528755],[-92.051035,38.529154],[-92.051358,38.528771]],[[-92.043331,38.517961],[-92.042878,38.517242],[-92.042655,38.517778],[-92.043331,38.517961]],[[-92.037036,38.517522],[-92.036271,38.51639],[-92.036254,38.517437],[-92.037036,38.517522]]]]}},{"type":"Feature","properties":{"NAME":"Wardsville","state_abbr":"MO","state_name":"Missouri","ALAND":8987558},"geometry":{"type":"Polygon","coordinates":[[[-92.198171,38.504005],[-92.197702,38.506386],[-92.195773,38.506069],[-92.194903,38.508528],[-92.192789,38.507742],[-92.192225,38.509958],[-92.187874,38.509823],[-92.187657,38.51351],[-92.192311,38.513619],[-92.192108,38.517247],[-92.18747,38.517233],[-92.187191,38.521161],[-92.181356,38.52119],[-92.181568,38.508853],[-92.170203,38.508075],[-92.170518,38.491454],[-92.162829,38.491519],[-92.163176,38.484077],[-92.17278,38.483989],[-92.17313,38.473275],[-92.163231,38.473427],[-92.169534,38.468067],[-92.167457,38.462455],[-92.173413,38.462452],[-92.173583,38.460473],[-92.18425,38.462792],[-92.185264,38.469094],[-92.188574,38.470228],[-92.182636,38.470133],[-92.182319,38.48041],[-92.189179,38.480566],[-92.188737,38.491517],[-92.185405,38.491582],[-92.185248,38.502538],[-92.198171,38.504005]],[[-92.175595,38.508234],[-92.174526,38.508065],[-92.174528,38.508312],[-92.175595,38.508234]]]}},{"type":"Feature","properties":{"NAME":"Kansas City","state_abbr":"MO","state_name":"Missouri","ALAND":815018296},"geometry":{"type":"Polygon","coordinates":[[[-94.765495,39.289884],[-94.758428,39.307459],[-94.754798,39.310324],[-94.756808,39.312066],[-94.756666,39.315606],[-94.751651,39.339162],[-94.743113,39.339639],[-94.74311,39.343688],[-94.732959,39.343857],[-94.732742,39.3547],[-94.676303,39.354808],[-94.676291,39.35621],[-94.675329,39.354804],[-94.661978,39.354747],[-94.661629,39.333247],[-94.56058,39.333141],[-94.560612,39.322284],[-94.555853,39.322289],[-94.555863,39.318626],[-94.491353,39.317931],[-94.491359,39.314362],[-94.482044,39.314216],[-94.481989,39.310521],[-94.468349,39.311468],[-94.46497,39.310336],[-94.464092,39.303296],[-94.444817,39.303076],[-94.444927,39.288666],[-94.43712,39.288114],[-94.437232,39.28094],[-94.445431,39.280999],[-94.447464,39.265742],[-94.454552,39.268667],[-94.454568,39.266577],[-94.455822,39.26651],[-94.456207,39.246089],[-94.471401,39.223466],[-94.492987,39.22354],[-94.493172,39.209199],[-94.503253,39.207443],[-94.507281,39.208987],[-94.507306,39.195239],[-94.493416,39.195195],[-94.49337,39.198532],[-94.484314,39.198502],[-94.484583,39.194969],[-94.469037,39.194821],[-94.470145,39.191758],[-94.463364,39.188934],[-94.458281,39.182017],[-94.4484,39.175747],[-94.446243,39.185112],[-94.43458,39.193846],[-94.429163,39.194573],[-94.423505,39.192945],[-94.420729,39.190344],[-94.418201,39.193587],[-94.408628,39.193603],[-94.399928,39.174803],[-94.402328,39.164766],[-94.417963,39.151144],[-94.425764,39.141807],[-94.440642,39.13078],[-94.455358,39.128075],[-94.467364,39.131375],[-94.467425,39.129565],[-94.46933,39.130704],[-94.467319,39.124589],[-94.467909,39.114158],[-94.47055,39.114024],[-94.471093,39.111123],[-94.477159,39.112317],[-94.477236,39.111241],[-94.481228,39.111412],[-94.481425,39.108003],[-94.479021,39.108567],[-94.479346,39.105288],[-94.476357,39.101412],[-94.477101,39.099372],[-94.486729,39.099655],[-94.48731,39.082188],[-94.470154,39.081944],[-94.470809,39.072717],[-94.468458,39.068436],[-94.468969,39.066795],[-94.474706,39.067085],[-94.474992,39.060502],[-94.437254,39.044029],[-94.433378,39.039744],[-94.435641,39.039814],[-94.435856,39.035885],[-94.437142,39.03596],[-94.437447,39.029228],[-94.449325,39.029679],[-94.449501,39.026672],[-94.482089,39.028001],[-94.483937,38.987871],[-94.482535,38.987849],[-94.482757,38.983173],[-94.494663,38.972263],[-94.499178,38.965942],[-94.441319,38.963688],[-94.440341,38.986616],[-94.445273,38.98712],[-94.443475,39.024395],[-94.440755,39.026821],[-94.425375,39.026309],[-94.424968,39.035257],[-94.414627,39.034756],[-94.414531,39.036371],[-94.387229,39.035273],[-94.388152,39.020429],[-94.385924,39.015158],[-94.388265,39.005028],[-94.388439,38.981481],[-94.389872,38.972978],[-94.385448,38.972839],[-94.386099,38.958146],[-94.395663,38.958147],[-94.395618,38.961207],[-94.400147,38.961291],[-94.404704,38.965741],[-94.406982,38.965838],[-94.406934,38.964159],[-94.404682,38.964074],[-94.404761,38.962195],[-94.410091,38.958612],[-94.410337,38.955339],[-94.414421,38.955601],[-94.414806,38.951128],[-94.410514,38.947214],[-94.410206,38.940751],[-94.447879,38.942572],[-94.450749,38.912692],[-94.468745,38.913286],[-94.471282,38.87068],[-94.42963,38.869173],[-94.431168,38.839615],[-94.49213,38.841707],[-94.488569,38.907211],[-94.533391,38.90985],[-94.560828,38.910095],[-94.563841,38.866933],[-94.526921,38.865305],[-94.529564,38.843652],[-94.541828,38.843994],[-94.542517,38.835809],[-94.549198,38.834182],[-94.554336,38.835372],[-94.555046,38.83055],[-94.559084,38.83073],[-94.561905,38.824328],[-94.566267,38.824259],[-94.56208,38.845002],[-94.608033,38.847207],[-94.607132,39.100675],[-94.608519,39.116244],[-94.605116,39.123259],[-94.590288,39.138121],[-94.588387,39.148868],[-94.590661,39.154767],[-94.601733,39.159603],[-94.601316,39.188646],[-94.65934,39.188519],[-94.659176,39.210885],[-94.663037,39.210898],[-94.663047,39.212296],[-94.661638,39.212295],[-94.661651,39.214192],[-94.659067,39.213972],[-94.657755,39.223684],[-94.660806,39.223825],[-94.663315,39.220725],[-94.673844,39.217159],[-94.678414,39.213586],[-94.678367,39.239732],[-94.680668,39.239767],[-94.680642,39.238002],[-94.6819,39.238019],[-94.682424,39.246954],[-94.701101,39.246626],[-94.70109,39.242625],[-94.747925,39.242988],[-94.747909,39.274215],[-94.760062,39.275163],[-94.764233,39.281881],[-94.765495,39.289884]],[[-94.667515,39.311051],[-94.661068,39.311005],[-94.661034,39.312504],[-94.664031,39.312494],[-94.664028,39.318421],[-94.667498,39.318394],[-94.667515,39.311051]],[[-94.659577,39.225518],[-94.645074,39.225057],[-94.644989,39.230299],[-94.644504,39.227449],[-94.640356,39.227463],[-94.640376,39.225863],[-94.628764,39.226814],[-94.633199,39.233664],[-94.647243,39.235903],[-94.647247,39.232229],[-94.658763,39.232874],[-94.659577,39.225518]],[[-94.625499,39.190475],[-94.618906,39.189515],[-94.617062,39.190656],[-94.618717,39.194236],[-94.621132,39.193253],[-94.622412,39.195991],[-94.625468,39.195977],[-94.625499,39.190475]],[[-94.594338,39.174085],[-94.585954,39.174028],[-94.585952,39.181214],[-94.581138,39.181223],[-94.581076,39.195662],[-94.530312,39.195168],[-94.529893,39.226681],[-94.526716,39.227278],[-94.52797,39.228677],[-94.527326,39.231172],[-94.52999,39.231205],[-94.529991,39.233386],[-94.540135,39.233638],[-94.54146,39.231211],[-94.542728,39.233695],[-94.586113,39.234596],[-94.586355,39.190262],[-94.588186,39.190245],[-94.588211,39.183137],[-94.592564,39.183119],[-94.594338,39.174085]],[[-94.586944,39.123331],[-94.564724,39.12346],[-94.554952,39.127428],[-94.549573,39.130895],[-94.539232,39.142703],[-94.531298,39.146864],[-94.53121,39.151939],[-94.540421,39.151955],[-94.540314,39.155618],[-94.547895,39.155708],[-94.547041,39.159215],[-94.549283,39.159228],[-94.548035,39.152038],[-94.5503,39.152815],[-94.550314,39.155043],[-94.552094,39.155043],[-94.553584,39.152137],[-94.575914,39.15228],[-94.576955,39.154216],[-94.577149,39.152299],[-94.58023,39.150774],[-94.586018,39.152432],[-94.586944,39.123331]],[[-94.498468,39.151333],[-94.490072,39.150982],[-94.489936,39.1551],[-94.484687,39.155054],[-94.484741,39.158788],[-94.493991,39.158834],[-94.493908,39.162179],[-94.496146,39.162188],[-94.496233,39.158778],[-94.498461,39.158745],[-94.498468,39.151333]],[[-94.457148,39.162143],[-94.443046,39.162304],[-94.442963,39.172858],[-94.45703,39.173016],[-94.457148,39.162143]]]}},{"type":"Feature","properties":{"NAME":"Oakwood","state_abbr":"MO","state_name":"Missouri","ALAND":511316},"geometry":{"type":"Polygon","coordinates":[[[-94.576405,39.19907],[-94.576335,39.202898],[-94.564076,39.202814],[-94.566756,39.195611],[-94.56747,39.198364],[-94.576405,39.19907]]]}},{"type":"Feature","properties":{"NAME":"La Belle","state_abbr":"MO","state_name":"Missouri","ALAND":1760435},"geometry":{"type":"Polygon","coordinates":[[[-91.924519,40.121556],[-91.924262,40.123447],[-91.908451,40.12384],[-91.908282,40.108185],[-91.917913,40.108143],[-91.917705,40.113115],[-91.922274,40.114568],[-91.920724,40.117914],[-91.922188,40.117918],[-91.922127,40.120018],[-91.924519,40.121556]]]}},{"type":"Feature","properties":{"NAME":"Annapolis","state_abbr":"MO","state_name":"Missouri","ALAND":967972},"geometry":{"type":"Polygon","coordinates":[[[-90.705952,37.360532],[-90.699061,37.365493],[-90.69524,37.363409],[-90.69525,37.361788],[-90.686189,37.361775],[-90.686167,37.359268],[-90.690773,37.360351],[-90.692682,37.356984],[-90.701134,37.357509],[-90.703202,37.356333],[-90.705952,37.360532]]]}},{"type":"Feature","properties":{"NAME":"Des Arc","state_abbr":"MO","state_name":"Missouri","ALAND":550224},"geometry":{"type":"Polygon","coordinates":[[[-90.640808,37.28352],[-90.635302,37.28571],[-90.632232,37.288888],[-90.632409,37.290951],[-90.630143,37.291759],[-90.629986,37.288034],[-90.633656,37.284757],[-90.634207,37.278255],[-90.639796,37.279599],[-90.639097,37.281081],[-90.640808,37.28352]]]}},{"type":"Feature","properties":{"NAME":"Pilot Knob","state_abbr":"MO","state_name":"Missouri","ALAND":2315088},"geometry":{"type":"Polygon","coordinates":[[[-90.658979,37.618535],[-90.658826,37.621624],[-90.653852,37.621881],[-90.653682,37.625877],[-90.657105,37.633021],[-90.654627,37.63307],[-90.653318,37.63125],[-90.648617,37.631806],[-90.648649,37.628805],[-90.636904,37.628154],[-90.636267,37.624265],[-90.631298,37.624297],[-90.635865,37.621252],[-90.632127,37.612884],[-90.639488,37.617404],[-90.640573,37.616152],[-90.643568,37.619144],[-90.649073,37.620704],[-90.64901,37.621922],[-90.650875,37.621271],[-90.651697,37.618692],[-90.658979,37.618535]]]}},{"type":"Feature","properties":{"NAME":"Viburnum","state_abbr":"MO","state_name":"Missouri","ALAND":4446244},"geometry":{"type":"Polygon","coordinates":[[[-91.146498,37.707928],[-91.146047,37.720721],[-91.13878,37.719221],[-91.137651,37.722525],[-91.114673,37.722435],[-91.114675,37.718658],[-91.112538,37.718659],[-91.112512,37.711273],[-91.114912,37.711272],[-91.115072,37.707789],[-91.146498,37.707928]]]}},{"type":"Feature","properties":{"NAME":"Lake Annette","state_abbr":"MO","state_name":"Missouri","ALAND":403042},"geometry":{"type":"Polygon","coordinates":[[[-94.513188,38.650983],[-94.512832,38.657158],[-94.501866,38.657172],[-94.501866,38.65313],[-94.507944,38.652826],[-94.507965,38.650579],[-94.513188,38.650983]]]}},{"type":"Feature","properties":{"NAME":"Strasburg","state_abbr":"MO","state_name":"Missouri","ALAND":503033},"geometry":{"type":"Polygon","coordinates":[[[-94.168887,38.756868],[-94.168704,38.763644],[-94.161912,38.763589],[-94.163045,38.76203],[-94.158677,38.756745],[-94.168887,38.756868]]]}},{"type":"Feature","properties":{"NAME":"Freeburg","state_abbr":"MO","state_name":"Missouri","ALAND":2161081},"geometry":{"type":"MultiPolygon","coordinates":[[[[-91.921126,38.310653],[-91.920904,38.31114],[-91.920925,38.310414],[-91.921126,38.310653]]],[[[-91.935627,38.326269],[-91.930718,38.322992],[-91.923114,38.32289],[-91.922327,38.325942],[-91.919416,38.325885],[-91.912096,38.330904],[-91.911009,38.329807],[-91.914185,38.327704],[-91.912507,38.325304],[-91.916005,38.326516],[-91.91629,38.324689],[-91.921293,38.323154],[-91.921452,38.319504],[-91.913481,38.319423],[-91.913424,38.314993],[-91.918701,38.315184],[-91.916597,38.306693],[-91.91736,38.30413],[-91.921685,38.304145],[-91.921757,38.300452],[-91.926252,38.300481],[-91.921377,38.307819],[-91.919312,38.307835],[-91.920152,38.311386],[-91.928209,38.311449],[-91.928224,38.31329],[-91.933035,38.313391],[-91.930732,38.314496],[-91.930736,38.318899],[-91.928466,38.318904],[-91.928415,38.320062],[-91.934045,38.323377],[-91.935627,38.326269]]]]}},{"type":"Feature","properties":{"NAME":"North Kansas City","state_abbr":"MO","state_name":"Missouri","ALAND":11324773},"geometry":{"type":"Polygon","coordinates":[[[-94.586859,39.123736],[-94.586018,39.152432],[-94.58023,39.150774],[-94.577149,39.152299],[-94.576955,39.154216],[-94.575914,39.15228],[-94.553584,39.152137],[-94.552094,39.155043],[-94.550314,39.155043],[-94.548792,39.152048],[-94.53121,39.151939],[-94.531298,39.146864],[-94.539232,39.142703],[-94.549573,39.130895],[-94.554952,39.127428],[-94.564724,39.12346],[-94.586859,39.123736]]]}},{"type":"Feature","properties":{"NAME":"Fisk","state_abbr":"MO","state_name":"Missouri","ALAND":838369},"geometry":{"type":"Polygon","coordinates":[[[-90.213328,36.778434],[-90.213234,36.78636],[-90.203505,36.786425],[-90.200163,36.783094],[-90.202167,36.779776],[-90.213328,36.778434]]]}},{"type":"Feature","properties":{"NAME":"Neelyville","state_abbr":"MO","state_name":"Missouri","ALAND":2977621},"geometry":{"type":"Polygon","coordinates":[[[-90.524655,36.543606],[-90.521219,36.547067],[-90.520939,36.565502],[-90.502641,36.565151],[-90.502834,36.554028],[-90.512073,36.554183],[-90.512253,36.546872],[-90.514521,36.546922],[-90.516789,36.543252],[-90.524655,36.543606]]]}},{"type":"Feature","properties":{"NAME":"Qulin","state_abbr":"MO","state_name":"Missouri","ALAND":1167250},"geometry":{"type":"Polygon","coordinates":[[[-90.267813,36.604879],[-90.264998,36.606372],[-90.265462,36.607528],[-90.262939,36.605001],[-90.260458,36.604873],[-90.260482,36.602328],[-90.254998,36.596518],[-90.250605,36.596508],[-90.252338,36.601381],[-90.245516,36.601364],[-90.244915,36.596658],[-90.239317,36.596669],[-90.239141,36.594045],[-90.239656,36.595836],[-90.244882,36.595898],[-90.244861,36.59222],[-90.241129,36.591164],[-90.252505,36.592334],[-90.259361,36.599328],[-90.261555,36.599349],[-90.262398,36.603053],[-90.267806,36.603155],[-90.267813,36.604879]],[[-90.25177,36.595414],[-90.250494,36.594512],[-90.250491,36.595427],[-90.25177,36.595414]]]}},{"type":"Feature","properties":{"NAME":"Windsor","state_abbr":"MO","state_name":"Missouri","ALAND":6264674},"geometry":{"type":"Polygon","coordinates":[[[-93.539526,38.531971],[-93.539155,38.542231],[-93.534384,38.54253],[-93.534371,38.544597],[-93.525317,38.542091],[-93.511559,38.541609],[-93.511707,38.537977],[-93.501165,38.54096],[-93.501457,38.53403],[-93.511838,38.534397],[-93.511923,38.532297],[-93.506099,38.527206],[-93.510245,38.526946],[-93.510676,38.519793],[-93.526608,38.52001],[-93.526716,38.517721],[-93.531008,38.517851],[-93.530891,38.520221],[-93.535163,38.520359],[-93.53304,38.524002],[-93.535461,38.5241],[-93.535114,38.531337],[-93.539526,38.531971]],[[-93.526036,38.522443],[-93.521549,38.522349],[-93.521483,38.52367],[-93.525249,38.523733],[-93.526036,38.522443]]]}},{"type":"Feature","properties":{"NAME":"Green Ridge","state_abbr":"MO","state_name":"Missouri","ALAND":1111246},"geometry":{"type":"Polygon","coordinates":[[[-93.418538,38.627467],[-93.405124,38.625338],[-93.405284,38.623757],[-93.403615,38.623713],[-93.403844,38.616556],[-93.413676,38.615197],[-93.413609,38.616865],[-93.415612,38.616843],[-93.415369,38.620905],[-93.416592,38.62096],[-93.415119,38.625936],[-93.418526,38.626003],[-93.418538,38.627467]]]}},{"type":"Feature","properties":{"NAME":"Hughesville","state_abbr":"MO","state_name":"Missouri","ALAND":299712},"geometry":{"type":"Polygon","coordinates":[[[-93.297758,38.840415],[-93.292995,38.841274],[-93.293925,38.831745],[-93.296351,38.831837],[-93.297758,38.840415]]]}},{"type":"Feature","properties":{"NAME":"La Monte","state_abbr":"MO","state_name":"Missouri","ALAND":2810050},"geometry":{"type":"Polygon","coordinates":[[[-93.432929,38.783017],[-93.41689,38.781787],[-93.41717,38.774925],[-93.412666,38.774861],[-93.414052,38.769678],[-93.417649,38.769732],[-93.418064,38.761674],[-93.429672,38.761782],[-93.429227,38.767362],[-93.431609,38.767416],[-93.431144,38.781111],[-93.432962,38.781319],[-93.432929,38.783017]]]}},{"type":"Feature","properties":{"NAME":"Sturgeon","state_abbr":"MO","state_name":"Missouri","ALAND":2257369},"geometry":{"type":"Polygon","coordinates":[[[-92.295095,39.230585],[-92.294965,39.23387],[-92.287937,39.233661],[-92.288837,39.237279],[-92.285547,39.237171],[-92.286558,39.237828],[-92.285207,39.242588],[-92.286752,39.242656],[-92.286585,39.245492],[-92.280124,39.245239],[-92.279773,39.240395],[-92.270831,39.239096],[-92.270908,39.236394],[-92.273778,39.236307],[-92.274445,39.228189],[-92.27901,39.229216],[-92.27925,39.224602],[-92.283607,39.22466],[-92.283512,39.228146],[-92.288133,39.228275],[-92.288041,39.230953],[-92.295095,39.230585]],[[-92.288889,39.232879],[-92.288086,39.231836],[-92.287962,39.232851],[-92.288889,39.232879]],[[-92.275951,39.239089],[-92.274259,39.23777],[-92.27423,39.23905],[-92.275951,39.239089]]]}},{"type":"Feature","properties":{"NAME":"Smithton","state_abbr":"MO","state_name":"Missouri","ALAND":779190},"geometry":{"type":"Polygon","coordinates":[[[-93.098145,38.677238],[-93.097628,38.685274],[-93.088332,38.685226],[-93.088472,38.681279],[-93.086553,38.681476],[-93.086561,38.679613],[-93.088496,38.679631],[-93.08855,38.677115],[-93.098145,38.677238]]]}},{"type":"Feature","properties":{"NAME":"Leadington","state_abbr":"MO","state_name":"Missouri","ALAND":2362609},"geometry":{"type":"MultiPolygon","coordinates":[[[[-90.466583,37.828204],[-90.467116,37.829954],[-90.465654,37.829919],[-90.466583,37.828204]]],[[[-90.472688,37.831257],[-90.471712,37.833427],[-90.471698,37.831405],[-90.468659,37.83079],[-90.469082,37.829409],[-90.472688,37.831257]]],[[[-90.481803,37.838722],[-90.476591,37.838942],[-90.475529,37.840832],[-90.475562,37.833482],[-90.473168,37.833457],[-90.473493,37.831681],[-90.481127,37.836125],[-90.481803,37.838722]],[[-90.479772,37.836803],[-90.479272,37.836536],[-90.479221,37.836718],[-90.479772,37.836803]]],[[[-90.494599,37.840233],[-90.491416,37.841706],[-90.494078,37.842774],[-90.49403,37.844783],[-90.48892,37.844082],[-90.488234,37.847931],[-90.486098,37.847832],[-90.482322,37.836581],[-90.475492,37.831389],[-90.467354,37.828368],[-90.466669,37.826084],[-90.468649,37.824306],[-90.480792,37.824345],[-90.480518,37.829917],[-90.48271,37.829943],[-90.482572,37.8329],[-90.484891,37.8336],[-90.483572,37.83407],[-90.493318,37.837765],[-90.494599,37.840233]]]]}},{"type":"Feature","properties":{"NAME":"Ellsinore","state_abbr":"MO","state_name":"Missouri","ALAND":1309595},"geometry":{"type":"Polygon","coordinates":[[[-90.763855,36.924928],[-90.760129,36.925088],[-90.761403,36.926458],[-90.751414,36.931038],[-90.750436,36.938312],[-90.746983,36.938374],[-90.748419,36.944708],[-90.74591,36.944663],[-90.744978,36.938298],[-90.741527,36.938304],[-90.740962,36.936408],[-90.7414,36.931037],[-90.743884,36.930978],[-90.74395,36.923936],[-90.757566,36.926529],[-90.759906,36.925287],[-90.757982,36.924016],[-90.763855,36.924928]],[[-90.758387,36.926654],[-90.755261,36.926429],[-90.747899,36.925009],[-90.7478,36.930944],[-90.752541,36.930255],[-90.751947,36.928773],[-90.753414,36.92753],[-90.754485,36.929547],[-90.755433,36.927027],[-90.758387,36.926654]],[[-90.760128,36.925285],[-90.758954,36.925946],[-90.758609,36.926523],[-90.760123,36.926464],[-90.760128,36.925285]]]}},{"type":"Feature","properties":{"NAME":"Grandin","state_abbr":"MO","state_name":"Missouri","ALAND":1037176},"geometry":{"type":"MultiPolygon","coordinates":[[[[-90.818475,36.837469],[-90.818131,36.837753],[-90.818131,36.837579],[-90.818475,36.837469]]],[[[-90.832715,36.831263],[-90.830446,36.834277],[-90.813126,36.833931],[-90.813172,36.83233],[-90.815156,36.831575],[-90.812645,36.828249],[-90.808296,36.826404],[-90.816396,36.826522],[-90.816264,36.831618],[-90.820124,36.83171],[-90.820982,36.826607],[-90.832715,36.831263]]]]}},{"type":"Feature","properties":{"NAME":"Edgar Springs","state_abbr":"MO","state_name":"Missouri","ALAND":1213934},"geometry":{"type":"Polygon","coordinates":[[[-91.871184,37.697076],[-91.870934,37.708299],[-91.866214,37.708946],[-91.866186,37.711476],[-91.863911,37.711464],[-91.863893,37.705568],[-91.86078,37.705551],[-91.860792,37.696103],[-91.871184,37.697076]]]}},{"type":"Feature","properties":{"NAME":"Altamont","state_abbr":"MO","state_name":"Missouri","ALAND":663342},"geometry":{"type":"Polygon","coordinates":[[[-94.092442,39.882578],[-94.092373,39.891016],[-94.081825,39.892314],[-94.081981,39.889388],[-94.080056,39.889494],[-94.080068,39.885918],[-94.091051,39.886023],[-94.09119,39.88252],[-94.092442,39.882578]]]}},{"type":"Feature","properties":{"NAME":"Coffey","state_abbr":"MO","state_name":"Missouri","ALAND":539447},"geometry":{"type":"Polygon","coordinates":[[[-94.011972,40.105184],[-94.009859,40.108365],[-94.006965,40.108385],[-94.006844,40.111086],[-94.004505,40.111093],[-94.002244,40.103673],[-94.004002,40.10364],[-94.003834,40.101164],[-94.007059,40.10116],[-94.009872,40.101703],[-94.009947,40.104724],[-94.011972,40.105184]]]}},{"type":"Feature","properties":{"NAME":"Cooter","state_abbr":"MO","state_name":"Missouri","ALAND":764761},"geometry":{"type":"Polygon","coordinates":[[[-89.815239,36.044614],[-89.815078,36.049307],[-89.813817,36.048426],[-89.810245,36.052511],[-89.808894,36.052503],[-89.807299,36.048608],[-89.805434,36.048581],[-89.80523,36.046165],[-89.801422,36.046076],[-89.802592,36.042802],[-89.806307,36.042779],[-89.815239,36.044614]]]}},{"type":"Feature","properties":{"NAME":"Rolla","state_abbr":"MO","state_name":"Missouri","ALAND":31413328},"geometry":{"type":"Polygon","coordinates":[[[-91.82164,37.939783],[-91.803292,37.941044],[-91.802136,37.944894],[-91.803318,37.944528],[-91.803278,37.9461],[-91.806339,37.944065],[-91.806356,37.94674],[-91.793869,37.947013],[-91.793967,37.956904],[-91.790659,37.956927],[-91.791318,37.958728],[-91.788936,37.95876],[-91.78893,37.960404],[-91.792774,37.959425],[-91.795277,37.962175],[-91.791241,37.961166],[-91.791242,37.962407],[-91.78922,37.9624],[-91.789274,37.965651],[-91.778113,37.965755],[-91.778205,37.967606],[-91.773797,37.967623],[-91.774705,37.9696],[-91.780517,37.969613],[-91.780553,37.973388],[-91.775415,37.971375],[-91.775307,37.973165],[-91.773418,37.973143],[-91.770893,37.971425],[-91.770649,37.965265],[-91.766271,37.96597],[-91.766291,37.969433],[-91.763344,37.969469],[-91.76164,37.971636],[-91.757671,37.972048],[-91.756421,37.973565],[-91.75373,37.974929],[-91.743712,37.976687],[-91.735662,37.975697],[-91.72341,37.978025],[-91.724711,37.982788],[-91.727953,37.98656],[-91.738493,37.987543],[-91.738455,37.991201],[-91.724777,37.991175],[-91.724682,37.992298],[-91.710315,37.990931],[-91.710324,37.987394],[-91.715385,37.98743],[-91.716011,37.98061],[-91.669382,37.987131],[-91.669423,37.985851],[-91.714939,37.979665],[-91.717936,37.97774],[-91.729362,37.976175],[-91.734154,37.974775],[-91.732746,37.973248],[-91.739447,37.969388],[-91.747971,37.96751],[-91.747978,37.962466],[-91.742108,37.962356],[-91.743387,37.955325],[-91.740988,37.955326],[-91.740998,37.951543],[-91.736565,37.955351],[-91.734053,37.955352],[-91.734039,37.952602],[-91.738679,37.951228],[-91.738715,37.948952],[-91.734512,37.948916],[-91.734511,37.945634],[-91.736172,37.945788],[-91.736574,37.948016],[-91.738729,37.948002],[-91.738769,37.945195],[-91.736994,37.944865],[-91.738775,37.943858],[-91.738961,37.931394],[-91.740211,37.931176],[-91.730899,37.922086],[-91.727363,37.922121],[-91.728281,37.918235],[-91.725902,37.915347],[-91.781525,37.915102],[-91.783097,37.922379],[-91.785455,37.923612],[-91.786223,37.922442],[-91.786441,37.926318],[-91.789368,37.926327],[-91.789397,37.92884],[-91.782806,37.930314],[-91.782874,37.936893],[-91.785127,37.936912],[-91.785161,37.940605],[-91.812319,37.932293],[-91.814643,37.933919],[-91.814652,37.935722],[-91.805712,37.935122],[-91.806159,37.938422],[-91.803325,37.937733],[-91.803264,37.939247],[-91.821515,37.938066],[-91.82164,37.939783]],[[-91.760352,37.966059],[-91.755445,37.966175],[-91.753186,37.974751],[-91.75703,37.972358],[-91.760352,37.966059]],[[-91.747048,37.967997],[-91.739651,37.969619],[-91.736501,37.971661],[-91.736504,37.973376],[-91.743453,37.973397],[-91.743419,37.970587],[-91.747059,37.970577],[-91.747048,37.967997]],[[-91.724655,37.987581],[-91.723849,37.987028],[-91.723824,37.987553],[-91.724655,37.987581]]]}},{"type":"Feature","properties":{"NAME":"St. James","state_abbr":"MO","state_name":"Missouri","ALAND":11065507},"geometry":{"type":"Polygon","coordinates":[[[-91.669451,37.986071],[-91.638611,37.993484],[-91.638631,37.996383],[-91.645446,37.996343],[-91.645441,38.003448],[-91.641814,38.003439],[-91.641822,38.007475],[-91.632205,38.00713],[-91.63192,38.009748],[-91.626597,38.010242],[-91.626369,38.014668],[-91.624213,38.014795],[-91.624874,38.015733],[-91.623708,38.016411],[-91.622813,38.012813],[-91.617329,38.012817],[-91.617227,38.011174],[-91.613947,38.011155],[-91.61271,38.01331],[-91.610636,38.013293],[-91.610637,38.011142],[-91.608412,38.011134],[-91.608313,38.017738],[-91.599121,38.01767],[-91.599107,38.013755],[-91.603521,38.013837],[-91.60398,38.011337],[-91.602498,38.010466],[-91.588395,38.014168],[-91.56562,38.023363],[-91.559796,38.02367],[-91.588411,38.014025],[-91.58836,38.011696],[-91.58556,38.011723],[-91.587731,38.00884],[-91.580578,38.008806],[-91.580546,37.999595],[-91.591552,37.999776],[-91.591442,38.008731],[-91.605796,38.001772],[-91.605842,37.996077],[-91.608307,37.996533],[-91.608236,37.992931],[-91.605946,37.992936],[-91.605911,37.994234],[-91.601804,37.993377],[-91.601762,37.992226],[-91.589043,37.992279],[-91.585367,37.991526],[-91.581457,37.992784],[-91.580314,37.992319],[-91.585626,37.991158],[-91.59921,37.992125],[-91.599193,37.986633],[-91.609266,37.985925],[-91.611211,37.987051],[-91.611206,37.98585],[-91.613409,37.985819],[-91.621928,37.987211],[-91.621907,37.990815],[-91.61897,37.99265],[-91.628307,37.992626],[-91.641666,37.977316],[-91.641704,37.973699],[-91.642413,37.977386],[-91.632507,37.989861],[-91.633944,37.988165],[-91.633938,37.98982],[-91.638165,37.989287],[-91.640609,37.991916],[-91.669451,37.986071]],[[-91.634711,37.996406],[-91.634984,37.995976],[-91.635006,37.994659],[-91.634711,37.996406]],[[-91.631896,38.008521],[-91.631855,38.007052],[-91.626688,38.007049],[-91.626616,38.010153],[-91.631896,38.008521]],[[-91.607843,37.98817],[-91.607406,37.987755],[-91.607484,37.988283],[-91.607843,37.98817]],[[-91.604576,38.010992],[-91.603763,38.014383],[-91.605614,38.014417],[-91.604576,38.010992]]]}},{"type":"Feature","properties":{"NAME":"Gallatin","state_abbr":"MO","state_name":"Missouri","ALAND":7117953},"geometry":{"type":"Polygon","coordinates":[[[-93.985804,39.924052],[-93.977725,39.924174],[-93.978339,39.918517],[-93.972638,39.918597],[-93.967882,39.92079],[-93.969143,39.923358],[-93.962367,39.923769],[-93.961991,39.922246],[-93.952209,39.925586],[-93.952238,39.92369],[-93.947679,39.920545],[-93.951914,39.918041],[-93.951815,39.908171],[-93.951662,39.902717],[-93.947344,39.902768],[-93.947081,39.892136],[-93.960412,39.892012],[-93.960722,39.90259],[-93.975178,39.902396],[-93.975318,39.909701],[-93.985442,39.909576],[-93.985804,39.924052]]]}},{"type":"Feature","properties":{"NAME":"Houston","state_abbr":"MO","state_name":"Missouri","ALAND":9434570},"geometry":{"type":"Polygon","coordinates":[[[-91.979386,37.335146],[-91.977035,37.336399],[-91.977029,37.335149],[-91.970433,37.335835],[-91.970393,37.333276],[-91.952053,37.333466],[-91.951846,37.340005],[-91.944846,37.339922],[-91.946281,37.337263],[-91.941658,37.336354],[-91.941646,37.34002],[-91.937758,37.340063],[-91.937418,37.343629],[-91.93094,37.343636],[-91.931291,37.336154],[-91.941372,37.336379],[-91.947722,37.330821],[-91.947699,37.320673],[-91.952348,37.320665],[-91.952697,37.314929],[-91.949255,37.310947],[-91.948559,37.307051],[-91.962301,37.305661],[-91.963611,37.294511],[-91.970927,37.295598],[-91.970604,37.29684],[-91.972396,37.297186],[-91.97021,37.299122],[-91.971656,37.299468],[-91.971072,37.301305],[-91.973899,37.301409],[-91.973826,37.304227],[-91.968473,37.304026],[-91.966935,37.308188],[-91.974809,37.30828],[-91.974809,37.31046],[-91.976359,37.310497],[-91.976162,37.319602],[-91.978758,37.319243],[-91.978559,37.324822],[-91.97647,37.323663],[-91.976443,37.325857],[-91.978247,37.325932],[-91.979386,37.335146]]]}},{"type":"Feature","properties":{"NAME":"Licking","state_abbr":"MO","state_name":"Missouri","ALAND":5518872},"geometry":{"type":"Polygon","coordinates":[[[-91.879394,37.509002],[-91.871444,37.509002],[-91.871443,37.512082],[-91.866715,37.512001],[-91.864607,37.510126],[-91.865487,37.512163],[-91.862639,37.512581],[-91.862626,37.508312],[-91.85361,37.50925],[-91.851792,37.508156],[-91.851801,37.500952],[-91.849423,37.500909],[-91.849189,37.50828],[-91.84426,37.508274],[-91.844375,37.50442],[-91.846731,37.504441],[-91.846736,37.500855],[-91.849153,37.499234],[-91.849069,37.488375],[-91.852814,37.490321],[-91.852843,37.486518],[-91.871595,37.486858],[-91.871862,37.500956],[-91.876377,37.502117],[-91.876386,37.505612],[-91.879394,37.505612],[-91.879394,37.509002]]]}},{"type":"Feature","properties":{"NAME":"Mountain Grove","state_abbr":"MO","state_name":"Missouri","ALAND":10398328},"geometry":{"type":"Polygon","coordinates":[[[-92.294948,37.129425],[-92.281559,37.129563],[-92.281509,37.133078],[-92.279254,37.133035],[-92.279202,37.13467],[-92.284542,37.134664],[-92.284574,37.140538],[-92.276677,37.138942],[-92.276386,37.147909],[-92.262727,37.147294],[-92.262823,37.158448],[-92.255155,37.158469],[-92.254006,37.143469],[-92.244934,37.142654],[-92.244964,37.140382],[-92.247059,37.140379],[-92.245735,37.136007],[-92.249153,37.135586],[-92.249514,37.125503],[-92.247773,37.123994],[-92.249443,37.123975],[-92.249573,37.121506],[-92.252866,37.121529],[-92.252973,37.118908],[-92.276918,37.118724],[-92.276678,37.122094],[-92.290286,37.122443],[-92.290538,37.126039],[-92.294869,37.126034],[-92.294948,37.129425]]]}},{"type":"Feature","properties":{"NAME":"Denver","state_abbr":"MO","state_name":"Missouri","ALAND":991378},"geometry":{"type":"Polygon","coordinates":[[[-94.328908,40.396648],[-94.325588,40.399032],[-94.32816,40.401092],[-94.325255,40.403585],[-94.326033,40.404912],[-94.318819,40.405756],[-94.31875,40.394122],[-94.323486,40.39427],[-94.323492,40.391698],[-94.329049,40.392987],[-94.328908,40.396648]]]}},{"type":"Feature","properties":{"NAME":"Grant City","state_abbr":"MO","state_name":"Missouri","ALAND":3442418},"geometry":{"type":"Polygon","coordinates":[[[-94.42498,40.493554],[-94.410523,40.493631],[-94.410079,40.495233],[-94.407405,40.495183],[-94.407492,40.493638],[-94.402608,40.493649],[-94.402802,40.487245],[-94.400195,40.485777],[-94.400236,40.482658],[-94.402945,40.482696],[-94.403093,40.477884],[-94.413272,40.477804],[-94.413274,40.474947],[-94.413954,40.477801],[-94.424821,40.477752],[-94.42498,40.493554]]]}},{"type":"Feature","properties":{"NAME":"Gilman City","state_abbr":"MO","state_name":"Missouri","ALAND":2178186},"geometry":{"type":"Polygon","coordinates":[[[-93.877979,40.143362],[-93.876428,40.144982],[-93.867499,40.14496],[-93.867714,40.133462],[-93.872415,40.133483],[-93.872237,40.112709],[-93.877764,40.112709],[-93.877979,40.143362]]]}},{"type":"Feature","properties":{"NAME":"Lock Springs","state_abbr":"MO","state_name":"Missouri","ALAND":320359},"geometry":{"type":"Polygon","coordinates":[[[-93.779969,39.850037],[-93.778632,39.850036],[-93.77877,39.852044],[-93.775656,39.852118],[-93.775492,39.850131],[-93.77263,39.850198],[-93.771732,39.846959],[-93.779627,39.846535],[-93.779969,39.850037]]]}},{"type":"Feature","properties":{"NAME":"Winston","state_abbr":"MO","state_name":"Missouri","ALAND":798321},"geometry":{"type":"Polygon","coordinates":[[[-94.149537,39.870239],[-94.14515,39.870536],[-94.145094,39.873955],[-94.135734,39.873718],[-94.135705,39.866349],[-94.146925,39.866414],[-94.146832,39.867638],[-94.149543,39.867749],[-94.149537,39.870239]]]}},{"type":"Feature","properties":{"NAME":"Marshfield","state_abbr":"MO","state_name":"Missouri","ALAND":14298423},"geometry":{"type":"Polygon","coordinates":[[[-92.943133,37.332985],[-92.942894,37.340182],[-92.938456,37.340765],[-92.938393,37.347305],[-92.932464,37.344603],[-92.929582,37.347268],[-92.92954,37.350908],[-92.927154,37.350871],[-92.926173,37.347062],[-92.91285,37.357713],[-92.914523,37.364352],[-92.911689,37.364103],[-92.911362,37.359179],[-92.909726,37.366419],[-92.907744,37.368586],[-92.907025,37.365325],[-92.890532,37.365136],[-92.883808,37.363476],[-92.881423,37.364859],[-92.883804,37.360888],[-92.890835,37.355689],[-92.891086,37.350356],[-92.875114,37.349998],[-92.879771,37.349913],[-92.881104,37.342726],[-92.884319,37.342812],[-92.884166,37.349225],[-92.885606,37.350138],[-92.886948,37.350185],[-92.887071,37.346909],[-92.891034,37.348046],[-92.891091,37.346692],[-92.888164,37.346614],[-92.888126,37.345668],[-92.891111,37.345632],[-92.89102,37.339497],[-92.874971,37.338854],[-92.884357,37.339115],[-92.88429,37.335511],[-92.891124,37.335715],[-92.891108,37.327473],[-92.9055,37.326922],[-92.902573,37.325936],[-92.90259,37.324108],[-92.907232,37.324147],[-92.908296,37.327712],[-92.910969,37.327078],[-92.911722,37.325153],[-92.913468,37.325188],[-92.913433,37.32772],[-92.931095,37.327983],[-92.936273,37.325396],[-92.935637,37.328428],[-92.938742,37.328499],[-92.938582,37.332854],[-92.943133,37.332985]],[[-92.936668,37.34512],[-92.935123,37.344495],[-92.935099,37.345097],[-92.936668,37.34512]],[[-92.935149,37.342004],[-92.932633,37.341967],[-92.932016,37.343741],[-92.935134,37.343691],[-92.935149,37.342004]],[[-92.929591,37.346442],[-92.92813,37.345563],[-92.927001,37.346417],[-92.929591,37.346442]],[[-92.913563,37.356032],[-92.903091,37.355874],[-92.903029,37.357713],[-92.907474,37.357752],[-92.909558,37.360078],[-92.913563,37.356032]],[[-92.908886,37.361331],[-92.906179,37.361291],[-92.906671,37.364018],[-92.907591,37.364106],[-92.908886,37.361331]],[[-92.906123,37.364754],[-92.906387,37.364293],[-92.906138,37.36401],[-92.906123,37.364754]],[[-92.906193,37.360468],[-92.902674,37.360449],[-92.902619,37.362133],[-92.892997,37.362019],[-92.892954,37.36436],[-92.905796,37.364777],[-92.906193,37.360468]],[[-92.892754,37.355735],[-92.891054,37.355695],[-92.888748,37.357375],[-92.892718,37.357425],[-92.892754,37.355735]],[[-92.892655,37.360998],[-92.888112,37.360953],[-92.888131,37.35791],[-92.883817,37.361132],[-92.883523,37.363147],[-92.892522,37.364584],[-92.892655,37.360998]],[[-92.884623,37.339125],[-92.885508,37.337736],[-92.884652,37.337739],[-92.884623,37.339125]],[[-92.883354,37.362955],[-92.883026,37.362576],[-92.883101,37.362961],[-92.883354,37.362955]]]}},{"type":"Feature","properties":{"NAME":"Summersville","state_abbr":"MO","state_name":"Missouri","ALAND":2871438},"geometry":{"type":"Polygon","coordinates":[[[-91.674968,37.181031],[-91.666992,37.181547],[-91.666935,37.183322],[-91.671327,37.184829],[-91.670241,37.186599],[-91.66714,37.184585],[-91.655973,37.18507],[-91.655111,37.187123],[-91.653317,37.187182],[-91.653343,37.185124],[-91.647926,37.18508],[-91.647972,37.181456],[-91.646765,37.181413],[-91.646909,37.177784],[-91.64514,37.177629],[-91.645181,37.175116],[-91.648159,37.175132],[-91.648228,37.172711],[-91.651364,37.174322],[-91.651416,37.170413],[-91.653541,37.170427],[-91.65355,37.167786],[-91.658187,37.170384],[-91.662875,37.170385],[-91.66281,37.175335],[-91.667062,37.174363],[-91.668395,37.175444],[-91.668344,37.179257],[-91.674968,37.181031]]]}},{"type":"Feature","properties":{"NAME":"Eminence","state_abbr":"MO","state_name":"Missouri","ALAND":4881441},"geometry":{"type":"Polygon","coordinates":[[[-91.374071,37.153655],[-91.367034,37.158733],[-91.364674,37.158511],[-91.362922,37.155134],[-91.358346,37.158072],[-91.355038,37.157721],[-91.353559,37.162669],[-91.357719,37.168682],[-91.347695,37.168949],[-91.346671,37.15723],[-91.347831,37.154483],[-91.350012,37.153636],[-91.350156,37.137963],[-91.369561,37.138001],[-91.369885,37.147714],[-91.371048,37.151201],[-91.374068,37.151155],[-91.374071,37.153655]]]}},{"type":"Feature","properties":{"NAME":"Sheridan","state_abbr":"MO","state_name":"Missouri","ALAND":503244},"geometry":{"type":"Polygon","coordinates":[[[-94.623077,40.516282],[-94.617806,40.516197],[-94.619369,40.518651],[-94.614743,40.521031],[-94.609459,40.519889],[-94.610925,40.514219],[-94.617767,40.514197],[-94.617789,40.515308],[-94.623077,40.516282]]]}},{"type":"Feature","properties":{"NAME":"Worth","state_abbr":"MO","state_name":"Missouri","ALAND":653932},"geometry":{"type":"Polygon","coordinates":[[[-94.451205,40.40084],[-94.451127,40.408217],[-94.441887,40.40827],[-94.441812,40.400815],[-94.451205,40.40084]]]}},{"type":"Feature","properties":{"NAME":"Arbyrd","state_abbr":"MO","state_name":"Missouri","ALAND":2601491},"geometry":{"type":"MultiPolygon","coordinates":[[[[-90.248395,36.061019],[-90.230968,36.061021],[-90.230967,36.046384],[-90.248207,36.046428],[-90.248395,36.061019]]],[[[-90.250544,36.046413],[-90.248207,36.046428],[-90.248256,36.043168],[-90.250599,36.043201],[-90.250544,36.046413]]]]}},{"type":"Feature","properties":{"NAME":"Benton","state_abbr":"MO","state_name":"Missouri","ALAND":1646475},"geometry":{"type":"Polygon","coordinates":[[[-89.574133,37.105822],[-89.572132,37.105452],[-89.572034,37.108019],[-89.5676,37.107888],[-89.567831,37.104846],[-89.561835,37.105522],[-89.562298,37.100874],[-89.558962,37.100847],[-89.558817,37.098668],[-89.555048,37.099129],[-89.553792,37.097798],[-89.555411,37.097531],[-89.547452,37.09758],[-89.54752,37.092783],[-89.551769,37.094687],[-89.550823,37.095814],[-89.554314,37.095819],[-89.555088,37.094234],[-89.561624,37.094137],[-89.56218,37.092279],[-89.564415,37.092409],[-89.567535,37.089684],[-89.567273,37.092966],[-89.56563,37.092833],[-89.567113,37.094506],[-89.56686,37.09786],[-89.568648,37.097731],[-89.572081,37.104591],[-89.574127,37.104625],[-89.574133,37.105822]]]}},{"type":"Feature","properties":{"NAME":"Blodgett","state_abbr":"MO","state_name":"Missouri","ALAND":421399},"geometry":{"type":"Polygon","coordinates":[[[-89.5345,37.001247],[-89.528964,37.001807],[-89.529947,37.004262],[-89.526585,37.008457],[-89.523193,37.00855],[-89.524924,37.001301],[-89.534378,36.999575],[-89.5345,37.001247]]]}},{"type":"Feature","properties":{"NAME":"Chaffee","state_abbr":"MO","state_name":"Missouri","ALAND":4648756},"geometry":{"type":"Polygon","coordinates":[[[-89.681721,37.191845],[-89.66739,37.191895],[-89.667351,37.188012],[-89.649085,37.187637],[-89.649109,37.191981],[-89.6439,37.19203],[-89.644084,37.184228],[-89.649365,37.184219],[-89.649032,37.173391],[-89.655343,37.17326],[-89.658168,37.168898],[-89.669916,37.169158],[-89.669986,37.173181],[-89.67238,37.173269],[-89.672316,37.188251],[-89.681504,37.187989],[-89.681721,37.191845]]]}},{"type":"Feature","properties":{"NAME":"Commerce","state_abbr":"MO","state_name":"Missouri","ALAND":896123},"geometry":{"type":"Polygon","coordinates":[[[-89.453595,37.156463],[-89.450365,37.156918],[-89.450105,37.163475],[-89.443384,37.163489],[-89.439544,37.155102],[-89.449879,37.153307],[-89.453497,37.154091],[-89.453595,37.156463]]]}},{"type":"Feature","properties":{"NAME":"Kelso","state_abbr":"MO","state_name":"Missouri","ALAND":821326},"geometry":{"type":"Polygon","coordinates":[[[-89.555306,37.199757],[-89.548599,37.199548],[-89.548848,37.195847],[-89.546567,37.194874],[-89.547881,37.188917],[-89.545866,37.188322],[-89.546673,37.185316],[-89.55433,37.185039],[-89.551391,37.192207],[-89.552752,37.192489],[-89.555306,37.199757]],[[-89.550939,37.187521],[-89.550162,37.186662],[-89.549926,37.186809],[-89.550939,37.187521]]]}},{"type":"Feature","properties":{"NAME":"Morley","state_abbr":"MO","state_name":"Missouri","ALAND":2075861},"geometry":{"type":"Polygon","coordinates":[[[-89.624092,37.038818],[-89.621784,37.050113],[-89.613522,37.04611],[-89.610481,37.046144],[-89.606442,37.050807],[-89.603663,37.050123],[-89.60343,37.043354],[-89.597912,37.041885],[-89.598571,37.038821],[-89.60129,37.040167],[-89.601375,37.038933],[-89.608822,37.038134],[-89.624092,37.038818]]]}},{"type":"Feature","properties":{"NAME":"Oran","state_abbr":"MO","state_name":"Missouri","ALAND":2726456},"geometry":{"type":"Polygon","coordinates":[[[-89.662446,37.078829],[-89.662546,37.093242],[-89.644675,37.093322],[-89.644404,37.078727],[-89.649528,37.078713],[-89.64953,37.07464],[-89.65325,37.074639],[-89.653341,37.078804],[-89.662446,37.078829]]]}},{"type":"Feature","properties":{"NAME":"Campbell","state_abbr":"MO","state_name":"Missouri","ALAND":3637448},"geometry":{"type":"Polygon","coordinates":[[[-90.090801,36.499622],[-90.081749,36.500087],[-90.085073,36.503618],[-90.081104,36.500773],[-90.081028,36.50203],[-90.075984,36.502053],[-90.075043,36.500059],[-90.066656,36.50006],[-90.065522,36.49568],[-90.062077,36.495304],[-90.062442,36.491923],[-90.067072,36.491886],[-90.06685,36.488271],[-90.062323,36.488261],[-90.062352,36.484606],[-90.084935,36.484637],[-90.084701,36.49286],[-90.090575,36.492923],[-90.090801,36.499622]]]}},{"type":"Feature","properties":{"NAME":"Clarkton","state_abbr":"MO","state_name":"Missouri","ALAND":2925104},"geometry":{"type":"Polygon","coordinates":[[[-89.979073,36.45203],[-89.975081,36.459388],[-89.957316,36.459242],[-89.958821,36.447309],[-89.961583,36.443976],[-89.975151,36.444963],[-89.978616,36.448911],[-89.979073,36.45203]]]}},{"type":"Feature","properties":{"NAME":"Holcomb","state_abbr":"MO","state_name":"Missouri","ALAND":1509844},"geometry":{"type":"Polygon","coordinates":[[[-90.032015,36.404957],[-90.02858,36.405785],[-90.028484,36.418965],[-90.026043,36.418975],[-90.02601,36.41195],[-90.023035,36.409941],[-90.023,36.408329],[-90.021213,36.408285],[-90.021016,36.405223],[-90.016957,36.40506],[-90.022771,36.399266],[-90.023094,36.379539],[-90.026163,36.38078],[-90.025264,36.402225],[-90.032015,36.404957]]]}},{"type":"Feature","properties":{"NAME":"Malden","state_abbr":"MO","state_name":"Missouri","ALAND":21550514},"geometry":{"type":"Polygon","coordinates":[[[-90.011246,36.5873],[-90.01094,36.615243],[-89.969855,36.614796],[-89.969943,36.610594],[-89.968114,36.610572],[-89.968658,36.586766],[-89.963376,36.585752],[-89.963653,36.582507],[-89.958715,36.582021],[-89.95796,36.580089],[-89.957253,36.556863],[-89.955734,36.552954],[-89.965875,36.536054],[-89.966525,36.54183],[-89.972133,36.542087],[-89.972044,36.546757],[-89.975927,36.546803],[-89.975376,36.552929],[-89.979974,36.553062],[-89.979904,36.556592],[-89.975342,36.556506],[-89.975354,36.557679],[-89.982681,36.557514],[-89.982814,36.564117],[-89.981428,36.564081],[-89.981224,36.567658],[-89.977712,36.567729],[-89.977682,36.571335],[-89.988329,36.571711],[-89.988304,36.575189],[-89.979637,36.574998],[-89.979614,36.585966],[-90.011246,36.5873]]]}},{"type":"Feature","properties":{"NAME":"Rives","state_abbr":"MO","state_name":"Missouri","ALAND":945438},"geometry":{"type":"Polygon","coordinates":[[[-90.017334,36.093352],[-90.016792,36.100646],[-90.009304,36.100521],[-90.009392,36.092858],[-90.004265,36.092824],[-90.004247,36.088805],[-90.013465,36.088804],[-90.01338,36.093246],[-90.017334,36.093352]]]}},{"type":"Feature","properties":{"NAME":"Senath","state_abbr":"MO","state_name":"Missouri","ALAND":4982741},"geometry":{"type":"Polygon","coordinates":[[[-90.173066,36.123198],[-90.172749,36.144975],[-90.150441,36.144922],[-90.150419,36.13414],[-90.147831,36.134152],[-90.14783,36.13068],[-90.150274,36.130644],[-90.150252,36.12311],[-90.173066,36.123198]]]}},{"type":"Feature","properties":{"NAME":"Glen Allen","state_abbr":"MO","state_name":"Missouri","ALAND":150133},"geometry":{"type":"MultiPolygon","coordinates":[[[[-90.026188,37.317868],[-90.025014,37.317193],[-90.025263,37.316625],[-90.026188,37.317868]]],[[[-90.030445,37.319061],[-90.028213,37.319914],[-90.026648,37.317339],[-90.024069,37.315866],[-90.026511,37.316539],[-90.029196,37.314004],[-90.030445,37.319061]]]]}},{"type":"Feature","properties":{"NAME":"Sedgewickville","state_abbr":"MO","state_name":"Missouri","ALAND":1658706},"geometry":{"type":"Polygon","coordinates":[[[-89.916635,37.510382],[-89.916649,37.517868],[-89.912012,37.517915],[-89.912662,37.52302],[-89.910293,37.520872],[-89.911544,37.517972],[-89.89377,37.518028],[-89.893449,37.513038],[-89.898018,37.513816],[-89.89803,37.510669],[-89.916635,37.510382]]]}},{"type":"Feature","properties":{"NAME":"Vanduser","state_abbr":"MO","state_name":"Missouri","ALAND":332789},"geometry":{"type":"Polygon","coordinates":[[[-89.692794,36.989996],[-89.691682,36.991585],[-89.686882,36.991608],[-89.686878,36.994158],[-89.684761,36.992745],[-89.684358,36.994178],[-89.682278,36.994258],[-89.682208,36.990764],[-89.68518,36.988253],[-89.692794,36.989996]]]}},{"type":"Feature","properties":{"NAME":"Annada","state_abbr":"MO","state_name":"Missouri","ALAND":157691},"geometry":{"type":"Polygon","coordinates":[[[-90.831306,39.264801],[-90.828601,39.264285],[-90.824887,39.259871],[-90.831282,39.261386],[-90.831306,39.264801]]]}},{"type":"Feature","properties":{"NAME":"Bowling Green","state_abbr":"MO","state_name":"Missouri","ALAND":6965142},"geometry":{"type":"MultiPolygon","coordinates":[[[[-91.231715,39.373098],[-91.231709,39.380825],[-91.225578,39.380815],[-91.22559,39.373092],[-91.220872,39.373087],[-91.220872,39.371587],[-91.213799,39.366939],[-91.213101,39.365437],[-91.212209,39.356551],[-91.209309,39.351536],[-91.206764,39.351681],[-91.201439,39.346995],[-91.193953,39.348154],[-91.192668,39.350804],[-91.191408,39.350627],[-91.193619,39.348667],[-91.187684,39.348262],[-91.187343,39.340447],[-91.18263,39.339283],[-91.182028,39.337271],[-91.174094,39.33732],[-91.173991,39.329976],[-91.180247,39.329927],[-91.180609,39.326883],[-91.187698,39.326876],[-91.187693,39.329866],[-91.199991,39.329798],[-91.200113,39.333466],[-91.204113,39.333508],[-91.204333,39.337117],[-91.2113,39.337122],[-91.211282,39.336044],[-91.214539,39.337086],[-91.214564,39.341091],[-91.216053,39.341944],[-91.21456,39.341941],[-91.214576,39.343367],[-91.216965,39.342771],[-91.217519,39.344475],[-91.212798,39.345523],[-91.212789,39.346915],[-91.209369,39.348564],[-91.211556,39.351541],[-91.209642,39.35153],[-91.211849,39.354894],[-91.213119,39.358757],[-91.213764,39.366397],[-91.218063,39.366115],[-91.217895,39.368337],[-91.220409,39.370396],[-91.220409,39.36613],[-91.22636,39.366176],[-91.22637,39.373091],[-91.231715,39.373098]]],[[[-91.237181,39.344325],[-91.237074,39.353905],[-91.230439,39.354101],[-91.230092,39.344473],[-91.237181,39.344325]]]]}},{"type":"Feature","properties":{"NAME":"Clarksville","state_abbr":"MO","state_name":"Missouri","ALAND":1505361},"geometry":{"type":"Polygon","coordinates":[[[-90.935257,39.375292],[-90.930346,39.374591],[-90.921342,39.376014],[-90.91465,39.375965],[-90.912375,39.375488],[-90.91273,39.381711],[-90.904862,39.379403],[-90.900095,39.372354],[-90.890931,39.365767],[-90.899884,39.364858],[-90.893148,39.354475],[-90.890313,39.342364],[-90.893525,39.354287],[-90.897241,39.35971],[-90.907451,39.355788],[-90.903228,39.363019],[-90.903734,39.365832],[-90.912506,39.365832],[-90.912365,39.37533],[-90.931809,39.374313],[-90.935257,39.375292]]]}},{"type":"Feature","properties":{"NAME":"Curryville","state_abbr":"MO","state_name":"Missouri","ALAND":709912},"geometry":{"type":"Polygon","coordinates":[[[-91.349146,39.34557],[-91.347756,39.346048],[-91.34779,39.348153],[-91.344763,39.347748],[-91.344727,39.34904],[-91.335394,39.34881],[-91.336173,39.342441],[-91.344902,39.342026],[-91.344877,39.344478],[-91.349146,39.34557]]]}},{"type":"Feature","properties":{"NAME":"Eolia","state_abbr":"MO","state_name":"Missouri","ALAND":3156427},"geometry":{"type":"Polygon","coordinates":[[[-91.027451,39.247404],[-91.022869,39.249411],[-91.022064,39.245921],[-91.018843,39.247511],[-91.019471,39.249409],[-91.010443,39.249583],[-91.010141,39.247288],[-91.007739,39.247392],[-91.00779,39.249434],[-91.004141,39.248894],[-91.005379,39.247501],[-91.004096,39.234389],[-91.005388,39.233188],[-91.001612,39.225096],[-91.010786,39.227272],[-91.011234,39.224822],[-91.012556,39.224822],[-91.015054,39.231937],[-91.017481,39.231664],[-91.017511,39.233596],[-91.015559,39.233891],[-91.018072,39.239672],[-91.02117,39.242747],[-91.025286,39.244093],[-91.024297,39.244917],[-91.027451,39.247404]]]}},{"type":"Feature","properties":{"NAME":"Ste. Genevieve","state_abbr":"MO","state_name":"Missouri","ALAND":10099088},"geometry":{"type":"Polygon","coordinates":[[[-90.069694,37.954462],[-90.064882,37.958563],[-90.066098,37.959679],[-90.063669,37.95963],[-90.060889,37.963475],[-90.066484,37.96354],[-90.066411,37.965119],[-90.061776,37.964697],[-90.061989,37.967452],[-90.058876,37.969013],[-90.064462,37.975477],[-90.060569,37.976609],[-90.060752,37.984221],[-90.05738,37.98419],[-90.053732,37.990505],[-90.059966,37.99322],[-90.056038,37.996504],[-90.05718,37.998344],[-90.054114,37.998656],[-90.059129,38.003235],[-90.059051,38.00355],[-90.054263,37.999297],[-90.049768,37.992051],[-90.048086,37.992803],[-90.050502,37.996026],[-90.045966,37.99861],[-90.036281,37.99409],[-90.025302,37.983261],[-90.034355,37.982809],[-90.034523,37.981314],[-90.040752,37.986446],[-90.04364,37.987059],[-90.033679,37.974628],[-90.039943,37.9731],[-90.036296,37.96726],[-90.03291,37.967136],[-90.038487,37.967238],[-90.036006,37.966508],[-90.035817,37.962621],[-90.033179,37.962178],[-90.029799,37.964388],[-90.026809,37.959819],[-90.036974,37.958486],[-90.037314,37.960144],[-90.066668,37.951725],[-90.069694,37.954462]],[[-90.065754,37.957497],[-90.06479,37.956308],[-90.057999,37.958092],[-90.05578,37.96175],[-90.056963,37.964729],[-90.059905,37.964578],[-90.0625,37.960753],[-90.065754,37.957497]]]}},{"type":"Feature","properties":{"NAME":"Louisiana","state_abbr":"MO","state_name":"Missouri","ALAND":8117068},"geometry":{"type":"Polygon","coordinates":[[[-91.094697,39.422187],[-91.08969,39.424289],[-91.085749,39.421975],[-91.075375,39.428523],[-91.081218,39.429962],[-91.081358,39.436945],[-91.085697,39.436846],[-91.085894,39.444645],[-91.064654,39.444827],[-91.064666,39.446155],[-91.062488,39.446154],[-91.062514,39.451721],[-91.068257,39.449936],[-91.069081,39.455941],[-91.063809,39.454791],[-91.062515,39.452102],[-91.062268,39.45959],[-91.050276,39.459601],[-91.03827,39.448435],[-91.027603,39.441195],[-91.036778,39.439069],[-91.037813,39.441211],[-91.049299,39.441268],[-91.05405,39.439805],[-91.062462,39.431705],[-91.068155,39.429532],[-91.069836,39.425528],[-91.073769,39.421983],[-91.076811,39.426358],[-91.085368,39.42111],[-91.083111,39.418001],[-91.088731,39.413488],[-91.094697,39.422187]]]}},{"type":"Feature","properties":{"NAME":"St. Mary","state_abbr":"MO","state_name":"Missouri","ALAND":1552126},"geometry":{"type":"Polygon","coordinates":[[[-89.95867,37.860513],[-89.956461,37.864431],[-89.948492,37.86929],[-89.95105,37.867941],[-89.953704,37.868633],[-89.948751,37.871611],[-89.953487,37.877014],[-89.952663,37.877883],[-89.958283,37.881652],[-89.9536,37.885091],[-89.948323,37.880213],[-89.9394,37.87574],[-89.940815,37.872955],[-89.94319,37.872719],[-89.941792,37.871608],[-89.943016,37.870545],[-89.947794,37.869803],[-89.946416,37.868264],[-89.950476,37.864082],[-89.953142,37.863667],[-89.955423,37.860597],[-89.95867,37.860513]]]}},{"type":"Feature","properties":{"NAME":"Lake Waukomis","state_abbr":"MO","state_name":"Missouri","ALAND":761090},"geometry":{"type":"Polygon","coordinates":[[[-94.647247,39.232229],[-94.647243,39.235903],[-94.644979,39.23589],[-94.633199,39.233664],[-94.628764,39.226814],[-94.640376,39.225863],[-94.640356,39.227463],[-94.644504,39.227449],[-94.644975,39.232195],[-94.647247,39.232229]]]}},{"type":"Feature","properties":{"NAME":"Weston","state_abbr":"MO","state_name":"Missouri","ALAND":9830794},"geometry":{"type":"MultiPolygon","coordinates":[[[[-94.912053,39.431925],[-94.906621,39.431969],[-94.904444,39.425136],[-94.900882,39.426192],[-94.900672,39.42476],[-94.891384,39.42489],[-94.891496,39.423373],[-94.882046,39.423399],[-94.881983,39.421457],[-94.876203,39.421508],[-94.878421,39.418009],[-94.882014,39.417825],[-94.881981,39.412894],[-94.884595,39.413719],[-94.88502,39.411933],[-94.886698,39.411903],[-94.886521,39.398135],[-94.884653,39.397791],[-94.883364,39.401703],[-94.879951,39.400875],[-94.882834,39.396251],[-94.866777,39.396676],[-94.866732,39.400226],[-94.863147,39.399094],[-94.86472,39.381737],[-94.867353,39.382003],[-94.868811,39.379898],[-94.867213,39.378356],[-94.869699,39.377464],[-94.867093,39.374214],[-94.867598,39.372104],[-94.871328,39.371156],[-94.881906,39.387741],[-94.882859,39.38685],[-94.888972,39.392432],[-94.89432,39.393533],[-94.891545,39.395964],[-94.895372,39.397032],[-94.893738,39.39796],[-94.894624,39.399766],[-94.893297,39.39949],[-94.906369,39.410408],[-94.909967,39.410379],[-94.909983,39.417494],[-94.905204,39.417529],[-94.904825,39.424738],[-94.912053,39.431925]],[[-94.896768,39.402903],[-94.892863,39.3994],[-94.891057,39.399068],[-94.891147,39.403293],[-94.896768,39.402903]]],[[[-94.92823,39.432567],[-94.925127,39.432621],[-94.92524,39.434685],[-94.923438,39.434347],[-94.923428,39.435632],[-94.916094,39.435023],[-94.912081,39.431918],[-94.914468,39.431945],[-94.91443,39.427892],[-94.925636,39.428261],[-94.92823,39.432567]]]]}},{"type":"Feature","properties":{"NAME":"Gasconade","state_abbr":"MO","state_name":"Missouri","ALAND":525638},"geometry":{"type":"Polygon","coordinates":[[[-91.566272,38.672458],[-91.56496,38.671669],[-91.564829,38.675624],[-91.55333,38.670227],[-91.55721,38.665534],[-91.558665,38.665597],[-91.566272,38.672458]]]}},{"type":"Feature","properties":{"NAME":"Blue Springs","state_abbr":"MO","state_name":"Missouri","ALAND":58742100},"geometry":{"type":"MultiPolygon","coordinates":[[[[-94.275477,38.943547],[-94.263657,38.943498],[-94.261596,38.942752],[-94.261765,38.939938],[-94.266751,38.940094],[-94.266822,38.938076],[-94.269758,38.938157],[-94.269655,38.94015],[-94.272443,38.940185],[-94.275477,38.943547]],[[-94.271091,38.941213],[-94.269848,38.940878],[-94.269874,38.941422],[-94.271091,38.941213]],[[-94.265094,38.942154],[-94.264846,38.941028],[-94.264234,38.941749],[-94.265094,38.942154]]],[[[-94.288791,38.965919],[-94.283844,38.965845],[-94.28408,38.960135],[-94.288763,38.958978],[-94.288791,38.965919]]],[[[-94.337147,39.029229],[-94.336844,39.032793],[-94.332099,39.033138],[-94.332065,39.035674],[-94.328866,39.035336],[-94.330689,39.038043],[-94.305426,39.034753],[-94.303729,39.039186],[-94.300805,39.036377],[-94.300046,39.03726],[-94.299695,39.037254],[-94.299,39.037227],[-94.298958,39.037225],[-94.29766,39.042693],[-94.30362,39.04103],[-94.30343,39.043919],[-94.304834,39.043949],[-94.30508,39.038253],[-94.306397,39.038238],[-94.312598,39.044498],[-94.312571,39.049779],[-94.315376,39.051486],[-94.315305,39.054104],[-94.269602,39.053525],[-94.269463,39.056576],[-94.277977,39.063737],[-94.278519,39.066254],[-94.26336,39.063394],[-94.263467,39.059772],[-94.26122,39.059711],[-94.261269,39.057879],[-94.256666,39.057732],[-94.261311,39.056938],[-94.261503,39.052453],[-94.258043,39.052326],[-94.25822,39.048683],[-94.257072,39.04863],[-94.256859,39.052217],[-94.250312,39.052042],[-94.250454,39.048373],[-94.247863,39.048273],[-94.243257,39.048303],[-94.243122,39.051939],[-94.24077,39.050766],[-94.233913,39.051394],[-94.234133,39.045586],[-94.22949,39.045323],[-94.229627,39.040356],[-94.222861,39.039497],[-94.225184,39.038726],[-94.225091,39.036573],[-94.2296,39.036733],[-94.229773,39.034216],[-94.22585,39.032541],[-94.225966,39.029327],[-94.221457,39.029184],[-94.221637,39.025576],[-94.226063,39.026679],[-94.226915,39.02523],[-94.221663,39.024142],[-94.226905,39.024688],[-94.227112,39.022933],[-94.230361,39.022996],[-94.225788,39.022041],[-94.225951,39.018434],[-94.233566,39.017531],[-94.231829,39.014509],[-94.235354,39.014348],[-94.23547,39.012713],[-94.244986,39.011875],[-94.245945,39.013507],[-94.246023,39.011942],[-94.249468,39.011773],[-94.249566,39.009648],[-94.253439,39.009777],[-94.253501,39.008703],[-94.237133,39.00807],[-94.237282,39.003797],[-94.238759,39.003853],[-94.238203,39.007912],[-94.24015,39.007989],[-94.240419,39.002994],[-94.243,39.000906],[-94.244813,39.00139],[-94.245177,39.005335],[-94.249565,39.005514],[-94.249832,38.999696],[-94.254315,39.001201],[-94.255055,38.998448],[-94.254969,38.997255],[-94.249942,38.997174],[-94.250383,38.986582],[-94.25961,38.986824],[-94.259876,38.979802],[-94.25538,38.979756],[-94.255199,38.983319],[-94.250594,38.983192],[-94.250663,38.981141],[-94.246222,38.98104],[-94.246506,38.974673],[-94.248585,38.974182],[-94.24368,38.974116],[-94.243968,38.971927],[-94.246558,38.971975],[-94.246844,38.965074],[-94.242173,38.964727],[-94.242138,38.967471],[-94.237498,38.967445],[-94.237806,38.960774],[-94.244724,38.961218],[-94.245008,38.953884],[-94.251867,38.954158],[-94.251639,38.959779],[-94.256526,38.95981],[-94.256454,38.962028],[-94.259512,38.962108],[-94.261783,38.950927],[-94.264581,38.950799],[-94.258426,38.949695],[-94.258582,38.945932],[-94.26153,38.945972],[-94.261618,38.943722],[-94.272975,38.943997],[-94.276499,38.946752],[-94.276528,38.944166],[-94.280386,38.944237],[-94.280418,38.946228],[-94.284263,38.946281],[-94.284774,38.951387],[-94.280055,38.951271],[-94.279912,38.958568],[-94.274934,38.958631],[-94.274664,38.965594],[-94.283844,38.965845],[-94.283467,38.976851],[-94.288144,38.976939],[-94.288052,38.979009],[-94.285747,38.978286],[-94.285632,38.980592],[-94.283376,38.980492],[-94.283291,38.982287],[-94.28551,38.9823],[-94.286044,38.980605],[-94.291992,38.980797],[-94.292602,38.982817],[-94.296234,38.984898],[-94.296183,38.986146],[-94.292374,38.985984],[-94.29157,38.987538],[-94.293545,38.98821],[-94.287797,38.989029],[-94.2887,38.990289],[-94.28718,38.990839],[-94.28726,38.992629],[-94.28868,38.992745],[-94.287214,38.99368],[-94.293823,38.99524],[-94.291861,38.998798],[-94.29644,38.998907],[-94.293726,39.008469],[-94.296015,39.008481],[-94.296161,39.005338],[-94.29785,39.008495],[-94.298602,39.00266],[-94.300862,39.002714],[-94.299649,39.008563],[-94.302457,39.008655],[-94.303016,39.006421],[-94.302937,39.008658],[-94.305246,39.008726],[-94.30533,39.006482],[-94.307472,39.006544],[-94.307747,39.002909],[-94.310413,39.002986],[-94.309974,39.006599],[-94.319205,39.006794],[-94.319099,39.010456],[-94.323853,39.010506],[-94.323734,39.014225],[-94.321381,39.014181],[-94.318947,39.010464],[-94.310053,39.009109],[-94.312499,39.010297],[-94.312322,39.013998],[-94.300372,39.01457],[-94.300311,39.015902],[-94.306349,39.016417],[-94.30151,39.019024],[-94.304694,39.02158],[-94.311276,39.02169],[-94.319828,39.026823],[-94.329441,39.026927],[-94.337147,39.029229]],[[-94.319854,39.03077],[-94.317762,39.030728],[-94.317893,39.032115],[-94.31995,39.032181],[-94.319854,39.03077]],[[-94.317208,39.031225],[-94.316484,39.030894],[-94.316539,39.031332],[-94.317208,39.031225]],[[-94.313668,39.028593],[-94.312437,39.028456],[-94.311001,39.028467],[-94.312806,39.030284],[-94.313668,39.028593]],[[-94.310317,39.046544],[-94.309281,39.045826],[-94.309262,39.046499],[-94.310317,39.046544]],[[-94.309991,39.011093],[-94.309326,39.010345],[-94.309295,39.011074],[-94.309991,39.011093]],[[-94.309823,39.009735],[-94.308905,39.009069],[-94.309118,39.009701],[-94.309823,39.009735]],[[-94.308015,39.046446],[-94.304492,39.046377],[-94.303079,39.046431],[-94.306245,39.046572],[-94.30607,39.048478],[-94.30782,39.048529],[-94.308015,39.046446]],[[-94.30532,39.009818],[-94.302943,39.009156],[-94.302922,39.009764],[-94.30532,39.009818]],[[-94.305189,39.010153],[-94.300577,39.010129],[-94.300497,39.011912],[-94.30281,39.011976],[-94.302895,39.010186],[-94.305189,39.010153]],[[-94.302747,39.013695],[-94.300513,39.012732],[-94.300467,39.013645],[-94.302747,39.013695]],[[-94.300364,39.017851],[-94.300251,39.01726],[-94.300224,39.017627],[-94.300364,39.017851]],[[-94.300296,39.013991],[-94.299541,39.013687],[-94.299534,39.013966],[-94.300296,39.013991]],[[-94.300185,39.016249],[-94.299519,39.015496],[-94.299484,39.016232],[-94.300185,39.016249]],[[-94.29968,39.020414],[-94.298367,39.020523],[-94.298777,39.021914],[-94.299557,39.021949],[-94.29968,39.020414]],[[-94.29784,39.020438],[-94.29137,39.02073],[-94.290728,39.020126],[-94.29177,39.024034],[-94.293465,39.024137],[-94.293493,39.020782],[-94.296035,39.022443],[-94.296142,39.020793],[-94.29784,39.020438]],[[-94.292379,38.98514],[-94.292016,38.98431],[-94.291524,38.984361],[-94.292379,38.98514]],[[-94.284989,39.002299],[-94.283328,39.001408],[-94.283299,39.002261],[-94.284989,39.002299]],[[-94.275852,38.958438],[-94.275051,38.95605],[-94.275077,38.958415],[-94.275852,38.958438]],[[-94.275407,38.974485],[-94.274269,38.974296],[-94.274265,38.97446],[-94.275407,38.974485]],[[-94.273738,38.983934],[-94.271415,38.983866],[-94.27126,38.986522],[-94.273613,38.986558],[-94.273738,38.983934]],[[-94.273619,38.980113],[-94.272708,38.979802],[-94.272694,38.980075],[-94.273619,38.980113]],[[-94.265854,38.950963],[-94.265224,38.949791],[-94.265183,38.950947],[-94.265854,38.950963]],[[-94.265704,38.954613],[-94.262968,38.954514],[-94.262923,38.965414],[-94.264347,38.965452],[-94.264072,38.958173],[-94.265544,38.95824],[-94.265704,38.954613]],[[-94.262673,38.973677],[-94.26031,38.973612],[-94.260265,38.97511],[-94.262611,38.97517],[-94.262673,38.973677]],[[-94.261109,38.965355],[-94.260757,38.962354],[-94.260543,38.965335],[-94.261109,38.965355]],[[-94.25922,38.994316],[-94.254865,38.99419],[-94.255265,38.99959],[-94.258974,38.999715],[-94.25922,38.994316]],[[-94.258954,39.00891],[-94.254718,39.008621],[-94.254657,39.009861],[-94.258914,39.01023],[-94.258954,39.00891]],[[-94.258343,38.96743],[-94.256016,38.965175],[-94.255885,38.967347],[-94.258343,38.96743]],[[-94.253206,39.03008],[-94.251532,39.029714],[-94.251511,39.029997],[-94.253206,39.03008]],[[-94.249625,39.008322],[-94.247189,39.006376],[-94.246687,39.008216],[-94.249625,39.008322]],[[-94.249264,39.015671],[-94.240005,39.015666],[-94.239873,39.017692],[-94.245621,39.017885],[-94.249264,39.015671]],[[-94.248768,38.970174],[-94.246957,38.97012],[-94.246861,38.972078],[-94.24873,38.972126],[-94.248768,38.970174]],[[-94.246286,39.028993],[-94.244742,39.027723],[-94.24403,39.027445],[-94.243938,39.029377],[-94.246286,39.028993]],[[-94.245368,39.00817],[-94.244962,39.00629],[-94.244881,39.008154],[-94.245368,39.00817]],[[-94.243465,38.964239],[-94.242375,38.963621],[-94.242354,38.964203],[-94.243465,38.964239]],[[-94.240401,39.021634],[-94.239705,39.0208],[-94.239662,39.021612],[-94.240401,39.021634]],[[-94.239525,39.025646],[-94.239062,39.025288],[-94.239889,39.025914],[-94.239525,39.025646]],[[-94.239761,39.04427],[-94.238767,39.043679],[-94.238755,39.044229],[-94.239761,39.04427]],[[-94.235125,39.019317],[-94.23045,39.021305],[-94.230443,39.022045],[-94.235002,39.022131],[-94.235125,39.019317]],[[-94.233364,39.026286],[-94.233173,39.02598],[-94.233121,39.026263],[-94.233364,39.026286]],[[-94.229554,39.025726],[-94.229327,39.025519],[-94.229292,39.025696],[-94.229554,39.025726]],[[-94.299515,39.037247],[-94.299865,39.036916],[-94.29946,39.036853],[-94.299515,39.037247]],[[-94.304694,39.02158],[-94.300476,39.022896],[-94.300791,39.024565],[-94.304537,39.024692],[-94.304694,39.02158]]]]}},{"type":"Feature","properties":{"NAME":"Buckner","state_abbr":"MO","state_name":"Missouri","ALAND":4624600},"geometry":{"type":"Polygon","coordinates":[[[-94.207207,39.128851],[-94.206442,39.138295],[-94.202034,39.138135],[-94.20159,39.142737],[-94.196485,39.145075],[-94.1732,39.144225],[-94.173917,39.136904],[-94.185839,39.137818],[-94.183284,39.135428],[-94.196669,39.132859],[-94.19286,39.132751],[-94.193123,39.123378],[-94.188278,39.123187],[-94.188799,39.115866],[-94.198571,39.11621],[-94.198243,39.121197],[-94.202506,39.120411],[-94.202305,39.125016],[-94.20083,39.126046],[-94.203738,39.126149],[-94.203393,39.130355],[-94.207207,39.128851]]]}},{"type":"Feature","properties":{"NAME":"Hermann","state_abbr":"MO","state_name":"Missouri","ALAND":6544783},"geometry":{"type":"Polygon","coordinates":[[[-91.455576,38.681506],[-91.450701,38.684437],[-91.450749,38.688955],[-91.455412,38.690537],[-91.450691,38.69208],[-91.453293,38.692522],[-91.450474,38.692974],[-91.450484,38.707813],[-91.426741,38.709736],[-91.426089,38.707565],[-91.408118,38.707066],[-91.400015,38.704895],[-91.402873,38.700351],[-91.407141,38.699276],[-91.415252,38.702605],[-91.417397,38.706121],[-91.420274,38.706408],[-91.418718,38.695405],[-91.421961,38.695717],[-91.422105,38.698936],[-91.427155,38.698909],[-91.427141,38.695393],[-91.43184,38.695377],[-91.431864,38.692395],[-91.433052,38.692123],[-91.43179,38.685407],[-91.433037,38.68501],[-91.433552,38.680711],[-91.4386,38.684689],[-91.447966,38.684752],[-91.45078,38.681602],[-91.455576,38.681506]],[[-91.427046,38.701183],[-91.426243,38.700498],[-91.425481,38.700492],[-91.422777,38.701294],[-91.422547,38.704408],[-91.424651,38.704432],[-91.42524,38.70078],[-91.427046,38.701183]]]}},{"type":"Feature","properties":{"NAME":"Owensville","state_abbr":"MO","state_name":"Missouri","ALAND":6725559},"geometry":{"type":"Polygon","coordinates":[[[-91.527264,38.333114],[-91.516518,38.339433],[-91.518216,38.339433],[-91.51822,38.343032],[-91.515876,38.342982],[-91.515783,38.339735],[-91.512412,38.341606],[-91.512427,38.346891],[-91.514213,38.346948],[-91.514801,38.347247],[-91.515609,38.349259],[-91.513513,38.349274],[-91.513531,38.347024],[-91.510416,38.347734],[-91.509504,38.346556],[-91.510797,38.346146],[-91.50875,38.345764],[-91.508783,38.350664],[-91.504931,38.350674],[-91.504961,38.348036],[-91.507429,38.34689],[-91.5037,38.346912],[-91.503678,38.352499],[-91.508027,38.352959],[-91.509401,38.357493],[-91.499588,38.356118],[-91.499531,38.358934],[-91.495,38.359908],[-91.494991,38.361454],[-91.490567,38.36003],[-91.480639,38.365004],[-91.480586,38.372086],[-91.479686,38.37536],[-91.480027,38.37365],[-91.476256,38.373581],[-91.476258,38.372529],[-91.472961,38.373538],[-91.472879,38.36871],[-91.480452,38.365106],[-91.481924,38.357799],[-91.479862,38.359585],[-91.477589,38.358053],[-91.475186,38.359353],[-91.481421,38.355369],[-91.47928,38.350026],[-91.48072,38.349843],[-91.481755,38.344932],[-91.480033,38.344145],[-91.479301,38.34343],[-91.481315,38.344631],[-91.482981,38.34377],[-91.484599,38.346072],[-91.489847,38.344912],[-91.490068,38.341525],[-91.493309,38.341539],[-91.494519,38.339567],[-91.499074,38.339656],[-91.497941,38.332349],[-91.499375,38.336069],[-91.503978,38.337276],[-91.50365,38.330286],[-91.504127,38.336246],[-91.506813,38.335791],[-91.505612,38.339587],[-91.512694,38.339658],[-91.515144,38.336116],[-91.515154,38.332418],[-91.518209,38.332366],[-91.518207,38.330999],[-91.513395,38.33099],[-91.513399,38.329299],[-91.518206,38.329276],[-91.518203,38.327349],[-91.522776,38.327411],[-91.52278,38.331089],[-91.525958,38.331115],[-91.527264,38.333114]],[[-91.510791,38.342447],[-91.50949,38.343232],[-91.508019,38.344011],[-91.510347,38.344484],[-91.510791,38.342447]],[[-91.509337,38.345365],[-91.508765,38.345116],[-91.50876,38.345359],[-91.509337,38.345365]],[[-91.503357,38.338559],[-91.503979,38.337559],[-91.503394,38.337573],[-91.503357,38.338559]],[[-91.489047,38.34632],[-91.485786,38.346297],[-91.485795,38.346896],[-91.486579,38.346368],[-91.489047,38.34632]],[[-91.485304,38.352031],[-91.481678,38.355401],[-91.482016,38.357766],[-91.485286,38.357155],[-91.485304,38.352031]],[[-91.48359,38.346855],[-91.482997,38.345582],[-91.483015,38.34684],[-91.48359,38.346855]],[[-91.48233,38.345598],[-91.482162,38.345109],[-91.482009,38.345508],[-91.48233,38.345598]],[[-91.480402,38.356186],[-91.479212,38.356918],[-91.477974,38.3577],[-91.480389,38.357805],[-91.480402,38.356186]]]}},{"type":"Feature","properties":{"NAME":"Harrisburg","state_abbr":"MO","state_name":"Missouri","ALAND":2062664},"geometry":{"type":"Polygon","coordinates":[[[-92.46698,39.134148],[-92.466744,39.146102],[-92.44823,39.144336],[-92.448659,39.133651],[-92.46698,39.134148]]]}},{"type":"Feature","properties":{"NAME":"Dixon","state_abbr":"MO","state_name":"Missouri","ALAND":2705131},"geometry":{"type":"MultiPolygon","coordinates":[[[[-92.08807,37.997472],[-92.087613,37.998889],[-92.087599,37.997476],[-92.08807,37.997472]]],[[[-92.108341,37.998599],[-92.108037,38.000282],[-92.106154,38.000519],[-92.105623,37.998649],[-92.09989,37.998546],[-92.099917,38.002732],[-92.094058,38.001709],[-92.094009,38.003244],[-92.089347,38.003186],[-92.08849,38.005287],[-92.084566,38.002707],[-92.08457,38.001281],[-92.082335,38.001864],[-92.081806,37.997558],[-92.089391,37.995333],[-92.089591,37.987139],[-92.092558,37.987149],[-92.091528,37.984928],[-92.094343,37.985007],[-92.094348,37.987155],[-92.103915,37.9873],[-92.103928,37.989733],[-92.106128,37.98977],[-92.104633,37.993765],[-92.108341,37.998599]],[[-92.092934,38.000026],[-92.09264,37.999806],[-92.092633,38.000021],[-92.092934,38.000026]],[[-92.089415,37.999643],[-92.088573,37.996124],[-92.086829,37.996968],[-92.087186,37.999359],[-92.089415,37.999643]]]]}},{"type":"Feature","properties":{"NAME":"Waynesville","state_abbr":"MO","state_name":"Missouri","ALAND":18526766},"geometry":{"type":"Polygon","coordinates":[[[-92.27012,37.788784],[-92.267776,37.789069],[-92.26617,37.785594],[-92.260267,37.785861],[-92.25791,37.788288],[-92.252867,37.789115],[-92.252751,37.795159],[-92.243982,37.794654],[-92.242129,37.798403],[-92.247353,37.798627],[-92.247517,37.801894],[-92.250092,37.801922],[-92.250098,37.803592],[-92.255319,37.80372],[-92.255217,37.806372],[-92.245614,37.806407],[-92.245719,37.813375],[-92.240332,37.813114],[-92.242942,37.814544],[-92.242871,37.820443],[-92.227271,37.820185],[-92.22715,37.827496],[-92.222368,37.82853],[-92.222073,37.831082],[-92.236008,37.831471],[-92.235866,37.84248],[-92.240391,37.842614],[-92.240381,37.843645],[-92.232357,37.847574],[-92.226616,37.845726],[-92.22671,37.843305],[-92.217664,37.843136],[-92.217599,37.845072],[-92.211897,37.846759],[-92.208137,37.845059],[-92.208503,37.834407],[-92.196257,37.834516],[-92.194792,37.836044],[-92.194609,37.840418],[-92.19691,37.842297],[-92.196726,37.844297],[-92.185389,37.844696],[-92.183939,37.843311],[-92.184001,37.838108],[-92.190236,37.836738],[-92.190413,37.828183],[-92.186311,37.827777],[-92.186324,37.830178],[-92.18463,37.830152],[-92.184581,37.827651],[-92.178843,37.828444],[-92.178614,37.822702],[-92.18329,37.822644],[-92.183221,37.819345],[-92.185486,37.818268],[-92.189301,37.817518],[-92.201001,37.817503],[-92.209307,37.812893],[-92.218332,37.806194],[-92.218622,37.802685],[-92.215822,37.80266],[-92.21588,37.798654],[-92.218704,37.798644],[-92.218128,37.794263],[-92.232486,37.794461],[-92.23233,37.79823],[-92.240211,37.794449],[-92.250123,37.786958],[-92.267925,37.783464],[-92.27012,37.788784]],[[-92.258086,37.786111],[-92.252765,37.78686],[-92.252824,37.788169],[-92.254488,37.786984],[-92.258086,37.786111]],[[-92.242858,37.804892],[-92.242187,37.805052],[-92.242499,37.805331],[-92.242858,37.804892]],[[-92.242165,37.803664],[-92.242123,37.802218],[-92.241429,37.803223],[-92.242165,37.803664]],[[-92.241772,37.804273],[-92.238931,37.803985],[-92.239919,37.804509],[-92.238719,37.806913],[-92.241772,37.804273]],[[-92.240926,37.80665],[-92.240981,37.805798],[-92.240369,37.806672],[-92.240926,37.80665]],[[-92.240943,37.806762],[-92.238514,37.80726],[-92.238188,37.807808],[-92.23967,37.80807],[-92.240943,37.806762]],[[-92.208626,37.816761],[-92.208584,37.813539],[-92.201005,37.817778],[-92.191868,37.817768],[-92.195047,37.820011],[-92.195169,37.823087],[-92.208316,37.823378],[-92.207062,37.820807],[-92.208406,37.821197],[-92.208461,37.819436],[-92.212579,37.816665],[-92.208626,37.816761]],[[-92.243982,37.794654],[-92.244968,37.792679],[-92.245432,37.791776],[-92.242237,37.793883],[-92.243982,37.794654]]]}},{"type":"Feature","properties":{"NAME":"Downing","state_abbr":"MO","state_name":"Missouri","ALAND":1707152},"geometry":{"type":"Polygon","coordinates":[[[-92.377613,40.493424],[-92.365584,40.493443],[-92.365539,40.491673],[-92.360983,40.491667],[-92.361036,40.48081],[-92.374962,40.481923],[-92.374962,40.486286],[-92.377564,40.486286],[-92.377613,40.493424]]]}},{"type":"Feature","properties":{"NAME":"Glenwood","state_abbr":"MO","state_name":"Missouri","ALAND":1910664},"geometry":{"type":"Polygon","coordinates":[[[-92.586897,40.532798],[-92.577148,40.532986],[-92.577045,40.527618],[-92.569963,40.52664],[-92.569951,40.52348],[-92.565775,40.523509],[-92.565823,40.519769],[-92.56337,40.519525],[-92.567378,40.517356],[-92.571832,40.517366],[-92.571886,40.515487],[-92.576929,40.515423],[-92.576917,40.518479],[-92.579138,40.51844],[-92.578925,40.522101],[-92.583235,40.522071],[-92.583366,40.525882],[-92.586633,40.5257],[-92.586897,40.532798]]]}},{"type":"Feature","properties":{"NAME":"Lancaster","state_abbr":"MO","state_name":"Missouri","ALAND":3849933},"geometry":{"type":"Polygon","coordinates":[[[-92.544746,40.533834],[-92.535685,40.534562],[-92.535647,40.52994],[-92.516997,40.530529],[-92.516708,40.516738],[-92.544039,40.515909],[-92.543827,40.529946],[-92.541511,40.529783],[-92.541477,40.529876],[-92.544746,40.533834]]]}},{"type":"Feature","properties":{"NAME":"Eldon","state_abbr":"MO","state_name":"Missouri","ALAND":9207279},"geometry":{"type":"Polygon","coordinates":[[[-92.603175,38.358858],[-92.598935,38.358598],[-92.598543,38.365548],[-92.596085,38.365474],[-92.596273,38.358231],[-92.594599,38.358228],[-92.594484,38.361785],[-92.584653,38.361617],[-92.584401,38.365681],[-92.573322,38.36553],[-92.572598,38.368643],[-92.569357,38.368599],[-92.570215,38.361287],[-92.565874,38.36111],[-92.563693,38.364614],[-92.556157,38.3643],[-92.565251,38.357056],[-92.561357,38.356974],[-92.561392,38.355443],[-92.552142,38.35517],[-92.55309,38.350704],[-92.551289,38.349232],[-92.551427,38.346704],[-92.5577,38.343316],[-92.557553,38.345063],[-92.561149,38.345223],[-92.561564,38.34366],[-92.56564,38.343433],[-92.568179,38.340332],[-92.572343,38.339636],[-92.572427,38.338167],[-92.581526,38.337055],[-92.58062,38.329553],[-92.582533,38.331568],[-92.586098,38.331626],[-92.587202,38.329573],[-92.586103,38.327871],[-92.59131,38.333346],[-92.591268,38.335777],[-92.589084,38.335737],[-92.58938,38.334055],[-92.587897,38.333381],[-92.584822,38.336525],[-92.587475,38.336527],[-92.587799,38.339057],[-92.591267,38.339035],[-92.591037,38.345659],[-92.596774,38.346924],[-92.596952,38.345521],[-92.598788,38.34555],[-92.598751,38.347529],[-92.590947,38.347158],[-92.590875,38.354337],[-92.597436,38.354434],[-92.603175,38.358858]],[[-92.57937,38.364057],[-92.577627,38.362857],[-92.577644,38.36403],[-92.57937,38.364057]],[[-92.566177,38.356854],[-92.564194,38.358535],[-92.566039,38.358597],[-92.566177,38.356854]]]}},{"type":"Feature","properties":{"NAME":"Lake Ozark","state_abbr":"MO","state_name":"Missouri","ALAND":18618820},"geometry":{"type":"Polygon","coordinates":[[[-92.672401,38.220027],[-92.659564,38.225131],[-92.657988,38.226487],[-92.657929,38.230876],[-92.637198,38.23003],[-92.635283,38.228003],[-92.621345,38.227183],[-92.621245,38.230539],[-92.616544,38.2301],[-92.612636,38.228481],[-92.612965,38.21557],[-92.603801,38.215429],[-92.603943,38.211772],[-92.599577,38.210748],[-92.58969,38.210746],[-92.587114,38.201191],[-92.588298,38.198436],[-92.594292,38.199009],[-92.596553,38.196814],[-92.60448,38.19719],[-92.604566,38.192342],[-92.606749,38.192151],[-92.606771,38.190719],[-92.604651,38.19066],[-92.605039,38.170742],[-92.615915,38.171033],[-92.617052,38.172534],[-92.621185,38.172537],[-92.621214,38.173729],[-92.624366,38.17259],[-92.624423,38.174238],[-92.627394,38.174843],[-92.624467,38.177381],[-92.626488,38.176468],[-92.626953,38.178122],[-92.628953,38.175569],[-92.628721,38.178447],[-92.631235,38.175993],[-92.631768,38.179943],[-92.633182,38.179197],[-92.635872,38.183044],[-92.649503,38.188711],[-92.650398,38.192351],[-92.649279,38.194625],[-92.647449,38.194498],[-92.647558,38.197404],[-92.644627,38.197859],[-92.645789,38.199717],[-92.641971,38.203775],[-92.6423,38.200105],[-92.640459,38.201244],[-92.640128,38.214979],[-92.658206,38.216185],[-92.659558,38.223125],[-92.661494,38.221972],[-92.661426,38.219121],[-92.664134,38.220956],[-92.664601,38.218984],[-92.672401,38.220027]],[[-92.635903,38.216306],[-92.635453,38.215003],[-92.635191,38.21614],[-92.635903,38.216306]],[[-92.63576,38.200858],[-92.63242,38.202249],[-92.628949,38.201247],[-92.625563,38.203238],[-92.619979,38.19637],[-92.607754,38.190847],[-92.607452,38.20568],[-92.610214,38.208904],[-92.622353,38.214881],[-92.622305,38.212018],[-92.635009,38.203404],[-92.63576,38.200858]]]}},{"type":"Feature","properties":{"NAME":"Lakeside","state_abbr":"MO","state_name":"Missouri","ALAND":892786},"geometry":{"type":"Polygon","coordinates":[[[-92.63576,38.200858],[-92.622096,38.212145],[-92.621076,38.208623],[-92.61335,38.208376],[-92.613557,38.201043],[-92.611906,38.197754],[-92.617688,38.200439],[-92.618064,38.197329],[-92.620283,38.196941],[-92.625563,38.203238],[-92.628949,38.201247],[-92.63242,38.202249],[-92.63576,38.200858]]]}},{"type":"Feature","properties":{"NAME":"St. Elizabeth","state_abbr":"MO","state_name":"Missouri","ALAND":2695999},"geometry":{"type":"Polygon","coordinates":[[[-92.278811,38.250619],[-92.278574,38.252384],[-92.27569,38.253185],[-92.278293,38.253185],[-92.278301,38.255358],[-92.272853,38.255351],[-92.272896,38.257446],[-92.277412,38.261102],[-92.277179,38.263169],[-92.262127,38.263279],[-92.260722,38.266937],[-92.259865,38.263294],[-92.254734,38.263312],[-92.254845,38.259269],[-92.259658,38.259174],[-92.259663,38.25802],[-92.252497,38.252474],[-92.259403,38.252574],[-92.259272,38.249585],[-92.263995,38.249585],[-92.26411,38.252529],[-92.266314,38.252509],[-92.266487,38.241952],[-92.269621,38.241915],[-92.269574,38.252561],[-92.274763,38.252552],[-92.274247,38.249425],[-92.27548,38.248367],[-92.278811,38.250619]]]}},{"type":"Feature","properties":{"NAME":"Osage Beach","state_abbr":"MO","state_name":"Missouri","ALAND":25436848},"geometry":{"type":"MultiPolygon","coordinates":[[[[-92.697935,38.120124],[-92.695778,38.119701],[-92.694431,38.12023],[-92.694411,38.118802],[-92.697917,38.11887],[-92.697935,38.120124]]],[[[-92.697931,38.124284],[-92.695436,38.124414],[-92.693579,38.122459],[-92.695665,38.124688],[-92.69328,38.126624],[-92.692705,38.142526],[-92.690956,38.142521],[-92.69138,38.139959],[-92.68859,38.141964],[-92.686607,38.138805],[-92.687408,38.13402],[-92.685029,38.134789],[-92.684249,38.139042],[-92.682552,38.13864],[-92.685467,38.141074],[-92.684618,38.142624],[-92.687665,38.146415],[-92.685098,38.146338],[-92.683811,38.144074],[-92.682579,38.145442],[-92.678774,38.14492],[-92.681216,38.14164],[-92.678149,38.139113],[-92.676792,38.142678],[-92.674489,38.14081],[-92.673683,38.137508],[-92.67273,38.13948],[-92.670518,38.139189],[-92.674642,38.1442],[-92.667122,38.142661],[-92.667624,38.139221],[-92.665454,38.138188],[-92.663992,38.14044],[-92.66242,38.139314],[-92.66025,38.140231],[-92.662176,38.142467],[-92.654927,38.142493],[-92.654246,38.139795],[-92.657544,38.139609],[-92.660049,38.136533],[-92.671075,38.13209],[-92.661831,38.133759],[-92.655465,38.137005],[-92.659891,38.131418],[-92.652573,38.133202],[-92.653845,38.134883],[-92.650622,38.139278],[-92.650586,38.142734],[-92.648684,38.140504],[-92.641933,38.140496],[-92.643302,38.142522],[-92.636958,38.142959],[-92.639426,38.144427],[-92.636337,38.145107],[-92.637944,38.145921],[-92.637712,38.148915],[-92.634686,38.148266],[-92.636744,38.150261],[-92.635713,38.152519],[-92.630789,38.148747],[-92.631386,38.15144],[-92.627902,38.149235],[-92.628756,38.151702],[-92.633964,38.155062],[-92.628934,38.154724],[-92.622692,38.151625],[-92.624872,38.154135],[-92.622611,38.155295],[-92.633239,38.157237],[-92.63234,38.159643],[-92.626254,38.157091],[-92.623908,38.158382],[-92.625369,38.158469],[-92.624937,38.159818],[-92.626113,38.158607],[-92.629529,38.159361],[-92.627195,38.162964],[-92.629025,38.163152],[-92.628314,38.164696],[-92.630702,38.163131],[-92.629343,38.166476],[-92.630161,38.171391],[-92.627863,38.172057],[-92.627545,38.169695],[-92.622962,38.167108],[-92.622877,38.165317],[-92.618793,38.165643],[-92.623116,38.168344],[-92.624692,38.171227],[-92.617052,38.172534],[-92.615915,38.171033],[-92.604684,38.170733],[-92.60482,38.162808],[-92.601115,38.161801],[-92.598265,38.164916],[-92.598814,38.16313],[-92.595908,38.163061],[-92.594198,38.160631],[-92.596095,38.158004],[-92.5914,38.157937],[-92.591621,38.154592],[-92.587106,38.154506],[-92.588342,38.139018],[-92.595322,38.139754],[-92.595331,38.143279],[-92.600794,38.143278],[-92.60068,38.14702],[-92.605159,38.147027],[-92.605087,38.150889],[-92.614741,38.150884],[-92.614758,38.147425],[-92.619721,38.147537],[-92.619932,38.143837],[-92.612815,38.144019],[-92.612706,38.141176],[-92.617076,38.141112],[-92.619694,38.139291],[-92.621431,38.133424],[-92.623909,38.134796],[-92.622588,38.140206],[-92.624646,38.140221],[-92.624723,38.132062],[-92.628084,38.131591],[-92.624831,38.131488],[-92.625074,38.130439],[-92.632254,38.124804],[-92.632825,38.12282],[-92.637986,38.123108],[-92.63947,38.126032],[-92.648445,38.12563],[-92.648688,38.124327],[-92.652778,38.126873],[-92.651589,38.12518],[-92.652709,38.124174],[-92.647688,38.12203],[-92.645567,38.1226],[-92.647529,38.12137],[-92.653433,38.122449],[-92.654254,38.1214],[-92.659656,38.124148],[-92.661756,38.123622],[-92.661791,38.125883],[-92.668839,38.126115],[-92.675226,38.123449],[-92.675866,38.112187],[-92.68148,38.112201],[-92.677128,38.107856],[-92.666679,38.107968],[-92.666906,38.103505],[-92.670216,38.104003],[-92.671233,38.100262],[-92.675697,38.100369],[-92.675663,38.097167],[-92.671492,38.09711],[-92.671663,38.093073],[-92.685082,38.093257],[-92.685341,38.091393],[-92.687896,38.093374],[-92.691295,38.090222],[-92.690201,38.089295],[-92.692646,38.088454],[-92.69155,38.090253],[-92.692915,38.091446],[-92.693774,38.120325],[-92.69795,38.120291],[-92.697931,38.124284]]]]}},{"type":"Feature","properties":{"NAME":"Bragg City","state_abbr":"MO","state_name":"Missouri","ALAND":529263},"geometry":{"type":"Polygon","coordinates":[[[-89.91596,36.26573],[-89.915916,36.271474],[-89.909303,36.271347],[-89.903207,36.268128],[-89.909424,36.266786],[-89.909463,36.262715],[-89.911644,36.262723],[-89.911584,36.26664],[-89.91596,36.26573]]]}},{"type":"Feature","properties":{"NAME":"Caledonia","state_abbr":"MO","state_name":"Missouri","ALAND":424340},"geometry":{"type":"Polygon","coordinates":[[[-90.777357,37.764059],[-90.77328,37.764647],[-90.774753,37.770545],[-90.769522,37.768352],[-90.770643,37.759063],[-90.773481,37.761413],[-90.776734,37.761425],[-90.77347,37.763452],[-90.777357,37.764059]]]}},{"type":"Feature","properties":{"NAME":"Mineral Point","state_abbr":"MO","state_name":"Missouri","ALAND":620685},"geometry":{"type":"Polygon","coordinates":[[[-90.728589,37.940581],[-90.726299,37.947045],[-90.728067,37.94772],[-90.727217,37.950521],[-90.720501,37.950183],[-90.723051,37.940519],[-90.728589,37.940581]]]}},{"type":"Feature","properties":{"NAME":"Potosi","state_abbr":"MO","state_name":"Missouri","ALAND":6030467},"geometry":{"type":"Polygon","coordinates":[[[-90.798741,37.939633],[-90.786276,37.949914],[-90.778898,37.94465],[-90.777068,37.945376],[-90.776688,37.943103],[-90.765034,37.934318],[-90.770784,37.9285],[-90.761555,37.92681],[-90.749772,37.932399],[-90.741611,37.932984],[-90.743001,37.925309],[-90.760428,37.926726],[-90.762423,37.922742],[-90.765001,37.924964],[-90.763102,37.922173],[-90.763614,37.920418],[-90.773045,37.921451],[-90.773296,37.91841],[-90.776407,37.917475],[-90.774134,37.926282],[-90.777844,37.92397],[-90.787223,37.931307],[-90.790309,37.931543],[-90.798741,37.939633]]]}},{"type":"Feature","properties":{"NAME":"Livonia","state_abbr":"MO","state_name":"Missouri","ALAND":689184},"geometry":{"type":"Polygon","coordinates":[[[-92.705416,40.495703],[-92.695678,40.495902],[-92.695607,40.488283],[-92.705342,40.488239],[-92.705416,40.495703]]]}},{"type":"Feature","properties":{"NAME":"Lucerne","state_abbr":"MO","state_name":"Missouri","ALAND":647459},"geometry":{"type":"Polygon","coordinates":[[[-93.296018,40.460264],[-93.295856,40.467535],[-93.28608,40.467597],[-93.286516,40.460441],[-93.296018,40.460264]]]}},{"type":"Feature","properties":{"NAME":"Atlanta","state_abbr":"MO","state_name":"Missouri","ALAND":886828},"geometry":{"type":"Polygon","coordinates":[[[-92.486672,39.897682],[-92.484514,39.898486],[-92.484536,39.900858],[-92.482456,39.900822],[-92.482447,39.904944],[-92.476854,39.904852],[-92.476108,39.899369],[-92.473969,39.899401],[-92.473971,39.897677],[-92.47611,39.897641],[-92.4771,39.892886],[-92.484065,39.892902],[-92.483557,39.896002],[-92.486672,39.897682]]]}},{"type":"Feature","properties":{"NAME":"Bevier","state_abbr":"MO","state_name":"Missouri","ALAND":2688525},"geometry":{"type":"Polygon","coordinates":[[[-92.57503,39.753906],[-92.574944,39.756443],[-92.565924,39.756395],[-92.565707,39.761596],[-92.560023,39.767861],[-92.560854,39.760073],[-92.555557,39.759984],[-92.555642,39.750093],[-92.554242,39.747124],[-92.561062,39.746998],[-92.561626,39.738228],[-92.56624,39.738356],[-92.566704,39.742837],[-92.572169,39.743],[-92.571492,39.75356],[-92.57503,39.753906]],[[-92.563007,39.757086],[-92.560943,39.757048],[-92.558872,39.756164],[-92.559094,39.758193],[-92.56171,39.758499],[-92.563007,39.757086]]]}},{"type":"Feature","properties":{"NAME":"Callao","state_abbr":"MO","state_name":"Missouri","ALAND":1338366},"geometry":{"type":"Polygon","coordinates":[[[-92.631266,39.758699],[-92.631068,39.765973],[-92.626261,39.765716],[-92.626462,39.76923],[-92.621544,39.76933],[-92.621645,39.767236],[-92.618903,39.767225],[-92.618943,39.761925],[-92.614751,39.761806],[-92.614855,39.75751],[-92.621512,39.757595],[-92.621526,39.754974],[-92.622723,39.755006],[-92.622502,39.757435],[-92.631266,39.758699]]]}},{"type":"Feature","properties":{"NAME":"Elmer","state_abbr":"MO","state_name":"Missouri","ALAND":655915},"geometry":{"type":"Polygon","coordinates":[[[-92.654135,39.952953],[-92.652288,39.963141],[-92.644952,39.96289],[-92.648438,39.959406],[-92.648052,39.955547],[-92.64459,39.953693],[-92.644627,39.952109],[-92.654135,39.952953]]]}},{"type":"Feature","properties":{"NAME":"La Plata","state_abbr":"MO","state_name":"Missouri","ALAND":4114184},"geometry":{"type":"Polygon","coordinates":[[[-92.507682,40.014867],[-92.507623,40.016981],[-92.503093,40.016912],[-92.503448,40.021254],[-92.501382,40.021201],[-92.500711,40.030193],[-92.497597,40.030126],[-92.498607,40.035693],[-92.496492,40.035682],[-92.496491,40.037092],[-92.492745,40.037114],[-92.492712,40.035595],[-92.48935,40.034636],[-92.487975,40.036964],[-92.479241,40.035651],[-92.480935,40.034174],[-92.488489,40.034351],[-92.486037,40.031105],[-92.488359,40.030009],[-92.479049,40.02983],[-92.479361,40.014966],[-92.475253,40.015761],[-92.475129,40.013464],[-92.479646,40.013522],[-92.479651,40.016789],[-92.490447,40.016842],[-92.490535,40.013862],[-92.507682,40.014867]],[[-92.494659,40.036698],[-92.492929,40.035596],[-92.492911,40.036711],[-92.494659,40.036698]]]}},{"type":"Feature","properties":{"NAME":"New Cambria","state_abbr":"MO","state_name":"Missouri","ALAND":1741412},"geometry":{"type":"Polygon","coordinates":[[[-92.758016,39.770639],[-92.757697,39.785288],[-92.75168,39.78531],[-92.750152,39.783979],[-92.750192,39.779803],[-92.743466,39.779912],[-92.743804,39.769771],[-92.758016,39.770639]]]}},{"type":"Feature","properties":{"NAME":"South Gifford","state_abbr":"MO","state_name":"Missouri","ALAND":529737},"geometry":{"type":"Polygon","coordinates":[[[-92.68553,40.022069],[-92.687069,40.029339],[-92.679205,40.029268],[-92.678302,40.02481],[-92.679401,40.024805],[-92.679329,40.022097],[-92.68553,40.022069]]]}},{"type":"Feature","properties":{"NAME":"Lake Tapawingo","state_abbr":"MO","state_name":"Missouri","ALAND":829099},"geometry":{"type":"Polygon","coordinates":[[[-94.323333,39.018164],[-94.320936,39.018255],[-94.321408,39.021172],[-94.319557,39.021184],[-94.31879,39.026314],[-94.311276,39.02169],[-94.304694,39.02158],[-94.30151,39.019024],[-94.30633,39.017425],[-94.306383,39.014734],[-94.3196,39.015741],[-94.320139,39.017676],[-94.323333,39.018164]]]}},{"type":"Feature","properties":{"NAME":"Levasy","state_abbr":"MO","state_name":"Missouri","ALAND":1559629},"geometry":{"type":"Polygon","coordinates":[[[-94.151007,39.136732],[-94.143332,39.136323],[-94.142621,39.142406],[-94.132461,39.142402],[-94.132832,39.136776],[-94.128998,39.133731],[-94.128669,39.138848],[-94.123645,39.138756],[-94.123824,39.134973],[-94.115138,39.135494],[-94.115169,39.132276],[-94.108666,39.132018],[-94.105223,39.131441],[-94.113796,39.131939],[-94.110072,39.13027],[-94.108924,39.128037],[-94.110923,39.130309],[-94.116121,39.132062],[-94.133188,39.131188],[-94.134629,39.132797],[-94.132994,39.134653],[-94.134736,39.135875],[-94.14537,39.136256],[-94.145293,39.135201],[-94.151007,39.136732]]]}},{"type":"Feature","properties":{"NAME":"Monroe City","state_abbr":"MO","state_name":"Missouri","ALAND":7820126},"geometry":{"type":"Polygon","coordinates":[[[-91.763312,39.651572],[-91.76256,39.659059],[-91.752053,39.659341],[-91.749579,39.661957],[-91.744527,39.661679],[-91.737501,39.664611],[-91.714007,39.6642],[-91.71247,39.663979],[-91.711068,39.6576],[-91.708733,39.657813],[-91.708278,39.650782],[-91.71525,39.649691],[-91.715315,39.642963],[-91.74423,39.643132],[-91.743995,39.651574],[-91.763312,39.651572]],[[-91.759075,39.658078],[-91.753372,39.658024],[-91.752215,39.658134],[-91.757744,39.658218],[-91.759075,39.658078]]]}},{"type":"Feature","properties":{"NAME":"Koshkonong","state_abbr":"MO","state_name":"Missouri","ALAND":464294},"geometry":{"type":"Polygon","coordinates":[[[-91.649208,36.599279],[-91.64698,36.599223],[-91.646989,36.605151],[-91.645362,36.605163],[-91.642781,36.59247],[-91.648847,36.593296],[-91.649208,36.599279]]]}},{"type":"Feature","properties":{"NAME":"Doniphan","state_abbr":"MO","state_name":"Missouri","ALAND":3565100},"geometry":{"type":"Polygon","coordinates":[[[-90.835754,36.62037],[-90.831193,36.627448],[-90.826605,36.630204],[-90.824344,36.638086],[-90.820106,36.638025],[-90.819647,36.630597],[-90.816296,36.6305],[-90.81604,36.626789],[-90.813046,36.62782],[-90.813503,36.623367],[-90.808796,36.623364],[-90.806903,36.616843],[-90.811508,36.616876],[-90.811561,36.615715],[-90.815662,36.614721],[-90.817559,36.616213],[-90.824054,36.616164],[-90.823985,36.614889],[-90.830825,36.613597],[-90.832645,36.614608],[-90.830864,36.616502],[-90.835754,36.62037]]]}},{"type":"Feature","properties":{"NAME":"Bunker","state_abbr":"MO","state_name":"Missouri","ALAND":1716867},"geometry":{"type":"Polygon","coordinates":[[[-91.220237,37.45337],[-91.220202,37.458012],[-91.211282,37.458104],[-91.212092,37.462767],[-91.216179,37.462741],[-91.216183,37.473827],[-91.214081,37.473791],[-91.212984,37.470074],[-91.211143,37.470109],[-91.211247,37.46174],[-91.207899,37.461727],[-91.208977,37.456797],[-91.206474,37.45684],[-91.205924,37.454178],[-91.203397,37.454191],[-91.203312,37.451376],[-91.207371,37.451453],[-91.207453,37.443853],[-91.211517,37.443784],[-91.211418,37.451464],[-91.215137,37.451397],[-91.215177,37.453326],[-91.220237,37.45337]]]}},{"type":"Feature","properties":{"NAME":"Lone Jack","state_abbr":"MO","state_name":"Missouri","ALAND":15342430},"geometry":{"type":"Polygon","coordinates":[[[-94.229084,38.864019],[-94.229035,38.871171],[-94.224096,38.8712],[-94.223597,38.88199],[-94.225778,38.883948],[-94.214347,38.883799],[-94.214455,38.881297],[-94.209677,38.881971],[-94.209713,38.878627],[-94.205335,38.877072],[-94.205033,38.881935],[-94.206549,38.882965],[-94.204971,38.88295],[-94.204939,38.885595],[-94.186391,38.885827],[-94.186463,38.881993],[-94.175604,38.881588],[-94.1753,38.886972],[-94.161176,38.886931],[-94.161898,38.893597],[-94.157994,38.893499],[-94.157967,38.871455],[-94.15461,38.871218],[-94.155146,38.859926],[-94.145764,38.859781],[-94.145987,38.856097],[-94.160363,38.856571],[-94.160458,38.849339],[-94.165526,38.849603],[-94.163973,38.85667],[-94.174066,38.856987],[-94.173739,38.862556],[-94.178374,38.862484],[-94.177089,38.864252],[-94.182811,38.864092],[-94.182642,38.86776],[-94.195621,38.86749],[-94.192011,38.868016],[-94.191817,38.871469],[-94.194934,38.871609],[-94.195549,38.873414],[-94.196574,38.867474],[-94.201241,38.867426],[-94.201494,38.863805],[-94.192251,38.86385],[-94.19284,38.852928],[-94.209682,38.852929],[-94.211269,38.854395],[-94.210971,38.863793],[-94.207161,38.863795],[-94.20702,38.866461],[-94.210717,38.86654],[-94.211149,38.875894],[-94.219352,38.874803],[-94.219832,38.863952],[-94.229084,38.864019]],[[-94.20551,38.87673],[-94.205051,38.874702],[-94.201331,38.874724],[-94.20551,38.87673]],[[-94.198197,38.87834],[-94.19142,38.878331],[-94.191207,38.881827],[-94.198059,38.881922],[-94.198197,38.87834]],[[-94.191638,38.874731],[-94.186924,38.874859],[-94.186714,38.878231],[-94.191432,38.87813],[-94.191638,38.874731]]]}},{"type":"Feature","properties":{"NAME":"Pendleton","state_abbr":"MO","state_name":"Missouri","ALAND":789961},"geometry":{"type":"Polygon","coordinates":[[[-91.236888,38.824489],[-91.236682,38.827518],[-91.229731,38.828456],[-91.231882,38.828377],[-91.231271,38.838005],[-91.23271,38.840335],[-91.231471,38.841983],[-91.22765,38.841139],[-91.226592,38.83749],[-91.228577,38.836906],[-91.226769,38.836913],[-91.22708,38.828379],[-91.230705,38.828033],[-91.230733,38.82444],[-91.236888,38.824489]]]}},{"type":"Feature","properties":{"NAME":"Belton","state_abbr":"MO","state_name":"Missouri","ALAND":36895037},"geometry":{"type":"Polygon","coordinates":[[[-94.591528,38.835683],[-94.584594,38.835336],[-94.58652,38.840727],[-94.585572,38.8462],[-94.56208,38.845002],[-94.566267,38.824259],[-94.561905,38.824328],[-94.560114,38.830082],[-94.555046,38.83055],[-94.554336,38.835372],[-94.549198,38.834182],[-94.542517,38.835809],[-94.541828,38.843994],[-94.490031,38.841713],[-94.492377,38.812765],[-94.497077,38.812947],[-94.496618,38.80748],[-94.499434,38.807603],[-94.501705,38.813178],[-94.505963,38.813366],[-94.49909,38.804818],[-94.49838,38.783814],[-94.51386,38.784469],[-94.513318,38.795334],[-94.522376,38.795806],[-94.522172,38.799442],[-94.528915,38.799814],[-94.529048,38.797751],[-94.531309,38.79787],[-94.531412,38.796219],[-94.526899,38.795994],[-94.527004,38.794244],[-94.53152,38.794498],[-94.531737,38.790868],[-94.535925,38.791104],[-94.535927,38.792921],[-94.549826,38.793679],[-94.549582,38.797327],[-94.558533,38.797846],[-94.558326,38.801482],[-94.567693,38.80204],[-94.567014,38.812406],[-94.571144,38.81255],[-94.569453,38.8168],[-94.576283,38.817259],[-94.575372,38.824665],[-94.580102,38.824873],[-94.580644,38.817548],[-94.58575,38.817866],[-94.583634,38.81868],[-94.583573,38.819857],[-94.585604,38.819942],[-94.584327,38.832376],[-94.587956,38.832887],[-94.591528,38.835683]],[[-94.584372,38.834937],[-94.585144,38.83458],[-94.584372,38.834677],[-94.584372,38.834937]],[[-94.575493,38.831273],[-94.570539,38.831133],[-94.570406,38.834618],[-94.575273,38.834762],[-94.575493,38.831273]],[[-94.515398,38.799069],[-94.513172,38.798241],[-94.513132,38.798933],[-94.515398,38.799069]]]}},{"type":"Feature","properties":{"NAME":"Creighton","state_abbr":"MO","state_name":"Missouri","ALAND":893345},"geometry":{"type":"Polygon","coordinates":[[[-94.077392,38.495104],[-94.076602,38.502814],[-94.066907,38.498998],[-94.067075,38.49132],[-94.072948,38.491358],[-94.077392,38.495104]]]}},{"type":"Feature","properties":{"NAME":"Harrisonville","state_abbr":"MO","state_name":"Missouri","ALAND":25597234},"geometry":{"type":"MultiPolygon","coordinates":[[[[-94.338845,38.616951],[-94.338859,38.617912],[-94.338273,38.617176],[-94.338845,38.616951]]],[[[-94.37973,38.662917],[-94.379383,38.670755],[-94.374694,38.670618],[-94.374887,38.666978],[-94.370184,38.666825],[-94.369842,38.674012],[-94.372115,38.674106],[-94.372087,38.675389],[-94.369785,38.675283],[-94.369705,38.677603],[-94.362436,38.677423],[-94.363442,38.679981],[-94.362128,38.681061],[-94.360325,38.681011],[-94.360488,38.677356],[-94.342656,38.675795],[-94.343177,38.674603],[-94.346989,38.674832],[-94.34706,38.673573],[-94.343696,38.673476],[-94.344392,38.671996],[-94.336905,38.683941],[-94.332435,38.683771],[-94.332563,38.680027],[-94.323506,38.679906],[-94.323811,38.672596],[-94.317871,38.674741],[-94.317661,38.679706],[-94.314157,38.679632],[-94.314957,38.661384],[-94.322421,38.661609],[-94.322663,38.656795],[-94.314397,38.656662],[-94.31467,38.64577],[-94.31471,38.652113],[-94.316269,38.65213],[-94.316297,38.65027],[-94.319319,38.650308],[-94.319468,38.645787],[-94.328766,38.645947],[-94.329087,38.638893],[-94.324495,38.63876],[-94.324604,38.631513],[-94.333868,38.631726],[-94.333783,38.633984],[-94.338422,38.634083],[-94.338228,38.639069],[-94.342834,38.639175],[-94.343101,38.631925],[-94.349765,38.631763],[-94.347721,38.62696],[-94.347874,38.622488],[-94.347982,38.626921],[-94.35048,38.631451],[-94.34728,38.617996],[-94.345104,38.617783],[-94.345001,38.621118],[-94.34346,38.621094],[-94.343542,38.618035],[-94.339105,38.619171],[-94.339104,38.612385],[-94.341873,38.61364],[-94.341685,38.602886],[-94.344506,38.60296],[-94.345348,38.616902],[-94.347933,38.615381],[-94.348365,38.605602],[-94.345162,38.602834],[-94.353043,38.603021],[-94.34968,38.605085],[-94.353404,38.605203],[-94.353338,38.606804],[-94.362028,38.607024],[-94.36267,38.614263],[-94.352229,38.614048],[-94.352977,38.615179],[-94.352944,38.617123],[-94.353563,38.617685],[-94.349618,38.61761],[-94.349438,38.618944],[-94.352815,38.618974],[-94.352586,38.624913],[-94.350243,38.624822],[-94.351222,38.631419],[-94.370813,38.632661],[-94.370343,38.643534],[-94.379586,38.643836],[-94.379458,38.646151],[-94.37,38.651084],[-94.369707,38.658191],[-94.374267,38.65833],[-94.374439,38.654651],[-94.379344,38.654787],[-94.379411,38.658257],[-94.376877,38.658502],[-94.376833,38.660515],[-94.377377,38.662534],[-94.37973,38.662917]],[[-94.352214,38.617601],[-94.352082,38.614347],[-94.348923,38.613958],[-94.350127,38.617285],[-94.352214,38.617601]]]]}},{"type":"Feature","properties":{"NAME":"Peculiar","state_abbr":"MO","state_name":"Missouri","ALAND":23478202},"geometry":{"type":"MultiPolygon","coordinates":[[[[-94.44093,38.709453],[-94.43223,38.709438],[-94.432766,38.700927],[-94.42911,38.700983],[-94.42674,38.698595],[-94.426898,38.695061],[-94.428551,38.695107],[-94.44093,38.709453]]],[[[-94.521197,38.735359],[-94.515967,38.735358],[-94.515902,38.737701],[-94.506512,38.737471],[-94.506608,38.743573],[-94.510704,38.743599],[-94.510603,38.754564],[-94.480422,38.753841],[-94.471165,38.741032],[-94.471203,38.746391],[-94.45996,38.746591],[-94.459894,38.7497],[-94.458247,38.749695],[-94.459576,38.753033],[-94.455785,38.7529],[-94.455846,38.749683],[-94.449302,38.749618],[-94.44898,38.740028],[-94.445055,38.739945],[-94.445079,38.743326],[-94.441382,38.743258],[-94.441767,38.726962],[-94.443327,38.724767],[-94.439905,38.724183],[-94.439881,38.720948],[-94.44184,38.720936],[-94.442009,38.71933],[-94.44529,38.716949],[-94.442515,38.716574],[-94.44869,38.717021],[-94.445863,38.717092],[-94.442238,38.720306],[-94.447101,38.720434],[-94.447156,38.718547],[-94.449739,38.718144],[-94.452713,38.720405],[-94.44946,38.71693],[-94.45139,38.717005],[-94.45143,38.713577],[-94.447392,38.714738],[-94.432351,38.698493],[-94.420848,38.679368],[-94.416199,38.674504],[-94.42088,38.678633],[-94.432146,38.697875],[-94.44156,38.706673],[-94.446964,38.709587],[-94.448225,38.709479],[-94.446996,38.708751],[-94.448255,38.706327],[-94.456233,38.706375],[-94.457578,38.699172],[-94.45487,38.699049],[-94.452331,38.695025],[-94.455694,38.695027],[-94.461131,38.69838],[-94.461561,38.695031],[-94.461041,38.703056],[-94.467513,38.703207],[-94.467459,38.706477],[-94.479936,38.707001],[-94.479295,38.722135],[-94.485848,38.72225],[-94.485706,38.725624],[-94.500349,38.726202],[-94.500293,38.727522],[-94.501611,38.726248],[-94.521182,38.726744],[-94.521197,38.735359]],[[-94.497768,38.733356],[-94.497797,38.729641],[-94.493404,38.728813],[-94.497791,38.728705],[-94.497818,38.726709],[-94.495912,38.726708],[-94.495819,38.727978],[-94.490849,38.727361],[-94.490375,38.733327],[-94.497768,38.733356]],[[-94.479561,38.710938],[-94.472026,38.710642],[-94.471985,38.713523],[-94.467714,38.713662],[-94.467607,38.717787],[-94.479205,38.718121],[-94.479561,38.710938]],[[-94.478528,38.710628],[-94.477313,38.710062],[-94.477281,38.710571],[-94.478528,38.710628]],[[-94.46897,38.736324],[-94.476764,38.735285],[-94.468938,38.735446],[-94.46897,38.736324]],[[-94.467773,38.711835],[-94.466981,38.71047],[-94.467008,38.711842],[-94.467773,38.711835]],[[-94.466116,38.712316],[-94.465301,38.710386],[-94.46524,38.712314],[-94.466116,38.712316]],[[-94.462792,38.738538],[-94.457545,38.738445],[-94.457492,38.739914],[-94.462839,38.740091],[-94.462792,38.738538]],[[-94.461174,38.744794],[-94.459757,38.744364],[-94.459749,38.744792],[-94.461174,38.744794]],[[-94.449175,38.71094],[-94.447102,38.709641],[-94.446954,38.709751],[-94.449175,38.71094]]]]}},{"type":"Feature","properties":{"NAME":"Pleasant Hill","state_abbr":"MO","state_name":"Missouri","ALAND":20796942},"geometry":{"type":"Polygon","coordinates":[[[-94.299758,38.798747],[-94.284812,38.797756],[-94.279547,38.796415],[-94.279692,38.79369],[-94.277118,38.792586],[-94.276204,38.797019],[-94.272546,38.796966],[-94.272071,38.801837],[-94.27409,38.801852],[-94.274318,38.798876],[-94.279422,38.79904],[-94.278935,38.806111],[-94.281113,38.806243],[-94.280906,38.809865],[-94.278698,38.809774],[-94.278513,38.81335],[-94.286439,38.813714],[-94.286283,38.820338],[-94.285604,38.824179],[-94.282836,38.824275],[-94.282421,38.827368],[-94.277688,38.827769],[-94.277731,38.823648],[-94.274559,38.823281],[-94.274392,38.82784],[-94.271792,38.827869],[-94.271604,38.835043],[-94.278167,38.835056],[-94.277089,38.855631],[-94.266714,38.856812],[-94.267951,38.835037],[-94.263003,38.835032],[-94.26356,38.827621],[-94.247861,38.827348],[-94.249686,38.826238],[-94.250135,38.820518],[-94.248128,38.820466],[-94.248271,38.815406],[-94.253405,38.815613],[-94.25391,38.810185],[-94.244984,38.809938],[-94.245258,38.805115],[-94.23776,38.803635],[-94.237653,38.80088],[-94.240622,38.801371],[-94.241822,38.799342],[-94.236917,38.798191],[-94.236822,38.790747],[-94.242506,38.79083],[-94.24249,38.78376],[-94.243284,38.781834],[-94.245831,38.781871],[-94.245848,38.780053],[-94.248162,38.780063],[-94.248195,38.775724],[-94.262433,38.776547],[-94.262734,38.769704],[-94.264584,38.769734],[-94.267468,38.770819],[-94.267013,38.776557],[-94.290944,38.777513],[-94.285802,38.782326],[-94.286389,38.784156],[-94.284039,38.784058],[-94.277972,38.789476],[-94.285253,38.797366],[-94.292123,38.796886],[-94.290782,38.794797],[-94.293464,38.792681],[-94.293993,38.794879],[-94.296134,38.794728],[-94.294462,38.797011],[-94.296501,38.79714],[-94.297527,38.792445],[-94.300245,38.792391],[-94.299758,38.798747]],[[-94.269192,38.842022],[-94.268084,38.841032],[-94.268044,38.842022],[-94.269192,38.842022]],[[-94.25173,38.793065],[-94.243275,38.791282],[-94.243252,38.796907],[-94.249258,38.795926],[-94.248755,38.794808],[-94.25153,38.79454],[-94.25173,38.793065]]]}},{"type":"Feature","properties":{"NAME":"Raymore","state_abbr":"MO","state_name":"Missouri","ALAND":44838357},"geometry":{"type":"Polygon","coordinates":[[[-94.499434,38.807603],[-94.496618,38.80748],[-94.497077,38.812947],[-94.492377,38.812765],[-94.490031,38.841713],[-94.441401,38.839943],[-94.441836,38.832996],[-94.446352,38.833094],[-94.446771,38.825947],[-94.442607,38.825836],[-94.442534,38.827623],[-94.437769,38.82656],[-94.436905,38.839783],[-94.438185,38.814703],[-94.42898,38.814619],[-94.428722,38.818113],[-94.400738,38.816663],[-94.401248,38.806671],[-94.410949,38.807183],[-94.410831,38.810268],[-94.424618,38.810725],[-94.424966,38.803491],[-94.40148,38.802528],[-94.420364,38.803185],[-94.420547,38.799638],[-94.42959,38.799818],[-94.42995,38.796174],[-94.401841,38.795296],[-94.402422,38.780799],[-94.411911,38.781046],[-94.411961,38.779781],[-94.40902,38.778947],[-94.409268,38.773841],[-94.421466,38.781293],[-94.444353,38.781854],[-94.444724,38.774564],[-94.453984,38.774821],[-94.453464,38.784891],[-94.46036,38.785033],[-94.459722,38.786897],[-94.457993,38.786838],[-94.457823,38.789589],[-94.475874,38.790194],[-94.47638,38.783024],[-94.467237,38.782681],[-94.467697,38.775315],[-94.470017,38.775403],[-94.470432,38.768082],[-94.463569,38.767835],[-94.464001,38.758677],[-94.466074,38.758755],[-94.466173,38.756958],[-94.473387,38.757238],[-94.473823,38.768221],[-94.477243,38.768368],[-94.478275,38.750148],[-94.482667,38.758085],[-94.489301,38.763532],[-94.496268,38.781638],[-94.497184,38.802343],[-94.499434,38.807603]],[[-94.451427,38.823142],[-94.450346,38.822258],[-94.4503,38.823121],[-94.451427,38.823142]],[[-94.425603,38.78968],[-94.421042,38.789589],[-94.420914,38.792336],[-94.425437,38.792416],[-94.425603,38.78968]]]}},{"type":"Feature","properties":{"NAME":"Jane","state_abbr":"MO","state_name":"Missouri","ALAND":7704727},"geometry":{"type":"Polygon","coordinates":[[[-94.334119,36.55288],[-94.314778,36.552828],[-94.314752,36.556561],[-94.309301,36.55726],[-94.305445,36.556451],[-94.305613,36.552744],[-94.295126,36.552512],[-94.29828,36.549303],[-94.296827,36.54822],[-94.297283,36.537756],[-94.293001,36.53773],[-94.293269,36.530763],[-94.28765,36.528678],[-94.29151,36.523433],[-94.287861,36.521334],[-94.288554,36.51843],[-94.285102,36.51564],[-94.292476,36.514335],[-94.293671,36.519693],[-94.296696,36.519788],[-94.29786,36.523414],[-94.30241,36.523428],[-94.302371,36.52689],[-94.306887,36.526864],[-94.306327,36.538199],[-94.32117,36.538693],[-94.321079,36.542448],[-94.330282,36.542898],[-94.330308,36.545154],[-94.334041,36.545154],[-94.334119,36.55288]]]}},{"type":"Feature","properties":{"NAME":"Clarence","state_abbr":"MO","state_name":"Missouri","ALAND":2997800},"geometry":{"type":"Polygon","coordinates":[[[-92.277541,39.743211],[-92.277465,39.746825],[-92.267681,39.746705],[-92.267552,39.750281],[-92.248763,39.750184],[-92.249116,39.735601],[-92.268125,39.735655],[-92.267822,39.742581],[-92.277541,39.743211]]]}},{"type":"Feature","properties":{"NAME":"Hunnewell","state_abbr":"MO","state_name":"Missouri","ALAND":1596416},"geometry":{"type":"Polygon","coordinates":[[[-91.867047,39.669834],[-91.865225,39.673775],[-91.851579,39.673618],[-91.851496,39.662254],[-91.866235,39.662266],[-91.867047,39.669834]]]}},{"type":"Feature","properties":{"NAME":"Shelbina","state_abbr":"MO","state_name":"Missouri","ALAND":6051940},"geometry":{"type":"Polygon","coordinates":[[[-92.057121,39.694122],[-92.053087,39.694089],[-92.053048,39.696706],[-92.056524,39.697884],[-92.053019,39.697974],[-92.052868,39.70407],[-92.024689,39.703708],[-92.025477,39.682113],[-92.044366,39.682453],[-92.044382,39.680667],[-92.04706,39.680708],[-92.047004,39.682519],[-92.053673,39.682688],[-92.053455,39.689496],[-92.057132,39.689545],[-92.057121,39.694122]]]}},{"type":"Feature","properties":{"NAME":"Ellington","state_abbr":"MO","state_name":"Missouri","ALAND":3786328},"geometry":{"type":"Polygon","coordinates":[[[-90.999741,37.238752],[-90.996641,37.238752],[-90.9963,37.240737],[-90.992167,37.239107],[-90.986573,37.242458],[-90.982539,37.241954],[-90.97295,37.245483],[-90.97051,37.24466],[-90.966471,37.246979],[-90.975234,37.250119],[-90.966361,37.249664],[-90.965723,37.246515],[-90.962548,37.244974],[-90.961305,37.240533],[-90.95694,37.239711],[-90.956813,37.23794],[-90.961172,37.238568],[-90.962008,37.231918],[-90.966452,37.231889],[-90.966474,37.227831],[-90.971569,37.226813],[-90.969667,37.219079],[-90.973448,37.217569],[-90.973566,37.220248],[-90.978404,37.219176],[-90.978247,37.225218],[-90.973623,37.224617],[-90.972601,37.235409],[-90.991423,37.237954],[-90.991571,37.239149],[-90.999779,37.235202],[-90.999741,37.238752]]]}},{"type":"Feature","properties":{"NAME":"Centerville","state_abbr":"MO","state_name":"Missouri","ALAND":826077},"geometry":{"type":"Polygon","coordinates":[[[-90.964447,37.436271],[-90.963498,37.446042],[-90.959477,37.445313],[-90.960086,37.437604],[-90.95591,37.437078],[-90.956073,37.427691],[-90.960247,37.428694],[-90.960233,37.43348],[-90.964447,37.436271]]]}},{"type":"Feature","properties":{"NAME":"Festus","state_abbr":"MO","state_name":"Missouri","ALAND":15293061},"geometry":{"type":"Polygon","coordinates":[[[-90.43719,38.236033],[-90.433815,38.23641],[-90.434965,38.237158],[-90.433695,38.240659],[-90.435107,38.240993],[-90.435062,38.243945],[-90.430328,38.240739],[-90.427485,38.24261],[-90.424187,38.242084],[-90.420456,38.237044],[-90.414041,38.235403],[-90.411631,38.238035],[-90.404267,38.23721],[-90.403655,38.244198],[-90.402036,38.244058],[-90.402458,38.238975],[-90.399724,38.238629],[-90.39874,38.243668],[-90.395678,38.242718],[-90.392346,38.233314],[-90.38539,38.225207],[-90.387381,38.2248],[-90.389098,38.215724],[-90.384461,38.215446],[-90.387115,38.211656],[-90.391048,38.212332],[-90.3931,38.21078],[-90.39412,38.20418],[-90.397047,38.199975],[-90.397265,38.19398],[-90.38324,38.180146],[-90.388659,38.18459],[-90.389369,38.182968],[-90.390113,38.182659],[-90.388861,38.184711],[-90.39825,38.193856],[-90.40372,38.194699],[-90.403879,38.193485],[-90.406961,38.19352],[-90.404783,38.194716],[-90.407431,38.194628],[-90.407589,38.195915],[-90.404641,38.195962],[-90.40336,38.19837],[-90.404991,38.201827],[-90.410561,38.200771],[-90.41421,38.19566],[-90.412662,38.1956],[-90.413467,38.193492],[-90.415263,38.192442],[-90.418202,38.192571],[-90.417186,38.194484],[-90.421383,38.195179],[-90.421522,38.191374],[-90.426785,38.190984],[-90.427052,38.199394],[-90.422419,38.199207],[-90.422273,38.203422],[-90.417569,38.203292],[-90.416942,38.205317],[-90.41832,38.20388],[-90.42574,38.20424],[-90.425639,38.211169],[-90.419594,38.211522],[-90.424467,38.215079],[-90.42163,38.21693],[-90.425412,38.221739],[-90.421965,38.222699],[-90.423945,38.224898],[-90.426893,38.223192],[-90.427682,38.225717],[-90.433942,38.223852],[-90.430731,38.229478],[-90.43719,38.236033]],[[-90.41942,38.213164],[-90.419841,38.212882],[-90.418925,38.212949],[-90.41942,38.213164]],[[-90.418133,38.230792],[-90.41919,38.22973],[-90.417803,38.230192],[-90.418133,38.230792]],[[-90.417058,38.20273],[-90.418322,38.20241],[-90.417084,38.202357],[-90.417058,38.20273]],[[-90.417738,38.206958],[-90.416279,38.206366],[-90.416245,38.20703],[-90.417738,38.206958]],[[-90.417505,38.200164],[-90.41663,38.19884],[-90.414044,38.199039],[-90.414681,38.200872],[-90.417505,38.200164]],[[-90.417254,38.195543],[-90.414899,38.194559],[-90.414786,38.195197],[-90.417254,38.195543]],[[-90.41697,38.230484],[-90.414587,38.229022],[-90.413716,38.231048],[-90.414784,38.231184],[-90.41697,38.230484]],[[-90.416435,38.202356],[-90.414762,38.201166],[-90.413836,38.202323],[-90.416435,38.202356]],[[-90.415704,38.206975],[-90.414659,38.206253],[-90.414659,38.206784],[-90.415704,38.206975]],[[-90.414691,38.197181],[-90.413663,38.196737],[-90.411742,38.199577],[-90.413223,38.199206],[-90.414691,38.197181]],[[-90.402412,38.201406],[-90.40025,38.201975],[-90.400477,38.202471],[-90.402412,38.201406]],[[-90.399866,38.200884],[-90.399716,38.200133],[-90.399225,38.200141],[-90.399866,38.200884]],[[-90.40101,38.20339],[-90.398369,38.202412],[-90.397455,38.203076],[-90.39904,38.20416],[-90.40101,38.20339]],[[-90.39973,38.23478],[-90.399685,38.234378],[-90.398908,38.234672],[-90.39973,38.23478]],[[-90.419635,38.203968],[-90.419284,38.205369],[-90.419197,38.20572],[-90.420178,38.205664],[-90.419635,38.203968]]]}},{"type":"Feature","properties":{"NAME":"Greentop","state_abbr":"MO","state_name":"Missouri","ALAND":2116032},"geometry":{"type":"Polygon","coordinates":[[[-92.572797,40.344175],[-92.572756,40.358707],[-92.55857,40.358964],[-92.55866,40.344346],[-92.563088,40.3443],[-92.563384,40.340169],[-92.567966,40.340162],[-92.567675,40.344321],[-92.572797,40.344175]]]}},{"type":"Feature","properties":{"NAME":"Amity","state_abbr":"MO","state_name":"Missouri","ALAND":447665},"geometry":{"type":"Polygon","coordinates":[[[-94.438635,39.864405],[-94.438038,39.872021],[-94.431758,39.872073],[-94.432308,39.864717],[-94.438635,39.864405]]]}},{"type":"Feature","properties":{"NAME":"Weatherby","state_abbr":"MO","state_name":"Missouri","ALAND":306027},"geometry":{"type":"Polygon","coordinates":[[[-94.247672,39.91024],[-94.242969,39.910092],[-94.243152,39.912454],[-94.238539,39.912419],[-94.240533,39.905138],[-94.243127,39.905147],[-94.243203,39.908899],[-94.247653,39.908989],[-94.247672,39.91024]]]}},{"type":"Feature","properties":{"NAME":"Leonard","state_abbr":"MO","state_name":"Missouri","ALAND":833813},"geometry":{"type":"Polygon","coordinates":[[[-92.190527,39.897954],[-92.177093,39.898033],[-92.177095,39.896248],[-92.175189,39.896201],[-92.175157,39.892349],[-92.178478,39.89232],[-92.178577,39.889062],[-92.183309,39.889021],[-92.183247,39.892413],[-92.187691,39.892357],[-92.187688,39.896213],[-92.19044,39.896179],[-92.190527,39.897954]]]}},{"type":"Feature","properties":{"NAME":"Rhineland","state_abbr":"MO","state_name":"Missouri","ALAND":872210},"geometry":{"type":"Polygon","coordinates":[[[-91.52215,38.726351],[-91.516571,38.726339],[-91.516571,38.722931],[-91.512079,38.722931],[-91.512177,38.714974],[-91.517377,38.716476],[-91.522106,38.714999],[-91.52215,38.726351]]]}},{"type":"Feature","properties":{"NAME":"Byrnes Mill","state_abbr":"MO","state_name":"Missouri","ALAND":13315344},"geometry":{"type":"Polygon","coordinates":[[[-90.596253,38.448493],[-90.594324,38.455348],[-90.592078,38.456973],[-90.569198,38.457757],[-90.569292,38.454081],[-90.564969,38.454],[-90.564937,38.455254],[-90.561811,38.454272],[-90.561241,38.456457],[-90.560901,38.453999],[-90.550114,38.453858],[-90.545834,38.450191],[-90.546348,38.446067],[-90.545196,38.445299],[-90.551406,38.440605],[-90.55152,38.43571],[-90.556415,38.43617],[-90.561007,38.431427],[-90.561076,38.428547],[-90.563662,38.429099],[-90.579903,38.414804],[-90.5861,38.40739],[-90.587709,38.4095],[-90.588948,38.408382],[-90.588797,38.412245],[-90.585408,38.416082],[-90.590089,38.41951],[-90.588713,38.42247],[-90.593639,38.425697],[-90.591318,38.428963],[-90.587202,38.428492],[-90.588724,38.431382],[-90.584841,38.434364],[-90.584749,38.438552],[-90.590403,38.436922],[-90.594354,38.438531],[-90.593535,38.441406],[-90.596253,38.448493]]]}},{"type":"Feature","properties":{"NAME":"Crystal City","state_abbr":"MO","state_name":"Missouri","ALAND":11694608},"geometry":{"type":"Polygon","coordinates":[[[-90.397256,38.194174],[-90.397047,38.199975],[-90.39412,38.20418],[-90.3931,38.21078],[-90.391048,38.212332],[-90.387115,38.211656],[-90.384461,38.215446],[-90.389098,38.215724],[-90.387381,38.2248],[-90.38539,38.225207],[-90.392346,38.233314],[-90.396902,38.243383],[-90.394552,38.247271],[-90.388428,38.247175],[-90.388454,38.249458],[-90.36994,38.249246],[-90.366924,38.233796],[-90.359226,38.216496],[-90.370082,38.218638],[-90.373582,38.210866],[-90.383295,38.208849],[-90.383635,38.207663],[-90.379801,38.205869],[-90.382241,38.203619],[-90.381378,38.203111],[-90.386609,38.200586],[-90.384175,38.199403],[-90.384693,38.189962],[-90.382957,38.188794],[-90.383773,38.186289],[-90.388455,38.186038],[-90.3807,38.183217],[-90.38324,38.180146],[-90.397256,38.194174]]]}},{"type":"Feature","properties":{"NAME":"Herculaneum","state_abbr":"MO","state_name":"Missouri","ALAND":10768602},"geometry":{"type":"Polygon","coordinates":[[[-90.430429,38.258278],[-90.426911,38.265168],[-90.42425,38.26638],[-90.425029,38.263061],[-90.422437,38.261594],[-90.411829,38.259866],[-90.40327,38.265877],[-90.396928,38.267866],[-90.392536,38.267957],[-90.389537,38.264708],[-90.38598,38.26983],[-90.38562,38.277841],[-90.381,38.27771],[-90.380916,38.280032],[-90.376733,38.281494],[-90.36994,38.249246],[-90.388454,38.249458],[-90.388428,38.247175],[-90.394552,38.247271],[-90.395935,38.243354],[-90.403655,38.244198],[-90.403586,38.240236],[-90.405419,38.239258],[-90.403782,38.239947],[-90.404267,38.23721],[-90.413531,38.238242],[-90.412269,38.245268],[-90.407205,38.244089],[-90.406774,38.247449],[-90.416152,38.24822],[-90.416013,38.251381],[-90.417762,38.25126],[-90.420146,38.25229],[-90.426616,38.251605],[-90.426223,38.253342],[-90.425318,38.254894],[-90.42821,38.25597],[-90.427529,38.257629],[-90.430429,38.258278]],[[-90.426819,38.255889],[-90.425253,38.254852],[-90.426542,38.251706],[-90.420362,38.252455],[-90.416004,38.251569],[-90.415823,38.255496],[-90.426819,38.255889]]]}},{"type":"Feature","properties":{"NAME":"Hillsboro","state_abbr":"MO","state_name":"Missouri","ALAND":9951946},"geometry":{"type":"MultiPolygon","coordinates":[[[[-90.573404,38.210116],[-90.573245,38.212489],[-90.56542,38.21169],[-90.565664,38.209969],[-90.573404,38.210116]]],[[[-90.5888,38.20209],[-90.58862,38.20645],[-90.574252,38.20618],[-90.573723,38.209699],[-90.57283,38.20387],[-90.568878,38.202878],[-90.572612,38.202769],[-90.572634,38.201551],[-90.56837,38.200791],[-90.56839,38.19955],[-90.574432,38.200072],[-90.572912,38.202123],[-90.574373,38.202864],[-90.574296,38.205421],[-90.579108,38.205529],[-90.57924,38.199081],[-90.58598,38.199256],[-90.585892,38.201978],[-90.5888,38.20209]]],[[[-90.5904,38.22561],[-90.590193,38.228372],[-90.581887,38.228067],[-90.58341,38.22397],[-90.579795,38.224841],[-90.5801,38.227997],[-90.573572,38.227906],[-90.573376,38.232043],[-90.577702,38.232181],[-90.577536,38.235932],[-90.573196,38.236664],[-90.57774,38.23882],[-90.57766,38.24731],[-90.572944,38.247008],[-90.572614,38.254448],[-90.567283,38.254345],[-90.564049,38.249101],[-90.561761,38.25047],[-90.563124,38.25059],[-90.562949,38.256917],[-90.553254,38.257768],[-90.553226,38.245318],[-90.5465,38.24737],[-90.54655,38.2432],[-90.54424,38.24283],[-90.543535,38.237348],[-90.545551,38.2374],[-90.545605,38.235834],[-90.551568,38.236014],[-90.553831,38.237792],[-90.554451,38.234487],[-90.559618,38.233567],[-90.557582,38.232477],[-90.559369,38.232469],[-90.557609,38.229534],[-90.559345,38.229547],[-90.559557,38.228287],[-90.558126,38.228755],[-90.55322,38.22045],[-90.560587,38.219678],[-90.562559,38.223412],[-90.564556,38.220508],[-90.568991,38.22061],[-90.569034,38.222389],[-90.572288,38.222494],[-90.573615,38.219286],[-90.574907,38.219291],[-90.574351,38.216277],[-90.569352,38.215151],[-90.569416,38.213359],[-90.578695,38.213528],[-90.578646,38.217206],[-90.58365,38.217872],[-90.583557,38.221009],[-90.588256,38.221109],[-90.588073,38.224688],[-90.5904,38.22561]],[[-90.574985,38.218224],[-90.575228,38.214973],[-90.57414,38.21495],[-90.574985,38.218224]],[[-90.570794,38.23436],[-90.568739,38.232836],[-90.56865,38.234888],[-90.570794,38.23436]],[[-90.559009,38.248238],[-90.558627,38.24714],[-90.558641,38.248245],[-90.559009,38.248238]],[[-90.557193,38.244936],[-90.556642,38.243422],[-90.553619,38.243346],[-90.553564,38.245347],[-90.557193,38.244936]]]]}},{"type":"Feature","properties":{"NAME":"Scotsdale","state_abbr":"MO","state_name":"Missouri","ALAND":1502107},"geometry":{"type":"Polygon","coordinates":[[[-90.597733,38.39039],[-90.589195,38.401294],[-90.582733,38.411679],[-90.5818,38.41254],[-90.58534,38.40441],[-90.584314,38.396385],[-90.592858,38.391019],[-90.58934,38.39098],[-90.589586,38.376648],[-90.593942,38.376723],[-90.593864,38.384143],[-90.597733,38.39039]]]}},{"type":"Feature","properties":{"NAME":"St. Louis","state_abbr":"MO","state_name":"Missouri","ALAND":159853177},"geometry":{"type":"Polygon","coordinates":[[[-90.320515,38.594152],[-90.310851,38.618205],[-90.301828,38.655642],[-90.251745,38.718887],[-90.221779,38.730134],[-90.208147,38.739799],[-90.186402,38.761546],[-90.184184,38.774288],[-90.166717,38.772272],[-90.175101,38.760278],[-90.176301,38.754478],[-90.183609,38.746749],[-90.191301,38.742978],[-90.205177,38.7322],[-90.20991,38.72605],[-90.21191,38.71795],[-90.212002,38.711779],[-90.209202,38.702779],[-90.202202,38.693479],[-90.195202,38.687579],[-90.186402,38.674779],[-90.182602,38.665379],[-90.177702,38.642779],[-90.178811,38.629157],[-90.184502,38.61158],[-90.191803,38.59898],[-90.202503,38.58868],[-90.224204,38.57508],[-90.257782,38.532012],[-90.266872,38.534267],[-90.271392,38.539328],[-90.272338,38.548416],[-90.289766,38.557072],[-90.302549,38.567817],[-90.313582,38.578768],[-90.320515,38.594152]]]}},{"type":"Feature","properties":{"NAME":"St. Cloud","state_abbr":"MO","state_name":"Missouri","ALAND":3210751},"geometry":{"type":"Polygon","coordinates":[[[-91.229809,38.16683],[-91.229797,38.170426],[-91.217963,38.170833],[-91.217994,38.1783],[-91.208575,38.178976],[-91.208514,38.186636],[-91.199556,38.18665],[-91.19941,38.17934],[-91.20387,38.179008],[-91.203827,38.167488],[-91.212909,38.167294],[-91.212997,38.163447],[-91.223887,38.163109],[-91.227479,38.163055],[-91.227589,38.166681],[-91.229809,38.16683]]]}},{"type":"Feature","properties":{"NAME":"Wilbur Park","state_abbr":"MO","state_name":"Missouri","ALAND":153930},"geometry":{"type":"Polygon","coordinates":[[[-90.310605,38.551253],[-90.310236,38.555548],[-90.307032,38.555697],[-90.306808,38.550756],[-90.310605,38.551253]]]}},{"type":"Feature","properties":{"NAME":"Chain of Rocks","state_abbr":"MO","state_name":"Missouri","ALAND":475975},"geometry":{"type":"Polygon","coordinates":[[[-90.808172,38.915491],[-90.800005,38.919468],[-90.796604,38.915306],[-90.804698,38.910746],[-90.808172,38.915491]]]}},{"type":"Feature","properties":{"NAME":"Truxton","state_abbr":"MO","state_name":"Missouri","ALAND":687485},"geometry":{"type":"Polygon","coordinates":[[[-91.245375,39.000026],[-91.245121,39.007423],[-91.235429,39.007239],[-91.235607,38.999849],[-91.245375,39.000026]]]}},{"type":"Feature","properties":{"NAME":"Steelville","state_abbr":"MO","state_name":"Missouri","ALAND":6268154},"geometry":{"type":"Polygon","coordinates":[[[-91.377658,37.981422],[-91.376671,37.988632],[-91.37638,37.979118],[-91.367486,37.972292],[-91.366812,37.978126],[-91.360741,37.979225],[-91.357879,37.983478],[-91.341238,37.983474],[-91.341211,37.981689],[-91.344029,37.980432],[-91.343883,37.978089],[-91.336826,37.975766],[-91.336304,37.973959],[-91.339109,37.972648],[-91.340888,37.973762],[-91.339866,37.968937],[-91.344178,37.967181],[-91.344182,37.954956],[-91.346302,37.954566],[-91.353097,37.958809],[-91.352794,37.961689],[-91.356323,37.961858],[-91.358931,37.957112],[-91.359268,37.947782],[-91.363044,37.94814],[-91.362543,37.958527],[-91.365177,37.958564],[-91.364619,37.961971],[-91.367555,37.964348],[-91.366977,37.965748],[-91.368311,37.965703],[-91.370189,37.969981],[-91.367501,37.971358],[-91.375198,37.976476],[-91.377658,37.981422]]]}},{"type":"Feature","properties":{"NAME":"Jamesport","state_abbr":"MO","state_name":"Missouri","ALAND":1454245},"geometry":{"type":"Polygon","coordinates":[[[-93.811509,39.975703],[-93.807637,39.978491],[-93.807681,39.980701],[-93.797227,39.98041],[-93.797177,39.978785],[-93.794832,39.978833],[-93.794851,39.977006],[-93.792012,39.977027],[-93.795298,39.976036],[-93.795,39.973875],[-93.796589,39.973902],[-93.798683,39.969172],[-93.808771,39.969109],[-93.808717,39.972043],[-93.810966,39.971958],[-93.811509,39.975703]]]}},{"type":"Feature","properties":{"NAME":"Lewis and Clark Village","state_abbr":"MO","state_name":"Missouri","ALAND":1584520},"geometry":{"type":"Polygon","coordinates":[[[-95.062804,39.533506],[-95.061904,39.537288],[-95.058512,39.537429],[-95.06153,39.537617],[-95.057706,39.541366],[-95.052205,39.543632],[-95.042654,39.541906],[-95.037772,39.533228],[-95.062804,39.533506]]]}},{"type":"Feature","properties":{"NAME":"Rushville","state_abbr":"MO","state_name":"Missouri","ALAND":513734},"geometry":{"type":"Polygon","coordinates":[[[-95.031337,39.586687],[-95.031308,39.589359],[-95.02312,39.58823],[-95.017186,39.589305],[-95.014399,39.587966],[-95.017198,39.585584],[-95.031337,39.586687]]]}},{"type":"Feature","properties":{"NAME":"Claycomo","state_abbr":"MO","state_name":"Missouri","ALAND":6736207},"geometry":{"type":"Polygon","coordinates":[[[-94.50729,39.195058],[-94.507281,39.208987],[-94.503253,39.207443],[-94.49719,39.209236],[-94.484249,39.209265],[-94.484216,39.205912],[-94.479855,39.207657],[-94.47627,39.205775],[-94.470468,39.205622],[-94.470532,39.201892],[-94.456734,39.201993],[-94.456725,39.194694],[-94.445737,39.194529],[-94.453696,39.189431],[-94.454165,39.184535],[-94.452252,39.179191],[-94.458281,39.182017],[-94.463364,39.188934],[-94.470145,39.191758],[-94.469037,39.194821],[-94.484583,39.194969],[-94.484314,39.198502],[-94.49337,39.198532],[-94.493416,39.195195],[-94.50729,39.195058]]]}},{"type":"Feature","properties":{"NAME":"Excelsior Estates","state_abbr":"MO","state_name":"Missouri","ALAND":623253},"geometry":{"type":"Polygon","coordinates":[[[-94.214874,39.391252],[-94.211266,39.394858],[-94.211331,39.393239],[-94.203377,39.393204],[-94.20342,39.386478],[-94.21159,39.385805],[-94.211425,39.389377],[-94.214874,39.391252]]]}},{"type":"Feature","properties":{"NAME":"Independence","state_abbr":"MO","state_name":"Missouri","ALAND":201991316},"geometry":{"type":"Polygon","coordinates":[[[-94.481421,39.10806],[-94.481228,39.111412],[-94.477236,39.111241],[-94.477159,39.112317],[-94.471093,39.111123],[-94.47055,39.114024],[-94.467909,39.114158],[-94.467364,39.131375],[-94.457161,39.128367],[-94.457364,39.122246],[-94.455512,39.122403],[-94.460763,39.118403],[-94.460875,39.116327],[-94.453363,39.116479],[-94.453911,39.102782],[-94.43684,39.102178],[-94.431955,39.10253],[-94.43168,39.109763],[-94.427825,39.10966],[-94.42717,39.11283],[-94.422904,39.114224],[-94.42348,39.131238],[-94.356209,39.128569],[-94.351929,39.130749],[-94.352085,39.133826],[-94.350097,39.134247],[-94.349237,39.132369],[-94.345174,39.134406],[-94.326549,39.134325],[-94.31787,39.136728],[-94.268155,39.136518],[-94.257957,39.139788],[-94.215923,39.138646],[-94.218937,39.080359],[-94.255649,39.081123],[-94.255909,39.078432],[-94.265138,39.078003],[-94.269832,39.078228],[-94.269715,39.081811],[-94.275166,39.08228],[-94.275268,39.080085],[-94.277353,39.080145],[-94.27827,39.064301],[-94.269463,39.056576],[-94.269602,39.053525],[-94.315305,39.054104],[-94.315376,39.051486],[-94.312571,39.049779],[-94.312661,39.044616],[-94.305496,39.037325],[-94.305426,39.034753],[-94.331969,39.037737],[-94.332099,39.033138],[-94.336844,39.032793],[-94.337149,39.029183],[-94.327814,39.026951],[-94.327893,39.025264],[-94.330629,39.025315],[-94.331442,39.021524],[-94.332818,39.024967],[-94.337416,39.023765],[-94.339791,39.025603],[-94.363398,39.026312],[-94.365351,39.024007],[-94.374283,39.023214],[-94.374158,39.020617],[-94.377627,39.019073],[-94.381764,39.020685],[-94.383617,39.018028],[-94.386924,39.017632],[-94.388152,39.020429],[-94.387229,39.035273],[-94.414531,39.036371],[-94.414627,39.034756],[-94.424968,39.035257],[-94.425375,39.026309],[-94.437524,39.026776],[-94.437142,39.03596],[-94.435856,39.035885],[-94.435641,39.039814],[-94.433378,39.039744],[-94.433314,39.041119],[-94.474992,39.060502],[-94.474706,39.067085],[-94.468969,39.066795],[-94.468458,39.068436],[-94.470809,39.072717],[-94.470154,39.081944],[-94.478247,39.08964],[-94.47738,39.09273],[-94.478838,39.097419],[-94.476357,39.101412],[-94.479346,39.105288],[-94.479021,39.108567],[-94.481421,39.10806]]]}},{"type":"Feature","properties":{"NAME":"Kearney","state_abbr":"MO","state_name":"Missouri","ALAND":34535381},"geometry":{"type":"Polygon","coordinates":[[[-94.405239,39.364292],[-94.388895,39.363058],[-94.389981,39.367888],[-94.400576,39.368934],[-94.403655,39.367935],[-94.402951,39.375259],[-94.39842,39.375257],[-94.398394,39.386424],[-94.379606,39.38633],[-94.379607,39.382664],[-94.37491,39.382632],[-94.374923,39.386268],[-94.373274,39.386246],[-94.373274,39.396226],[-94.370936,39.39486],[-94.370364,39.400907],[-94.360823,39.400853],[-94.364952,39.390737],[-94.359959,39.388296],[-94.359709,39.384358],[-94.35789,39.386339],[-94.356809,39.38484],[-94.353738,39.384818],[-94.355274,39.383013],[-94.3526,39.375947],[-94.353487,39.374539],[-94.351596,39.373882],[-94.35234,39.372541],[-94.347237,39.371449],[-94.350728,39.375352],[-94.349288,39.375566],[-94.349317,39.377486],[-94.350862,39.378758],[-94.34656,39.378741],[-94.346551,39.380496],[-94.341851,39.380471],[-94.341851,39.374995],[-94.323087,39.375311],[-94.323106,39.368008],[-94.332321,39.367915],[-94.332417,39.364282],[-94.341089,39.365091],[-94.341906,39.360456],[-94.343352,39.361639],[-94.342169,39.365479],[-94.346698,39.366033],[-94.346704,39.362745],[-94.343958,39.363386],[-94.345447,39.362916],[-94.345649,39.360472],[-94.337408,39.356968],[-94.337429,39.35336],[-94.346778,39.353343],[-94.346812,39.346631],[-94.34105,39.346615],[-94.342218,39.339399],[-94.338005,39.339293],[-94.337535,39.336694],[-94.332748,39.336558],[-94.332719,39.339119],[-94.326942,39.33773],[-94.326964,39.339014],[-94.323327,39.339333],[-94.305564,39.339104],[-94.305161,39.324886],[-94.315454,39.324906],[-94.315409,39.319693],[-94.327989,39.314117],[-94.336797,39.3247],[-94.336154,39.329358],[-94.342359,39.328519],[-94.342328,39.33158],[-94.344175,39.332111],[-94.34692,39.332115],[-94.348645,39.329698],[-94.351636,39.330057],[-94.351688,39.328407],[-94.370807,39.328359],[-94.370789,39.325012],[-94.397101,39.324496],[-94.388646,39.338914],[-94.388654,39.346294],[-94.38484,39.346326],[-94.380898,39.353239],[-94.398241,39.353263],[-94.39826,39.360622],[-94.405229,39.360645],[-94.405239,39.364292]],[[-94.38888,39.375418],[-94.3889,39.367879],[-94.385398,39.367861],[-94.384749,39.366431],[-94.384243,39.375399],[-94.38888,39.375418]],[[-94.384104,39.339041],[-94.381917,39.339082],[-94.381867,39.335431],[-94.360707,39.335453],[-94.356178,39.337579],[-94.356231,39.341196],[-94.361852,39.340033],[-94.367736,39.342516],[-94.369791,39.344915],[-94.368688,39.34579],[-94.373821,39.346665],[-94.372671,39.348099],[-94.379337,39.346231],[-94.379337,39.344798],[-94.383593,39.345555],[-94.384104,39.339041]],[[-94.37087,39.350117],[-94.367957,39.350078],[-94.366499,39.35319],[-94.370863,39.353129],[-94.37087,39.350117]],[[-94.334657,39.368393],[-94.334304,39.368062],[-94.334308,39.368393],[-94.334657,39.368393]]]}},{"type":"Feature","properties":{"NAME":"Liberty","state_abbr":"MO","state_name":"Missouri","ALAND":76808151},"geometry":{"type":"Polygon","coordinates":[[[-94.479855,39.207657],[-94.477496,39.209094],[-94.475946,39.214017],[-94.473924,39.215607],[-94.465815,39.216813],[-94.465658,39.223452],[-94.469983,39.223482],[-94.456207,39.246089],[-94.455822,39.26651],[-94.454568,39.266577],[-94.454552,39.268667],[-94.447464,39.265742],[-94.445431,39.280999],[-94.437232,39.28094],[-94.436193,39.299101],[-94.43109,39.299062],[-94.431052,39.302705],[-94.425909,39.302683],[-94.426017,39.295416],[-94.410597,39.295431],[-94.406678,39.302639],[-94.401017,39.302689],[-94.401064,39.295504],[-94.374623,39.295629],[-94.379654,39.290045],[-94.379886,39.186859],[-94.384302,39.186939],[-94.389728,39.193503],[-94.401728,39.197534],[-94.418401,39.193521],[-94.420482,39.190347],[-94.423773,39.193062],[-94.43148,39.194638],[-94.442962,39.188707],[-94.445955,39.185449],[-94.448631,39.175762],[-94.452276,39.179371],[-94.45431,39.186624],[-94.453696,39.189431],[-94.445737,39.194529],[-94.456725,39.194694],[-94.456734,39.201993],[-94.470532,39.201892],[-94.470468,39.205622],[-94.47627,39.205775],[-94.479855,39.207657]],[[-94.456602,39.2162],[-94.446349,39.216095],[-94.446466,39.223298],[-94.456433,39.223432],[-94.456602,39.2162]]]}},{"type":"Feature","properties":{"NAME":"Oaks","state_abbr":"MO","state_name":"Missouri","ALAND":234694},"geometry":{"type":"Polygon","coordinates":[[[-94.576459,39.196652],[-94.576418,39.198428],[-94.56747,39.198364],[-94.567457,39.195614],[-94.576459,39.196652]]]}},{"type":"Feature","properties":{"NAME":"Flemington","state_abbr":"MO","state_name":"Missouri","ALAND":857342},"geometry":{"type":"Polygon","coordinates":[[[-93.506098,37.809898],[-93.50119,37.809868],[-93.501231,37.807835],[-93.495973,37.807496],[-93.496094,37.802489],[-93.499074,37.80245],[-93.499161,37.796858],[-93.504271,37.797058],[-93.504174,37.804424],[-93.506241,37.804392],[-93.506098,37.809898]]]}},{"type":"Feature","properties":{"NAME":"Brumley","state_abbr":"MO","state_name":"Missouri","ALAND":1427178},"geometry":{"type":"Polygon","coordinates":[[[-92.492356,38.091514],[-92.482805,38.091552],[-92.482805,38.095811],[-92.478126,38.095702],[-92.477951,38.082722],[-92.492275,38.08275],[-92.492356,38.091514]]]}},{"type":"Feature","properties":{"NAME":"Kinloch","state_abbr":"MO","state_name":"Missouri","ALAND":1882398},"geometry":{"type":"Polygon","coordinates":[[[-90.334707,38.7412],[-90.332768,38.740959],[-90.332741,38.743221],[-90.329862,38.743203],[-90.329824,38.745705],[-90.319066,38.745652],[-90.318273,38.731519],[-90.3234,38.729181],[-90.33091,38.734836],[-90.334707,38.7412]]]}},{"type":"Feature","properties":{"NAME":"Farber","state_abbr":"MO","state_name":"Missouri","ALAND":741438},"geometry":{"type":"Polygon","coordinates":[[[-91.581602,39.270915],[-91.581473,39.275816],[-91.578877,39.275934],[-91.577587,39.279941],[-91.572133,39.279772],[-91.572201,39.27042],[-91.581602,39.270915]]]}},{"type":"Feature","properties":{"NAME":"Smithville","state_abbr":"MO","state_name":"Missouri","ALAND":41840611},"geometry":{"type":"MultiPolygon","coordinates":[[[[-94.546982,39.36497],[-94.551621,39.366799],[-94.546948,39.36677],[-94.546982,39.36497]]],[[[-94.607112,39.339902],[-94.600788,39.340083],[-94.600771,39.347221],[-94.597234,39.347227],[-94.597236,39.351465],[-94.589212,39.351504],[-94.595848,39.352445],[-94.595862,39.354429],[-94.588905,39.354373],[-94.588797,39.361629],[-94.593485,39.361609],[-94.593412,39.365266],[-94.583746,39.364684],[-94.583515,39.368048],[-94.593199,39.368972],[-94.593187,39.376062],[-94.600911,39.37607],[-94.600962,39.386757],[-94.596074,39.387224],[-94.596307,39.390534],[-94.593154,39.39053],[-94.593159,39.394392],[-94.596825,39.395451],[-94.597233,39.390539],[-94.599009,39.390549],[-94.600699,39.405176],[-94.591048,39.404899],[-94.592116,39.408193],[-94.588316,39.408204],[-94.591836,39.41188],[-94.588307,39.412208],[-94.589798,39.414685],[-94.588395,39.414677],[-94.588382,39.416609],[-94.592892,39.416724],[-94.592884,39.422409],[-94.58381,39.423317],[-94.583778,39.427391],[-94.58818,39.427406],[-94.588105,39.433847],[-94.59726,39.433831],[-94.597204,39.426649],[-94.601725,39.426601],[-94.600732,39.443677],[-94.592702,39.444525],[-94.592617,39.448641],[-94.570841,39.448529],[-94.568038,39.452375],[-94.567638,39.455872],[-94.56729,39.454127],[-94.564461,39.454093],[-94.56436,39.456019],[-94.553012,39.455707],[-94.553026,39.454004],[-94.550953,39.454004],[-94.550708,39.43399],[-94.555005,39.433982],[-94.555787,39.412095],[-94.565079,39.412072],[-94.565221,39.389378],[-94.563907,39.390325],[-94.555454,39.390303],[-94.560821,39.390146],[-94.56002,39.383211],[-94.546635,39.383136],[-94.546702,39.379314],[-94.542595,39.377442],[-94.542615,39.375584],[-94.547126,39.375911],[-94.549229,39.378645],[-94.554959,39.378669],[-94.555957,39.375881],[-94.551306,39.375881],[-94.551626,39.368527],[-94.565482,39.3686],[-94.565497,39.364937],[-94.551739,39.365038],[-94.551734,39.357822],[-94.547261,39.358411],[-94.550111,39.36143],[-94.546977,39.361438],[-94.547955,39.348254],[-94.551772,39.34719],[-94.551619,39.354259],[-94.568192,39.354321],[-94.568281,39.347119],[-94.556425,39.347029],[-94.556123,39.339878],[-94.551877,39.339878],[-94.551877,39.332612],[-94.573567,39.333107],[-94.573935,39.339928],[-94.576422,39.339957],[-94.576475,39.336375],[-94.573772,39.333105],[-94.584499,39.333307],[-94.584481,39.336408],[-94.607122,39.336434],[-94.607112,39.339902]],[[-94.595998,39.379325],[-94.588469,39.379318],[-94.585918,39.384274],[-94.58697,39.386868],[-94.592212,39.386903],[-94.592203,39.383248],[-94.595951,39.383252],[-94.595998,39.379325]],[[-94.592139,39.372398],[-94.588662,39.372372],[-94.588529,39.377445],[-94.590536,39.376284],[-94.590576,39.373267],[-94.592139,39.372398]],[[-94.587738,39.354362],[-94.587021,39.353789],[-94.587016,39.354361],[-94.587738,39.354362]],[[-94.587056,39.4136],[-94.583894,39.41302],[-94.583928,39.415043],[-94.586113,39.415037],[-94.587056,39.4136]],[[-94.58705,39.36218],[-94.584186,39.361603],[-94.584136,39.361738],[-94.58705,39.36218]],[[-94.586347,39.406593],[-94.583765,39.40596],[-94.58378,39.406592],[-94.586347,39.406593]],[[-94.584672,39.352573],[-94.583934,39.351527],[-94.583977,39.352571],[-94.584672,39.352573]],[[-94.583583,39.412162],[-94.583476,39.4049],[-94.581476,39.404908],[-94.581433,39.408409],[-94.579115,39.40856],[-94.579063,39.412146],[-94.583583,39.412162]],[[-94.578841,39.426609],[-94.569781,39.426598],[-94.57006,39.433913],[-94.578773,39.43387],[-94.578818,39.429361],[-94.574257,39.429397],[-94.574367,39.427533],[-94.578841,39.426609]],[[-94.569685,39.420938],[-94.56863,39.419359],[-94.569223,39.420938],[-94.569685,39.420938]],[[-94.565133,39.375895],[-94.564051,39.374539],[-94.563683,39.37588],[-94.565133,39.375895]],[[-94.562632,39.435441],[-94.561593,39.433962],[-94.561571,39.435432],[-94.562632,39.435441]],[[-94.561181,39.334537],[-94.558619,39.334548],[-94.55862,39.336264],[-94.556512,39.337169],[-94.561175,39.337376],[-94.561181,39.334537]],[[-94.560108,39.361414],[-94.556654,39.361419],[-94.556644,39.362633],[-94.560102,39.362613],[-94.560108,39.361414]],[[-94.557551,39.433976],[-94.556131,39.432965],[-94.556126,39.43398],[-94.557551,39.433976]]]]}},{"type":"Feature","properties":{"NAME":"Weldon Spring","state_abbr":"MO","state_name":"Missouri","ALAND":19806012},"geometry":{"type":"Polygon","coordinates":[[[-90.696668,38.712928],[-90.693944,38.712642],[-90.689943,38.715203],[-90.692685,38.720993],[-90.688393,38.722859],[-90.691732,38.727967],[-90.687383,38.729725],[-90.684051,38.724605],[-90.67944,38.72642],[-90.67492,38.71995],[-90.670859,38.721577],[-90.672898,38.724871],[-90.661468,38.73014],[-90.658796,38.725819],[-90.660406,38.725433],[-90.65996,38.72391],[-90.65177,38.72669],[-90.646154,38.726862],[-90.64487,38.73111],[-90.64093,38.732],[-90.64381,38.728613],[-90.642495,38.727118],[-90.643664,38.726341],[-90.643213,38.724343],[-90.640074,38.725031],[-90.638879,38.721328],[-90.62709,38.723903],[-90.628603,38.728609],[-90.63161,38.726487],[-90.631148,38.725437],[-90.636649,38.725545],[-90.637736,38.728986],[-90.633037,38.730005],[-90.631747,38.734563],[-90.6276,38.729745],[-90.620956,38.731931],[-90.619872,38.72851],[-90.618403,38.728459],[-90.61797,38.7214],[-90.620797,38.721069],[-90.618067,38.719414],[-90.61742,38.71768],[-90.619006,38.716549],[-90.617565,38.716486],[-90.61459,38.71139],[-90.614774,38.709871],[-90.619384,38.708831],[-90.619527,38.705779],[-90.624697,38.705831],[-90.625002,38.700037],[-90.609331,38.703801],[-90.625038,38.699329],[-90.624988,38.697301],[-90.627035,38.697254],[-90.62692,38.694988],[-90.642792,38.694398],[-90.648075,38.693179],[-90.647342,38.69052],[-90.662749,38.687439],[-90.66677,38.69813],[-90.67275,38.7024],[-90.67726,38.70874],[-90.68193,38.710284],[-90.682859,38.708141],[-90.68534,38.71029],[-90.69585,38.710956],[-90.696668,38.712928]],[[-90.619297,38.711646],[-90.619982,38.710346],[-90.618982,38.710573],[-90.619297,38.711646]],[[-90.619281,38.712222],[-90.61859,38.711803],[-90.61856,38.712378],[-90.619281,38.712222]]]}},{"type":"Feature","properties":{"NAME":"Caruthersville","state_abbr":"MO","state_name":"Missouri","ALAND":13358462},"geometry":{"type":"Polygon","coordinates":[[[-89.696167,36.212706],[-89.695624,36.218644],[-89.676635,36.205113],[-89.67439,36.205076],[-89.674645,36.209567],[-89.649778,36.192363],[-89.643997,36.184407],[-89.647526,36.183407],[-89.645157,36.178099],[-89.642475,36.176412],[-89.645757,36.176505],[-89.645697,36.174316],[-89.657462,36.174318],[-89.657181,36.161859],[-89.661561,36.161846],[-89.661551,36.158933],[-89.660297,36.15469],[-89.653199,36.154679],[-89.653119,36.149524],[-89.662404,36.149847],[-89.662425,36.147086],[-89.659332,36.147086],[-89.663327,36.143238],[-89.66478,36.150874],[-89.672583,36.154285],[-89.680059,36.162455],[-89.677177,36.162461],[-89.677519,36.179899],[-89.674426,36.179899],[-89.67471,36.196031],[-89.679902,36.195995],[-89.6799,36.187037],[-89.682103,36.187016],[-89.682231,36.201416],[-89.684886,36.201399],[-89.684892,36.207556],[-89.696167,36.212706]]]}},{"type":"Feature","properties":{"NAME":"Rea","state_abbr":"MO","state_name":"Missouri","ALAND":310369},"geometry":{"type":"Polygon","coordinates":[[[-94.766959,40.058406],[-94.766816,40.065192],[-94.762122,40.065092],[-94.762422,40.058045],[-94.766959,40.058406]]]}},{"type":"Feature","properties":{"NAME":"Junction City","state_abbr":"MO","state_name":"Missouri","ALAND":927718},"geometry":{"type":"Polygon","coordinates":[[[-90.300527,37.573162],[-90.291865,37.577884],[-90.288523,37.582183],[-90.283649,37.564923],[-90.286021,37.564731],[-90.288707,37.567966],[-90.287477,37.570817],[-90.292165,37.572156],[-90.297285,37.571215],[-90.300527,37.573162]]]}},{"type":"Feature","properties":{"NAME":"Marquand","state_abbr":"MO","state_name":"Missouri","ALAND":617013},"geometry":{"type":"Polygon","coordinates":[[[-90.172714,37.430141],[-90.170349,37.432628],[-90.166148,37.433771],[-90.16258,37.429057],[-90.16309,37.425616],[-90.165959,37.423055],[-90.169098,37.424866],[-90.169464,37.427561],[-90.172714,37.430141]]]}},{"type":"Feature","properties":{"NAME":"Dalton","state_abbr":"MO","state_name":"Missouri","ALAND":468473},"geometry":{"type":"Polygon","coordinates":[[[-92.997517,39.397426],[-92.997241,39.399697],[-92.988008,39.401049],[-92.987519,39.396142],[-92.990751,39.396094],[-92.992137,39.392133],[-92.994009,39.392396],[-92.993973,39.396444],[-92.997517,39.397426]]]}},{"type":"Feature","properties":{"NAME":"Triplett","state_abbr":"MO","state_name":"Missouri","ALAND":597469},"geometry":{"type":"Polygon","coordinates":[[[-93.199766,39.499939],[-93.194926,39.499844],[-93.195912,39.503653],[-93.192773,39.50363],[-93.19236,39.499727],[-93.188739,39.500612],[-93.188246,39.49512],[-93.198874,39.495318],[-93.199766,39.499939]]]}},{"type":"Feature","properties":{"NAME":"Burlington Junction","state_abbr":"MO","state_name":"Missouri","ALAND":2588805},"geometry":{"type":"Polygon","coordinates":[[[-95.082116,40.441667],[-95.082031,40.448836],[-95.072646,40.448823],[-95.072607,40.452436],[-95.053655,40.452487],[-95.053765,40.441587],[-95.082116,40.441667]]]}},{"type":"Feature","properties":{"NAME":"Clyde","state_abbr":"MO","state_name":"Missouri","ALAND":437053},"geometry":{"type":"Polygon","coordinates":[[[-94.672985,40.264208],[-94.671095,40.271005],[-94.6666,40.271245],[-94.668431,40.260195],[-94.671112,40.260221],[-94.671054,40.263792],[-94.672985,40.264208]]]}},{"type":"Feature","properties":{"NAME":"Arcadia","state_abbr":"MO","state_name":"Missouri","ALAND":2140915},"geometry":{"type":"Polygon","coordinates":[[[-90.637109,37.575603],[-90.636653,37.592073],[-90.62973,37.591938],[-90.623513,37.595847],[-90.617013,37.588753],[-90.619297,37.588383],[-90.619385,37.58643],[-90.623541,37.586327],[-90.623657,37.582899],[-90.627395,37.582944],[-90.632811,37.575634],[-90.637109,37.575603]]]}},{"type":"Feature","properties":{"NAME":"Miner","state_abbr":"MO","state_name":"Missouri","ALAND":11937442},"geometry":{"type":"MultiPolygon","coordinates":[[[[-89.520021,36.905973],[-89.51364,36.905967],[-89.515572,36.898134],[-89.519926,36.89685],[-89.519949,36.898411],[-89.517709,36.89946],[-89.517518,36.903904],[-89.520002,36.903208],[-89.520021,36.905973]]],[[[-89.55618,36.898596],[-89.55419,36.9076],[-89.547786,36.909572],[-89.538134,36.909567],[-89.538184,36.913227],[-89.554447,36.913299],[-89.554683,36.915756],[-89.544564,36.915917],[-89.544694,36.924196],[-89.538247,36.924165],[-89.538244,36.921863],[-89.533629,36.921752],[-89.533599,36.920048],[-89.520115,36.920631],[-89.520085,36.913306],[-89.533504,36.913397],[-89.533332,36.902319],[-89.524469,36.902497],[-89.518102,36.894224],[-89.521326,36.890079],[-89.524345,36.890121],[-89.525254,36.8867],[-89.523745,36.886607],[-89.524236,36.884163],[-89.519968,36.884149],[-89.519862,36.88045],[-89.51725,36.88043],[-89.517264,36.884227],[-89.514517,36.884177],[-89.514229,36.88055],[-89.517189,36.879807],[-89.514375,36.879518],[-89.514336,36.873219],[-89.519799,36.873074],[-89.519932,36.876965],[-89.549106,36.876767],[-89.549568,36.898605],[-89.55618,36.898596]]]]}},{"type":"Feature","properties":{"NAME":"Wayland","state_abbr":"MO","state_name":"Missouri","ALAND":1741991},"geometry":{"type":"MultiPolygon","coordinates":[[[[-91.57217,40.391197],[-91.569971,40.394444],[-91.571992,40.397321],[-91.571926,40.401748],[-91.563798,40.401592],[-91.564716,40.394497],[-91.568084,40.394528],[-91.568151,40.390983],[-91.57217,40.391197]]],[[[-91.587683,40.392388],[-91.587394,40.398352],[-91.583477,40.398324],[-91.583414,40.400238],[-91.582762,40.398267],[-91.578539,40.398195],[-91.578464,40.401891],[-91.57279,40.401839],[-91.574259,40.394743],[-91.573481,40.390955],[-91.581972,40.39101],[-91.582889,40.389668],[-91.583374,40.392332],[-91.587683,40.392388]]]]}},{"type":"Feature","properties":{"NAME":"Henrietta","state_abbr":"MO","state_name":"Missouri","ALAND":1544742},"geometry":{"type":"Polygon","coordinates":[[[-93.946032,39.24229],[-93.942053,39.242362],[-93.945995,39.24644],[-93.941215,39.24703],[-93.938951,39.245544],[-93.936627,39.239165],[-93.927261,39.235316],[-93.927266,39.233493],[-93.94124,39.228066],[-93.941245,39.23533],[-93.945671,39.235344],[-93.946032,39.24229]]]}},{"type":"Feature","properties":{"NAME":"Seneca","state_abbr":"MO","state_name":"Missouri","ALAND":6627764},"geometry":{"type":"Polygon","coordinates":[[[-94.618198,36.824311],[-94.618301,36.868421],[-94.616308,36.867197],[-94.61055,36.867714],[-94.616026,36.86785],[-94.61831,36.868906],[-94.607729,36.86796],[-94.607222,36.878697],[-94.607434,36.869623],[-94.602495,36.869688],[-94.602418,36.867734],[-94.598829,36.867754],[-94.598554,36.870394],[-94.598111,36.870395],[-94.596837,36.874912],[-94.594828,36.878489],[-94.599358,36.865105],[-94.608983,36.854808],[-94.607774,36.853062],[-94.607965,36.845854],[-94.598724,36.845748],[-94.598716,36.843682],[-94.594433,36.846103],[-94.591793,36.841462],[-94.590702,36.83834],[-94.596184,36.838475],[-94.596418,36.832234],[-94.605524,36.833938],[-94.605637,36.831502],[-94.601747,36.83138],[-94.602003,36.824429],[-94.592548,36.823698],[-94.610445,36.824245],[-94.610986,36.815454],[-94.611217,36.815392],[-94.610868,36.824108],[-94.618198,36.824311]],[[-94.609888,36.85426],[-94.599827,36.864853],[-94.598867,36.867619],[-94.607445,36.867712],[-94.607767,36.857631],[-94.609888,36.85426]],[[-94.605637,36.831502],[-94.610347,36.831651],[-94.610628,36.824616],[-94.605969,36.824422],[-94.605637,36.831502]]]}},{"type":"Feature","properties":{"NAME":"St. Robert","state_abbr":"MO","state_name":"Missouri","ALAND":21808392},"geometry":{"type":"Polygon","coordinates":[[[-92.192604,37.8176],[-92.18481,37.817835],[-92.17859,37.82176],[-92.178843,37.828444],[-92.18424,37.82766],[-92.184679,37.828965],[-92.183206,37.830111],[-92.183177,37.84056],[-92.181145,37.841065],[-92.183094,37.841102],[-92.183099,37.842778],[-92.182578,37.842203],[-92.181488,37.843262],[-92.18311,37.843647],[-92.184322,37.849185],[-92.18985,37.848383],[-92.189605,37.855869],[-92.176609,37.855645],[-92.177747,37.854398],[-92.176808,37.853158],[-92.182164,37.851751],[-92.177195,37.848278],[-92.18201,37.845928],[-92.178547,37.845655],[-92.176946,37.842309],[-92.174317,37.841297],[-92.168827,37.841144],[-92.168827,37.844786],[-92.164036,37.84477],[-92.164965,37.85013],[-92.164311,37.851642],[-92.160018,37.851669],[-92.159915,37.855286],[-92.157849,37.855256],[-92.159201,37.85282],[-92.157173,37.852946],[-92.157275,37.850471],[-92.155506,37.851831],[-92.15684,37.84793],[-92.152715,37.847898],[-92.15445,37.850297],[-92.153693,37.851364],[-92.146968,37.849676],[-92.148184,37.853521],[-92.150769,37.85438],[-92.152189,37.856676],[-92.151878,37.857013],[-92.150733,37.854688],[-92.147895,37.853652],[-92.146559,37.849522],[-92.149217,37.842247],[-92.148978,37.839772],[-92.145018,37.838573],[-92.147257,37.833296],[-92.141987,37.833417],[-92.142051,37.83659],[-92.137516,37.836622],[-92.137292,37.829443],[-92.141036,37.829408],[-92.142017,37.826283],[-92.128165,37.825782],[-92.128096,37.824723],[-92.112231,37.826139],[-92.112391,37.828695],[-92.115586,37.828459],[-92.117028,37.834498],[-92.115038,37.834616],[-92.115041,37.838745],[-92.108043,37.83899],[-92.104983,37.841918],[-92.104961,37.846757],[-92.100464,37.846746],[-92.100463,37.837551],[-92.102966,37.836593],[-92.102301,37.834523],[-92.096187,37.838615],[-92.099103,37.832037],[-92.105383,37.829642],[-92.107091,37.825627],[-92.113816,37.824022],[-92.121562,37.824562],[-92.122805,37.818749],[-92.116013,37.818656],[-92.115978,37.811776],[-92.121263,37.811682],[-92.121345,37.815402],[-92.128504,37.81556],[-92.12828,37.811252],[-92.133432,37.811385],[-92.133445,37.807704],[-92.142592,37.805797],[-92.141995,37.802449],[-92.139029,37.801014],[-92.137806,37.799644],[-92.138973,37.798649],[-92.132465,37.792989],[-92.147209,37.793147],[-92.147112,37.797001],[-92.170086,37.79742],[-92.169942,37.808068],[-92.167941,37.808024],[-92.164449,37.802341],[-92.166946,37.807953],[-92.151409,37.807673],[-92.151531,37.811353],[-92.180418,37.81131],[-92.186146,37.816186],[-92.192604,37.8176]],[[-92.189314,37.850033],[-92.188872,37.849438],[-92.188879,37.850365],[-92.189314,37.850033]],[[-92.188114,37.850837],[-92.187606,37.849506],[-92.184156,37.849866],[-92.18691,37.850037],[-92.188114,37.850837]],[[-92.187502,37.852606],[-92.186664,37.851085],[-92.187022,37.852612],[-92.187502,37.852606]],[[-92.186276,37.854065],[-92.185735,37.852643],[-92.185403,37.85417],[-92.186276,37.854065]],[[-92.185626,37.851708],[-92.185973,37.850982],[-92.18555,37.851083],[-92.185626,37.851708]],[[-92.181857,37.841994],[-92.181954,37.841589],[-92.181686,37.841737],[-92.181857,37.841994]],[[-92.182079,37.844173],[-92.180755,37.843378],[-92.180588,37.843597],[-92.182079,37.844173]],[[-92.181493,37.842871],[-92.181191,37.842311],[-92.181022,37.842817],[-92.181493,37.842871]],[[-92.180554,37.84255],[-92.180369,37.841052],[-92.179238,37.84205],[-92.180554,37.84255]],[[-92.178751,37.842476],[-92.178853,37.841048],[-92.178226,37.842165],[-92.178751,37.842476]],[[-92.178335,37.841582],[-92.178049,37.841193],[-92.178039,37.841345],[-92.178335,37.841582]],[[-92.177087,37.841776],[-92.176942,37.841273],[-92.176779,37.841448],[-92.177087,37.841776]],[[-92.176551,37.84163],[-92.175998,37.840904],[-92.176146,37.841923],[-92.176551,37.84163]],[[-92.166916,37.817017],[-92.165745,37.816628],[-92.165176,37.818882],[-92.166214,37.818976],[-92.166916,37.817017]],[[-92.162819,37.802785],[-92.15872,37.801513],[-92.159826,37.807348],[-92.162792,37.807377],[-92.162819,37.802785]],[[-92.160084,37.849455],[-92.159555,37.849151],[-92.159555,37.849444],[-92.160084,37.849455]],[[-92.157519,37.802923],[-92.1571,37.801252],[-92.157049,37.802922],[-92.157519,37.802923]],[[-92.153585,37.815708],[-92.151427,37.815705],[-92.151389,37.818969],[-92.153575,37.818992],[-92.153585,37.815708]],[[-92.150211,37.843309],[-92.15127,37.830136],[-92.146668,37.830034],[-92.148622,37.834763],[-92.146185,37.836145],[-92.149528,37.839985],[-92.150211,37.843309]],[[-92.151325,37.84953],[-92.149437,37.843064],[-92.147066,37.849347],[-92.151325,37.84953]],[[-92.151015,37.842967],[-92.150408,37.843344],[-92.151035,37.843648],[-92.151015,37.842967]],[[-92.142579,37.806829],[-92.141877,37.806396],[-92.141809,37.806723],[-92.142579,37.806829]],[[-92.142497,37.79754],[-92.141393,37.796993],[-92.14062,37.798127],[-92.14148,37.798816],[-92.142497,37.79754]],[[-92.14176,37.807823],[-92.140376,37.807404],[-92.1404,37.807806],[-92.14176,37.807823]],[[-92.136239,37.814748],[-92.135887,37.813998],[-92.135861,37.814744],[-92.136239,37.814748]],[[-92.117239,37.825018],[-92.113328,37.824481],[-92.107683,37.825819],[-92.106115,37.829417],[-92.112003,37.825707],[-92.117239,37.825018]],[[-92.110314,37.830638],[-92.110843,37.828866],[-92.110727,37.827365],[-92.110314,37.830638]],[[-92.110201,37.835758],[-92.109025,37.830993],[-92.106257,37.830043],[-92.101433,37.833657],[-92.103227,37.834804],[-92.105149,37.833719],[-92.105867,37.837437],[-92.110201,37.835758]],[[-92.102741,37.831121],[-92.100168,37.831636],[-92.098332,37.833958],[-92.101882,37.832388],[-92.102741,37.831121]],[[-92.151409,37.807673],[-92.151417,37.805047],[-92.155897,37.804155],[-92.153325,37.800997],[-92.153878,37.802941],[-92.151565,37.803792],[-92.151565,37.799879],[-92.142709,37.799812],[-92.144311,37.801928],[-92.146082,37.801485],[-92.146233,37.803192],[-92.147302,37.802182],[-92.147198,37.807639],[-92.151409,37.807673]],[[-92.159354,37.851689],[-92.159721,37.85085],[-92.159262,37.851177],[-92.159354,37.851689]],[[-92.163081,37.802589],[-92.163677,37.802197],[-92.162972,37.802326],[-92.163081,37.802589]],[[-92.186213,37.849071],[-92.185266,37.8494],[-92.186354,37.849407],[-92.186213,37.849071]],[[-92.18061,37.844307],[-92.180402,37.843843],[-92.180226,37.84407],[-92.18061,37.844307]],[[-92.177014,37.840952],[-92.180077,37.840502],[-92.17731,37.838988],[-92.177014,37.840952]]]}},{"type":"Feature","properties":{"NAME":"Lincoln","state_abbr":"MO","state_name":"Missouri","ALAND":2458683},"geometry":{"type":"Polygon","coordinates":[[[-93.354064,38.391545],[-93.351844,38.39154],[-93.351626,38.393049],[-93.344927,38.392876],[-93.344858,38.394803],[-93.332395,38.393967],[-93.332853,38.401597],[-93.318291,38.401365],[-93.320216,38.388818],[-93.3289,38.389055],[-93.32911,38.386956],[-93.333769,38.387046],[-93.333335,38.389247],[-93.353619,38.389097],[-93.354064,38.391545]]]}},{"type":"Feature","properties":{"NAME":"Warsaw","state_abbr":"MO","state_name":"Missouri","ALAND":6455583},"geometry":{"type":"MultiPolygon","coordinates":[[[[-93.381563,38.268185],[-93.378051,38.268123],[-93.378152,38.265073],[-93.381662,38.264844],[-93.381563,38.268185]]],[[[-93.389868,38.250025],[-93.389319,38.25391],[-93.378136,38.254814],[-93.378253,38.251808],[-93.373625,38.251953],[-93.374698,38.259364],[-93.373668,38.263295],[-93.378209,38.263319],[-93.378152,38.265073],[-93.370965,38.265251],[-93.366965,38.269891],[-93.36852,38.265402],[-93.368751,38.262667],[-93.366195,38.263524],[-93.368477,38.263634],[-93.368301,38.265108],[-93.364928,38.264016],[-93.368676,38.262121],[-93.366488,38.2621],[-93.366693,38.259538],[-93.362297,38.254356],[-93.359388,38.255015],[-93.359072,38.249592],[-93.350143,38.24888],[-93.351997,38.242074],[-93.356069,38.238491],[-93.368151,38.23367],[-93.375163,38.23278],[-93.386687,38.241467],[-93.389868,38.250025]]]]}},{"type":"Feature","properties":{"NAME":"Perry","state_abbr":"MO","state_name":"Missouri","ALAND":3580956},"geometry":{"type":"Polygon","coordinates":[[[-91.678724,39.422446],[-91.6785,39.435974],[-91.672511,39.43593],[-91.670536,39.442676],[-91.66786,39.442657],[-91.667861,39.435905],[-91.65175,39.435722],[-91.651879,39.430619],[-91.63636,39.430379],[-91.636403,39.428431],[-91.653709,39.428692],[-91.653709,39.426807],[-91.660036,39.422031],[-91.678724,39.422446]]]}},{"type":"Feature","properties":{"NAME":"Matthews","state_abbr":"MO","state_name":"Missouri","ALAND":5069095},"geometry":{"type":"Polygon","coordinates":[[[-89.592969,36.766827],[-89.574402,36.766281],[-89.574282,36.759021],[-89.552599,36.759149],[-89.552567,36.761483],[-89.542155,36.76155],[-89.542155,36.762923],[-89.531186,36.762015],[-89.529218,36.759384],[-89.532504,36.759355],[-89.534684,36.756242],[-89.534636,36.751842],[-89.537469,36.751838],[-89.536832,36.756328],[-89.575002,36.755257],[-89.575034,36.751916],[-89.583703,36.751758],[-89.583484,36.749749],[-89.580978,36.749331],[-89.588171,36.748786],[-89.589274,36.751704],[-89.592844,36.751721],[-89.592969,36.766827]]]}},{"type":"Feature","properties":{"NAME":"Cameron","state_abbr":"MO","state_name":"Missouri","ALAND":17774942},"geometry":{"type":"Polygon","coordinates":[[[-94.276211,39.773009],[-94.276125,39.775646],[-94.269681,39.775491],[-94.269646,39.773743],[-94.266615,39.775389],[-94.266585,39.772427],[-94.26264,39.772026],[-94.262729,39.769921],[-94.258961,39.769942],[-94.261028,39.764477],[-94.250727,39.763865],[-94.24987,39.756874],[-94.242757,39.757768],[-94.243695,39.765191],[-94.234321,39.764761],[-94.234295,39.767944],[-94.221014,39.767878],[-94.221001,39.76072],[-94.215512,39.760608],[-94.215475,39.756951],[-94.210631,39.756969],[-94.210647,39.753971],[-94.20578,39.753873],[-94.205962,39.745333],[-94.215227,39.742408],[-94.215329,39.724158],[-94.210328,39.724118],[-94.21018,39.731309],[-94.191003,39.730949],[-94.190948,39.727155],[-94.195631,39.727209],[-94.19574,39.723488],[-94.205773,39.723501],[-94.205761,39.715768],[-94.216739,39.715881],[-94.217821,39.728558],[-94.221015,39.728612],[-94.221308,39.731461],[-94.224772,39.731528],[-94.225449,39.729441],[-94.229025,39.72953],[-94.229008,39.731541],[-94.230432,39.731548],[-94.23052,39.729685],[-94.234184,39.729657],[-94.234144,39.727712],[-94.238214,39.727784],[-94.235085,39.727066],[-94.235044,39.725069],[-94.238812,39.726153],[-94.238784,39.722872],[-94.239455,39.721197],[-94.243699,39.721196],[-94.243701,39.724542],[-94.250831,39.724555],[-94.253069,39.715496],[-94.256225,39.715582],[-94.254709,39.722699],[-94.256411,39.724688],[-94.254147,39.722981],[-94.253262,39.723812],[-94.25306,39.734278],[-94.256379,39.735551],[-94.256359,39.738573],[-94.254034,39.738584],[-94.253999,39.740272],[-94.257365,39.740331],[-94.257378,39.742762],[-94.254017,39.742731],[-94.254018,39.746402],[-94.257903,39.746431],[-94.257508,39.752585],[-94.260103,39.752605],[-94.260104,39.754029],[-94.252261,39.754197],[-94.252082,39.755425],[-94.251259,39.756336],[-94.253368,39.756225],[-94.253406,39.758405],[-94.256087,39.758374],[-94.256087,39.760645],[-94.261426,39.760727],[-94.262577,39.755824],[-94.264339,39.755841],[-94.264304,39.758188],[-94.267983,39.758141],[-94.264202,39.759126],[-94.264286,39.76805],[-94.269086,39.767419],[-94.270978,39.770923],[-94.274201,39.770905],[-94.276211,39.773009]],[[-94.252105,39.754202],[-94.244013,39.754459],[-94.244003,39.756949],[-94.249873,39.756749],[-94.252105,39.754202]],[[-94.239462,39.724598],[-94.239017,39.723843],[-94.239021,39.724597],[-94.239462,39.724598]],[[-94.218859,39.742427],[-94.218216,39.740198],[-94.218198,39.742407],[-94.218859,39.742427]],[[-94.212454,39.744206],[-94.211214,39.744283],[-94.210887,39.746605],[-94.212063,39.746601],[-94.212454,39.744206]]]}},{"type":"Feature","properties":{"NAME":"Gower","state_abbr":"MO","state_name":"Missouri","ALAND":2620282},"geometry":{"type":"Polygon","coordinates":[[[-94.604483,39.609291],[-94.604461,39.616754],[-94.602124,39.616756],[-94.602112,39.623396],[-94.600878,39.622132],[-94.597515,39.622844],[-94.596104,39.621152],[-94.586543,39.621154],[-94.586846,39.601697],[-94.591485,39.601518],[-94.591645,39.607048],[-94.601629,39.605609],[-94.601876,39.609293],[-94.604483,39.609291]]]}},{"type":"Feature","properties":{"NAME":"Lathrop","state_abbr":"MO","state_name":"Missouri","ALAND":10860845},"geometry":{"type":"MultiPolygon","coordinates":[[[[-94.329302,39.532414],[-94.329161,39.538614],[-94.328238,39.53552],[-94.319824,39.535529],[-94.319899,39.532408],[-94.329302,39.532414]]],[[[-94.338465,39.542826],[-94.338177,39.559056],[-94.336404,39.557241],[-94.334607,39.56083],[-94.338128,39.560784],[-94.33802,39.565309],[-94.333056,39.565325],[-94.333179,39.568137],[-94.328341,39.568151],[-94.328433,39.564593],[-94.314893,39.564678],[-94.314667,39.571537],[-94.282431,39.571649],[-94.282673,39.564362],[-94.273084,39.564406],[-94.273181,39.5572],[-94.267509,39.557164],[-94.268467,39.554709],[-94.264011,39.549851],[-94.264161,39.542589],[-94.282866,39.542721],[-94.282752,39.54647],[-94.27193,39.546198],[-94.269597,39.551983],[-94.278511,39.557253],[-94.319361,39.557249],[-94.318178,39.553072],[-94.319672,39.541887],[-94.322071,39.541907],[-94.32213,39.539173],[-94.331655,39.539183],[-94.332315,39.54224],[-94.338465,39.542826]],[[-94.301439,39.559888],[-94.296437,39.559985],[-94.29664,39.563166],[-94.292037,39.561068],[-94.29664,39.569258],[-94.301346,39.569339],[-94.301439,39.559888]]]]}},{"type":"Feature","properties":{"NAME":"New London","state_abbr":"MO","state_name":"Missouri","ALAND":1798106},"geometry":{"type":"MultiPolygon","coordinates":[[[[-91.407191,39.589478],[-91.400397,39.590141],[-91.40078,39.592794],[-91.399344,39.59025],[-91.389315,39.591235],[-91.390953,39.588123],[-91.390107,39.582942],[-91.394939,39.582365],[-91.394286,39.578941],[-91.392078,39.579158],[-91.393901,39.576218],[-91.396849,39.577512],[-91.402529,39.577029],[-91.404448,39.579567],[-91.402862,39.579758],[-91.403132,39.581225],[-91.405754,39.581765],[-91.407191,39.589478]]],[[[-91.409481,39.579179],[-91.405398,39.579513],[-91.404526,39.578065],[-91.409239,39.577687],[-91.409481,39.579179]]]]}},{"type":"Feature","properties":{"NAME":"Rensselaer","state_abbr":"MO","state_name":"Missouri","ALAND":5064169},"geometry":{"type":"Polygon","coordinates":[[[-91.556802,39.664964],[-91.556684,39.67825],[-91.524577,39.678277],[-91.524681,39.656568],[-91.538904,39.656378],[-91.538959,39.665118],[-91.556802,39.664964]],[[-91.53898,39.667237],[-91.538063,39.666818],[-91.538073,39.667269],[-91.53898,39.667237]]]}},{"type":"Feature","properties":{"NAME":"Trimble","state_abbr":"MO","state_name":"Missouri","ALAND":1549407},"geometry":{"type":"Polygon","coordinates":[[[-94.572621,39.470399],[-94.569624,39.470394],[-94.570104,39.474015],[-94.567521,39.474801],[-94.569463,39.481308],[-94.567395,39.481279],[-94.567397,39.479162],[-94.56477,39.479151],[-94.564615,39.481279],[-94.560233,39.481289],[-94.560171,39.483684],[-94.55613,39.483728],[-94.557081,39.481315],[-94.550661,39.480069],[-94.55064,39.475765],[-94.56074,39.477358],[-94.559332,39.46995],[-94.56472,39.470539],[-94.564741,39.468873],[-94.566495,39.468887],[-94.566953,39.47038],[-94.56746,39.467465],[-94.57262,39.468],[-94.572621,39.470399]]]}},{"type":"Feature","properties":{"NAME":"Osborn","state_abbr":"MO","state_name":"Missouri","ALAND":1475129},"geometry":{"type":"Polygon","coordinates":[[[-94.365509,39.747373],[-94.365623,39.753995],[-94.347268,39.753948],[-94.346461,39.747219],[-94.35337,39.747282],[-94.353332,39.744504],[-94.362318,39.743453],[-94.362337,39.747148],[-94.365509,39.747373]]]}},{"type":"Feature","properties":{"NAME":"Bethel","state_abbr":"MO","state_name":"Missouri","ALAND":357316},"geometry":{"type":"Polygon","coordinates":[[[-92.030357,39.877649],[-92.025705,39.877739],[-92.025124,39.880921],[-92.020798,39.881356],[-92.021323,39.878023],[-92.016412,39.877747],[-92.016422,39.876036],[-92.024547,39.874999],[-92.024673,39.876516],[-92.030357,39.877649]]]}},{"type":"Feature","properties":{"NAME":"Salisbury","state_abbr":"MO","state_name":"Missouri","ALAND":3466590},"geometry":{"type":"Polygon","coordinates":[[[-92.815422,39.424235],[-92.816597,39.430722],[-92.813999,39.431423],[-92.78785,39.431309],[-92.789057,39.425865],[-92.793637,39.425804],[-92.793004,39.428047],[-92.797015,39.428014],[-92.797098,39.42526],[-92.79195,39.424559],[-92.792903,39.416282],[-92.798554,39.416074],[-92.798515,39.412811],[-92.803472,39.412734],[-92.803615,39.409224],[-92.806329,39.408748],[-92.807949,39.408919],[-92.808186,39.422014],[-92.811583,39.422041],[-92.811584,39.424139],[-92.815422,39.424235]]]}},{"type":"Feature","properties":{"NAME":"Hayti","state_abbr":"MO","state_name":"Missouri","ALAND":5946680},"geometry":{"type":"Polygon","coordinates":[[[-89.767898,36.231574],[-89.767809,36.239593],[-89.753424,36.241167],[-89.754553,36.243761],[-89.753612,36.246976],[-89.752316,36.241177],[-89.749678,36.241235],[-89.749975,36.243467],[-89.746165,36.243484],[-89.746182,36.241709],[-89.734412,36.243391],[-89.737956,36.237648],[-89.735473,36.234614],[-89.731874,36.233601],[-89.729725,36.234772],[-89.728847,36.232062],[-89.71366,36.225342],[-89.715621,36.222709],[-89.721742,36.225578],[-89.721736,36.222598],[-89.725097,36.222598],[-89.725095,36.227167],[-89.731112,36.230006],[-89.735066,36.227543],[-89.736048,36.228238],[-89.733371,36.231198],[-89.736034,36.232633],[-89.736511,36.231173],[-89.739392,36.229622],[-89.740446,36.230687],[-89.743661,36.228237],[-89.747927,36.222145],[-89.747897,36.218613],[-89.756086,36.218596],[-89.753889,36.227966],[-89.756072,36.221997],[-89.75858,36.221991],[-89.758626,36.226677],[-89.763954,36.226918],[-89.764025,36.231587],[-89.767898,36.231574]]]}},{"type":"Feature","properties":{"NAME":"Hayti Heights","state_abbr":"MO","state_name":"Missouri","ALAND":2539783},"geometry":{"type":"Polygon","coordinates":[[[-89.776929,36.241231],[-89.772491,36.241265],[-89.77256,36.244752],[-89.763623,36.244212],[-89.763545,36.239612],[-89.767809,36.239593],[-89.767898,36.231574],[-89.764025,36.231587],[-89.763954,36.226918],[-89.758626,36.226677],[-89.758547,36.219389],[-89.771918,36.219482],[-89.772041,36.22857],[-89.774353,36.228551],[-89.774298,36.230551],[-89.772057,36.230578],[-89.772089,36.23405],[-89.776854,36.234024],[-89.776929,36.241231]]]}},{"type":"Feature","properties":{"NAME":"Holland","state_abbr":"MO","state_name":"Missouri","ALAND":431975},"geometry":{"type":"Polygon","coordinates":[[[-89.87347,36.060867],[-89.867468,36.06032],[-89.866429,36.05586],[-89.873089,36.051379],[-89.87347,36.060867]]]}},{"type":"Feature","properties":{"NAME":"Steele","state_abbr":"MO","state_name":"Missouri","ALAND":5600780},"geometry":{"type":"Polygon","coordinates":[[[-89.873793,36.099586],[-89.869418,36.103078],[-89.855824,36.102938],[-89.855975,36.088502],[-89.860084,36.088562],[-89.860087,36.085056],[-89.838179,36.085051],[-89.833916,36.084813],[-89.833342,36.088424],[-89.82887,36.088326],[-89.828819,36.093889],[-89.824411,36.092109],[-89.824031,36.089407],[-89.82071,36.090416],[-89.819821,36.089413],[-89.816122,36.092052],[-89.802224,36.091957],[-89.80254,36.093701],[-89.80105,36.093928],[-89.80071,36.09196],[-89.797626,36.091966],[-89.797704,36.088814],[-89.806405,36.088347],[-89.806459,36.084726],[-89.815435,36.084729],[-89.816648,36.0787],[-89.826312,36.078839],[-89.828752,36.079659],[-89.828758,36.081113],[-89.83208,36.081106],[-89.842188,36.07379],[-89.845571,36.073758],[-89.836069,36.08055],[-89.837709,36.084727],[-89.860143,36.08493],[-89.860198,36.08856],[-89.873828,36.088707],[-89.873793,36.099586]],[[-89.824209,36.083021],[-89.822761,36.083022],[-89.82273,36.081021],[-89.819232,36.08102],[-89.82013,36.084602],[-89.824194,36.084626],[-89.824209,36.083021]],[[-89.813977,36.088308],[-89.810898,36.088322],[-89.810899,36.089694],[-89.813979,36.089714],[-89.813977,36.088308]],[[-89.810453,36.088325],[-89.809828,36.087572],[-89.809838,36.088329],[-89.810453,36.088325]],[[-89.807934,36.088335],[-89.807184,36.087157],[-89.807184,36.088321],[-89.807934,36.088335]]]}},{"type":"Feature","properties":{"NAME":"Wardell","state_abbr":"MO","state_name":"Missouri","ALAND":731569},"geometry":{"type":"MultiPolygon","coordinates":[[[[-89.818997,36.36025],[-89.813291,36.361105],[-89.813362,36.356705],[-89.817335,36.356739],[-89.818448,36.355315],[-89.818997,36.36025]]],[[[-89.824772,36.350321],[-89.826768,36.351717],[-89.819105,36.352209],[-89.819056,36.35398],[-89.812721,36.353996],[-89.812658,36.352686],[-89.808694,36.352145],[-89.80974,36.350234],[-89.819063,36.350694],[-89.824731,36.347637],[-89.824772,36.350321]]]]}},{"type":"Feature","properties":{"NAME":"Olympian Village","state_abbr":"MO","state_name":"Missouri","ALAND":1349146},"geometry":{"type":"Polygon","coordinates":[[[-90.470811,38.135525],[-90.470285,38.138514],[-90.467003,38.138474],[-90.46692,38.139916],[-90.458645,38.140222],[-90.458703,38.138561],[-90.454515,38.138543],[-90.454549,38.137129],[-90.451036,38.136345],[-90.446503,38.130794],[-90.450952,38.130809],[-90.45101,38.128995],[-90.459307,38.129021],[-90.459084,38.134556],[-90.470811,38.135525]]]}},{"type":"Feature","properties":{"NAME":"Parkdale","state_abbr":"MO","state_name":"Missouri","ALAND":330902},"geometry":{"type":"Polygon","coordinates":[[[-90.531764,38.476911],[-90.53174,38.47943],[-90.52797,38.479452],[-90.5297,38.483504],[-90.528396,38.486591],[-90.526887,38.486577],[-90.527048,38.479355],[-90.52246,38.479362],[-90.529073,38.475391],[-90.531764,38.476911]]]}},{"type":"Feature","properties":{"NAME":"St. John","state_abbr":"MO","state_name":"Missouri","ALAND":3687984},"geometry":{"type":"Polygon","coordinates":[[[-90.365111,38.71881],[-90.364468,38.722733],[-90.357678,38.721609],[-90.357433,38.723353],[-90.33517,38.720805],[-90.335029,38.722131],[-90.331324,38.722036],[-90.334573,38.718012],[-90.336804,38.706113],[-90.330125,38.705374],[-90.33021,38.699922],[-90.350016,38.709843],[-90.356139,38.710232],[-90.355695,38.713677],[-90.365111,38.71881]]]}},{"type":"Feature","properties":{"NAME":"Shrewsbury","state_abbr":"MO","state_name":"Missouri","ALAND":3732894},"geometry":{"type":"Polygon","coordinates":[[[-90.339012,38.573139],[-90.335805,38.592011],[-90.33264,38.59166],[-90.331714,38.596999],[-90.326463,38.600873],[-90.32101,38.598829],[-90.318423,38.599405],[-90.320515,38.594152],[-90.31624,38.584686],[-90.32411,38.580056],[-90.332617,38.572208],[-90.339012,38.573139]]]}},{"type":"Feature","properties":{"NAME":"Sunset Hills","state_abbr":"MO","state_name":"Missouri","ALAND":23258216},"geometry":{"type":"Polygon","coordinates":[[[-90.435748,38.516],[-90.433602,38.543511],[-90.435598,38.548475],[-90.430605,38.548436],[-90.430538,38.555814],[-90.419021,38.554984],[-90.418553,38.559442],[-90.400383,38.559803],[-90.397708,38.561382],[-90.398058,38.54447],[-90.39162,38.545679],[-90.389859,38.544271],[-90.379914,38.544192],[-90.380292,38.513335],[-90.382738,38.514805],[-90.390181,38.50875],[-90.389689,38.506916],[-90.395938,38.507657],[-90.398173,38.506038],[-90.400163,38.507296],[-90.406065,38.503749],[-90.410426,38.50573],[-90.416944,38.50524],[-90.417459,38.506882],[-90.419155,38.505653],[-90.420413,38.506519],[-90.419804,38.508591],[-90.422096,38.507131],[-90.435748,38.516]]]}},{"type":"Feature","properties":{"NAME":"Twin Oaks","state_abbr":"MO","state_name":"Missouri","ALAND":697464},"geometry":{"type":"Polygon","coordinates":[[[-90.506101,38.560462],[-90.505909,38.567796],[-90.50114,38.567753],[-90.500405,38.570626],[-90.502071,38.570774],[-90.498289,38.571497],[-90.497267,38.569356],[-90.494351,38.569196],[-90.496071,38.56385],[-90.499911,38.563412],[-90.50266,38.560317],[-90.506101,38.560462]]]}},{"type":"Feature","properties":{"NAME":"University City","state_abbr":"MO","state_name":"Missouri","ALAND":15234247},"geometry":{"type":"Polygon","coordinates":[[[-90.366614,38.658381],[-90.366574,38.660839],[-90.362395,38.66086],[-90.360427,38.676897],[-90.350996,38.683438],[-90.336885,38.681495],[-90.336489,38.683152],[-90.328688,38.682961],[-90.323935,38.680251],[-90.323924,38.676118],[-90.314573,38.675995],[-90.31499,38.673361],[-90.30945,38.672778],[-90.309769,38.670767],[-90.301967,38.670048],[-90.302267,38.664833],[-90.298152,38.664413],[-90.297423,38.661152],[-90.301828,38.655642],[-90.30283,38.649631],[-90.314907,38.651594],[-90.31609,38.645886],[-90.329417,38.647192],[-90.328743,38.651361],[-90.335033,38.653063],[-90.334673,38.656707],[-90.366614,38.658381]]]}},{"type":"Feature","properties":{"NAME":"Uplands Park","state_abbr":"MO","state_name":"Missouri","ALAND":170803},"geometry":{"type":"Polygon","coordinates":[[[-90.286193,38.692655],[-90.28446,38.695107],[-90.279657,38.693062],[-90.280992,38.690266],[-90.286193,38.692655]]]}},{"type":"Feature","properties":{"NAME":"Valley Park","state_abbr":"MO","state_name":"Missouri","ALAND":11661981},"geometry":{"type":"Polygon","coordinates":[[[-90.531816,38.533793],[-90.528321,38.539153],[-90.530062,38.547995],[-90.51383,38.545759],[-90.520654,38.546873],[-90.520553,38.552024],[-90.515867,38.552237],[-90.515586,38.555557],[-90.514753,38.552828],[-90.507041,38.55484],[-90.508115,38.555743],[-90.506078,38.556032],[-90.507701,38.556229],[-90.50832,38.560377],[-90.50266,38.560317],[-90.499911,38.563412],[-90.496071,38.56385],[-90.49593,38.566189],[-90.491612,38.566123],[-90.491636,38.563836],[-90.484344,38.562929],[-90.478201,38.569078],[-90.481955,38.572481],[-90.480008,38.573518],[-90.478165,38.573509],[-90.477281,38.571321],[-90.470027,38.57042],[-90.473407,38.563159],[-90.470374,38.562039],[-90.471002,38.56042],[-90.472975,38.560432],[-90.473003,38.558744],[-90.469354,38.55972],[-90.466956,38.558588],[-90.46335,38.560276],[-90.462029,38.554834],[-90.460246,38.553545],[-90.476507,38.546149],[-90.490437,38.546258],[-90.491386,38.537247],[-90.494295,38.534578],[-90.492567,38.530861],[-90.49675,38.530948],[-90.495987,38.535777],[-90.500904,38.535292],[-90.500569,38.536854],[-90.508491,38.535777],[-90.509475,38.523496],[-90.5117,38.523546],[-90.513399,38.526675],[-90.512725,38.529502],[-90.5154,38.530064],[-90.512176,38.536836],[-90.529731,38.530053],[-90.529535,38.533959],[-90.531816,38.533793]]]}},{"type":"Feature","properties":{"NAME":"Velda City","state_abbr":"MO","state_name":"Missouri","ALAND":422200},"geometry":{"type":"Polygon","coordinates":[[[-90.296728,38.694648],[-90.294737,38.698696],[-90.288934,38.695994],[-90.293461,38.688021],[-90.296728,38.694648]]]}},{"type":"Feature","properties":{"NAME":"Vinita Park","state_abbr":"MO","state_name":"Missouri","ALAND":2019263},"geometry":{"type":"Polygon","coordinates":[[[-90.347215,38.683055],[-90.345222,38.698376],[-90.338717,38.695527],[-90.333663,38.69551],[-90.333471,38.687253],[-90.328151,38.687239],[-90.32816,38.683243],[-90.325086,38.681476],[-90.328688,38.682961],[-90.336489,38.683152],[-90.336531,38.681488],[-90.347215,38.683055]]]}},{"type":"Feature","properties":{"NAME":"Portageville","state_abbr":"MO","state_name":"Missouri","ALAND":5284464},"geometry":{"type":"Polygon","coordinates":[[[-89.71103,36.415036],[-89.710992,36.438743],[-89.701885,36.438991],[-89.701849,36.444455],[-89.694608,36.444472],[-89.694574,36.439294],[-89.687019,36.439358],[-89.688078,36.434605],[-89.690149,36.433],[-89.689485,36.431623],[-89.68631,36.431611],[-89.686563,36.423693],[-89.684172,36.422349],[-89.686771,36.422341],[-89.688811,36.416871],[-89.691139,36.416875],[-89.691142,36.420737],[-89.699032,36.420724],[-89.700854,36.418242],[-89.705516,36.419876],[-89.705534,36.41503],[-89.71103,36.415036]]]}},{"type":"Feature","properties":{"NAME":"Catron","state_abbr":"MO","state_name":"Missouri","ALAND":962914},"geometry":{"type":"Polygon","coordinates":[[[-89.71051,36.615749],[-89.701534,36.61659],[-89.70186,36.605447],[-89.710326,36.605434],[-89.71051,36.615749]]]}},{"type":"Feature","properties":{"NAME":"Gideon","state_abbr":"MO","state_name":"Missouri","ALAND":4635931},"geometry":{"type":"Polygon","coordinates":[[[-89.926844,36.445658],[-89.926088,36.463764],[-89.914768,36.462864],[-89.914887,36.451954],[-89.897493,36.451026],[-89.897479,36.437483],[-89.915068,36.437312],[-89.914957,36.444703],[-89.926844,36.445658]]]}},{"type":"Feature","properties":{"NAME":"Howardville","state_abbr":"MO","state_name":"Missouri","ALAND":591363},"geometry":{"type":"Polygon","coordinates":[[[-89.604994,36.56681],[-89.60492,36.569623],[-89.594346,36.569521],[-89.595124,36.571803],[-89.590978,36.572768],[-89.589872,36.569919],[-89.591933,36.569507],[-89.591853,36.565923],[-89.604994,36.56681]]]}},{"type":"Feature","properties":{"NAME":"Lilbourn","state_abbr":"MO","state_name":"Missouri","ALAND":2449365},"geometry":{"type":"Polygon","coordinates":[[[-89.623664,36.592309],[-89.619156,36.592041],[-89.618707,36.598178],[-89.614287,36.598218],[-89.614303,36.599492],[-89.600866,36.597994],[-89.600756,36.593022],[-89.60984,36.592826],[-89.609843,36.590851],[-89.607349,36.590929],[-89.607356,36.587535],[-89.607422,36.58593],[-89.609792,36.585769],[-89.609996,36.579556],[-89.614336,36.579551],[-89.614372,36.583675],[-89.622518,36.583672],[-89.623664,36.592309]]]}},{"type":"Feature","properties":{"NAME":"Marston","state_abbr":"MO","state_name":"Missouri","ALAND":2860983},"geometry":{"type":"Polygon","coordinates":[[[-89.619069,36.522075],[-89.605165,36.522476],[-89.605268,36.525757],[-89.598198,36.525814],[-89.599609,36.522304],[-89.591538,36.522323],[-89.591415,36.516222],[-89.596546,36.514449],[-89.600273,36.515674],[-89.607707,36.509361],[-89.612743,36.509276],[-89.612614,36.511768],[-89.618769,36.511577],[-89.619069,36.522075]]]}},{"type":"Feature","properties":{"NAME":"Morehouse","state_abbr":"MO","state_name":"Missouri","ALAND":2081244},"geometry":{"type":"Polygon","coordinates":[[[-89.703556,36.839842],[-89.699841,36.843591],[-89.699984,36.848422],[-89.695571,36.848521],[-89.695576,36.852492],[-89.686619,36.854259],[-89.686562,36.852348],[-89.682576,36.852459],[-89.682448,36.84857],[-89.681238,36.848625],[-89.682085,36.841224],[-89.703556,36.839842]]]}},{"type":"Feature","properties":{"NAME":"Bethany","state_abbr":"MO","state_name":"Missouri","ALAND":11502537},"geometry":{"type":"Polygon","coordinates":[[[-94.05962,40.258043],[-94.050659,40.269313],[-94.046427,40.269514],[-94.045848,40.278024],[-94.028956,40.277988],[-94.028927,40.287328],[-94.026305,40.287323],[-94.026185,40.282896],[-94.021658,40.283531],[-94.021619,40.287264],[-94.019793,40.287291],[-94.01971,40.290367],[-94.021445,40.290752],[-94.019598,40.292874],[-94.012828,40.293302],[-94.013684,40.288769],[-94.012257,40.288767],[-94.012365,40.2831],[-94.00775,40.283052],[-94.007968,40.257828],[-94.017399,40.257684],[-94.017505,40.25338],[-94.027012,40.253424],[-94.02703,40.250454],[-94.033281,40.25046],[-94.037705,40.248674],[-94.037394,40.254581],[-94.047019,40.254671],[-94.046942,40.257237],[-94.05962,40.258043]]]}},{"type":"Feature","properties":{"NAME":"Cainsville","state_abbr":"MO","state_name":"Missouri","ALAND":3551073},"geometry":{"type":"Polygon","coordinates":[[[-93.783866,40.452682],[-93.771781,40.452838],[-93.771817,40.445691],[-93.769095,40.445735],[-93.769221,40.442164],[-93.764485,40.442179],[-93.764436,40.427631],[-93.773785,40.427458],[-93.773904,40.431201],[-93.78314,40.431131],[-93.783866,40.452682]]]}},{"type":"Feature","properties":{"NAME":"Eagleville","state_abbr":"MO","state_name":"Missouri","ALAND":2615861},"geometry":{"type":"Polygon","coordinates":[[[-93.996682,40.47517],[-93.974785,40.474923],[-93.977178,40.466489],[-93.971292,40.465584],[-93.971424,40.464544],[-93.97567,40.464976],[-93.975993,40.461776],[-93.996669,40.461785],[-93.996682,40.47517]]]}},{"type":"Feature","properties":{"NAME":"New Hampton","state_abbr":"MO","state_name":"Missouri","ALAND":1421117},"geometry":{"type":"Polygon","coordinates":[[[-94.202157,40.260138],[-94.203371,40.270332],[-94.202154,40.269111],[-94.187804,40.270362],[-94.187875,40.260145],[-94.202157,40.260138]]]}},{"type":"Feature","properties":{"NAME":"Ridgeway","state_abbr":"MO","state_name":"Missouri","ALAND":3151590},"geometry":{"type":"Polygon","coordinates":[[[-93.946858,40.369261],[-93.946831,40.388399],[-93.936537,40.388174],[-93.936508,40.384565],[-93.927586,40.384441],[-93.927555,40.369395],[-93.946858,40.369261]]]}},{"type":"Feature","properties":{"NAME":"Argyle","state_abbr":"MO","state_name":"Missouri","ALAND":1042699},"geometry":{"type":"Polygon","coordinates":[[[-92.034657,38.302363],[-92.034652,38.307217],[-92.033064,38.307749],[-92.03302,38.30166],[-92.03007,38.297431],[-92.023918,38.299558],[-92.0191,38.298967],[-92.017854,38.292626],[-92.022442,38.292072],[-92.023583,38.28871],[-92.022288,38.286077],[-92.02746,38.288219],[-92.027698,38.294559],[-92.031829,38.296677],[-92.034657,38.302363]]]}},{"type":"Feature","properties":{"NAME":"Brashear","state_abbr":"MO","state_name":"Missouri","ALAND":907223},"geometry":{"type":"Polygon","coordinates":[[[-92.383813,40.142984],[-92.38367,40.153141],[-92.374252,40.15323],[-92.372897,40.145972],[-92.374162,40.145958],[-92.374221,40.144098],[-92.383813,40.142984]]]}},{"type":"Feature","properties":{"NAME":"Gibbs","state_abbr":"MO","state_name":"Missouri","ALAND":641134},"geometry":{"type":"Polygon","coordinates":[[[-92.421424,40.102611],[-92.411779,40.102493],[-92.411947,40.095243],[-92.421335,40.095387],[-92.421424,40.102611]]]}},{"type":"Feature","properties":{"NAME":"Kirksville","state_abbr":"MO","state_name":"Missouri","ALAND":37259500},"geometry":{"type":"Polygon","coordinates":[[[-92.610202,40.203473],[-92.600295,40.204773],[-92.601724,40.216621],[-92.59699,40.216646],[-92.59696,40.22567],[-92.594078,40.225757],[-92.594166,40.23298],[-92.591973,40.233047],[-92.592337,40.246404],[-92.582743,40.246566],[-92.58268,40.252282],[-92.571106,40.252383],[-92.571005,40.232976],[-92.563222,40.226093],[-92.554229,40.225232],[-92.554438,40.216678],[-92.551626,40.208203],[-92.548525,40.208183],[-92.548502,40.199125],[-92.542002,40.199097],[-92.541952,40.190091],[-92.548023,40.19009],[-92.545104,40.188835],[-92.545059,40.18434],[-92.54871,40.183657],[-92.548635,40.171789],[-92.543861,40.171133],[-92.543206,40.167938],[-92.548704,40.167971],[-92.548697,40.164247],[-92.56231,40.164146],[-92.562313,40.155904],[-92.558038,40.153458],[-92.571485,40.153393],[-92.57234,40.139015],[-92.572306,40.158228],[-92.581555,40.158224],[-92.581487,40.164287],[-92.596456,40.164092],[-92.595552,40.172209],[-92.597631,40.172247],[-92.597718,40.175502],[-92.598456,40.172505],[-92.600522,40.172445],[-92.600361,40.175786],[-92.603067,40.175805],[-92.602905,40.182901],[-92.600264,40.182888],[-92.600291,40.197346],[-92.610007,40.197497],[-92.610202,40.203473]]]}},{"type":"Feature","properties":{"NAME":"Novinger","state_abbr":"MO","state_name":"Missouri","ALAND":2038250},"geometry":{"type":"Polygon","coordinates":[[[-92.715501,40.243443],[-92.711207,40.243416],[-92.710363,40.238138],[-92.70557,40.238042],[-92.704832,40.24177],[-92.704306,40.238051],[-92.69612,40.238029],[-92.696051,40.228603],[-92.715135,40.227841],[-92.715501,40.243443]]]}},{"type":"Feature","properties":{"NAME":"New Madrid","state_abbr":"MO","state_name":"Missouri","ALAND":11658411},"geometry":{"type":"Polygon","coordinates":[[[-89.584879,36.570947],[-89.582998,36.571325],[-89.585211,36.578197],[-89.578239,36.579868],[-89.579611,36.583877],[-89.570685,36.586041],[-89.564442,36.598362],[-89.535933,36.598814],[-89.535957,36.603956],[-89.537352,36.603552],[-89.538785,36.608916],[-89.534835,36.608975],[-89.534779,36.606067],[-89.532796,36.604912],[-89.532577,36.606112],[-89.52408,36.605853],[-89.524083,36.603348],[-89.519107,36.603812],[-89.521291,36.593367],[-89.521381,36.582342],[-89.54611,36.581478],[-89.546095,36.583028],[-89.5558,36.580987],[-89.573879,36.571271],[-89.579987,36.565106],[-89.582098,36.554758],[-89.583958,36.554342],[-89.582061,36.561873],[-89.584879,36.570947]]]}},{"type":"Feature","properties":{"NAME":"Parma","state_abbr":"MO","state_name":"Missouri","ALAND":1652655},"geometry":{"type":"Polygon","coordinates":[[[-89.830965,36.609447],[-89.830977,36.615057],[-89.819642,36.615117],[-89.819566,36.617126],[-89.810444,36.616913],[-89.810376,36.605808],[-89.819698,36.605737],[-89.819654,36.609551],[-89.830965,36.609447]]]}},{"type":"Feature","properties":{"NAME":"Risco","state_abbr":"MO","state_name":"Missouri","ALAND":1450832},"geometry":{"type":"Polygon","coordinates":[[[-89.8278,36.547369],[-89.82773,36.555126],[-89.809303,36.555284],[-89.809325,36.547471],[-89.82306,36.546309],[-89.823072,36.547377],[-89.8278,36.547369]]]}},{"type":"Feature","properties":{"NAME":"Tallapoosa","state_abbr":"MO","state_name":"Missouri","ALAND":1155209},"geometry":{"type":"Polygon","coordinates":[[[-89.825003,36.510223],[-89.8088,36.510231],[-89.808635,36.504624],[-89.815735,36.504578],[-89.81561,36.495779],[-89.817552,36.495764],[-89.818626,36.50414],[-89.824968,36.504087],[-89.825003,36.510223]]]}},{"type":"Feature","properties":{"NAME":"Belle","state_abbr":"MO","state_name":"Missouri","ALAND":3457023},"geometry":{"type":"Polygon","coordinates":[[[-91.742112,38.279791],[-91.730739,38.285324],[-91.730388,38.289111],[-91.721808,38.289803],[-91.720936,38.296265],[-91.713775,38.29559],[-91.713982,38.293999],[-91.710576,38.293044],[-91.710632,38.289297],[-91.706015,38.290986],[-91.704189,38.289041],[-91.708206,38.288951],[-91.70962,38.27586],[-91.711283,38.275871],[-91.711319,38.279528],[-91.714691,38.279703],[-91.714704,38.282954],[-91.720866,38.281732],[-91.72086,38.2806],[-91.723852,38.281699],[-91.723467,38.279592],[-91.720896,38.27887],[-91.721047,38.277008],[-91.730937,38.276992],[-91.731516,38.275787],[-91.735541,38.279062],[-91.741176,38.276071],[-91.742112,38.279791]]]}},{"type":"Feature","properties":{"NAME":"Vienna","state_abbr":"MO","state_name":"Missouri","ALAND":2765178},"geometry":{"type":"Polygon","coordinates":[[[-91.962956,38.185992],[-91.960168,38.186381],[-91.960169,38.194574],[-91.961811,38.191122],[-91.961807,38.197853],[-91.959447,38.195568],[-91.953116,38.19373],[-91.948546,38.19364],[-91.946625,38.197059],[-91.945544,38.19693],[-91.94673,38.19578],[-91.945877,38.193587],[-91.939345,38.193428],[-91.939537,38.186666],[-91.934889,38.186485],[-91.939541,38.186213],[-91.939615,38.182801],[-91.944183,38.182811],[-91.944231,38.176834],[-91.947266,38.175516],[-91.948507,38.176137],[-91.94745,38.176576],[-91.948913,38.182817],[-91.953055,38.182197],[-91.954751,38.175967],[-91.958004,38.175971],[-91.958004,38.179663],[-91.953772,38.179678],[-91.953694,38.186516],[-91.955872,38.184329],[-91.962148,38.18433],[-91.962956,38.185992]],[[-91.947701,38.178983],[-91.947142,38.178623],[-91.947216,38.178979],[-91.947701,38.178983]]]}},{"type":"Feature","properties":{"NAME":"Parkway","state_abbr":"MO","state_name":"Missouri","ALAND":1216597},"geometry":{"type":"MultiPolygon","coordinates":[[[[-90.96317,38.333148],[-90.962164,38.335121],[-90.952696,38.335282],[-90.952921,38.332245],[-90.96317,38.333148]]],[[[-90.966396,38.336144],[-90.964837,38.336228],[-90.964228,38.333737],[-90.963426,38.334981],[-90.963285,38.332724],[-90.966431,38.333921],[-90.966396,38.336144]]],[[[-90.977004,38.332999],[-90.97688,38.340504],[-90.966483,38.340519],[-90.966795,38.33369],[-90.965656,38.332223],[-90.96918,38.332942],[-90.968643,38.32967],[-90.970706,38.329117],[-90.972629,38.332994],[-90.977004,38.332999]]]]}},{"type":"Feature","properties":{"NAME":"Warson Woods","state_abbr":"MO","state_name":"Missouri","ALAND":1470854},"geometry":{"type":"Polygon","coordinates":[[[-90.401315,38.610897],[-90.379619,38.609253],[-90.380383,38.604536],[-90.390777,38.601835],[-90.390759,38.603163],[-90.401467,38.603536],[-90.401315,38.610897]]]}},{"type":"Feature","properties":{"NAME":"Webster Groves","state_abbr":"MO","state_name":"Missouri","ALAND":15314701},"geometry":{"type":"Polygon","coordinates":[[[-90.377305,38.575032],[-90.377245,38.586487],[-90.375078,38.586262],[-90.372263,38.601744],[-90.359742,38.600346],[-90.358606,38.609255],[-90.351641,38.607392],[-90.351007,38.604869],[-90.347503,38.605835],[-90.345527,38.60938],[-90.336247,38.610173],[-90.334099,38.603706],[-90.325464,38.602286],[-90.331714,38.596999],[-90.33264,38.59166],[-90.335805,38.592011],[-90.339854,38.568121],[-90.368117,38.562372],[-90.367499,38.563354],[-90.369594,38.563314],[-90.377305,38.575032]]]}},{"type":"Feature","properties":{"NAME":"St. Joseph","state_abbr":"MO","state_name":"Missouri","ALAND":114053817},"geometry":{"type":"Polygon","coordinates":[[[-94.898725,39.704894],[-94.898344,39.724194],[-94.884143,39.726794],[-94.86774,39.736042],[-94.862735,39.742195],[-94.859035,39.754116],[-94.860639,39.762983],[-94.863087,39.767234],[-94.867143,39.771694],[-94.872335,39.774016],[-94.877669,39.780085],[-94.879792,39.785158],[-94.880644,39.797894],[-94.876344,39.806894],[-94.843663,39.807003],[-94.843685,39.821085],[-94.80548,39.821321],[-94.799625,39.821323],[-94.799612,39.818433],[-94.803789,39.814887],[-94.801314,39.807263],[-94.79255,39.807302],[-94.79155,39.810397],[-94.796297,39.810384],[-94.796318,39.814029],[-94.783282,39.814039],[-94.783253,39.807308],[-94.777283,39.809125],[-94.777292,39.807282],[-94.758109,39.80706],[-94.75897,39.76563],[-94.756672,39.7643],[-94.756768,39.755418],[-94.748035,39.755432],[-94.745108,39.752788],[-94.745105,39.748377],[-94.759145,39.748535],[-94.758978,39.719009],[-94.795923,39.719082],[-94.799177,39.717908],[-94.799183,39.719045],[-94.824515,39.719132],[-94.824503,39.704673],[-94.841754,39.704688],[-94.841845,39.697209],[-94.888899,39.697614],[-94.88218,39.704881],[-94.898725,39.704894]]]}},{"type":"Feature","properties":{"NAME":"De Kalb","state_abbr":"MO","state_name":"Missouri","ALAND":660596},"geometry":{"type":"Polygon","coordinates":[[[-94.928371,39.584673],[-94.928297,39.591913],[-94.91884,39.591916],[-94.918831,39.584573],[-94.928371,39.584673]]]}},{"type":"Feature","properties":{"NAME":"Cowgill","state_abbr":"MO","state_name":"Missouri","ALAND":619165},"geometry":{"type":"Polygon","coordinates":[[[-93.930139,39.559713],[-93.928871,39.566763],[-93.926591,39.566817],[-93.926582,39.563045],[-93.922094,39.563684],[-93.921028,39.557353],[-93.925353,39.556512],[-93.92535,39.553734],[-93.92674,39.553731],[-93.930139,39.559713]]]}},{"type":"Feature","properties":{"NAME":"Granger","state_abbr":"MO","state_name":"Missouri","ALAND":411131},"geometry":{"type":"Polygon","coordinates":[[[-91.977757,40.464412],[-91.977768,40.469463],[-91.969205,40.469508],[-91.969233,40.464334],[-91.977757,40.464412]]]}},{"type":"Feature","properties":{"NAME":"Wellston","state_abbr":"MO","state_name":"Missouri","ALAND":2414611},"geometry":{"type":"Polygon","coordinates":[[[-90.302267,38.664833],[-90.300992,38.673312],[-90.295416,38.680642],[-90.300441,38.683726],[-90.300321,38.687734],[-90.283252,38.680368],[-90.28144,38.681434],[-90.297423,38.661152],[-90.298152,38.664413],[-90.302267,38.664833]]]}},{"type":"Feature","properties":{"NAME":"Creve Coeur","state_abbr":"MO","state_name":"Missouri","ALAND":26613292},"geometry":{"type":"Polygon","coordinates":[[[-90.49194,38.676378],[-90.487869,38.678705],[-90.486471,38.682131],[-90.481805,38.682734],[-90.469402,38.6784],[-90.467444,38.680285],[-90.461588,38.679696],[-90.464869,38.677202],[-90.461639,38.675738],[-90.460658,38.67671],[-90.458294,38.674435],[-90.448376,38.672645],[-90.449099,38.675808],[-90.44719,38.675791],[-90.446325,38.67303],[-90.44583,38.675785],[-90.44145,38.67396],[-90.436422,38.675702],[-90.430778,38.671773],[-90.428632,38.672681],[-90.430159,38.674804],[-90.428758,38.675388],[-90.427276,38.673296],[-90.418567,38.675196],[-90.420125,38.677198],[-90.40463,38.676783],[-90.404753,38.687193],[-90.394745,38.685943],[-90.394623,38.661065],[-90.405209,38.661188],[-90.405448,38.647689],[-90.443412,38.64809],[-90.443469,38.640331],[-90.467015,38.640834],[-90.467014,38.6445],[-90.469162,38.644505],[-90.469091,38.640828],[-90.481015,38.640832],[-90.482317,38.648349],[-90.479459,38.648322],[-90.479689,38.652456],[-90.484156,38.652513],[-90.484162,38.654101],[-90.481669,38.654056],[-90.48094,38.660322],[-90.478126,38.660904],[-90.477382,38.665903],[-90.479455,38.666131],[-90.478941,38.668359],[-90.482217,38.668695],[-90.481748,38.671237],[-90.487348,38.670651],[-90.487349,38.669228],[-90.490647,38.669903],[-90.489289,38.675793],[-90.49194,38.676378]]]}},{"type":"Feature","properties":{"NAME":"Hillsdale","state_abbr":"MO","state_name":"Missouri","ALAND":887064},"geometry":{"type":"Polygon","coordinates":[[[-90.294179,38.685031],[-90.292139,38.691101],[-90.282186,38.688158],[-90.282662,38.68647],[-90.278808,38.68471],[-90.283252,38.680368],[-90.294179,38.685031]]]}},{"type":"Feature","properties":{"NAME":"Osgood","state_abbr":"MO","state_name":"Missouri","ALAND":471264},"geometry":{"type":"Polygon","coordinates":[[[-93.35386,40.193678],[-93.352845,40.200759],[-93.345576,40.200916],[-93.345568,40.19711],[-93.347807,40.197135],[-93.34777,40.193315],[-93.35386,40.193678]]]}},{"type":"Feature","properties":{"NAME":"Memphis","state_abbr":"MO","state_name":"Missouri","ALAND":4035764},"geometry":{"type":"Polygon","coordinates":[[[-92.183086,40.45755],[-92.182301,40.458655],[-92.179758,40.45759],[-92.179888,40.469071],[-92.181766,40.469056],[-92.181782,40.470995],[-92.179989,40.471016],[-92.179985,40.474005],[-92.166268,40.474006],[-92.166296,40.465772],[-92.160461,40.465711],[-92.160307,40.460221],[-92.15591,40.459581],[-92.155956,40.456003],[-92.160436,40.456403],[-92.160856,40.449221],[-92.169239,40.451263],[-92.179711,40.451235],[-92.179802,40.457081],[-92.183086,40.45755]]]}},{"type":"Feature","properties":{"NAME":"South Gorin","state_abbr":"MO","state_name":"Missouri","ALAND":525189},"geometry":{"type":"Polygon","coordinates":[[[-92.028686,40.354651],[-92.028944,40.361836],[-92.023724,40.362704],[-92.023679,40.36452],[-92.019015,40.361255],[-92.019175,40.358272],[-92.023833,40.35795],[-92.023866,40.356533],[-92.028686,40.354651]]]}},{"type":"Feature","properties":{"NAME":"Norwood","state_abbr":"MO","state_name":"Missouri","ALAND":4147171},"geometry":{"type":"Polygon","coordinates":[[[-92.42974,37.097831],[-92.429622,37.116885],[-92.407761,37.116876],[-92.407768,37.10282],[-92.409915,37.10294],[-92.410621,37.099954],[-92.408904,37.096706],[-92.42974,37.097831]]]}},{"type":"Feature","properties":{"NAME":"Bourbon","state_abbr":"MO","state_name":"Missouri","ALAND":3462542},"geometry":{"type":"Polygon","coordinates":[[[-91.26669,38.132789],[-91.26591,38.1423],[-91.258919,38.141879],[-91.258301,38.143409],[-91.260681,38.143666],[-91.260869,38.145503],[-91.264376,38.145524],[-91.26058,38.14778],[-91.263785,38.148664],[-91.263785,38.151604],[-91.26054,38.151135],[-91.259351,38.153437],[-91.256307,38.153134],[-91.255176,38.158993],[-91.251534,38.15886],[-91.253088,38.155654],[-91.250144,38.156634],[-91.246187,38.158698],[-91.246238,38.162553],[-91.245078,38.162563],[-91.24374,38.160655],[-91.237014,38.160634],[-91.236131,38.157748],[-91.233352,38.1585],[-91.23713,38.15545],[-91.234272,38.151686],[-91.232033,38.151712],[-91.230847,38.147501],[-91.241549,38.147014],[-91.241553,38.149127],[-91.24805,38.150352],[-91.25112,38.147363],[-91.25295,38.148083],[-91.252942,38.146104],[-91.255818,38.14468],[-91.254839,38.143612],[-91.256721,38.14181],[-91.258173,38.142765],[-91.264317,38.134428],[-91.26669,38.132789]]]}},{"type":"Feature","properties":{"NAME":"Leasburg","state_abbr":"MO","state_name":"Missouri","ALAND":1119972},"geometry":{"type":"Polygon","coordinates":[[[-91.306305,38.099115],[-91.287512,38.098831],[-91.287911,38.091764],[-91.294364,38.091783],[-91.298115,38.088285],[-91.301991,38.087827],[-91.301958,38.090352],[-91.29929,38.090348],[-91.300278,38.09532],[-91.306305,38.099115]]]}},{"type":"Feature","properties":{"NAME":"Charmwood","state_abbr":"MO","state_name":"Missouri","ALAND":363659},"geometry":{"type":"Polygon","coordinates":[[[-91.101831,38.281413],[-91.092028,38.283373],[-91.091957,38.2795],[-91.1012,38.278376],[-91.101831,38.281413]]]}},{"type":"Feature","properties":{"NAME":"Albany","state_abbr":"MO","state_name":"Missouri","ALAND":6325983},"geometry":{"type":"Polygon","coordinates":[[[-94.35157,40.25755],[-94.341247,40.257618],[-94.341202,40.259539],[-94.333636,40.260167],[-94.331661,40.257623],[-94.315757,40.256419],[-94.315893,40.245449],[-94.320812,40.24446],[-94.321099,40.23817],[-94.326023,40.238128],[-94.325932,40.234704],[-94.341493,40.234567],[-94.34149,40.23827],[-94.346397,40.238125],[-94.34636,40.248943],[-94.351536,40.24883],[-94.35157,40.25755]]]}},{"type":"Feature","properties":{"NAME":"Gentry","state_abbr":"MO","state_name":"Missouri","ALAND":595563},"geometry":{"type":"Polygon","coordinates":[[[-94.429796,40.335672],[-94.419438,40.335857],[-94.417618,40.328958],[-94.42669,40.329011],[-94.427066,40.33363],[-94.429768,40.333612],[-94.429796,40.335672]]]}},{"type":"Feature","properties":{"NAME":"King City","state_abbr":"MO","state_name":"Missouri","ALAND":3579006},"geometry":{"type":"Polygon","coordinates":[[[-94.540312,40.056998],[-94.511939,40.057308],[-94.510839,40.049874],[-94.511979,40.049883],[-94.512192,40.042693],[-94.53081,40.042855],[-94.530865,40.046335],[-94.540116,40.046288],[-94.540312,40.056998]]]}},{"type":"Feature","properties":{"NAME":"McFall","state_abbr":"MO","state_name":"Missouri","ALAND":796344},"geometry":{"type":"Polygon","coordinates":[[[-94.227876,40.107955],[-94.227851,40.11538],[-94.216723,40.115409],[-94.216867,40.107574],[-94.227876,40.107955]]]}},{"type":"Feature","properties":{"NAME":"Agency","state_abbr":"MO","state_name":"Missouri","ALAND":9543562},"geometry":{"type":"Polygon","coordinates":[[[-94.787813,39.69693],[-94.776953,39.69715],[-94.776831,39.689789],[-94.77262,39.689755],[-94.773475,39.685786],[-94.772248,39.684796],[-94.771392,39.686305],[-94.76781,39.68635],[-94.767832,39.689688],[-94.762905,39.689645],[-94.762897,39.682523],[-94.755454,39.682439],[-94.755833,39.677004],[-94.752672,39.672765],[-94.753216,39.667929],[-94.74944,39.667917],[-94.749368,39.672742],[-94.744135,39.672731],[-94.744104,39.675041],[-94.736927,39.674789],[-94.734236,39.667753],[-94.736949,39.666798],[-94.737467,39.664177],[-94.73517,39.659485],[-94.739519,39.657056],[-94.739829,39.653317],[-94.744075,39.653349],[-94.744135,39.650811],[-94.739884,39.650543],[-94.7399,39.647882],[-94.736138,39.645406],[-94.738678,39.644338],[-94.737127,39.642364],[-94.739987,39.640579],[-94.744765,39.640612],[-94.744736,39.646068],[-94.758643,39.646184],[-94.758074,39.675228],[-94.776858,39.67538],[-94.777492,39.681826],[-94.781337,39.68176],[-94.781391,39.675305],[-94.787327,39.675234],[-94.785847,39.689699],[-94.787704,39.689669],[-94.787813,39.69693]]]}},{"type":"Feature","properties":{"NAME":"Easton","state_abbr":"MO","state_name":"Missouri","ALAND":1526487},"geometry":{"type":"Polygon","coordinates":[[[-94.646246,39.715046],[-94.646111,39.729523],[-94.634467,39.729505],[-94.634293,39.71501],[-94.636848,39.715021],[-94.636863,39.716622],[-94.646246,39.715046]]]}},{"type":"Feature","properties":{"NAME":"Unionville","state_abbr":"MO","state_name":"Missouri","ALAND":5170700},"geometry":{"type":"Polygon","coordinates":[[[-93.021048,40.465603],[-93.01872,40.469382],[-93.018676,40.483043],[-93.009136,40.48307],[-93.009189,40.487892],[-93.008487,40.486605],[-92.990135,40.486583],[-92.990086,40.469891],[-92.994838,40.469889],[-92.994847,40.465464],[-93.021048,40.465603]],[[-93.004274,40.483706],[-93.002507,40.483028],[-93.002497,40.483657],[-93.004274,40.483706]],[[-92.997214,40.484039],[-92.99508,40.482903],[-92.99509,40.484104],[-92.997214,40.484039]]]}},{"type":"Feature","properties":{"NAME":"Hartville","state_abbr":"MO","state_name":"Missouri","ALAND":1687978},"geometry":{"type":"Polygon","coordinates":[[[-92.522245,37.253478],[-92.51491,37.253458],[-92.51488,37.256901],[-92.507362,37.256506],[-92.503012,37.252063],[-92.502553,37.247367],[-92.503353,37.243631],[-92.507936,37.243192],[-92.507687,37.244464],[-92.503798,37.244607],[-92.503605,37.247562],[-92.507431,37.24559],[-92.522089,37.245517],[-92.522149,37.247901],[-92.518935,37.250845],[-92.521882,37.250646],[-92.522245,37.253478]]]}},{"type":"Feature","properties":{"NAME":"Mansfield","state_abbr":"MO","state_name":"Missouri","ALAND":4870180},"geometry":{"type":"Polygon","coordinates":[[[-92.60287,37.117307],[-92.576281,37.115975],[-92.574568,37.120266],[-92.572548,37.120187],[-92.571596,37.11835],[-92.571694,37.120154],[-92.556628,37.119497],[-92.556787,37.114427],[-92.570196,37.115249],[-92.570243,37.112795],[-92.57294,37.112868],[-92.573458,37.10555],[-92.571966,37.105387],[-92.57318,37.100329],[-92.571411,37.099131],[-92.557629,37.102266],[-92.561237,37.100621],[-92.569604,37.098902],[-92.572209,37.099112],[-92.570016,37.09876],[-92.569924,37.092678],[-92.574653,37.096451],[-92.578803,37.09652],[-92.578006,37.100409],[-92.58729,37.100586],[-92.587202,37.104021],[-92.590488,37.105614],[-92.590331,37.109011],[-92.601279,37.108029],[-92.599301,37.116562],[-92.60287,37.117307]],[[-92.596433,37.114713],[-92.597752,37.113334],[-92.596364,37.113354],[-92.596433,37.114713]]]}},{"type":"Feature","properties":{"NAME":"Olean","state_abbr":"MO","state_name":"Missouri","ALAND":447805},"geometry":{"type":"Polygon","coordinates":[[[-92.535032,38.408233],[-92.534916,38.412839],[-92.524821,38.412428],[-92.524974,38.408042],[-92.535032,38.408233]]]}},{"type":"Feature","properties":{"NAME":"Weldon Spring Heights","state_abbr":"MO","state_name":"Missouri","ALAND":249187},"geometry":{"type":"Polygon","coordinates":[[[-90.687022,38.700495],[-90.686772,38.707085],[-90.685464,38.70736],[-90.686254,38.709886],[-90.685925,38.710395],[-90.684825,38.706491],[-90.68362,38.706964],[-90.681639,38.703871],[-90.687022,38.700495]]]}},{"type":"Feature","properties":{"NAME":"Wentzville","state_abbr":"MO","state_name":"Missouri","ALAND":55317876},"geometry":{"type":"MultiPolygon","coordinates":[[[[-90.896674,38.861887],[-90.895648,38.86188],[-90.894894,38.859443],[-90.896214,38.859148],[-90.896674,38.861887]]],[[[-90.936025,38.811674],[-90.929206,38.810512],[-90.929136,38.815883],[-90.933755,38.815946],[-90.933721,38.818217],[-90.924259,38.818023],[-90.924412,38.810738],[-90.921853,38.810693],[-90.921739,38.808665],[-90.91995,38.80828],[-90.91992,38.81059],[-90.915402,38.810577],[-90.915317,38.814382],[-90.91761,38.814277],[-90.917566,38.817893],[-90.919788,38.817942],[-90.918815,38.825137],[-90.930312,38.825451],[-90.930235,38.82772],[-90.928983,38.827691],[-90.929039,38.825578],[-90.924999,38.825506],[-90.92498,38.829018],[-90.919774,38.829065],[-90.919667,38.839464],[-90.923041,38.84017],[-90.915057,38.840103],[-90.915034,38.841572],[-90.919608,38.841619],[-90.91907,38.848488],[-90.916362,38.850082],[-90.913848,38.848206],[-90.912269,38.848367],[-90.910967,38.850844],[-90.907578,38.850006],[-90.90682,38.851066],[-90.910851,38.852059],[-90.913924,38.848972],[-90.915424,38.850307],[-90.91448,38.849976],[-90.914297,38.854574],[-90.909483,38.854523],[-90.909387,38.864239],[-90.895127,38.864671],[-90.895151,38.862635],[-90.891044,38.86363],[-90.88776,38.86686],[-90.885254,38.865177],[-90.88671,38.863752],[-90.885606,38.862987],[-90.884151,38.864418],[-90.881772,38.862866],[-90.888124,38.856624],[-90.885308,38.85001],[-90.877845,38.850509],[-90.87124,38.85496],[-90.85923,38.84133],[-90.857387,38.837854],[-90.855531,38.838376],[-90.85692,38.841646],[-90.84623,38.84442],[-90.844224,38.840457],[-90.833269,38.843367],[-90.833179,38.838973],[-90.835379,38.838378],[-90.834755,38.834532],[-90.83136,38.835192],[-90.832686,38.831596],[-90.826389,38.831212],[-90.826176,38.825504],[-90.822229,38.823792],[-90.821539,38.8255],[-90.81142,38.82546],[-90.81153,38.81402],[-90.81078,38.81263],[-90.80843,38.81301],[-90.80844,38.81078],[-90.809513,38.811708],[-90.81014,38.809865],[-90.800947,38.808879],[-90.79976,38.8154],[-90.798759,38.814249],[-90.797466,38.815168],[-90.797458,38.817203],[-90.79375,38.810592],[-90.7926,38.811705],[-90.779478,38.810554],[-90.779647,38.806938],[-90.775837,38.805037],[-90.808242,38.805388],[-90.808262,38.803488],[-90.816614,38.803434],[-90.816674,38.795949],[-90.825401,38.796086],[-90.82523,38.798418],[-90.826598,38.798412],[-90.82652,38.792385],[-90.831238,38.792325],[-90.830086,38.787231],[-90.833288,38.787749],[-90.833402,38.771979],[-90.843032,38.772548],[-90.843074,38.766689],[-90.84785,38.76725],[-90.846749,38.77782],[-90.860061,38.777856],[-90.860818,38.775176],[-90.862092,38.773935],[-90.86316,38.77399],[-90.860691,38.77627],[-90.863674,38.776632],[-90.863665,38.777914],[-90.860332,38.778003],[-90.859704,38.779703],[-90.862596,38.779947],[-90.862601,38.781364],[-90.859,38.781426],[-90.858916,38.784793],[-90.853904,38.788766],[-90.853881,38.792405],[-90.85972,38.7923],[-90.85987,38.788714],[-90.864364,38.788617],[-90.864395,38.786857],[-90.868286,38.788611],[-90.867957,38.784499],[-90.869131,38.782308],[-90.86915,38.784082],[-90.871602,38.782998],[-90.872867,38.777754],[-90.874758,38.778021],[-90.873849,38.786385],[-90.869188,38.788172],[-90.869195,38.797263],[-90.867605,38.797037],[-90.869163,38.799452],[-90.871524,38.799443],[-90.871902,38.796966],[-90.879095,38.797657],[-90.88255,38.787808],[-90.88089,38.787141],[-90.882655,38.787209],[-90.875542,38.786681],[-90.875554,38.785415],[-90.877123,38.785425],[-90.877113,38.783149],[-90.882938,38.784099],[-90.88289,38.78173],[-90.892521,38.781751],[-90.892506,38.78489],[-90.887737,38.784928],[-90.887752,38.787727],[-90.883447,38.787732],[-90.883036,38.789232],[-90.885359,38.789761],[-90.886194,38.792367],[-90.889796,38.792131],[-90.89032,38.78908],[-90.893744,38.787623],[-90.897103,38.788683],[-90.897141,38.785036],[-90.9022,38.785484],[-90.90169,38.78734],[-90.906248,38.787339],[-90.905671,38.788725],[-90.91093,38.78876],[-90.910898,38.792405],[-90.92013,38.792568],[-90.92017,38.7889],[-90.924819,38.78896],[-90.924771,38.79622],[-90.92008,38.796168],[-90.920026,38.802447],[-90.923153,38.803047],[-90.920019,38.803365],[-90.919994,38.807285],[-90.936025,38.811674]],[[-90.919789,38.82617],[-90.917383,38.825324],[-90.917379,38.826151],[-90.919789,38.82617]],[[-90.917753,38.836038],[-90.913243,38.836179],[-90.912663,38.839719],[-90.917715,38.83977],[-90.917753,38.836038]],[[-90.91624,38.82604],[-90.912926,38.825206],[-90.912757,38.832381],[-90.915091,38.832445],[-90.91624,38.82604]],[[-90.915408,38.803299],[-90.910813,38.803233],[-90.910771,38.796002],[-90.901616,38.795864],[-90.901574,38.79951],[-90.906301,38.799578],[-90.90617,38.801838],[-90.903032,38.801789],[-90.903008,38.803138],[-90.91542,38.806292],[-90.915408,38.803299]],[[-90.913217,38.825138],[-90.911986,38.824147],[-90.911947,38.825126],[-90.913217,38.825138]],[[-90.911649,38.810662],[-90.90626,38.81045],[-90.906239,38.811842],[-90.909512,38.811692],[-90.910648,38.813074],[-90.911649,38.810662]],[[-90.910578,38.822237],[-90.903627,38.821696],[-90.903634,38.82503],[-90.901331,38.825192],[-90.910522,38.824985],[-90.910578,38.822237]],[[-90.910501,38.837936],[-90.90727,38.838585],[-90.907237,38.837362],[-90.904793,38.837189],[-90.904533,38.83812],[-90.91049,38.839676],[-90.910501,38.837936]],[[-90.910491,38.830535],[-90.904129,38.830925],[-90.904109,38.832201],[-90.905879,38.832233],[-90.905998,38.835986],[-90.91047,38.836026],[-90.910491,38.830535]],[[-90.908413,38.855722],[-90.903719,38.847582],[-90.905767,38.847043],[-90.9064,38.839938],[-90.903529,38.84002],[-90.901342,38.837718],[-90.901268,38.843217],[-90.896735,38.843239],[-90.896787,38.84695],[-90.893427,38.846943],[-90.896805,38.850649],[-90.898369,38.850252],[-90.90113,38.85729],[-90.903,38.85689],[-90.902995,38.857005],[-90.894001,38.859223],[-90.895323,38.862452],[-90.89792,38.86204],[-90.89771,38.86013],[-90.90023,38.85964],[-90.90019,38.85808],[-90.90219,38.85783],[-90.90125,38.85964],[-90.90293,38.85959],[-90.902985,38.857244],[-90.908413,38.855722]],[[-90.907376,38.817777],[-90.901333,38.817742],[-90.901333,38.820545],[-90.90594,38.820818],[-90.907376,38.817777]],[[-90.90585,38.812038],[-90.905742,38.805153],[-90.903415,38.8047],[-90.903139,38.806827],[-90.901453,38.806816],[-90.901413,38.810483],[-90.894271,38.81049],[-90.895746,38.811843],[-90.894318,38.81414],[-90.897086,38.814125],[-90.897052,38.812308],[-90.899262,38.81258],[-90.899265,38.814125],[-90.902774,38.81413],[-90.902761,38.812325],[-90.90585,38.812038]],[[-90.901315,38.82868],[-90.900122,38.825019],[-90.89209,38.825],[-90.893548,38.826838],[-90.898432,38.826735],[-90.89914,38.828677],[-90.901315,38.82868]],[[-90.899058,38.806815],[-90.898456,38.804635],[-90.898427,38.806813],[-90.899058,38.806815]],[[-90.897757,38.828665],[-90.896725,38.827586],[-90.896725,38.82866],[-90.897757,38.828665]],[[-90.896326,38.854898],[-90.894207,38.852777],[-90.891251,38.852138],[-90.892843,38.856619],[-90.896326,38.854898]],[[-90.894426,38.828633],[-90.892112,38.827407],[-90.8921,38.828066],[-90.894426,38.828633]],[[-90.891438,38.806753],[-90.89235,38.80633],[-90.891436,38.806308],[-90.891438,38.806753]],[[-90.89188,38.803849],[-90.884796,38.805012],[-90.8848,38.80646],[-90.885475,38.805632],[-90.89188,38.803849]],[[-90.89221,38.83508],[-90.89009,38.83292],[-90.883231,38.832984],[-90.884462,38.824948],[-90.887564,38.824983],[-90.887548,38.822244],[-90.88299,38.82261],[-90.882938,38.835857],[-90.89221,38.83508]],[[-90.892139,38.832227],[-90.891122,38.830881],[-90.892026,38.832225],[-90.892139,38.832227]],[[-90.890546,38.832226],[-90.887534,38.831229],[-90.887536,38.832228],[-90.890546,38.832226]],[[-90.88986,38.80847],[-90.889318,38.807786],[-90.889221,38.808384],[-90.88986,38.80847]],[[-90.889189,38.799626],[-90.882596,38.797828],[-90.882967,38.799478],[-90.885876,38.800615],[-90.882956,38.800565],[-90.883015,38.805141],[-90.889189,38.799626]],[[-90.889125,38.807749],[-90.887911,38.805903],[-90.88698,38.80628],[-90.887507,38.807562],[-90.889125,38.807749]],[[-90.887714,38.796231],[-90.886046,38.79532],[-90.885399,38.792469],[-90.885063,38.796971],[-90.887714,38.796231]],[[-90.887659,38.841363],[-90.880358,38.839891],[-90.880044,38.836687],[-90.878419,38.835786],[-90.869188,38.835655],[-90.869206,38.839044],[-90.878464,38.839447],[-90.878516,38.846884],[-90.87535,38.846877],[-90.879555,38.849781],[-90.882481,38.848381],[-90.887555,38.849189],[-90.886473,38.846805],[-90.887659,38.841363]],[[-90.887567,38.819902],[-90.887558,38.814065],[-90.88292,38.813004],[-90.88293,38.819529],[-90.887567,38.819902]],[[-90.886793,38.810491],[-90.886146,38.810153],[-90.88613,38.810486],[-90.886793,38.810491]],[[-90.879884,38.785073],[-90.87845,38.78466],[-90.878438,38.785076],[-90.879884,38.785073]],[[-90.878382,38.805994],[-90.87831,38.799562],[-90.87372,38.799476],[-90.873673,38.806938],[-90.878382,38.805994]],[[-90.871687,38.804186],[-90.869075,38.804185],[-90.870931,38.802374],[-90.86911,38.802349],[-90.86913,38.800769],[-90.865367,38.800738],[-90.864417,38.797152],[-90.862119,38.797133],[-90.861688,38.798984],[-90.864374,38.799476],[-90.864316,38.802208],[-90.86906,38.805151],[-90.86904,38.807105],[-90.871687,38.804186]],[[-90.870603,38.807546],[-90.869131,38.807223],[-90.86904,38.80785],[-90.870603,38.807546]],[[-90.867781,38.80802],[-90.866448,38.807307],[-90.86644,38.808293],[-90.867781,38.80802]],[[-90.860007,38.840273],[-90.859429,38.840288],[-90.859977,38.841043],[-90.860007,38.840273]],[[-90.859306,38.8184],[-90.859934,38.817827],[-90.859288,38.817831],[-90.859306,38.8184]],[[-90.858036,38.837167],[-90.859269,38.834739],[-90.857759,38.834732],[-90.858036,38.837167]],[[-90.858469,38.799164],[-90.855647,38.799215],[-90.855314,38.797241],[-90.855405,38.800108],[-90.858469,38.799164]],[[-90.85674,38.83623],[-90.855107,38.832108],[-90.84752,38.830895],[-90.8472,38.833878],[-90.854279,38.837099],[-90.85674,38.83623]],[[-90.854993,38.80305],[-90.854754,38.799298],[-90.84275,38.798734],[-90.843741,38.795846],[-90.841413,38.794669],[-90.831303,38.796079],[-90.831275,38.801361],[-90.829229,38.802087],[-90.840801,38.806053],[-90.845372,38.803353],[-90.854993,38.80305]],[[-90.854102,38.796023],[-90.850872,38.791868],[-90.849214,38.79187],[-90.849763,38.796097],[-90.854102,38.796023]],[[-90.851717,38.790155],[-90.849119,38.788832],[-90.837567,38.788852],[-90.8396,38.79093],[-90.85088,38.79176],[-90.851717,38.790155]],[[-90.84992,38.81984],[-90.849579,38.818713],[-90.848931,38.818688],[-90.84992,38.81984]],[[-90.843257,38.826317],[-90.83128,38.82744],[-90.831328,38.830904],[-90.836252,38.829904],[-90.838095,38.831399],[-90.839014,38.829219],[-90.843197,38.828453],[-90.843257,38.826317]],[[-90.836837,38.781304],[-90.834363,38.781307],[-90.834376,38.784387],[-90.836833,38.784366],[-90.836837,38.781304]],[[-90.833027,38.824667],[-90.831251,38.825248],[-90.825752,38.82515],[-90.83126,38.82597],[-90.833027,38.824667]],[[-90.832958,38.822278],[-90.83122,38.821291],[-90.831223,38.822293],[-90.832958,38.822278]],[[-90.830551,38.826862],[-90.831263,38.826376],[-90.830539,38.826367],[-90.830551,38.826862]],[[-90.827994,38.802785],[-90.822989,38.798844],[-90.820629,38.800131],[-90.820657,38.802191],[-90.827994,38.802785]],[[-90.8085,38.80923],[-90.810217,38.808523],[-90.808481,38.808052],[-90.8085,38.80923]],[[-90.853869,38.791511],[-90.852527,38.789749],[-90.851457,38.79082],[-90.852649,38.791297],[-90.853869,38.791511]],[[-90.910758,38.79503],[-90.913444,38.796062],[-90.913445,38.795074],[-90.910758,38.79503]]]]}},{"type":"Feature","properties":{"NAME":"West Alton","state_abbr":"MO","state_name":"Missouri","ALAND":74623859},"geometry":{"type":"Polygon","coordinates":[[[-90.29818,38.90693],[-90.294748,38.923429],[-90.277471,38.923716],[-90.262792,38.920344],[-90.250248,38.919344],[-90.223041,38.907389],[-90.19761,38.887648],[-90.186909,38.885048],[-90.166409,38.876348],[-90.151508,38.867148],[-90.113327,38.849306],[-90.109407,38.843548],[-90.109107,38.837448],[-90.117707,38.805748],[-90.12678,38.821326],[-90.141608,38.829448],[-90.15511,38.829722],[-90.167442,38.824633],[-90.174138,38.820021],[-90.183058,38.818053],[-90.188927,38.81851],[-90.256136,38.852128],[-90.26818,38.861036],[-90.275884,38.872301],[-90.289787,38.882838],[-90.28868,38.89087],[-90.28579,38.8909],[-90.28446,38.89827],[-90.281923,38.89796],[-90.280798,38.904804],[-90.29818,38.90693]]]}},{"type":"Feature","properties":{"NAME":"Lake Lafayette","state_abbr":"MO","state_name":"Missouri","ALAND":1659380},"geometry":{"type":"Polygon","coordinates":[[[-93.983302,38.943232],[-93.98282,38.953517],[-93.973737,38.951631],[-93.973685,38.95337],[-93.968841,38.95334],[-93.968835,38.9552],[-93.964282,38.955086],[-93.964386,38.951516],[-93.955392,38.949537],[-93.955503,38.946758],[-93.96484,38.946897],[-93.965387,38.949254],[-93.96557,38.945005],[-93.968295,38.945049],[-93.968397,38.94254],[-93.974359,38.942802],[-93.974179,38.946164],[-93.978478,38.94627],[-93.978537,38.943003],[-93.983302,38.943232]]]}},{"type":"Feature","properties":{"NAME":"Cross Timbers","state_abbr":"MO","state_name":"Missouri","ALAND":1157069},"geometry":{"type":"Polygon","coordinates":[[[-93.23983,38.032323],[-93.237465,38.032307],[-93.235417,38.028591],[-93.226889,38.02967],[-93.226943,38.02618],[-93.220195,38.026068],[-93.225135,38.02125],[-93.222684,38.015613],[-93.227137,38.015677],[-93.227107,38.018502],[-93.233396,38.019059],[-93.231615,38.024745],[-93.235469,38.027485],[-93.238839,38.027521],[-93.23983,38.032323]]]}},{"type":"Feature","properties":{"NAME":"Freistatt","state_abbr":"MO","state_name":"Missouri","ALAND":548707},"geometry":{"type":"Polygon","coordinates":[[[-93.901058,37.020519],[-93.89986,37.027935],[-93.897556,37.027925],[-93.896855,37.024123],[-93.892701,37.023823],[-93.893983,37.022779],[-93.893471,37.018391],[-93.897787,37.018375],[-93.897891,37.014597],[-93.900161,37.014562],[-93.901058,37.020519]]]}},{"type":"Feature","properties":{"NAME":"Stotts City","state_abbr":"MO","state_name":"Missouri","ALAND":1325390},"geometry":{"type":"Polygon","coordinates":[[[-93.954638,37.096646],[-93.954268,37.107303],[-93.942103,37.107119],[-93.942265,37.096253],[-93.954638,37.096646]]]}},{"type":"Feature","properties":{"NAME":"Ozark","state_abbr":"MO","state_name":"Missouri","ALAND":31461749},"geometry":{"type":"MultiPolygon","coordinates":[[[[-93.20689,37.069696],[-93.2083,37.070695],[-93.206872,37.070652],[-93.20689,37.069696]]],[[[-93.256651,37.035741],[-93.249098,37.034572],[-93.247411,37.027285],[-93.238325,37.027015],[-93.238248,37.030651],[-93.229141,37.030268],[-93.229064,37.033913],[-93.238144,37.034281],[-93.238081,37.036168],[-93.247158,37.036201],[-93.247144,37.038108],[-93.244172,37.038008],[-93.24248,37.041647],[-93.247058,37.041776],[-93.246867,37.046989],[-93.244577,37.046923],[-93.244527,37.048725],[-93.246823,37.048678],[-93.24681,37.049061],[-93.243634,37.050123],[-93.246805,37.050466],[-93.246651,37.058051],[-93.237516,37.059619],[-93.23733,37.065826],[-93.242088,37.066932],[-93.249234,37.072091],[-93.246285,37.074493],[-93.243445,37.074396],[-93.241639,37.069855],[-93.237216,37.070082],[-93.235995,37.0796],[-93.234279,37.079541],[-93.235082,37.075516],[-93.231793,37.075395],[-93.231765,37.077983],[-93.232458,37.078049],[-93.232463,37.078664],[-93.233341,37.078678],[-93.232306,37.085341],[-93.230926,37.085291],[-93.231807,37.092629],[-93.230059,37.085265],[-93.228493,37.085236],[-93.226904,37.081476],[-93.223293,37.081383],[-93.223402,37.077777],[-93.224662,37.07781],[-93.223619,37.073789],[-93.211954,37.07351],[-93.208701,37.070918],[-93.205539,37.071537],[-93.205313,37.077071],[-93.203897,37.077163],[-93.205022,37.078931],[-93.204764,37.088114],[-93.200393,37.087987],[-93.2003,37.09163],[-93.19107,37.09136],[-93.191145,37.07678],[-93.19163,37.069323],[-93.18712,37.069255],[-93.186976,37.076585],[-93.182372,37.075718],[-93.182639,37.065132],[-93.187201,37.065444],[-93.187124,37.069165],[-93.191709,37.069235],[-93.191883,37.065633],[-93.19639,37.065756],[-93.196326,37.069372],[-93.199698,37.069471],[-93.200997,37.065874],[-93.2072,37.066087],[-93.210158,37.064337],[-93.210204,37.062498],[-93.201091,37.062281],[-93.201139,37.058647],[-93.2193,37.058107],[-93.21863,37.055457],[-93.210323,37.055258],[-93.210369,37.053435],[-93.205819,37.053303],[-93.2059,37.049424],[-93.210461,37.049788],[-93.210483,37.047991],[-93.215067,37.04838],[-93.217087,37.050105],[-93.216421,37.047416],[-93.215126,37.047411],[-93.216328,37.047085],[-93.214992,37.04225],[-93.211031,37.039118],[-93.210043,37.037743],[-93.209748,37.036139],[-93.210292,37.033462],[-93.207987,37.033328],[-93.210365,37.033126],[-93.211095,37.029827],[-93.208308,37.029767],[-93.207213,37.031727],[-93.202197,37.031299],[-93.202991,37.034329],[-93.196763,37.044058],[-93.198004,37.044855],[-93.195403,37.045009],[-93.196411,37.043088],[-93.195393,37.042795],[-93.199076,37.040369],[-93.189439,37.040017],[-93.189489,37.034893],[-93.197081,37.036409],[-93.198335,37.031276],[-93.197175,37.033058],[-93.189156,37.030687],[-93.188392,37.029176],[-93.180974,37.028997],[-93.181202,37.025319],[-93.19281,37.025637],[-93.19293,37.018424],[-93.188271,37.018337],[-93.188452,37.010976],[-93.183895,37.010812],[-93.183775,37.014477],[-93.182293,37.014425],[-93.182423,37.009829],[-93.179306,37.009777],[-93.179396,37.007012],[-93.177156,37.003331],[-93.174896,37.003274],[-93.175055,37.001203],[-93.17604,37.003029],[-93.17945,37.003106],[-93.179522,36.999796],[-93.181794,36.999859],[-93.181608,37.003276],[-93.182882,37.003309],[-93.184277,36.9981],[-93.189526,36.995951],[-93.191182,36.996415],[-93.191142,36.998325],[-93.193405,36.998367],[-93.194384,36.996606],[-93.194922,37.000211],[-93.193454,37.000189],[-93.193417,37.001873],[-93.195886,37.002635],[-93.195516,37.00022],[-93.197882,37.001711],[-93.198022,36.996699],[-93.202512,36.996854],[-93.202686,36.991895],[-93.204969,36.991977],[-93.202712,36.991031],[-93.203017,36.982234],[-93.216677,36.982629],[-93.216644,36.985573],[-93.221024,36.985734],[-93.221798,36.987916],[-93.219408,36.989209],[-93.218213,36.98764],[-93.216535,36.989905],[-93.207331,36.989663],[-93.207139,36.996972],[-93.211211,36.997563],[-93.208404,37.000629],[-93.203534,37.000984],[-93.206895,37.002452],[-93.206065,37.003806],[-93.214883,37.004231],[-93.213994,36.997202],[-93.20869,36.995821],[-93.20876,36.994058],[-93.230113,36.993481],[-93.231717,36.939141],[-93.233225,36.94304],[-93.230337,37.002607],[-93.231452,37.004803],[-93.229937,37.007978],[-93.229416,37.019432],[-93.233907,37.019589],[-93.234126,37.017368],[-93.236258,37.017821],[-93.236219,37.019339],[-93.247475,37.020088],[-93.247334,37.023396],[-93.245944,37.023517],[-93.256651,37.035741]],[[-93.246634,37.071503],[-93.245985,37.071045],[-93.245973,37.0715],[-93.246634,37.071503]],[[-93.242389,37.045273],[-93.237825,37.045709],[-93.237768,37.048626],[-93.24183,37.048667],[-93.242389,37.045273]],[[-93.237873,37.041495],[-93.23519,37.041383],[-93.235154,37.042888],[-93.237853,37.042991],[-93.237873,37.041495]],[[-93.235061,37.045662],[-93.231666,37.045527],[-93.23159,37.048508],[-93.23501,37.048645],[-93.235061,37.045662]],[[-93.232421,37.041285],[-93.22972,37.04119],[-93.229555,37.04267],[-93.228905,37.043958],[-93.232268,37.044068],[-93.232421,37.041285]],[[-93.232015,37.078551],[-93.231622,37.078022],[-93.231606,37.078544],[-93.232015,37.078551]],[[-93.230994,37.060487],[-93.231652,37.059355],[-93.230835,37.059338],[-93.230994,37.060487]],[[-93.229864,37.060446],[-93.230662,37.059335],[-93.229902,37.059316],[-93.229864,37.060446]],[[-93.230025,37.029286],[-93.229176,37.028571],[-93.229163,37.029271],[-93.230025,37.029286]],[[-93.229419,37.042653],[-93.228833,37.041144],[-93.228738,37.044023],[-93.229419,37.042653]],[[-93.22941,37.048359],[-93.228763,37.046418],[-93.228821,37.048335],[-93.22941,37.048359]],[[-93.228178,37.062504],[-93.228306,37.062045],[-93.227793,37.059309],[-93.228178,37.062504]],[[-93.229074,37.007417],[-93.227614,37.00503],[-93.221561,37.004785],[-93.22144,37.008321],[-93.214413,37.008157],[-93.213784,37.01174],[-93.215778,37.011802],[-93.215775,37.013124],[-93.215916,37.011813],[-93.221335,37.012001],[-93.221204,37.015975],[-93.21608,37.016002],[-93.215737,37.018982],[-93.213351,37.018768],[-93.213304,37.020714],[-93.220132,37.020664],[-93.22825,37.017179],[-93.229074,37.007417]],[[-93.228628,37.046491],[-93.228021,37.045521],[-93.227662,37.04646],[-93.228628,37.046491]],[[-93.227868,37.079132],[-93.224762,37.079033],[-93.224578,37.079023],[-93.22559,37.08009],[-93.227868,37.079132]],[[-93.227239,37.035583],[-93.226947,37.034266],[-93.226977,37.035557],[-93.227239,37.035583]],[[-93.227145,37.068226],[-93.22599,37.067673],[-93.225987,37.068033],[-93.227145,37.068226]],[[-93.226282,36.999352],[-93.225353,36.998538],[-93.225332,36.999327],[-93.226282,36.999352]],[[-93.223936,37.065627],[-93.223269,37.059165],[-93.219427,37.060728],[-93.220576,37.063693],[-93.219303,37.065445],[-93.22056,37.065914],[-93.219249,37.067681],[-93.221452,37.067036],[-93.221484,37.065056],[-93.223936,37.065627]],[[-93.220488,37.070027],[-93.219212,37.068944],[-93.219206,37.069943],[-93.220488,37.070027]],[[-93.219113,37.063335],[-93.216977,37.062698],[-93.216961,37.06327],[-93.219113,37.063335]],[[-93.219056,37.064481],[-93.216945,37.063861],[-93.21693,37.064426],[-93.219056,37.064481]],[[-93.219094,37.064656],[-93.216917,37.064956],[-93.216896,37.066246],[-93.219006,37.066277],[-93.219094,37.064656]],[[-93.219023,37.069429],[-93.217143,37.069112],[-93.217114,37.069959],[-93.219023,37.069429]],[[-93.216333,37.037183],[-93.215265,37.037165],[-93.215334,37.033558],[-93.210574,37.033456],[-93.210218,37.03743],[-93.21383,37.040724],[-93.216313,37.040782],[-93.216333,37.037183]],[[-93.216212,36.997213],[-93.214924,36.997157],[-93.214845,36.999004],[-93.216138,36.99904],[-93.216212,36.997213]],[[-93.213853,37.068095],[-93.210091,37.068022],[-93.210157,37.064409],[-93.207203,37.066157],[-93.20552,37.066114],[-93.20547,37.069653],[-93.203251,37.069584],[-93.203157,37.072163],[-93.206471,37.070911],[-93.208725,37.070879],[-93.209442,37.070929],[-93.210007,37.07137],[-93.210061,37.069788],[-93.213816,37.069857],[-93.213853,37.068095]],[[-93.213604,37.060712],[-93.21252,37.060191],[-93.212516,37.060685],[-93.213604,37.060712]],[[-93.209712,36.998213],[-93.208937,36.998373],[-93.209361,36.998622],[-93.209712,36.998213]],[[-93.208154,36.999664],[-93.207936,36.99854],[-93.2073,36.999418],[-93.208154,36.999664]],[[-93.204797,37.08451],[-93.203811,37.077162],[-93.191346,37.077881],[-93.19132,37.083993],[-93.204797,37.08451]],[[-93.202367,37.001623],[-93.201747,37.001024],[-93.201731,37.001601],[-93.202367,37.001623]],[[-93.201371,37.070303],[-93.200907,37.069625],[-93.200891,37.070294],[-93.201371,37.070303]],[[-93.200938,37.069442],[-93.200234,37.068951],[-93.200216,37.06942],[-93.200938,37.069442]],[[-93.197858,37.00278],[-93.19727,37.002389],[-93.197259,37.002771],[-93.197858,37.00278]],[[-93.193708,37.039688],[-93.19248,37.03863],[-93.191473,37.039534],[-93.193708,37.039688]],[[-93.193375,36.999972],[-93.193374,36.999432],[-93.192643,36.999984],[-93.193375,36.999972]],[[-93.190772,37.005508],[-93.188584,37.005445],[-93.188526,37.00726],[-93.190771,37.007343],[-93.190772,37.005508]],[[-93.189766,36.997322],[-93.189385,36.996431],[-93.189366,36.997313],[-93.189766,36.997322]],[[-93.188767,37.000993],[-93.186473,37.001826],[-93.186436,37.003402],[-93.184882,37.001925],[-93.184037,37.005747],[-93.187453,37.005405],[-93.188767,37.000993]],[[-93.21863,37.055457],[-93.226425,37.055147],[-93.226843,37.041135],[-93.224442,37.041074],[-93.225553,37.038613],[-93.223148,37.038537],[-93.223113,37.040535],[-93.221643,37.039341],[-93.221715,37.035386],[-93.224998,37.035395],[-93.22477,37.037816],[-93.226557,37.037073],[-93.225744,37.035411],[-93.227471,37.033667],[-93.227902,37.028412],[-93.224396,37.028324],[-93.22293,37.025061],[-93.2198,37.025321],[-93.220026,37.028234],[-93.224011,37.028376],[-93.224837,37.029949],[-93.220188,37.030069],[-93.21968,37.040952],[-93.213959,37.040805],[-93.215523,37.042793],[-93.217013,37.048739],[-93.219928,37.048203],[-93.219835,37.051987],[-93.217721,37.051935],[-93.21863,37.055457]],[[-93.219354,37.063704],[-93.219952,37.06339],[-93.219362,37.063378],[-93.219354,37.063704]]]]}},{"type":"Feature","properties":{"NAME":"Amazonia","state_abbr":"MO","state_name":"Missouri","ALAND":952647},"geometry":{"type":"Polygon","coordinates":[[[-94.900019,39.893768],[-94.891266,39.893945],[-94.889693,39.897563],[-94.890456,39.887441],[-94.883342,39.886654],[-94.883395,39.883968],[-94.895231,39.884006],[-94.896258,39.88577],[-94.895192,39.886573],[-94.900003,39.890008],[-94.900019,39.893768]]]}},{"type":"Feature","properties":{"NAME":"Cosby","state_abbr":"MO","state_name":"Missouri","ALAND":243576},"geometry":{"type":"Polygon","coordinates":[[[-94.684548,39.864335],[-94.681374,39.864278],[-94.678995,39.866575],[-94.676047,39.865492],[-94.676453,39.862184],[-94.684538,39.862131],[-94.684548,39.864335]]]}},{"type":"Feature","properties":{"NAME":"Country Club","state_abbr":"MO","state_name":"Missouri","ALAND":10116317},"geometry":{"type":"Polygon","coordinates":[[[-94.838972,39.828402],[-94.833962,39.828114],[-94.834104,39.857683],[-94.810252,39.857666],[-94.806914,39.854962],[-94.805445,39.851372],[-94.80548,39.821321],[-94.838935,39.821099],[-94.838972,39.828402]]]}},{"type":"Feature","properties":{"NAME":"Fillmore","state_abbr":"MO","state_name":"Missouri","ALAND":360723},"geometry":{"type":"Polygon","coordinates":[[[-94.979872,40.026281],[-94.974879,40.026058],[-94.97422,40.028691],[-94.970243,40.028756],[-94.970687,40.026023],[-94.968315,40.025537],[-94.96831,40.023653],[-94.97433,40.021446],[-94.974538,40.023812],[-94.9799,40.025175],[-94.979872,40.026281]]]}},{"type":"Feature","properties":{"NAME":"Saddlebrooke","state_abbr":"MO","state_name":"Missouri","ALAND":13787098},"geometry":{"type":"MultiPolygon","coordinates":[[[[-93.161727,36.832313],[-93.161641,36.836041],[-93.153219,36.835899],[-93.153287,36.832201],[-93.161727,36.832313]]],[[[-93.183561,36.835206],[-93.183737,36.843891],[-93.179174,36.843869],[-93.179445,36.832599],[-93.181496,36.832632],[-93.183561,36.835206]]],[[[-93.244693,36.819517],[-93.244567,36.823104],[-93.242828,36.823071],[-93.24265,36.830206],[-93.229163,36.829978],[-93.229089,36.837043],[-93.238057,36.837258],[-93.237926,36.840962],[-93.233445,36.842218],[-93.23347,36.840889],[-93.229086,36.840828],[-93.229086,36.83932],[-93.224627,36.839215],[-93.224615,36.840777],[-93.226951,36.84081],[-93.226933,36.842836],[-93.221824,36.844231],[-93.219144,36.843133],[-93.219085,36.833256],[-93.212258,36.8332],[-93.210824,36.835265],[-93.20684,36.83314],[-93.197809,36.833162],[-93.197645,36.839118],[-93.194775,36.83501],[-93.195742,36.834414],[-93.193037,36.833688],[-93.193156,36.82757],[-93.186194,36.827554],[-93.185312,36.825813],[-93.179696,36.823801],[-93.178532,36.82178],[-93.179574,36.818183],[-93.175458,36.82456],[-93.175324,36.821586],[-93.171082,36.821494],[-93.170802,36.828854],[-93.179528,36.82899],[-93.179445,36.832599],[-93.161727,36.832313],[-93.161945,36.824432],[-93.159697,36.824392],[-93.161985,36.82321],[-93.16205,36.821249],[-93.166473,36.821382],[-93.166607,36.817906],[-93.1711,36.818034],[-93.171275,36.814301],[-93.182738,36.817191],[-93.182603,36.81422],[-93.178933,36.811648],[-93.186373,36.811765],[-93.185991,36.813507],[-93.187718,36.814517],[-93.19343,36.814754],[-93.192987,36.811967],[-93.196916,36.812068],[-93.197001,36.808411],[-93.201437,36.808504],[-93.20147,36.814918],[-93.229636,36.815533],[-93.229532,36.819149],[-93.244693,36.819517]],[[-93.216087,36.818029],[-93.209701,36.820887],[-93.205674,36.82473],[-93.209214,36.826464],[-93.21591,36.826446],[-93.216087,36.818029]]]]}},{"type":"Feature","properties":{"NAME":"Bull Creek","state_abbr":"MO","state_name":"Missouri","ALAND":431845},"geometry":{"type":"Polygon","coordinates":[[[-93.206682,36.717497],[-93.198434,36.718238],[-93.198424,36.71222],[-93.202425,36.711042],[-93.206682,36.717497]]]}},{"type":"Feature","properties":{"NAME":"Kirbyville","state_abbr":"MO","state_name":"Missouri","ALAND":3633773},"geometry":{"type":"MultiPolygon","coordinates":[[[[-93.165805,36.625392],[-93.165437,36.625753],[-93.165439,36.625387],[-93.165805,36.625392]]],[[[-93.172643,36.623267],[-93.172588,36.633191],[-93.168025,36.633124],[-93.16798,36.63749],[-93.149988,36.637333],[-93.150054,36.629636],[-93.14389,36.629602],[-93.143954,36.626004],[-93.140808,36.626009],[-93.1394,36.628609],[-93.135083,36.630002],[-93.134697,36.633121],[-93.130398,36.633101],[-93.130385,36.630707],[-93.138677,36.627888],[-93.139528,36.622288],[-93.150119,36.622304],[-93.150102,36.624457],[-93.153218,36.623016],[-93.162306,36.62363],[-93.163687,36.621368],[-93.165371,36.621712],[-93.165353,36.623163],[-93.172643,36.623267]],[[-93.168157,36.62506],[-93.165271,36.623899],[-93.16376,36.626107],[-93.16282,36.623126],[-93.162806,36.624682],[-93.159224,36.624707],[-93.159204,36.626684],[-93.168135,36.626757],[-93.168157,36.62506]]]]}},{"type":"Feature","properties":{"NAME":"Butterfield","state_abbr":"MO","state_name":"Missouri","ALAND":1200252},"geometry":{"type":"Polygon","coordinates":[[[-93.912418,36.743767],[-93.911809,36.750983],[-93.903946,36.750708],[-93.903945,36.752473],[-93.902483,36.752473],[-93.902511,36.7508],[-93.898411,36.7508],[-93.898475,36.748596],[-93.895796,36.747673],[-93.897009,36.74356],[-93.894999,36.743493],[-93.895059,36.741738],[-93.898657,36.74176],[-93.899603,36.743601],[-93.907586,36.743714],[-93.908111,36.738405],[-93.908125,36.743182],[-93.912418,36.743767]]]}},{"type":"Feature","properties":{"NAME":"Chain-O-Lakes","state_abbr":"MO","state_name":"Missouri","ALAND":216695},"geometry":{"type":"Polygon","coordinates":[[[-93.727652,36.530693],[-93.726462,36.531318],[-93.726286,36.536513],[-93.719754,36.53687],[-93.723346,36.532288],[-93.725491,36.532604],[-93.725448,36.529809],[-93.727652,36.530693]]]}},{"type":"Feature","properties":{"NAME":"Exeter","state_abbr":"MO","state_name":"Missouri","ALAND":1906287},"geometry":{"type":"Polygon","coordinates":[[[-93.954801,36.670762],[-93.954635,36.674357],[-93.945643,36.674062],[-93.945525,36.672371],[-93.942529,36.672327],[-93.941182,36.676711],[-93.929909,36.674995],[-93.929988,36.671988],[-93.928578,36.671953],[-93.930043,36.670701],[-93.93019,36.666606],[-93.936938,36.666727],[-93.937035,36.663443],[-93.945971,36.66515],[-93.945791,36.670464],[-93.948846,36.670528],[-93.9489,36.668814],[-93.950396,36.668837],[-93.950538,36.670573],[-93.954801,36.670762]]]}},{"type":"Feature","properties":{"NAME":"Monett","state_abbr":"MO","state_name":"Missouri","ALAND":22773837},"geometry":{"type":"MultiPolygon","coordinates":[[[[-93.950094,36.906809],[-93.945879,36.906846],[-93.945891,36.903387],[-93.950094,36.903387],[-93.950094,36.906809]]],[[[-93.957029,36.929557],[-93.957916,36.941826],[-93.954114,36.941813],[-93.954153,36.93993],[-93.949719,36.939935],[-93.949734,36.936959],[-93.945634,36.936931],[-93.945811,36.929496],[-93.940537,36.929318],[-93.941998,36.934745],[-93.936117,36.934782],[-93.935994,36.942886],[-93.933549,36.943472],[-93.932678,36.950736],[-93.926937,36.950647],[-93.927061,36.947799],[-93.921886,36.947185],[-93.922609,36.940238],[-93.918238,36.940191],[-93.918097,36.943243],[-93.907321,36.942984],[-93.90731,36.944508],[-93.906665,36.942969],[-93.89981,36.942844],[-93.900075,36.929374],[-93.897646,36.929436],[-93.895535,36.931699],[-93.895655,36.928216],[-93.894168,36.928202],[-93.894181,36.925442],[-93.895394,36.925098],[-93.890132,36.923629],[-93.890142,36.92179],[-93.886506,36.921719],[-93.886753,36.913393],[-93.896289,36.913546],[-93.896433,36.902913],[-93.900626,36.902965],[-93.900704,36.899138],[-93.900931,36.906483],[-93.91375,36.906596],[-93.913819,36.908197],[-93.918868,36.906585],[-93.918865,36.898566],[-93.928893,36.899732],[-93.928907,36.898298],[-93.924409,36.898274],[-93.923771,36.896135],[-93.924999,36.89607],[-93.925045,36.89273],[-93.929236,36.892803],[-93.929182,36.899117],[-93.937241,36.899281],[-93.937076,36.902755],[-93.943119,36.902966],[-93.943029,36.90526],[-93.938383,36.905076],[-93.937346,36.906838],[-93.945879,36.906846],[-93.945912,36.910593],[-93.951439,36.911085],[-93.951996,36.914915],[-93.945755,36.915227],[-93.945421,36.924003],[-93.946584,36.925611],[-93.947474,36.924021],[-93.954098,36.924201],[-93.954271,36.929491],[-93.957029,36.929557]],[[-93.953687,36.92948],[-93.952546,36.929451],[-93.952664,36.926089],[-93.949873,36.92603],[-93.949787,36.932577],[-93.95367,36.93259],[-93.953687,36.92948]],[[-93.93731,36.932194],[-93.936184,36.930778],[-93.936232,36.932161],[-93.93731,36.932194]],[[-93.936769,36.904506],[-93.935914,36.90426],[-93.935914,36.904495],[-93.936769,36.904506]],[[-93.933076,36.905664],[-93.93264,36.905405],[-93.93263,36.905671],[-93.933076,36.905664]],[[-93.927139,36.945468],[-93.925908,36.944105],[-93.925821,36.945413],[-93.927139,36.945468]],[[-93.913522,36.937792],[-93.909231,36.93775],[-93.909204,36.939381],[-93.913479,36.939399],[-93.913522,36.937792]],[[-93.912185,36.937157],[-93.911814,36.935778],[-93.91174,36.937144],[-93.912185,36.937157]],[[-93.907652,36.937632],[-93.908277,36.937221],[-93.907121,36.93717],[-93.907652,36.937632]],[[-93.90901,36.94158],[-93.908564,36.941191],[-93.908586,36.941584],[-93.90901,36.94158]],[[-93.901791,36.91005],[-93.900913,36.909391],[-93.900913,36.910047],[-93.901791,36.91005]]],[[[-94.014847,36.897399],[-94.014332,36.916304],[-94.004623,36.916139],[-94.005133,36.906028],[-94.011325,36.905528],[-94.00975,36.897285],[-94.014847,36.897399]]]]}},{"type":"Feature","properties":{"NAME":"Purdy","state_abbr":"MO","state_name":"Missouri","ALAND":1670838},"geometry":{"type":"Polygon","coordinates":[[[-93.927892,36.812617],[-93.927563,36.82327],[-93.922834,36.823263],[-93.921306,36.826829],[-93.918152,36.826796],[-93.918164,36.824831],[-93.91373,36.824791],[-93.914175,36.812454],[-93.927892,36.812617]]]}},{"type":"Feature","properties":{"NAME":"Seligman","state_abbr":"MO","state_name":"Missouri","ALAND":3228634},"geometry":{"type":"Polygon","coordinates":[[[-93.951084,36.532028],[-93.950333,36.534557],[-93.947898,36.535904],[-93.941297,36.535407],[-93.941295,36.533663],[-93.939206,36.533739],[-93.940286,36.536147],[-93.935737,36.53644],[-93.93584,36.530739],[-93.92861,36.53042],[-93.932424,36.528191],[-93.932949,36.520204],[-93.932846,36.516068],[-93.930256,36.51584],[-93.929515,36.506378],[-93.934703,36.507181],[-93.937134,36.513669],[-93.944827,36.513833],[-93.944575,36.522062],[-93.946169,36.5221],[-93.946067,36.525761],[-93.941869,36.525759],[-93.941238,36.527676],[-93.947917,36.528542],[-93.947978,36.532285],[-93.951084,36.532028]],[[-93.933382,36.512987],[-93.934953,36.511948],[-93.932959,36.511125],[-93.933382,36.512987]]]}},{"type":"Feature","properties":{"NAME":"Rosendale","state_abbr":"MO","state_name":"Missouri","ALAND":758618},"geometry":{"type":"Polygon","coordinates":[[[-94.831279,40.042257],[-94.828527,40.045211],[-94.820874,40.044889],[-94.81929,40.044052],[-94.818711,40.040153],[-94.814814,40.040143],[-94.817747,40.039556],[-94.817619,40.034838],[-94.818219,40.03482],[-94.831279,40.042257]]]}},{"type":"Feature","properties":{"NAME":"Savannah","state_abbr":"MO","state_name":"Missouri","ALAND":8417341},"geometry":{"type":"Polygon","coordinates":[[[-94.851344,39.933769],[-94.847917,39.936039],[-94.84293,39.936275],[-94.843108,39.941097],[-94.846624,39.941146],[-94.84639,39.94283],[-94.847668,39.942864],[-94.847806,39.945604],[-94.845891,39.945695],[-94.843413,39.949382],[-94.846885,39.952003],[-94.842823,39.952015],[-94.84097,39.949657],[-94.837037,39.949653],[-94.837025,39.950767],[-94.832785,39.949741],[-94.829816,39.952015],[-94.819162,39.952008],[-94.818495,39.956478],[-94.813788,39.957278],[-94.813563,39.944648],[-94.804039,39.944584],[-94.804109,39.939305],[-94.813521,39.938685],[-94.813509,39.930005],[-94.815337,39.930207],[-94.815078,39.928227],[-94.816217,39.92826],[-94.81377,39.925696],[-94.823248,39.927071],[-94.823359,39.922836],[-94.832874,39.922933],[-94.832857,39.926709],[-94.842744,39.926395],[-94.842615,39.933758],[-94.846825,39.933526],[-94.847992,39.929826],[-94.851288,39.929801],[-94.851344,39.933769]]]}},{"type":"Feature","properties":{"NAME":"Clarksburg","state_abbr":"MO","state_name":"Missouri","ALAND":1494550},"geometry":{"type":"Polygon","coordinates":[[[-92.673188,38.655718],[-92.672898,38.666795],[-92.658886,38.666624],[-92.659334,38.655358],[-92.673188,38.655718]]]}},{"type":"Feature","properties":{"NAME":"Washburn","state_abbr":"MO","state_name":"Missouri","ALAND":2331745},"geometry":{"type":"MultiPolygon","coordinates":[[[[-93.95253,36.5913],[-93.950951,36.591014],[-93.951364,36.590424],[-93.95253,36.5913]]],[[[-93.981375,36.586203],[-93.980872,36.591097],[-93.974857,36.590814],[-93.974916,36.588746],[-93.972169,36.58869],[-93.97205,36.592509],[-93.96848,36.592387],[-93.968368,36.597708],[-93.965812,36.597832],[-93.965759,36.599474],[-93.963532,36.599465],[-93.963569,36.591549],[-93.956129,36.592152],[-93.954296,36.593794],[-93.95453,36.590032],[-93.9505,36.589859],[-93.95275,36.586585],[-93.952749,36.58337],[-93.956313,36.58344],[-93.962202,36.580409],[-93.961451,36.581392],[-93.965064,36.579437],[-93.965103,36.580882],[-93.963461,36.580882],[-93.963448,36.584205],[-93.957045,36.583925],[-93.95705,36.585471],[-93.971997,36.587109],[-93.972653,36.58201],[-93.975322,36.582065],[-93.975268,36.583845],[-93.977518,36.583925],[-93.977445,36.58614],[-93.981375,36.586203]],[[-93.961243,36.581502],[-93.960137,36.581724],[-93.960391,36.58204],[-93.961243,36.581502]],[[-93.958278,36.583165],[-93.959574,36.582041],[-93.957955,36.582695],[-93.958278,36.583165]]]]}},{"type":"Feature","properties":{"NAME":"Wheaton","state_abbr":"MO","state_name":"Missouri","ALAND":1316251},"geometry":{"type":"Polygon","coordinates":[[[-94.068198,36.758549],[-94.068026,36.76239],[-94.062447,36.762209],[-94.062057,36.766537],[-94.048695,36.765601],[-94.049792,36.762238],[-94.048083,36.762199],[-94.048112,36.757818],[-94.057943,36.758054],[-94.057968,36.756296],[-94.060865,36.756321],[-94.061567,36.760855],[-94.063416,36.760882],[-94.063436,36.758505],[-94.068198,36.758549]]]}},{"type":"Feature","properties":{"NAME":"Arrow Point","state_abbr":"MO","state_name":"Missouri","ALAND":495895},"geometry":{"type":"Polygon","coordinates":[[[-93.629112,36.541561],[-93.628883,36.546028],[-93.614641,36.545681],[-93.614756,36.542102],[-93.621498,36.542969],[-93.629112,36.541561]]]}},{"type":"Feature","properties":{"NAME":"Aldrich","state_abbr":"MO","state_name":"Missouri","ALAND":371464},"geometry":{"type":"Polygon","coordinates":[[[-93.555424,37.5505],[-93.547642,37.551342],[-93.547831,37.546815],[-93.553015,37.545509],[-93.555424,37.5505]]]}},{"type":"Feature","properties":{"NAME":"Fair Play","state_abbr":"MO","state_name":"Missouri","ALAND":1106373},"geometry":{"type":"Polygon","coordinates":[[[-93.583178,37.630039],[-93.582831,37.638327],[-93.570323,37.63709],[-93.570594,37.629846],[-93.572876,37.628022],[-93.572844,37.629886],[-93.575821,37.629382],[-93.574073,37.627778],[-93.580145,37.628162],[-93.580098,37.629562],[-93.583178,37.630039]],[[-93.577311,37.629967],[-93.576418,37.628729],[-93.576698,37.62996],[-93.577311,37.629967]]]}},{"type":"Feature","properties":{"NAME":"Halfway","state_abbr":"MO","state_name":"Missouri","ALAND":5209353},"geometry":{"type":"Polygon","coordinates":[[[-93.259099,37.611207],[-93.25864,37.624535],[-93.211787,37.625014],[-93.211882,37.621308],[-93.217766,37.621463],[-93.217955,37.61414],[-93.231895,37.614445],[-93.231977,37.610759],[-93.259099,37.611207]]]}},{"type":"Feature","properties":{"NAME":"Fredericktown","state_abbr":"MO","state_name":"Missouri","ALAND":11202461},"geometry":{"type":"Polygon","coordinates":[[[-90.324839,37.575451],[-90.322521,37.572168],[-90.321147,37.576334],[-90.319736,37.574847],[-90.317043,37.578063],[-90.306728,37.577798],[-90.315873,37.587906],[-90.308464,37.589045],[-90.312633,37.592638],[-90.311072,37.593797],[-90.307462,37.590561],[-90.307211,37.594378],[-90.303123,37.590519],[-90.301549,37.582803],[-90.302467,37.578173],[-90.305434,37.574315],[-90.297285,37.571215],[-90.292165,37.572156],[-90.287477,37.570817],[-90.288707,37.567966],[-90.286021,37.564731],[-90.283649,37.564923],[-90.284153,37.568494],[-90.278518,37.567148],[-90.279293,37.570634],[-90.276808,37.571085],[-90.268624,37.571014],[-90.266828,37.566634],[-90.269161,37.566001],[-90.269268,37.560888],[-90.274863,37.559828],[-90.274532,37.552658],[-90.285993,37.551843],[-90.284742,37.547451],[-90.287672,37.546854],[-90.290754,37.547404],[-90.291888,37.549568],[-90.293003,37.549014],[-90.292465,37.544225],[-90.295467,37.544385],[-90.29495,37.547402],[-90.307073,37.5496],[-90.306032,37.550602],[-90.307035,37.552607],[-90.319465,37.553161],[-90.313514,37.556559],[-90.322319,37.557833],[-90.321959,37.551304],[-90.314311,37.543279],[-90.324217,37.553115],[-90.321346,37.56741],[-90.324839,37.575451]],[[-90.319394,37.562557],[-90.316617,37.560628],[-90.313898,37.559604],[-90.316802,37.560972],[-90.317258,37.563366],[-90.319394,37.562557]],[[-90.31584,37.565874],[-90.31158,37.564695],[-90.301374,37.572057],[-90.307754,37.573998],[-90.31584,37.565874]],[[-90.278054,37.560011],[-90.27843,37.559805],[-90.27684,37.559576],[-90.278054,37.560011]],[[-90.276869,37.55972],[-90.275318,37.559915],[-90.27641,37.563855],[-90.277612,37.563725],[-90.276869,37.55972]]]}},{"type":"Feature","properties":{"NAME":"Canalou","state_abbr":"MO","state_name":"Missouri","ALAND":521889},"geometry":{"type":"Polygon","coordinates":[[[-89.690225,36.757666],[-89.683109,36.757792],[-89.68281,36.75075],[-89.689794,36.750123],[-89.690225,36.757666]]]}},{"type":"Feature","properties":{"NAME":"North Lilbourn","state_abbr":"MO","state_name":"Missouri","ALAND":446647},"geometry":{"type":"Polygon","coordinates":[[[-89.625084,36.605439],[-89.618893,36.605448],[-89.618894,36.598176],[-89.625078,36.598166],[-89.625084,36.605439]]]}},{"type":"Feature","properties":{"NAME":"Cliff Village","state_abbr":"MO","state_name":"Missouri","ALAND":104163},"geometry":{"type":"Polygon","coordinates":[[[-94.520532,37.026319],[-94.515367,37.026398],[-94.515446,37.023238],[-94.517149,37.023578],[-94.520532,37.026319]]]}},{"type":"Feature","properties":{"NAME":"Dennis Acres","state_abbr":"MO","state_name":"Missouri","ALAND":109898},"geometry":{"type":"Polygon","coordinates":[[[-94.505727,37.044952],[-94.505559,37.048704],[-94.502238,37.04774],[-94.503534,37.044055],[-94.505727,37.044952]]]}},{"type":"Feature","properties":{"NAME":"Diamond","state_abbr":"MO","state_name":"Missouri","ALAND":1933434},"geometry":{"type":"Polygon","coordinates":[[[-94.323806,37.002138],[-94.315858,37.002052],[-94.313902,37.039105],[-94.314998,37.009839],[-94.313996,37.002185],[-94.312227,37.001944],[-94.310622,36.996575],[-94.301425,36.995378],[-94.299906,36.996513],[-94.299925,36.99471],[-94.308646,36.994287],[-94.307837,36.991259],[-94.313116,36.990295],[-94.313086,36.987772],[-94.315165,36.987298],[-94.315236,36.980472],[-94.316594,36.980496],[-94.315249,36.986859],[-94.317511,36.987854],[-94.317553,36.991456],[-94.321892,36.991544],[-94.321925,36.995092],[-94.32375,36.99511],[-94.323806,37.002138]]]}},{"type":"Feature","properties":{"NAME":"Fairview","state_abbr":"MO","state_name":"Missouri","ALAND":1221238},"geometry":{"type":"Polygon","coordinates":[[[-94.097134,36.817841],[-94.097107,36.821536],[-94.086169,36.821714],[-94.083239,36.820988],[-94.083342,36.817419],[-94.074613,36.817091],[-94.07494,36.81329],[-94.092982,36.813921],[-94.092818,36.81752],[-94.097134,36.817841]]]}},{"type":"Feature","properties":{"NAME":"Granby","state_abbr":"MO","state_name":"Missouri","ALAND":11457812},"geometry":{"type":"MultiPolygon","coordinates":[[[[-94.283582,36.911655],[-94.282085,36.911644],[-94.281992,36.917881],[-94.276987,36.918026],[-94.276995,36.912301],[-94.272408,36.912354],[-94.272138,36.917084],[-94.274084,36.917207],[-94.274102,36.918979],[-94.26942,36.918883],[-94.269393,36.922428],[-94.273102,36.922424],[-94.273363,36.929655],[-94.281084,36.929705],[-94.282331,36.932142],[-94.280653,36.94097],[-94.266556,36.942455],[-94.266969,36.940226],[-94.264914,36.936758],[-94.272729,36.936326],[-94.272377,36.9319],[-94.263538,36.932291],[-94.263164,36.929071],[-94.258319,36.929034],[-94.26239,36.932791],[-94.255685,36.932735],[-94.255454,36.929889],[-94.239648,36.928687],[-94.239869,36.923464],[-94.235958,36.923302],[-94.236008,36.921427],[-94.242426,36.921523],[-94.241055,36.915422],[-94.236177,36.91379],[-94.236321,36.906509],[-94.255472,36.906951],[-94.255639,36.900594],[-94.249259,36.898614],[-94.263132,36.898767],[-94.263841,36.896914],[-94.263752,36.899831],[-94.277454,36.900028],[-94.276864,36.911156],[-94.281475,36.911197],[-94.279296,36.910877],[-94.279357,36.9096],[-94.281516,36.909621],[-94.282078,36.911273],[-94.283582,36.911655]]],[[[-94.283602,36.910151],[-94.282584,36.910922],[-94.282605,36.910131],[-94.283602,36.910151]]]]}},{"type":"Feature","properties":{"NAME":"Grand Falls Plaza","state_abbr":"MO","state_name":"Missouri","ALAND":247365},"geometry":{"type":"MultiPolygon","coordinates":[[[[-94.541138,37.028919],[-94.540437,37.030483],[-94.540482,37.028814],[-94.541138,37.028919]]],[[[-94.541198,37.030713],[-94.540525,37.03143],[-94.54039,37.030755],[-94.541198,37.030713]]],[[[-94.540525,37.03143],[-94.540948,37.036772],[-94.537713,37.037713],[-94.531844,37.035716],[-94.53962,37.035367],[-94.539172,37.032032],[-94.540525,37.03143]]]]}},{"type":"Feature","properties":{"NAME":"Center","state_abbr":"MO","state_name":"Missouri","ALAND":1055760},"geometry":{"type":"MultiPolygon","coordinates":[[[[-91.534127,39.504192],[-91.534017,39.515151],[-91.524646,39.515055],[-91.524632,39.510152],[-91.522646,39.510159],[-91.522697,39.508264],[-91.524625,39.508236],[-91.524598,39.50396],[-91.534127,39.504192]]],[[[-91.537823,39.504829],[-91.535435,39.50603],[-91.53478,39.505155],[-91.537266,39.503923],[-91.537823,39.504829]]]]}},{"type":"Feature","properties":{"NAME":"Hannibal","state_abbr":"MO","state_name":"Missouri","ALAND":41444384},"geometry":{"type":"Polygon","coordinates":[[[-91.462418,39.703807],[-91.460145,39.707279],[-91.452263,39.707243],[-91.452183,39.709427],[-91.454877,39.711365],[-91.451589,39.713048],[-91.4476,39.712473],[-91.44381,39.715276],[-91.444771,39.721772],[-91.448336,39.722157],[-91.448263,39.728885],[-91.452834,39.72923],[-91.452555,39.744075],[-91.43908,39.744052],[-91.438785,39.736318],[-91.442539,39.736357],[-91.442776,39.729034],[-91.438988,39.728993],[-91.439304,39.717176],[-91.440759,39.71721],[-91.440686,39.714426],[-91.432347,39.713348],[-91.432331,39.711824],[-91.435132,39.711808],[-91.434675,39.699913],[-91.421054,39.699889],[-91.420784,39.696698],[-91.417326,39.695261],[-91.416226,39.696262],[-91.416392,39.69266],[-91.411416,39.692654],[-91.411613,39.703528],[-91.406914,39.702002],[-91.407996,39.707221],[-91.414257,39.70721],[-91.411357,39.709026],[-91.411373,39.71455],[-91.420543,39.714489],[-91.420638,39.711512],[-91.42288,39.710985],[-91.426868,39.713438],[-91.425168,39.713893],[-91.425125,39.716462],[-91.426603,39.714311],[-91.430208,39.714301],[-91.430732,39.717602],[-91.427558,39.717544],[-91.427535,39.721747],[-91.431968,39.721753],[-91.431939,39.725383],[-91.427261,39.725402],[-91.427183,39.728946],[-91.415834,39.729054],[-91.415745,39.740028],[-91.406277,39.740058],[-91.406253,39.743592],[-91.403679,39.743596],[-91.404616,39.750617],[-91.400011,39.751042],[-91.391754,39.746619],[-91.386437,39.741152],[-91.387258,39.73367],[-91.38246,39.733642],[-91.382481,39.730984],[-91.37985,39.730933],[-91.379908,39.734996],[-91.373438,39.729131],[-91.367854,39.729136],[-91.347253,39.71048],[-91.330727,39.69993],[-91.341477,39.699964],[-91.341638,39.692436],[-91.335286,39.692639],[-91.336127,39.696262],[-91.334432,39.697407],[-91.329633,39.693948],[-91.331456,39.693676],[-91.331951,39.691745],[-91.326747,39.691754],[-91.322969,39.689173],[-91.322998,39.6851],[-91.336934,39.685176],[-91.336868,39.690706],[-91.339945,39.690719],[-91.341635,39.685205],[-91.351059,39.685257],[-91.35092,39.692569],[-91.369444,39.692598],[-91.369609,39.690581],[-91.367208,39.690121],[-91.369617,39.69004],[-91.369675,39.687114],[-91.375712,39.687019],[-91.375655,39.685374],[-91.386523,39.685422],[-91.388486,39.684466],[-91.388498,39.682702],[-91.393275,39.682359],[-91.393143,39.674411],[-91.397847,39.674392],[-91.39783,39.678173],[-91.402385,39.678158],[-91.402392,39.676978],[-91.407213,39.676983],[-91.40487,39.678216],[-91.421355,39.678167],[-91.420159,39.685313],[-91.422609,39.685306],[-91.422591,39.687524],[-91.430128,39.68762],[-91.430088,39.692549],[-91.439446,39.692578],[-91.439318,39.703619],[-91.44158,39.703607],[-91.441458,39.708777],[-91.445475,39.707157],[-91.445481,39.705937],[-91.442733,39.705443],[-91.442733,39.703561],[-91.462418,39.703807]],[[-91.425101,39.719143],[-91.422785,39.718082],[-91.422751,39.721742],[-91.425106,39.721743],[-91.425101,39.719143]],[[-91.414416,39.723541],[-91.41127,39.72227],[-91.411176,39.729022],[-91.414368,39.72804],[-91.414416,39.723541]],[[-91.413617,39.71567],[-91.411356,39.715228],[-91.411321,39.71792],[-91.413622,39.717912],[-91.413617,39.71567]],[[-91.411184,39.73091],[-91.406592,39.730887],[-91.406517,39.733955],[-91.411078,39.73452],[-91.411184,39.73091]]]}},{"type":"Feature","properties":{"NAME":"Leawood","state_abbr":"MO","state_name":"Missouri","ALAND":3194741},"geometry":{"type":"MultiPolygon","coordinates":[[[[-94.492579,37.036802],[-94.483469,37.036832],[-94.483328,37.040451],[-94.478869,37.040716],[-94.478927,37.036796],[-94.483514,37.036643],[-94.483583,37.033218],[-94.479049,37.03323],[-94.479385,37.022419],[-94.482917,37.022425],[-94.480386,37.023548],[-94.479952,37.025989],[-94.488342,37.025995],[-94.488128,37.033201],[-94.491083,37.033198],[-94.490327,37.035033],[-94.492568,37.035029],[-94.492579,37.036802]]],[[[-94.49449,37.044015],[-94.492257,37.044849],[-94.492288,37.043991],[-94.49449,37.044015]]],[[[-94.496759,37.044009],[-94.495574,37.044876],[-94.495619,37.043973],[-94.496759,37.044009]]],[[[-94.510809,37.028004],[-94.510605,37.033425],[-94.506321,37.033358],[-94.505891,37.040529],[-94.501414,37.040475],[-94.501285,37.04407],[-94.496759,37.044009],[-94.496912,37.040405],[-94.492447,37.040415],[-94.492579,37.036802],[-94.497078,37.03656],[-94.497094,37.03501],[-94.494832,37.035008],[-94.494906,37.03318],[-94.492637,37.033172],[-94.492927,37.025969],[-94.497403,37.025999],[-94.497278,37.029595],[-94.500344,37.029642],[-94.501766,37.029661],[-94.501922,37.026061],[-94.506383,37.026162],[-94.506323,37.027937],[-94.510809,37.028004]]]]}},{"type":"Feature","properties":{"NAME":"Birch Tree","state_abbr":"MO","state_name":"Missouri","ALAND":3575535},"geometry":{"type":"MultiPolygon","coordinates":[[[[-91.502654,37.002578],[-91.501326,37.003164],[-91.501286,37.002562],[-91.502654,37.002578]]],[[[-91.505923,36.995152],[-91.497394,36.99555],[-91.497278,36.999062],[-91.503311,36.998494],[-91.503282,37.00081],[-91.499916,36.999973],[-91.501211,37.001766],[-91.499652,37.002535],[-91.501243,37.003126],[-91.497983,37.002993],[-91.498016,37.005066],[-91.495935,37.005066],[-91.495877,36.999545],[-91.49298,36.999523],[-91.492818,37.008283],[-91.485412,37.008278],[-91.485452,37.012534],[-91.479865,37.0126],[-91.479777,37.008296],[-91.485427,37.006945],[-91.485748,36.999151],[-91.473146,36.9989],[-91.48591,36.996455],[-91.486252,36.986491],[-91.483516,36.981321],[-91.485823,36.981435],[-91.488863,36.986316],[-91.50096,36.986337],[-91.500573,36.992161],[-91.502069,36.989194],[-91.504781,36.98973],[-91.502167,36.991864],[-91.506042,36.991964],[-91.505923,36.995152]]]]}},{"type":"Feature","properties":{"NAME":"Winona","state_abbr":"MO","state_name":"Missouri","ALAND":9860903},"geometry":{"type":"Polygon","coordinates":[[[-91.350036,37.009395],[-91.348887,37.008735],[-91.348743,37.01313],[-91.339617,37.013266],[-91.339654,37.017266],[-91.334953,37.017345],[-91.335418,37.020048],[-91.330915,37.019989],[-91.330859,37.017488],[-91.328251,37.017446],[-91.328253,37.024478],[-91.318381,37.024218],[-91.322648,37.019354],[-91.318543,37.019372],[-91.320185,37.017344],[-91.314522,37.017229],[-91.314929,36.998373],[-91.301767,36.997601],[-91.301615,36.998922],[-91.299622,36.998894],[-91.299672,36.994194],[-91.295812,36.99015],[-91.299001,36.990159],[-91.299131,36.987504],[-91.314601,36.98768],[-91.314703,36.995505],[-91.328756,36.995335],[-91.328863,36.992042],[-91.331265,36.992082],[-91.331299,36.993861],[-91.349532,36.99361],[-91.350036,37.009395]]]}},{"type":"Feature","properties":{"NAME":"West Sullivan","state_abbr":"MO","state_name":"Missouri","ALAND":943154},"geometry":{"type":"Polygon","coordinates":[[[-91.199512,38.185821],[-91.194693,38.188183],[-91.194387,38.190526],[-91.196477,38.192951],[-91.194015,38.194441],[-91.19407,38.19713],[-91.192044,38.197094],[-91.190868,38.199043],[-91.186214,38.198951],[-91.186027,38.193877],[-91.188654,38.192223],[-91.186162,38.190362],[-91.187357,38.187888],[-91.188929,38.186797],[-91.189703,38.191348],[-91.193822,38.188281],[-91.19301,38.18751],[-91.19687,38.18304],[-91.199402,38.182706],[-91.199512,38.185821]]]}},{"type":"Feature","properties":{"NAME":"Foristell","state_abbr":"MO","state_name":"Missouri","ALAND":15736587},"geometry":{"type":"MultiPolygon","coordinates":[[[[-90.942866,38.815025],[-90.942735,38.818398],[-90.941498,38.818373],[-90.94154,38.814889],[-90.942866,38.815025]]],[[[-90.95167,38.84153],[-90.946846,38.841979],[-90.94698,38.84018],[-90.949297,38.84021],[-90.95167,38.84153]]],[[[-90.997782,38.834692],[-90.997606,38.83769],[-90.985806,38.837643],[-90.985803,38.840134],[-90.978321,38.840283],[-90.978786,38.833503],[-90.975505,38.833508],[-90.975506,38.829767],[-90.971186,38.825792],[-90.960669,38.826017],[-90.960314,38.833333],[-90.957019,38.833164],[-90.956991,38.836014],[-90.953198,38.836044],[-90.955408,38.829548],[-90.951818,38.828553],[-90.948031,38.834628],[-90.949442,38.835768],[-90.947364,38.835751],[-90.946985,38.840091],[-90.942281,38.840075],[-90.942186,38.836063],[-90.944609,38.836077],[-90.942497,38.834966],[-90.94351,38.829524],[-90.937976,38.829252],[-90.938,38.82556],[-90.944198,38.825004],[-90.94427,38.821209],[-90.947494,38.821237],[-90.947506,38.817305],[-90.946087,38.817307],[-90.946074,38.81494],[-90.93317,38.81219],[-90.929493,38.810409],[-90.936142,38.81167],[-90.924534,38.808281],[-90.924618,38.806851],[-90.926628,38.807085],[-90.927576,38.805596],[-90.92773,38.807222],[-90.929327,38.807425],[-90.929301,38.803503],[-90.924656,38.802215],[-90.9248,38.79863],[-90.929398,38.800201],[-90.929428,38.797505],[-90.93147,38.79775],[-90.932065,38.796345],[-90.938476,38.796391],[-90.938533,38.799958],[-90.943172,38.800036],[-90.943278,38.796418],[-90.947907,38.796493],[-90.947852,38.79938],[-90.950115,38.799388],[-90.95014,38.800764],[-90.95042,38.79868],[-90.956634,38.800794],[-90.96115,38.79862],[-90.957056,38.798443],[-90.957063,38.796559],[-90.961682,38.79554],[-90.95677,38.795373],[-90.956807,38.794073],[-90.9618,38.79145],[-90.966488,38.791402],[-90.966439,38.793273],[-90.96174,38.79325],[-90.961686,38.795413],[-90.966154,38.795437],[-90.966169,38.793637],[-90.968494,38.793636],[-90.968527,38.797458],[-90.980732,38.797481],[-90.980679,38.801645],[-90.98575,38.80163],[-90.985746,38.808101],[-90.976162,38.808012],[-90.97615,38.819293],[-90.989223,38.821948],[-90.988945,38.830652],[-90.992608,38.832049],[-90.992616,38.834069],[-90.997782,38.834692]],[[-90.956627,38.818528],[-90.949308,38.818927],[-90.949219,38.821052],[-90.951993,38.820261],[-90.951892,38.82528],[-90.956344,38.825409],[-90.956627,38.818528]],[[-90.952402,38.803808],[-90.95129,38.801924],[-90.951244,38.803791],[-90.952402,38.803808]],[[-90.950132,38.80189],[-90.947806,38.801809],[-90.947778,38.803741],[-90.950087,38.803775],[-90.950132,38.80189]]]]}},{"type":"Feature","properties":{"NAME":"Innsbrook","state_abbr":"MO","state_name":"Missouri","ALAND":26467591},"geometry":{"type":"MultiPolygon","coordinates":[[[[-91.029605,38.792891],[-91.029467,38.79462],[-91.027527,38.794554],[-91.027595,38.793057],[-91.025056,38.792891],[-91.025068,38.790028],[-91.029605,38.792891]]],[[[-91.098149,38.751595],[-91.097842,38.756184],[-91.095805,38.757627],[-91.09433,38.763299],[-91.093074,38.762475],[-91.093878,38.763804],[-91.090172,38.769943],[-91.088628,38.771268],[-91.079371,38.771835],[-91.079327,38.779631],[-91.074904,38.780574],[-91.074905,38.779385],[-91.063926,38.779331],[-91.064538,38.788394],[-91.061195,38.788417],[-91.061168,38.792223],[-91.057075,38.792208],[-91.057092,38.790437],[-91.055568,38.790439],[-91.055628,38.784207],[-91.044475,38.784039],[-91.044009,38.797181],[-91.034771,38.7943],[-91.034778,38.792245],[-91.031928,38.79077],[-91.030028,38.790682],[-91.03081,38.792634],[-91.027432,38.790588],[-91.027664,38.78623],[-91.025245,38.786206],[-91.025286,38.784667],[-91.027781,38.784684],[-91.028058,38.778602],[-91.032152,38.775578],[-91.019252,38.775535],[-91.019252,38.771136],[-91.017905,38.770105],[-91.022244,38.759724],[-91.015958,38.761267],[-91.016073,38.764482],[-91.005964,38.764111],[-91.005896,38.760818],[-91.012944,38.76048],[-91.013261,38.756844],[-91.01525,38.756694],[-91.015444,38.751985],[-91.018958,38.75191],[-91.019146,38.748986],[-91.017095,38.748984],[-91.017095,38.743997],[-91.017559,38.745586],[-91.01992,38.745586],[-91.01992,38.743997],[-91.020384,38.745586],[-91.026771,38.745529],[-91.026586,38.741424],[-91.033913,38.739505],[-91.033942,38.738375],[-91.037614,38.738384],[-91.037348,38.751464],[-91.042816,38.751464],[-91.045752,38.755873],[-91.048854,38.754075],[-91.055324,38.755336],[-91.056864,38.752451],[-91.06091,38.751077],[-91.060044,38.748952],[-91.062151,38.746158],[-91.065377,38.744884],[-91.061717,38.749502],[-91.064379,38.749492],[-91.064495,38.75276],[-91.070933,38.752738],[-91.070915,38.749342],[-91.068128,38.749305],[-91.06823,38.74417],[-91.060367,38.744478],[-91.059303,38.74079],[-91.055992,38.740322],[-91.057901,38.740529],[-91.057804,38.738746],[-91.05619,38.738726],[-91.058006,38.733893],[-91.058187,38.735513],[-91.061178,38.735688],[-91.061036,38.738807],[-91.065783,38.738902],[-91.065839,38.731982],[-91.070873,38.731861],[-91.070804,38.735441],[-91.078466,38.735288],[-91.081013,38.737521],[-91.091035,38.734056],[-91.091896,38.731441],[-91.097187,38.731463],[-91.097242,38.733292],[-91.093634,38.733337],[-91.093675,38.750572],[-91.098149,38.751595]],[[-91.033645,38.775578],[-91.032151,38.775792],[-91.028279,38.778871],[-91.033562,38.778868],[-91.033645,38.775578]],[[-91.06823,38.74417],[-91.07564,38.744219],[-91.075665,38.741256],[-91.068356,38.741363],[-91.06823,38.74417]]]]}},{"type":"Feature","properties":{"NAME":"Marthasville","state_abbr":"MO","state_name":"Missouri","ALAND":2212015},"geometry":{"type":"Polygon","coordinates":[[[-91.072501,38.641147],[-91.064552,38.640897],[-91.066428,38.640158],[-91.066921,38.636133],[-91.06459,38.631127],[-91.062,38.633325],[-91.061507,38.632107],[-91.053658,38.631098],[-91.053154,38.634778],[-91.04379,38.634716],[-91.046052,38.622305],[-91.051094,38.624716],[-91.060439,38.626031],[-91.060829,38.623776],[-91.062759,38.624474],[-91.062238,38.626184],[-91.065494,38.626843],[-91.065907,38.630322],[-91.069134,38.629775],[-91.071661,38.636853],[-91.070284,38.637872],[-91.071911,38.637739],[-91.072501,38.641147]]]}},{"type":"Feature","properties":{"NAME":"Truesdale","state_abbr":"MO","state_name":"Missouri","ALAND":3316687},"geometry":{"type":"Polygon","coordinates":[[[-91.136568,38.807292],[-91.136338,38.818475],[-91.113857,38.818424],[-91.098141,38.820121],[-91.105891,38.819119],[-91.103177,38.818566],[-91.103202,38.814628],[-91.113308,38.81442],[-91.113308,38.803799],[-91.115242,38.803799],[-91.115234,38.802589],[-91.122385,38.80261],[-91.122343,38.806867],[-91.136568,38.807292]]]}},{"type":"Feature","properties":{"NAME":"Merriam Woods","state_abbr":"MO","state_name":"Missouri","ALAND":3923581},"geometry":{"type":"Polygon","coordinates":[[[-93.19196,36.731826],[-93.184732,36.738974],[-93.18481,36.735344],[-93.181341,36.732754],[-93.181974,36.735325],[-93.18053,36.735313],[-93.178955,36.729461],[-93.170233,36.725819],[-93.167131,36.726538],[-93.16714,36.724891],[-93.1715,36.725029],[-93.172125,36.717668],[-93.167224,36.717559],[-93.167179,36.721195],[-93.158196,36.720699],[-93.158443,36.709929],[-93.153794,36.709726],[-93.153888,36.706113],[-93.167675,36.707901],[-93.171811,36.710358],[-93.171865,36.704021],[-93.176331,36.704118],[-93.176288,36.707212],[-93.177682,36.707222],[-93.17629,36.707531],[-93.177364,36.708643],[-93.176265,36.708646],[-93.17622,36.711802],[-93.179086,36.713249],[-93.17618,36.714154],[-93.176094,36.721409],[-93.185001,36.72162],[-93.184952,36.726633],[-93.18938,36.725639],[-93.18936,36.728191],[-93.178472,36.7287],[-93.185191,36.73324],[-93.19196,36.731826]]]}},{"type":"Feature","properties":{"NAME":"Rockaway Beach","state_abbr":"MO","state_name":"Missouri","ALAND":1634782},"geometry":{"type":"Polygon","coordinates":[[[-93.176311,36.70038],[-93.174957,36.700904],[-93.176269,36.70319],[-93.167458,36.703027],[-93.168109,36.708065],[-93.157153,36.706774],[-93.155411,36.705173],[-93.149267,36.708051],[-93.147451,36.706663],[-93.149338,36.705417],[-93.149339,36.70257],[-93.154054,36.699131],[-93.167431,36.694117],[-93.16738,36.699406],[-93.171723,36.699452],[-93.171506,36.698176],[-93.176311,36.70038]],[[-93.150431,36.707199],[-93.149319,36.705911],[-93.149288,36.707112],[-93.150431,36.707199]]]}},{"type":"Feature","properties":{"NAME":"Taneyville","state_abbr":"MO","state_name":"Missouri","ALAND":1175948},"geometry":{"type":"Polygon","coordinates":[[[-93.044799,36.731183],[-93.044756,36.733959],[-93.040555,36.733921],[-93.038223,36.737059],[-93.038098,36.744925],[-93.032404,36.74486],[-93.033179,36.743044],[-93.028947,36.743088],[-93.029104,36.733982],[-93.03855,36.734025],[-93.03859,36.73042],[-93.044799,36.731183]]]}},{"type":"Feature","properties":{"NAME":"Kingsville","state_abbr":"MO","state_name":"Missouri","ALAND":800907},"geometry":{"type":"Polygon","coordinates":[[[-94.076697,38.743651],[-94.075034,38.746985],[-94.072792,38.745896],[-94.072191,38.748983],[-94.064505,38.746622],[-94.065126,38.743974],[-94.06371,38.743606],[-94.065145,38.739729],[-94.067932,38.740286],[-94.067949,38.738977],[-94.075099,38.740694],[-94.074076,38.742927],[-94.076697,38.743651]]]}},{"type":"Feature","properties":{"NAME":"Warrensburg","state_abbr":"MO","state_name":"Missouri","ALAND":24363349},"geometry":{"type":"Polygon","coordinates":[[[-93.764403,38.754136],[-93.764304,38.755821],[-93.759686,38.756414],[-93.759026,38.765699],[-93.763642,38.768001],[-93.763224,38.776219],[-93.739696,38.775914],[-93.740258,38.779911],[-93.739442,38.785732],[-93.729196,38.785672],[-93.729703,38.787009],[-93.727288,38.786949],[-93.727347,38.785673],[-93.725058,38.785649],[-93.725201,38.78341],[-93.721636,38.78329],[-93.721724,38.78149],[-93.717437,38.781909],[-93.717954,38.78398],[-93.71425,38.782963],[-93.714348,38.781252],[-93.69633,38.780738],[-93.696296,38.783658],[-93.687418,38.782794],[-93.686044,38.783317],[-93.686784,38.787046],[-93.678758,38.787266],[-93.67944,38.773394],[-93.684887,38.775188],[-93.690075,38.773728],[-93.689974,38.776717],[-93.700889,38.777094],[-93.701579,38.745551],[-93.698357,38.745455],[-93.698599,38.74129],[-93.695936,38.740731],[-93.701576,38.737072],[-93.70753,38.738839],[-93.712189,38.738416],[-93.711943,38.741679],[-93.760345,38.743413],[-93.759763,38.753822],[-93.764403,38.754136]],[[-93.75806,38.775384],[-93.754588,38.772188],[-93.754039,38.771867],[-93.753856,38.775172],[-93.75806,38.775384]],[[-93.740064,38.78008],[-93.739187,38.779104],[-93.739185,38.780085],[-93.740064,38.78008]],[[-93.736892,38.776564],[-93.739318,38.775692],[-93.736792,38.776192],[-93.736892,38.776564]],[[-93.707396,38.740986],[-93.706376,38.7396],[-93.706273,38.740945],[-93.707396,38.740986]]]}},{"type":"Feature","properties":{"NAME":"Sparta","state_abbr":"MO","state_name":"Missouri","ALAND":3207755},"geometry":{"type":"Polygon","coordinates":[[[-93.122395,37.002554],[-93.117362,37.002894],[-93.097297,37.001353],[-93.097221,37.005066],[-93.099517,37.005068],[-93.099456,37.00878],[-93.088462,37.008518],[-93.088534,37.006629],[-93.086635,37.007297],[-93.090526,37.022597],[-93.098616,37.023496],[-93.099198,37.024143],[-93.099132,37.027282],[-93.098541,37.023663],[-93.090309,37.022634],[-93.085818,37.008485],[-93.080368,37.006673],[-93.080407,37.004798],[-93.07199,37.004608],[-93.071915,37.008326],[-93.070545,37.00831],[-93.070611,37.004594],[-93.067406,37.004526],[-93.067349,37.007044],[-93.063432,37.006988],[-93.06358,37.002687],[-93.078731,37.004156],[-93.078757,37.001957],[-93.069001,37.002177],[-93.067735,36.994082],[-93.072236,36.994225],[-93.072214,36.999697],[-93.073929,36.999692],[-93.07395,36.997327],[-93.077634,36.998608],[-93.077648,36.99736],[-93.080874,36.997416],[-93.080876,36.99514],[-93.082931,36.995188],[-93.081692,36.992484],[-93.086326,36.993609],[-93.086252,36.996142],[-93.093297,36.996324],[-93.093213,36.9977],[-93.095049,36.997731],[-93.094984,37.001271],[-93.095774,36.998181],[-93.097986,36.997794],[-93.097835,37.001224],[-93.122395,37.002554]]]}},{"type":"Feature","properties":{"NAME":"Humansville","state_abbr":"MO","state_name":"Missouri","ALAND":3233078},"geometry":{"type":"Polygon","coordinates":[[[-93.590251,37.793198],[-93.588608,37.794324],[-93.588384,37.799434],[-93.583558,37.799305],[-93.583486,37.802791],[-93.578911,37.802704],[-93.57743,37.806324],[-93.576317,37.806311],[-93.576506,37.802707],[-93.565061,37.802341],[-93.565821,37.787812],[-93.567386,37.786906],[-93.588724,37.788587],[-93.590251,37.793198]]]}},{"type":"Feature","properties":{"NAME":"Morrisville","state_abbr":"MO","state_name":"Missouri","ALAND":1673520},"geometry":{"type":"Polygon","coordinates":[[[-93.436017,37.480487],[-93.436504,37.485349],[-93.420608,37.482031],[-93.419878,37.478672],[-93.422928,37.478843],[-93.424195,37.474138],[-93.42809,37.474192],[-93.429045,37.47242],[-93.429084,37.470626],[-93.426245,37.470544],[-93.426342,37.466901],[-93.435468,37.467153],[-93.435207,37.474413],[-93.430973,37.474322],[-93.430889,37.477669],[-93.436133,37.477186],[-93.436062,37.479223],[-93.432367,37.480102],[-93.436017,37.480487]],[[-93.43075,37.473116],[-93.4299,37.470809],[-93.429825,37.473664],[-93.43075,37.473116]]]}},{"type":"Feature","properties":{"NAME":"Pleasant Hope","state_abbr":"MO","state_name":"Missouri","ALAND":3939110},"geometry":{"type":"MultiPolygon","coordinates":[[[[-93.263846,37.462786],[-93.262931,37.463351],[-93.262998,37.462976],[-93.263846,37.462786]]],[[[-93.286171,37.456791],[-93.285103,37.463215],[-93.27686,37.463093],[-93.276607,37.474132],[-93.274539,37.47413],[-93.276285,37.479419],[-93.274455,37.47942],[-93.274638,37.487506],[-93.266753,37.487522],[-93.26582,37.483846],[-93.267479,37.477917],[-93.272872,37.471563],[-93.272728,37.470313],[-93.267534,37.470318],[-93.267648,37.455709],[-93.265788,37.455657],[-93.265759,37.453869],[-93.267991,37.453915],[-93.26909,37.452026],[-93.268106,37.44833],[-93.281803,37.44859],[-93.281743,37.452128],[-93.277238,37.453318],[-93.277172,37.455796],[-93.286171,37.456791]],[[-93.275713,37.454201],[-93.274379,37.453333],[-93.274272,37.454104],[-93.275713,37.454201]]],[[[-93.286691,37.479007],[-93.282794,37.478974],[-93.282802,37.477704],[-93.286701,37.477758],[-93.286691,37.479007]]]]}},{"type":"Feature","properties":{"NAME":"Pinhook","state_abbr":"MO","state_name":"Missouri","ALAND":368023},"geometry":{"type":"Polygon","coordinates":[[[-89.27414,36.73971],[-89.265012,36.740383],[-89.264995,36.736247],[-89.273991,36.735733],[-89.27414,36.73971]]]}},{"type":"Feature","properties":{"NAME":"Edina","state_abbr":"MO","state_name":"Missouri","ALAND":3382390},"geometry":{"type":"Polygon","coordinates":[[[-92.184713,40.17561],[-92.161488,40.17584],[-92.161874,40.160358],[-92.184576,40.159641],[-92.184713,40.17561]]]}},{"type":"Feature","properties":{"NAME":"Alexandria","state_abbr":"MO","state_name":"Missouri","ALAND":975588},"geometry":{"type":"Polygon","coordinates":[[[-91.465199,40.354916],[-91.464881,40.364296],[-91.457482,40.364221],[-91.455458,40.366146],[-91.451897,40.359342],[-91.462264,40.354005],[-91.465199,40.354916]]]}},{"type":"Feature","properties":{"NAME":"Kahoka","state_abbr":"MO","state_name":"Missouri","ALAND":4112371},"geometry":{"type":"Polygon","coordinates":[[[-91.733739,40.419085],[-91.733683,40.424831],[-91.731313,40.424541],[-91.731237,40.428185],[-91.725998,40.429416],[-91.725288,40.431923],[-91.728802,40.431399],[-91.728757,40.433785],[-91.725002,40.435582],[-91.716742,40.434911],[-91.716771,40.432747],[-91.719351,40.432762],[-91.719356,40.431312],[-91.708523,40.431207],[-91.708553,40.429217],[-91.71104,40.429226],[-91.711122,40.427603],[-91.701459,40.427456],[-91.701569,40.42086],[-91.698238,40.420499],[-91.701624,40.418934],[-91.701572,40.420765],[-91.707458,40.421626],[-91.707505,40.420237],[-91.70935,40.420256],[-91.710627,40.422002],[-91.710621,40.412945],[-91.712889,40.412992],[-91.71283,40.4149],[-91.713765,40.413004],[-91.719636,40.413083],[-91.719607,40.415286],[-91.731552,40.416102],[-91.731447,40.419078],[-91.733739,40.419085]],[[-91.719428,40.416683],[-91.719347,40.41528],[-91.717033,40.415209],[-91.716972,40.416749],[-91.719428,40.416683]],[[-91.725381,40.429409],[-91.726022,40.428209],[-91.725371,40.428192],[-91.725381,40.429409]]]}},{"type":"Feature","properties":{"NAME":"Revere","state_abbr":"MO","state_name":"Missouri","ALAND":481089},"geometry":{"type":"Polygon","coordinates":[[[-91.681889,40.493399],[-91.679646,40.495239],[-91.679451,40.499089],[-91.678333,40.497632],[-91.675197,40.498158],[-91.673158,40.495133],[-91.670275,40.496293],[-91.67497,40.490155],[-91.681889,40.493399]]]}},{"type":"Feature","properties":{"NAME":"Barnett","state_abbr":"MO","state_name":"Missouri","ALAND":706515},"geometry":{"type":"Polygon","coordinates":[[[-92.680326,38.379182],[-92.678887,38.379313],[-92.678891,38.381341],[-92.669612,38.381146],[-92.668955,38.375515],[-92.66997,38.37382],[-92.679376,38.372964],[-92.679046,38.378581],[-92.680326,38.379182]]]}},{"type":"Feature","properties":{"NAME":"Syracuse","state_abbr":"MO","state_name":"Missouri","ALAND":971329},"geometry":{"type":"Polygon","coordinates":[[[-92.88321,38.665934],[-92.882941,38.673258],[-92.869408,38.673114],[-92.869721,38.665816],[-92.88321,38.665934]]]}},{"type":"Feature","properties":{"NAME":"Versailles","state_abbr":"MO","state_name":"Missouri","ALAND":6208955},"geometry":{"type":"Polygon","coordinates":[[[-92.881648,38.426425],[-92.869498,38.430123],[-92.86932,38.433096],[-92.860033,38.432979],[-92.859814,38.435881],[-92.848526,38.435598],[-92.84708,38.446641],[-92.827834,38.446343],[-92.828546,38.435242],[-92.832374,38.435242],[-92.834176,38.42335],[-92.8402,38.424577],[-92.838812,38.423033],[-92.842943,38.423021],[-92.842973,38.421156],[-92.858444,38.421772],[-92.85828,38.42548],[-92.864854,38.425599],[-92.864922,38.429143],[-92.869626,38.429425],[-92.874042,38.427072],[-92.881648,38.426425]]]}},{"type":"Feature","properties":{"NAME":"Ava","state_abbr":"MO","state_name":"Missouri","ALAND":8604342},"geometry":{"type":"MultiPolygon","coordinates":[[[[-92.68862,36.972333],[-92.68025,36.965342],[-92.680368,36.964581],[-92.688659,36.963834],[-92.68862,36.972333]]],[[[-92.693799,36.951115],[-92.693668,36.954233],[-92.691115,36.955005],[-92.680632,36.953154],[-92.680504,36.957898],[-92.683795,36.957828],[-92.68378,36.95905],[-92.680467,36.9595],[-92.680368,36.964581],[-92.675107,36.964702],[-92.675017,36.966471],[-92.672639,36.966478],[-92.670852,36.969508],[-92.666951,36.96953],[-92.666971,36.966814],[-92.6615,36.966685],[-92.661537,36.964755],[-92.655874,36.968646],[-92.648746,36.967607],[-92.649783,36.96423],[-92.652403,36.9643],[-92.651563,36.958689],[-92.645769,36.95796],[-92.646688,36.946256],[-92.658801,36.946324],[-92.65907,36.942687],[-92.655751,36.939775],[-92.658925,36.93979],[-92.659192,36.936749],[-92.657558,36.936735],[-92.659096,36.93473],[-92.666361,36.935479],[-92.666578,36.939279],[-92.66476,36.939236],[-92.668931,36.94362],[-92.674899,36.943799],[-92.680047,36.946105],[-92.680035,36.950349],[-92.693799,36.951115]]]]}},{"type":"Feature","properties":{"NAME":"Loma Linda","state_abbr":"MO","state_name":"Missouri","ALAND":9211181},"geometry":{"type":"Polygon","coordinates":[[[-94.614877,36.974643],[-94.614696,36.983449],[-94.610478,36.98354],[-94.610356,36.987456],[-94.604895,36.987333],[-94.604814,36.999485],[-94.596124,37.00084],[-94.595594,36.99859],[-94.569809,36.998045],[-94.569859,36.989188],[-94.566906,36.988913],[-94.564725,36.985827],[-94.578392,36.984453],[-94.578646,36.977221],[-94.586642,36.976553],[-94.586813,36.969357],[-94.592944,36.96948],[-94.589731,36.975303],[-94.600145,36.97531],[-94.602229,36.970741],[-94.606192,36.970918],[-94.606165,36.968826],[-94.610635,36.968773],[-94.610768,36.973908],[-94.614877,36.974643]]]}},{"type":"Feature","properties":{"NAME":"Redings Mill","state_abbr":"MO","state_name":"Missouri","ALAND":520091},"geometry":{"type":"Polygon","coordinates":[[[-94.522597,37.018981],[-94.522776,37.026227],[-94.521788,37.022698],[-94.516561,37.022689],[-94.512261,37.01985],[-94.511177,37.014913],[-94.516464,37.015069],[-94.515624,37.018927],[-94.522597,37.018981]]]}},{"type":"Feature","properties":{"NAME":"Saginaw","state_abbr":"MO","state_name":"Missouri","ALAND":2137597},"geometry":{"type":"Polygon","coordinates":[[[-94.479509,37.017675],[-94.479038,37.033555],[-94.460223,37.033161],[-94.465826,37.02776],[-94.468555,37.016928],[-94.479509,37.017675]]]}},{"type":"Feature","properties":{"NAME":"Shoal Creek Drive","state_abbr":"MO","state_name":"Missouri","ALAND":1215922},"geometry":{"type":"Polygon","coordinates":[[[-94.532911,37.040812],[-94.514779,37.040658],[-94.515185,37.033697],[-94.522367,37.031355],[-94.53299,37.038604],[-94.532911,37.040812]]]}},{"type":"Feature","properties":{"NAME":"Shoal Creek Estates","state_abbr":"MO","state_name":"Missouri","ALAND":295666},"geometry":{"type":"Polygon","coordinates":[[[-94.497805,37.018872],[-94.486664,37.018935],[-94.48663,37.017695],[-94.497794,37.015031],[-94.497805,37.018872]]]}},{"type":"Feature","properties":{"NAME":"Stark City","state_abbr":"MO","state_name":"Missouri","ALAND":845576},"geometry":{"type":"Polygon","coordinates":[[[-94.192375,36.859089],[-94.192166,36.865927],[-94.185409,36.865839],[-94.185265,36.870548],[-94.182897,36.87045],[-94.182934,36.869159],[-94.185216,36.869182],[-94.185301,36.865838],[-94.178652,36.865821],[-94.178747,36.861981],[-94.183824,36.862062],[-94.183915,36.858392],[-94.192375,36.859089]]]}},{"type":"Feature","properties":{"NAME":"De Soto","state_abbr":"MO","state_name":"Missouri","ALAND":11350127},"geometry":{"type":"Polygon","coordinates":[[[-90.585502,38.150235],[-90.577861,38.149391],[-90.575928,38.156157],[-90.573286,38.156833],[-90.571901,38.159071],[-90.575625,38.159085],[-90.575652,38.162819],[-90.574143,38.162785],[-90.574241,38.161117],[-90.570718,38.160979],[-90.569144,38.163508],[-90.570935,38.163077],[-90.570934,38.165146],[-90.568057,38.165303],[-90.5661,38.167416],[-90.561449,38.16607],[-90.561537,38.162397],[-90.566278,38.162466],[-90.566492,38.158936],[-90.571078,38.15843],[-90.57142,38.153713],[-90.566737,38.154366],[-90.566855,38.151669],[-90.56425,38.151595],[-90.564165,38.153655],[-90.559776,38.155086],[-90.559859,38.151463],[-90.558694,38.15144],[-90.558618,38.155066],[-90.555651,38.155838],[-90.555633,38.15732],[-90.553254,38.157293],[-90.552562,38.155832],[-90.552489,38.158607],[-90.5477,38.15813],[-90.539521,38.163888],[-90.537908,38.162522],[-90.534996,38.170186],[-90.52867,38.175848],[-90.53038,38.1702],[-90.53513,38.16655],[-90.537547,38.161948],[-90.541627,38.159773],[-90.54003,38.15904],[-90.54337,38.15627],[-90.540506,38.152477],[-90.544763,38.153002],[-90.548296,38.149788],[-90.547989,38.147626],[-90.550525,38.147644],[-90.552854,38.140227],[-90.543943,38.137124],[-90.550427,38.12476],[-90.553407,38.124606],[-90.551108,38.123926],[-90.54949,38.120896],[-90.546919,38.121063],[-90.54832,38.11917],[-90.54681,38.1173],[-90.548383,38.116835],[-90.551304,38.119595],[-90.555946,38.120096],[-90.555908,38.11826],[-90.551341,38.118875],[-90.551775,38.117355],[-90.55023,38.1175],[-90.552089,38.115883],[-90.557047,38.116626],[-90.55824,38.11486],[-90.55611,38.114221],[-90.560255,38.114664],[-90.561756,38.112918],[-90.563927,38.113068],[-90.562298,38.120491],[-90.573563,38.121756],[-90.573398,38.125801],[-90.57196,38.12664],[-90.576405,38.126896],[-90.576288,38.129356],[-90.578013,38.129514],[-90.577824,38.133144],[-90.573399,38.133703],[-90.575652,38.134145],[-90.57594,38.136881],[-90.577928,38.137041],[-90.576911,38.139193],[-90.578184,38.141],[-90.583245,38.143479],[-90.583121,38.148394],[-90.585562,38.148515],[-90.585502,38.150235]],[[-90.581611,38.146796],[-90.579511,38.14675],[-90.578267,38.14874],[-90.581609,38.148397],[-90.581611,38.146796]],[[-90.575163,38.13956],[-90.574296,38.136643],[-90.571762,38.135123],[-90.571373,38.139868],[-90.575163,38.13956]],[[-90.57375,38.15267],[-90.571585,38.152102],[-90.571472,38.153405],[-90.572856,38.154188],[-90.57375,38.15267]],[[-90.572833,38.132648],[-90.572671,38.129109],[-90.563077,38.128976],[-90.561701,38.1313],[-90.572833,38.132648]],[[-90.571609,38.126597],[-90.570973,38.125302],[-90.57095,38.12651],[-90.571609,38.126597]],[[-90.570045,38.125054],[-90.566424,38.124937],[-90.566361,38.125722],[-90.570022,38.126263],[-90.570045,38.125054]],[[-90.562117,38.152486],[-90.561004,38.15151],[-90.56097,38.152448],[-90.562117,38.152486]]]}},{"type":"Feature","properties":{"NAME":"Pevely","state_abbr":"MO","state_name":"Missouri","ALAND":13100749},"geometry":{"type":"MultiPolygon","coordinates":[[[[-90.426591,38.331195],[-90.417409,38.331085],[-90.41744,38.325618],[-90.418603,38.325738],[-90.418591,38.324068],[-90.414033,38.323888],[-90.408592,38.322348],[-90.407113,38.32175],[-90.403379,38.321456],[-90.402164,38.321827],[-90.402006,38.321698],[-90.403136,38.321334],[-90.405744,38.321434],[-90.421065,38.323972],[-90.422773,38.325528],[-90.42219,38.327063],[-90.4254,38.327635],[-90.426128,38.32815],[-90.426591,38.331195]],[[-90.425394,38.328542],[-90.425627,38.327861],[-90.42518,38.328272],[-90.425394,38.328542]],[[-90.422475,38.32773],[-90.420842,38.326625],[-90.420491,38.32702],[-90.422475,38.32773]],[[-90.422064,38.326408],[-90.419571,38.325083],[-90.418714,38.325045],[-90.41867,38.32575],[-90.422064,38.326408]],[[-90.419562,38.32662],[-90.417756,38.325703],[-90.417648,38.325763],[-90.419562,38.32662]],[[-90.418345,38.329558],[-90.419443,38.32829],[-90.418459,38.328131],[-90.418345,38.329558]],[[-90.418129,38.328838],[-90.417518,38.329115],[-90.418017,38.329447],[-90.418129,38.328838]]],[[[-90.42991,38.273821],[-90.419189,38.280983],[-90.421426,38.283467],[-90.418598,38.285245],[-90.41685,38.28406],[-90.41746,38.281858],[-90.414932,38.282539],[-90.40656,38.28916],[-90.40538,38.29251],[-90.407566,38.296348],[-90.413756,38.294269],[-90.414138,38.296681],[-90.421001,38.296307],[-90.421938,38.297644],[-90.418588,38.298157],[-90.41804,38.30061],[-90.4141,38.3025],[-90.406083,38.301103],[-90.403179,38.308516],[-90.414024,38.307803],[-90.413936,38.311479],[-90.408579,38.311856],[-90.403765,38.315751],[-90.403472,38.317903],[-90.403009,38.316347],[-90.400768,38.31623],[-90.401482,38.312352],[-90.399115,38.312279],[-90.399747,38.306139],[-90.4021,38.30556],[-90.404523,38.300704],[-90.401735,38.299887],[-90.399901,38.304689],[-90.397503,38.304707],[-90.397337,38.306408],[-90.384272,38.306365],[-90.38521,38.29896],[-90.378369,38.298944],[-90.378715,38.297482],[-90.376101,38.297302],[-90.375926,38.29345],[-90.377648,38.293495],[-90.378614,38.28844],[-90.376462,38.288248],[-90.375695,38.280759],[-90.38089,38.28105],[-90.381,38.27771],[-90.38562,38.277841],[-90.387309,38.275987],[-90.38584,38.27047],[-90.38774,38.26724],[-90.39039,38.26708],[-90.391956,38.269158],[-90.405837,38.264188],[-90.406658,38.27031],[-90.411923,38.27272],[-90.41412,38.272316],[-90.413661,38.270637],[-90.418205,38.26974],[-90.418488,38.267749],[-90.422661,38.270013],[-90.424759,38.266873],[-90.426442,38.267545],[-90.425005,38.270793],[-90.423735,38.272604],[-90.425587,38.269996],[-90.42775,38.271124],[-90.424816,38.272694],[-90.42991,38.273821]],[[-90.425683,38.276134],[-90.422923,38.274305],[-90.416385,38.280784],[-90.419486,38.280639],[-90.425683,38.276134]],[[-90.424773,38.270822],[-90.423335,38.269674],[-90.423023,38.270131],[-90.424773,38.270822]],[[-90.415774,38.281833],[-90.415526,38.281192],[-90.4152,38.281354],[-90.415774,38.281833]],[[-90.413212,38.283159],[-90.414437,38.281705],[-90.413126,38.283211],[-90.413212,38.283159]],[[-90.41003,38.285854],[-90.411379,38.283391],[-90.407925,38.286359],[-90.41003,38.285854]],[[-90.405529,38.29636],[-90.405409,38.295084],[-90.404303,38.292492],[-90.403343,38.296617],[-90.405529,38.29636]],[[-90.398262,38.293521],[-90.398244,38.291773],[-90.39722,38.292423],[-90.398262,38.293521]],[[-90.395355,38.2915],[-90.395432,38.290732],[-90.394961,38.291064],[-90.395355,38.2915]],[[-90.394136,38.292562],[-90.38706,38.2937],[-90.385243,38.295968],[-90.389508,38.29512],[-90.389565,38.293702],[-90.394084,38.293786],[-90.394136,38.292562]],[[-90.392244,38.287489],[-90.390995,38.286128],[-90.390439,38.285071],[-90.390676,38.287623],[-90.392244,38.287489]],[[-90.38815,38.278939],[-90.388262,38.277478],[-90.387731,38.277613],[-90.38815,38.278939]]]]}},{"type":"Feature","properties":{"NAME":"Stella","state_abbr":"MO","state_name":"Missouri","ALAND":423341},"geometry":{"type":"Polygon","coordinates":[[[-94.197051,36.766742],[-94.192277,36.766612],[-94.190957,36.764125],[-94.189166,36.765519],[-94.185897,36.762793],[-94.188169,36.762194],[-94.187929,36.759902],[-94.185532,36.75917],[-94.194154,36.75993],[-94.192219,36.763707],[-94.193418,36.764864],[-94.194959,36.763832],[-94.197051,36.766742]]]}},{"type":"Feature","properties":{"NAME":"Westphalia","state_abbr":"MO","state_name":"Missouri","ALAND":965621},"geometry":{"type":"Polygon","coordinates":[[[-92.009458,38.450872],[-92.00371,38.449753],[-92.003784,38.447437],[-92.000896,38.445426],[-91.99208,38.44256],[-91.991324,38.436757],[-91.999448,38.435021],[-91.999927,38.437953],[-92.00351,38.440439],[-92.002803,38.445821],[-92.006119,38.446832],[-92.009458,38.450872]],[[-91.997307,38.442983],[-91.99516,38.442335],[-91.995141,38.443004],[-91.997307,38.442983]]]}},{"type":"Feature","properties":{"NAME":"Doolittle","state_abbr":"MO","state_name":"Missouri","ALAND":7211249},"geometry":{"type":"Polygon","coordinates":[[[-91.950108,37.941311],[-91.939897,37.943552],[-91.938658,37.945415],[-91.933937,37.944507],[-91.925637,37.945818],[-91.911641,37.946012],[-91.910798,37.947218],[-91.913949,37.947281],[-91.913988,37.950912],[-91.904919,37.950793],[-91.904774,37.958045],[-91.895119,37.957909],[-91.895772,37.950673],[-91.893464,37.950608],[-91.893505,37.947],[-91.891287,37.946941],[-91.89132,37.945601],[-91.882239,37.946675],[-91.868548,37.945353],[-91.868448,37.95011],[-91.859231,37.950061],[-91.859306,37.945067],[-91.850313,37.944347],[-91.840122,37.940297],[-91.854137,37.944498],[-91.864032,37.94285],[-91.864076,37.939234],[-91.873277,37.939225],[-91.873344,37.935659],[-91.877937,37.935676],[-91.877967,37.932004],[-91.882482,37.932157],[-91.882553,37.92507],[-91.88445,37.925092],[-91.889557,37.930047],[-91.884499,37.932225],[-91.886997,37.93231],[-91.887,37.93585],[-91.896101,37.936037],[-91.895974,37.92901],[-91.905026,37.929074],[-91.904988,37.932681],[-91.900513,37.932602],[-91.900532,37.936139],[-91.904929,37.936162],[-91.904922,37.939858],[-91.901707,37.93983],[-91.902911,37.943493],[-91.912226,37.942273],[-91.912175,37.944886],[-91.925822,37.945145],[-91.946696,37.940982],[-91.950098,37.939067],[-91.950108,37.941311]],[[-91.909711,37.947173],[-91.906077,37.945821],[-91.904863,37.945637],[-91.904887,37.947154],[-91.909711,37.947173]],[[-91.891371,37.943274],[-91.88683,37.943161],[-91.886832,37.944558],[-91.891335,37.944837],[-91.891371,37.943274]],[[-91.882541,37.944344],[-91.882896,37.943438],[-91.882562,37.942852],[-91.882541,37.944344]],[[-91.87787,37.942844],[-91.8712,37.942862],[-91.868563,37.944618],[-91.877817,37.944704],[-91.87787,37.942844]]]}},{"type":"Feature","properties":{"NAME":"Frohna","state_abbr":"MO","state_name":"Missouri","ALAND":2338059},"geometry":{"type":"Polygon","coordinates":[[[-89.638917,37.637686],[-89.636443,37.63796],[-89.634735,37.640129],[-89.631512,37.639075],[-89.623302,37.639994],[-89.622467,37.642651],[-89.619836,37.643078],[-89.619632,37.645614],[-89.621426,37.646732],[-89.619287,37.64676],[-89.619222,37.648986],[-89.617138,37.649178],[-89.617215,37.646002],[-89.612875,37.645987],[-89.613396,37.643466],[-89.609723,37.642861],[-89.609582,37.63864],[-89.61331,37.638577],[-89.613291,37.634726],[-89.608692,37.633659],[-89.607647,37.63103],[-89.604711,37.630881],[-89.607926,37.630049],[-89.609687,37.631785],[-89.613193,37.631767],[-89.61498,37.628431],[-89.617755,37.628432],[-89.61779,37.630085],[-89.622926,37.630042],[-89.622392,37.633029],[-89.618195,37.633004],[-89.618708,37.635434],[-89.622406,37.635565],[-89.622396,37.633697],[-89.625259,37.63364],[-89.624463,37.637252],[-89.627721,37.637222],[-89.628026,37.631846],[-89.63151,37.631818],[-89.63151,37.63355],[-89.633827,37.633533],[-89.633855,37.636734],[-89.631469,37.637868],[-89.638917,37.637686]]]}},{"type":"Feature","properties":{"NAME":"Ionia","state_abbr":"MO","state_name":"Missouri","ALAND":383424},"geometry":{"type":"Polygon","coordinates":[[[-93.326413,38.500318],[-93.326074,38.507235],[-93.322011,38.508159],[-93.320788,38.507081],[-93.321126,38.499911],[-93.326413,38.500318]]]}},{"type":"Feature","properties":{"NAME":"Washington","state_abbr":"MO","state_name":"Missouri","ALAND":25773448},"geometry":{"type":"Polygon","coordinates":[[[-91.083667,38.567746],[-91.079255,38.567843],[-91.079106,38.574661],[-91.077132,38.57259],[-91.073313,38.572689],[-91.07333,38.575573],[-91.065638,38.575765],[-91.06454,38.573717],[-91.060753,38.572961],[-91.056698,38.573963],[-91.052216,38.57005],[-91.050374,38.570222],[-91.050428,38.574166],[-91.044154,38.57286],[-91.042745,38.576343],[-91.046513,38.578101],[-91.048164,38.583712],[-91.053686,38.583636],[-91.053678,38.581422],[-91.059486,38.585192],[-91.058577,38.586016],[-91.060956,38.58953],[-91.054457,38.590179],[-91.042919,38.579538],[-91.033755,38.573796],[-91.02191,38.570026],[-91.021853,38.568716],[-91.01838,38.570262],[-91.014132,38.566013],[-90.994565,38.555954],[-90.96952,38.549652],[-90.960951,38.545477],[-90.963523,38.541025],[-90.9696,38.543297],[-90.975633,38.537606],[-90.971401,38.537021],[-90.972038,38.534738],[-90.969583,38.53632],[-90.967221,38.534298],[-90.968178,38.532961],[-90.96265,38.53333],[-90.962391,38.531588],[-90.958943,38.53075],[-90.968918,38.532678],[-90.970245,38.531345],[-90.975905,38.532121],[-90.975972,38.529736],[-90.978431,38.529472],[-90.978604,38.527679],[-90.971815,38.527663],[-90.971828,38.525579],[-90.974782,38.525925],[-90.974972,38.523846],[-90.977069,38.523636],[-90.975639,38.522989],[-90.976898,38.521485],[-90.983258,38.522195],[-90.982764,38.529797],[-90.986714,38.529976],[-90.986769,38.526543],[-90.989011,38.526539],[-90.989392,38.524189],[-90.992084,38.523279],[-90.993884,38.524843],[-90.992627,38.526529],[-90.997623,38.526729],[-91.004759,38.530033],[-91.012855,38.528879],[-91.011994,38.526207],[-91.017807,38.526148],[-91.017188,38.529985],[-91.024206,38.530045],[-91.024228,38.537658],[-91.036374,38.537678],[-91.036376,38.540867],[-91.035002,38.541496],[-91.036788,38.543677],[-91.03402,38.548158],[-91.039919,38.552976],[-91.043777,38.553014],[-91.043784,38.555323],[-91.053639,38.560299],[-91.056451,38.559714],[-91.059561,38.562442],[-91.060126,38.560552],[-91.0631,38.561524],[-91.063468,38.564726],[-91.061114,38.564572],[-91.059629,38.566342],[-91.063496,38.568162],[-91.063853,38.565791],[-91.065624,38.566409],[-91.065694,38.56813],[-91.073216,38.567964],[-91.074837,38.565303],[-91.071949,38.56401],[-91.073542,38.561811],[-91.083446,38.564868],[-91.083667,38.567746]],[[-91.053688,38.568375],[-91.053658,38.566515],[-91.05119,38.568361],[-91.053688,38.568375]],[[-91.053016,38.560426],[-91.048047,38.557906],[-91.047091,38.559401],[-91.046479,38.558073],[-91.043795,38.558733],[-91.043802,38.560722],[-91.053016,38.560426]],[[-91.026038,38.539555],[-91.024242,38.53975],[-91.024183,38.541056],[-91.026028,38.541055],[-91.026038,38.539555]],[[-90.987849,38.531253],[-90.988623,38.529983],[-90.987811,38.529981],[-90.987849,38.531253]],[[-91.073216,38.567964],[-91.074317,38.568614],[-91.074926,38.567931],[-91.073216,38.567964]]]}},{"type":"Feature","properties":{"NAME":"St. Clair","state_abbr":"MO","state_name":"Missouri","ALAND":12452168},"geometry":{"type":"Polygon","coordinates":[[[-91.06389,38.308228],[-91.054673,38.314946],[-91.033774,38.320122],[-91.035548,38.320766],[-91.03552,38.322638],[-91.040496,38.322688],[-91.040449,38.326464],[-91.035467,38.326434],[-91.035493,38.32995],[-91.030695,38.329934],[-91.030744,38.333431],[-91.035555,38.334871],[-91.035502,38.33737],[-91.020675,38.337186],[-91.021063,38.330201],[-91.01862,38.335447],[-91.015837,38.338164],[-91.016027,38.339708],[-91.018243,38.338058],[-91.020917,38.340959],[-91.016013,38.340866],[-91.015958,38.344546],[-91.006243,38.344421],[-91.005434,38.339898],[-91.003135,38.339937],[-91.003315,38.341845],[-91.001472,38.340638],[-90.998142,38.341755],[-90.999359,38.344285],[-90.996343,38.342375],[-90.994869,38.344172],[-90.996422,38.344268],[-90.996385,38.347936],[-91.001271,38.348048],[-91.001154,38.355403],[-90.99147,38.355305],[-90.991411,38.35778],[-90.987971,38.3578],[-90.991562,38.359895],[-90.993631,38.359267],[-90.998104,38.36276],[-91.000956,38.362898],[-91.000989,38.370221],[-90.998271,38.370209],[-90.997792,38.3641],[-90.99472,38.3603],[-90.991284,38.362596],[-90.991199,38.366209],[-90.982942,38.366411],[-90.981416,38.364037],[-90.983045,38.363648],[-90.980837,38.363351],[-90.981301,38.367928],[-90.975477,38.368066],[-90.975484,38.372641],[-90.986049,38.373855],[-90.986026,38.378038],[-90.971689,38.378282],[-90.970101,38.381994],[-90.960961,38.38394],[-90.969354,38.378436],[-90.973298,38.370174],[-90.972033,38.369862],[-90.972623,38.365939],[-90.969971,38.362023],[-90.967324,38.362793],[-90.967124,38.360709],[-90.964265,38.360759],[-90.96648,38.3578],[-90.966739,38.348364],[-90.97586,38.348449],[-90.976699,38.346036],[-90.976746,38.344395],[-90.973881,38.343324],[-90.97429,38.340581],[-90.97688,38.340504],[-90.977004,38.332999],[-90.972629,38.332994],[-90.975034,38.332046],[-90.975033,38.329096],[-90.98048,38.329109],[-90.982039,38.330798],[-90.98187,38.336246],[-90.983831,38.336708],[-90.983081,38.335643],[-90.986966,38.335761],[-90.9871,38.332258],[-90.991935,38.332282],[-90.991944,38.329594],[-90.996774,38.329633],[-90.996608,38.335112],[-90.994623,38.337837],[-90.995714,38.34166],[-91.00063,38.339514],[-91.014318,38.338161],[-91.017443,38.335851],[-91.020607,38.329613],[-91.030808,38.320498],[-91.057378,38.312011],[-91.06389,38.308228]],[[-91.030636,38.325136],[-91.030634,38.321752],[-91.021368,38.329823],[-91.025872,38.329812],[-91.025812,38.327227],[-91.028679,38.327188],[-91.030636,38.325136]],[[-90.988028,38.338711],[-90.986909,38.337927],[-90.986878,38.338716],[-90.988028,38.338711]],[[-90.977796,38.364441],[-90.978214,38.36379],[-90.977602,38.363743],[-90.977796,38.364441]],[[-90.977365,38.364915],[-90.976852,38.364268],[-90.976382,38.364874],[-90.977365,38.364915]]]}},{"type":"Feature","properties":{"NAME":"Union","state_abbr":"MO","state_name":"Missouri","ALAND":23548690},"geometry":{"type":"MultiPolygon","coordinates":[[[[-90.936011,38.412126],[-90.935769,38.422718],[-90.930359,38.42254],[-90.930242,38.426111],[-90.921062,38.424448],[-90.92259,38.420556],[-90.926337,38.420674],[-90.926456,38.41492],[-90.931121,38.414929],[-90.933117,38.411983],[-90.936011,38.412126]]],[[[-90.942743,38.430126],[-90.940521,38.43001],[-90.939466,38.428771],[-90.942219,38.428698],[-90.942743,38.430126]]],[[[-91.040166,38.446334],[-91.040057,38.450529],[-91.035198,38.45051],[-91.035148,38.462044],[-91.033251,38.460963],[-91.030087,38.462085],[-91.030298,38.469776],[-91.020438,38.469734],[-91.020451,38.467959],[-91.017227,38.468701],[-91.013137,38.465517],[-91.005267,38.465471],[-91.005012,38.462404],[-90.990465,38.461722],[-90.990387,38.458071],[-90.995041,38.458324],[-90.999887,38.454761],[-90.995465,38.454667],[-90.995442,38.45014],[-90.989529,38.449276],[-90.975565,38.438288],[-90.975441,38.434589],[-90.969629,38.435642],[-90.968045,38.438107],[-90.966573,38.436828],[-90.968034,38.436017],[-90.95783,38.4377],[-90.958413,38.440289],[-90.957767,38.437789],[-90.947917,38.43893],[-90.949712,38.436735],[-90.939748,38.436113],[-90.934637,38.437707],[-90.934775,38.428742],[-90.932003,38.429818],[-90.932034,38.426881],[-90.934923,38.427672],[-90.934704,38.435693],[-90.948606,38.436089],[-90.948646,38.433469],[-90.944954,38.43254],[-90.944915,38.427921],[-90.948453,38.428127],[-90.948661,38.430443],[-90.951654,38.430648],[-90.951614,38.428684],[-90.953446,38.4288],[-90.953406,38.423685],[-90.949314,38.423433],[-90.94933,38.421172],[-90.941405,38.421493],[-90.941377,38.417437],[-90.946013,38.417586],[-90.946013,38.415728],[-90.955596,38.415793],[-90.955634,38.412708],[-90.960102,38.412862],[-90.963973,38.415364],[-90.964274,38.412925],[-90.965796,38.413015],[-90.965878,38.416232],[-90.97559,38.415577],[-90.975529,38.419855],[-90.983067,38.420407],[-90.98028,38.420754],[-90.980234,38.424137],[-90.98977,38.424162],[-90.99105,38.432903],[-90.999266,38.432961],[-91.002166,38.435591],[-91.005651,38.435639],[-91.005698,38.431763],[-91.012156,38.431691],[-91.012745,38.430181],[-91.010544,38.428581],[-91.018896,38.430051],[-91.023023,38.434747],[-91.022046,38.437179],[-91.025175,38.437893],[-91.025769,38.434228],[-91.028071,38.433448],[-91.028121,38.436655],[-91.030664,38.435171],[-91.030738,38.43163],[-91.032519,38.43367],[-91.035509,38.431689],[-91.035398,38.439209],[-91.030615,38.438924],[-91.030449,38.443003],[-91.035324,38.443624],[-91.035286,38.447496],[-91.040166,38.446334]],[[-91.01546,38.466935],[-91.015488,38.464733],[-91.013074,38.465099],[-91.01546,38.466935]],[[-90.982299,38.424667],[-90.980744,38.424572],[-90.980692,38.42713],[-90.982369,38.426751],[-90.982299,38.424667]],[[-90.960922,38.426856],[-90.953615,38.427027],[-90.953652,38.430793],[-90.960861,38.431249],[-90.960922,38.426856]]]]}},{"type":"Feature","properties":{"NAME":"Diggins","state_abbr":"MO","state_name":"Missouri","ALAND":2509247},"geometry":{"type":"Polygon","coordinates":[[[-92.878534,37.164727],[-92.859521,37.173731],[-92.859484,37.176813],[-92.852529,37.176737],[-92.851165,37.182836],[-92.848951,37.182849],[-92.848959,37.185775],[-92.847694,37.185783],[-92.847429,37.182858],[-92.845286,37.184139],[-92.845365,37.188154],[-92.843241,37.188232],[-92.841534,37.185591],[-92.837081,37.187687],[-92.840208,37.185658],[-92.840168,37.182128],[-92.844659,37.182024],[-92.844019,37.171814],[-92.813452,37.169447],[-92.824766,37.168723],[-92.844066,37.171269],[-92.848197,37.170731],[-92.848359,37.169045],[-92.854155,37.169108],[-92.854485,37.15687],[-92.85624,37.155768],[-92.856343,37.169172],[-92.859918,37.169294],[-92.859717,37.171354],[-92.864123,37.171495],[-92.876823,37.164041],[-92.878524,37.163657],[-92.878534,37.164727]],[[-92.877671,37.164176],[-92.877528,37.164483],[-92.878158,37.164416],[-92.877671,37.164176]]]}},{"type":"Feature","properties":{"NAME":"Parnell","state_abbr":"MO","state_name":"Missouri","ALAND":720957},"geometry":{"type":"Polygon","coordinates":[[[-94.627329,40.435914],[-94.6269,40.442265],[-94.617932,40.442354],[-94.61784,40.43376],[-94.624684,40.433747],[-94.624723,40.435919],[-94.627329,40.435914]]]}},{"type":"Feature","properties":{"NAME":"Asbury","state_abbr":"MO","state_name":"Missouri","ALAND":945113},"geometry":{"type":"Polygon","coordinates":[[[-94.613194,37.270762],[-94.611349,37.270769],[-94.611293,37.274425],[-94.613099,37.274477],[-94.613102,37.276192],[-94.60087,37.275931],[-94.599941,37.277167],[-94.59994,37.275911],[-94.59505,37.275809],[-94.59514,37.272085],[-94.604637,37.272236],[-94.604032,37.268473],[-94.613186,37.268553],[-94.613194,37.270762]]]}},{"type":"Feature","properties":{"NAME":"La Russell","state_abbr":"MO","state_name":"Missouri","ALAND":868649},"geometry":{"type":"Polygon","coordinates":[[[-94.065825,37.135424],[-94.065414,37.14421],[-94.056433,37.145973],[-94.056788,37.135216],[-94.065825,37.135424]]]}},{"type":"Feature","properties":{"NAME":"Reeds","state_abbr":"MO","state_name":"Missouri","ALAND":395880},"geometry":{"type":"Polygon","coordinates":[[[-94.172448,37.11403],[-94.172372,37.11894],[-94.163596,37.118682],[-94.164236,37.114085],[-94.172448,37.11403]]]}},{"type":"Feature","properties":{"NAME":"Brooklyn Heights","state_abbr":"MO","state_name":"Missouri","ALAND":296660},"geometry":{"type":"Polygon","coordinates":[[[-94.387947,37.166556],[-94.387851,37.171706],[-94.383286,37.173238],[-94.383522,37.165972],[-94.387947,37.166556]]]}},{"type":"Feature","properties":{"NAME":"Waco","state_abbr":"MO","state_name":"Missouri","ALAND":664505},"geometry":{"type":"Polygon","coordinates":[[[-94.604867,37.250758],[-94.595631,37.250566],[-94.595892,37.24308],[-94.604797,37.243326],[-94.604867,37.250758]]]}},{"type":"Feature","properties":{"NAME":"Darlington","state_abbr":"MO","state_name":"Missouri","ALAND":1065217},"geometry":{"type":"Polygon","coordinates":[[[-94.410008,40.198381],[-94.405086,40.199179],[-94.405176,40.201722],[-94.39196,40.202027],[-94.391798,40.193047],[-94.393114,40.193003],[-94.393137,40.194726],[-94.405123,40.194764],[-94.405154,40.195826],[-94.409975,40.194865],[-94.410008,40.198381]]]}},{"type":"Feature","properties":{"NAME":"Bigelow","state_abbr":"MO","state_name":"Missouri","ALAND":248169},"geometry":{"type":"Polygon","coordinates":[[[-95.29183,40.107368],[-95.291768,40.112567],[-95.287039,40.112514],[-95.287005,40.107015],[-95.29183,40.107368]]]}},{"type":"Feature","properties":{"NAME":"Cape Girardeau","state_abbr":"MO","state_name":"Missouri","ALAND":75794746},"geometry":{"type":"Polygon","coordinates":[[[-89.620817,37.388463],[-89.617743,37.388535],[-89.617558,37.389696],[-89.609064,37.389089],[-89.609291,37.386256],[-89.606477,37.385173],[-89.601605,37.384795],[-89.601383,37.386868],[-89.597514,37.387131],[-89.595472,37.386025],[-89.595793,37.384358],[-89.58984,37.382777],[-89.578439,37.38297],[-89.577941,37.381928],[-89.583863,37.38208],[-89.58386,37.378712],[-89.585729,37.380179],[-89.590993,37.377427],[-89.594655,37.378163],[-89.593024,37.379159],[-89.592961,37.382001],[-89.599249,37.382456],[-89.601334,37.379579],[-89.598734,37.377955],[-89.605002,37.37679],[-89.607191,37.374919],[-89.604144,37.372668],[-89.592979,37.373895],[-89.59301,37.376427],[-89.583854,37.378495],[-89.583848,37.374794],[-89.59099,37.374777],[-89.590013,37.37167],[-89.595548,37.371672],[-89.595482,37.367068],[-89.599087,37.367872],[-89.599385,37.36353],[-89.601415,37.36381],[-89.600502,37.361102],[-89.603814,37.361334],[-89.603814,37.364011],[-89.607142,37.364486],[-89.602234,37.36446],[-89.601996,37.366083],[-89.605888,37.366325],[-89.604905,37.370958],[-89.606916,37.370835],[-89.607439,37.374891],[-89.610729,37.375169],[-89.611349,37.371569],[-89.604123,37.354604],[-89.601687,37.354558],[-89.599199,37.357201],[-89.596159,37.355257],[-89.59658,37.353747],[-89.592626,37.353599],[-89.592658,37.351077],[-89.594839,37.349558],[-89.588265,37.34915],[-89.588159,37.347093],[-89.585758,37.346423],[-89.580287,37.346929],[-89.58072,37.34826],[-89.577752,37.350214],[-89.576214,37.348832],[-89.574074,37.349874],[-89.575959,37.349993],[-89.576558,37.354363],[-89.57571,37.357228],[-89.577638,37.35627],[-89.579636,37.358893],[-89.579816,37.362908],[-89.589093,37.3636],[-89.59171,37.366601],[-89.580098,37.367504],[-89.580502,37.369495],[-89.582438,37.370166],[-89.578761,37.370608],[-89.578403,37.369367],[-89.574583,37.371367],[-89.577579,37.367427],[-89.576803,37.36455],[-89.575598,37.364693],[-89.576708,37.362651],[-89.572613,37.36178],[-89.576087,37.355112],[-89.572637,37.351981],[-89.572657,37.350166],[-89.565819,37.351062],[-89.565163,37.357614],[-89.563251,37.357652],[-89.56304,37.359774],[-89.553837,37.360228],[-89.553368,37.355398],[-89.551235,37.355308],[-89.551342,37.352773],[-89.546575,37.352717],[-89.546594,37.34887],[-89.544156,37.348874],[-89.544157,37.347107],[-89.542063,37.347113],[-89.541963,37.355818],[-89.539318,37.354189],[-89.539194,37.346092],[-89.53719,37.345197],[-89.53819,37.341496],[-89.532669,37.341565],[-89.532663,37.339631],[-89.5284,37.339614],[-89.52831,37.338496],[-89.515964,37.338555],[-89.509277,37.341968],[-89.498201,37.341205],[-89.492665,37.339329],[-89.493204,37.33756],[-89.490812,37.336135],[-89.497571,37.325609],[-89.512783,37.315045],[-89.513484,37.314891],[-89.514625,37.315463],[-89.516193,37.315518],[-89.513636,37.314633],[-89.516959,37.309401],[-89.518609,37.297392],[-89.528126,37.273814],[-89.526734,37.262029],[-89.546953,37.262172],[-89.545437,37.26624],[-89.566948,37.258211],[-89.56651,37.242942],[-89.565053,37.240614],[-89.566828,37.24038],[-89.565849,37.234266],[-89.549008,37.219249],[-89.556802,37.218324],[-89.570697,37.221915],[-89.570817,37.220366],[-89.575338,37.218424],[-89.574967,37.223648],[-89.591599,37.229656],[-89.583277,37.228736],[-89.583203,37.232888],[-89.574164,37.232853],[-89.57413,37.236621],[-89.571995,37.237293],[-89.566002,37.233689],[-89.568413,37.240188],[-89.571641,37.240063],[-89.567627,37.242348],[-89.568061,37.259958],[-89.568909,37.257388],[-89.568992,37.259871],[-89.570192,37.259828],[-89.567954,37.26966],[-89.569143,37.270133],[-89.568773,37.278231],[-89.571023,37.281798],[-89.57601,37.284121],[-89.575244,37.285168],[-89.578266,37.285388],[-89.578602,37.286626],[-89.581839,37.285884],[-89.581733,37.281978],[-89.585696,37.28106],[-89.581431,37.280023],[-89.582003,37.277756],[-89.584217,37.277886],[-89.58413,37.279041],[-89.586463,37.275564],[-89.583612,37.275607],[-89.583947,37.271666],[-89.588041,37.270106],[-89.591872,37.270365],[-89.590544,37.272907],[-89.589193,37.278424],[-89.59275,37.279023],[-89.592699,37.277227],[-89.589976,37.277262],[-89.590709,37.272598],[-89.59238,37.272908],[-89.592109,37.269919],[-89.595085,37.267509],[-89.59034,37.267169],[-89.590686,37.265143],[-89.595793,37.265575],[-89.597282,37.260173],[-89.602221,37.258948],[-89.602493,37.260468],[-89.611601,37.262286],[-89.611255,37.268277],[-89.614579,37.268554],[-89.613402,37.276345],[-89.61025,37.276016],[-89.609243,37.277916],[-89.6123,37.279632],[-89.616307,37.278449],[-89.61537,37.284341],[-89.607955,37.28402],[-89.608234,37.281577],[-89.598949,37.280692],[-89.599844,37.283724],[-89.598569,37.28401],[-89.593074,37.28103],[-89.591067,37.281439],[-89.592352,37.279741],[-89.590431,37.279377],[-89.590849,37.281433],[-89.587266,37.2812],[-89.585797,37.284455],[-89.581688,37.28624],[-89.583943,37.287314],[-89.580839,37.287031],[-89.579267,37.288478],[-89.580805,37.290931],[-89.586074,37.291309],[-89.584422,37.29525],[-89.588283,37.295492],[-89.587516,37.298639],[-89.589026,37.303352],[-89.591779,37.303447],[-89.59472,37.306819],[-89.605404,37.308472],[-89.60675,37.308224],[-89.606834,37.302741],[-89.617452,37.302969],[-89.615909,37.305563],[-89.61775,37.307822],[-89.615786,37.30872],[-89.617689,37.310298],[-89.613423,37.308614],[-89.599819,37.308586],[-89.59865,37.310576],[-89.594117,37.309022],[-89.594097,37.312765],[-89.592655,37.312751],[-89.592677,37.309022],[-89.591368,37.309021],[-89.591658,37.306879],[-89.593609,37.306968],[-89.590897,37.304206],[-89.581423,37.304034],[-89.588706,37.320031],[-89.592597,37.320012],[-89.592461,37.316304],[-89.601734,37.316347],[-89.600656,37.330968],[-89.598424,37.328219],[-89.59855,37.325095],[-89.591083,37.325391],[-89.596625,37.336225],[-89.597547,37.333449],[-89.601676,37.333448],[-89.60004,37.338716],[-89.597588,37.338672],[-89.603258,37.348419],[-89.620817,37.388463]],[[-89.596596,37.371074],[-89.595795,37.370218],[-89.596058,37.371422],[-89.596596,37.371074]],[[-89.592383,37.382146],[-89.588567,37.382118],[-89.591058,37.38272],[-89.592383,37.382146]],[[-89.579846,37.341674],[-89.583341,37.34014],[-89.579117,37.340574],[-89.579846,37.341674]],[[-89.575514,37.341632],[-89.575755,37.340758],[-89.574771,37.340601],[-89.575514,37.341632]],[[-89.574788,37.350878],[-89.574019,37.350255],[-89.57403,37.350885],[-89.574788,37.350878]],[[-89.574811,37.351633],[-89.574031,37.351231],[-89.574043,37.351618],[-89.574811,37.351633]],[[-89.560556,37.357567],[-89.563007,37.356629],[-89.560566,37.356603],[-89.560556,37.357567]],[[-89.562706,37.354984],[-89.557826,37.352699],[-89.555974,37.353324],[-89.555864,37.356344],[-89.562706,37.354984]]]}},{"type":"Feature","properties":{"NAME":"Scott City","state_abbr":"MO","state_name":"Missouri","ALAND":12536051},"geometry":{"type":"Polygon","coordinates":[[[-89.566828,37.24038],[-89.565054,37.240381],[-89.56651,37.242942],[-89.566766,37.255592],[-89.565137,37.255592],[-89.564902,37.246896],[-89.553467,37.247319],[-89.54612,37.240219],[-89.546286,37.231949],[-89.54254,37.231886],[-89.542888,37.224797],[-89.537436,37.227022],[-89.537035,37.232916],[-89.531793,37.232931],[-89.531465,37.225042],[-89.52945,37.225047],[-89.529276,37.229466],[-89.519991,37.230289],[-89.518578,37.227103],[-89.515521,37.227008],[-89.515522,37.225658],[-89.509168,37.225337],[-89.510384,37.226941],[-89.50606,37.225321],[-89.505163,37.227094],[-89.505217,37.225304],[-89.503478,37.225034],[-89.504693,37.221741],[-89.500293,37.223351],[-89.499392,37.221438],[-89.495165,37.221532],[-89.495116,37.219707],[-89.493296,37.219527],[-89.492784,37.217873],[-89.4957,37.217891],[-89.495804,37.21098],[-89.494384,37.209172],[-89.497105,37.20808],[-89.495974,37.217397],[-89.497689,37.216008],[-89.49762,37.217934],[-89.500612,37.217958],[-89.500546,37.210744],[-89.509509,37.210697],[-89.509889,37.21376],[-89.514048,37.21406],[-89.513112,37.213488],[-89.514464,37.213441],[-89.514474,37.211429],[-89.521257,37.211572],[-89.521251,37.209994],[-89.523113,37.209989],[-89.523593,37.211663],[-89.533316,37.211587],[-89.533316,37.208917],[-89.540121,37.207734],[-89.542486,37.211928],[-89.545829,37.211596],[-89.548074,37.202551],[-89.551245,37.201575],[-89.550558,37.207594],[-89.548405,37.208028],[-89.546349,37.211371],[-89.549638,37.210611],[-89.549758,37.21195],[-89.558051,37.213065],[-89.548591,37.217923],[-89.549008,37.219249],[-89.564401,37.232147],[-89.566828,37.24038]],[[-89.565138,37.244028],[-89.564044,37.241104],[-89.564255,37.244035],[-89.565138,37.244028]],[[-89.535792,37.229197],[-89.535763,37.228388],[-89.535272,37.228802],[-89.535792,37.229197]],[[-89.534258,37.224946],[-89.532713,37.224981],[-89.53254,37.225083],[-89.533348,37.226389],[-89.534258,37.224946]]]}},{"type":"Feature","properties":{"NAME":"Fidelity","state_abbr":"MO","state_name":"Missouri","ALAND":2503870},"geometry":{"type":"Polygon","coordinates":[[[-94.321157,37.081426],[-94.321022,37.083687],[-94.318041,37.083695],[-94.317991,37.086344],[-94.314989,37.086256],[-94.314665,37.096249],[-94.309347,37.096262],[-94.309922,37.086101],[-94.305927,37.086047],[-94.306036,37.083687],[-94.291456,37.08304],[-94.291438,37.079806],[-94.308072,37.079981],[-94.308034,37.07844],[-94.310592,37.078456],[-94.310616,37.07507],[-94.308274,37.075031],[-94.308283,37.073648],[-94.311508,37.073449],[-94.311784,37.067788],[-94.308497,37.067775],[-94.308547,37.064335],[-94.314367,37.064482],[-94.31372,37.07847],[-94.31698,37.07855],[-94.316947,37.080811],[-94.321157,37.081426]]]}},{"type":"Feature","properties":{"NAME":"Webb City","state_abbr":"MO","state_name":"Missouri","ALAND":22381555},"geometry":{"type":"Polygon","coordinates":[[[-94.493471,37.12497],[-94.492729,37.142187],[-94.488208,37.142047],[-94.487931,37.145996],[-94.487911,37.153234],[-94.491558,37.153308],[-94.492134,37.156731],[-94.491487,37.172856],[-94.48798,37.174935],[-94.477738,37.174823],[-94.476783,37.170602],[-94.478204,37.170548],[-94.478416,37.163418],[-94.47386,37.163258],[-94.473951,37.161199],[-94.472374,37.161457],[-94.477103,37.156355],[-94.472115,37.157862],[-94.472176,37.156021],[-94.46853,37.155958],[-94.468847,37.167033],[-94.473708,37.167277],[-94.473529,37.170791],[-94.468775,37.170691],[-94.468844,37.167109],[-94.464729,37.167028],[-94.464643,37.170312],[-94.460009,37.168584],[-94.459994,37.170283],[-94.458669,37.168652],[-94.45523,37.168594],[-94.455341,37.166736],[-94.442963,37.166538],[-94.442964,37.162656],[-94.450784,37.16268],[-94.452005,37.134985],[-94.438509,37.134147],[-94.438672,37.130492],[-94.433491,37.130448],[-94.433725,37.119981],[-94.429548,37.119981],[-94.429548,37.115568],[-94.438842,37.115709],[-94.438842,37.120075],[-94.44776,37.120028],[-94.44776,37.123173],[-94.450345,37.123131],[-94.450202,37.126844],[-94.452425,37.126865],[-94.453164,37.112347],[-94.466725,37.112662],[-94.466725,37.109959],[-94.474634,37.109986],[-94.475134,37.101758],[-94.476538,37.101758],[-94.475944,37.11654],[-94.467925,37.116359],[-94.467274,37.119076],[-94.462025,37.118925],[-94.461998,37.120471],[-94.466391,37.120728],[-94.466203,37.123518],[-94.493471,37.12497]],[[-94.462631,37.161254],[-94.462124,37.155917],[-94.455585,37.155852],[-94.455354,37.161182],[-94.462631,37.161254]],[[-94.47398,37.160536],[-94.475203,37.161223],[-94.475234,37.160544],[-94.47398,37.160536]]]}},{"type":"Feature","properties":{"NAME":"Seymour","state_abbr":"MO","state_name":"Missouri","ALAND":9024252},"geometry":{"type":"Polygon","coordinates":[[[-92.813452,37.169447],[-92.805725,37.168301],[-92.787719,37.157466],[-92.786314,37.159257],[-92.781776,37.159197],[-92.781721,37.162916],[-92.772534,37.162806],[-92.772632,37.159017],[-92.770189,37.158982],[-92.770166,37.162798],[-92.766153,37.16275],[-92.766194,37.159021],[-92.754422,37.158995],[-92.754045,37.151292],[-92.751928,37.149378],[-92.751881,37.151218],[-92.749679,37.151266],[-92.750393,37.147688],[-92.740431,37.132786],[-92.734802,37.130394],[-92.722761,37.131893],[-92.719823,37.130378],[-92.733829,37.128979],[-92.738542,37.130069],[-92.742867,37.133809],[-92.750907,37.14697],[-92.750943,37.14582],[-92.754231,37.145804],[-92.754657,37.133241],[-92.781514,37.133547],[-92.781227,37.143232],[-92.790321,37.144408],[-92.790117,37.151597],[-92.782351,37.151495],[-92.780927,37.155645],[-92.785566,37.155601],[-92.80547,37.167339],[-92.813452,37.169447]]]}},{"type":"Feature","properties":{"NAME":"Bosworth","state_abbr":"MO","state_name":"Missouri","ALAND":1433985},"geometry":{"type":"Polygon","coordinates":[[[-93.347053,39.471286],[-93.342282,39.471477],[-93.342338,39.475197],[-93.33878,39.475229],[-93.338796,39.478674],[-93.336216,39.478709],[-93.336248,39.474227],[-93.328285,39.472809],[-93.327026,39.468134],[-93.328251,39.468106],[-93.328296,39.464405],[-93.341361,39.464292],[-93.342263,39.470968],[-93.347053,39.471286]]]}},{"type":"Feature","properties":{"NAME":"Peaceful Village","state_abbr":"MO","state_name":"Missouri","ALAND":507786},"geometry":{"type":"MultiPolygon","coordinates":[[[[-90.54616,38.464163],[-90.545903,38.472358],[-90.543307,38.472358],[-90.542519,38.46912],[-90.540593,38.46978],[-90.539338,38.468449],[-90.540853,38.467291],[-90.53618,38.46674],[-90.536011,38.465297],[-90.538645,38.466083],[-90.538274,38.464801],[-90.541357,38.464116],[-90.541333,38.462176],[-90.543638,38.462175],[-90.54616,38.464163]],[[-90.54363,38.463526],[-90.542256,38.462888],[-90.54249,38.46414],[-90.54363,38.463526]],[[-90.541767,38.465736],[-90.540843,38.464774],[-90.540837,38.465729],[-90.541767,38.465736]]],[[[-90.546142,38.465476],[-90.5474,38.46616],[-90.546966,38.467007],[-90.546142,38.465476]]]]}},{"type":"Feature","properties":{"NAME":"Clearmont","state_abbr":"MO","state_name":"Missouri","ALAND":424554},"geometry":{"type":"Polygon","coordinates":[[[-95.037121,40.507745],[-95.037062,40.510445],[-95.033638,40.512246],[-95.030788,40.511839],[-95.029469,40.510398],[-95.029624,40.502994],[-95.034592,40.504969],[-95.034593,40.507668],[-95.037121,40.507745]]]}},{"type":"Feature","properties":{"NAME":"Maryville","state_abbr":"MO","state_name":"Missouri","ALAND":16831637},"geometry":{"type":"Polygon","coordinates":[[[-94.901876,40.356219],[-94.892424,40.355627],[-94.901865,40.3565],[-94.901737,40.360383],[-94.888478,40.360335],[-94.887184,40.36394],[-94.892092,40.36497],[-94.882404,40.364773],[-94.88374,40.362044],[-94.873083,40.361877],[-94.874124,40.362663],[-94.873123,40.36706],[-94.877628,40.367377],[-94.877416,40.374617],[-94.872896,40.373392],[-94.87252,40.386652],[-94.871089,40.385873],[-94.872706,40.366668],[-94.868152,40.366957],[-94.868311,40.363475],[-94.866714,40.363387],[-94.868251,40.361841],[-94.863493,40.361702],[-94.863663,40.352723],[-94.853952,40.352519],[-94.850093,40.348547],[-94.849288,40.349736],[-94.844463,40.349709],[-94.844276,40.35607],[-94.83748,40.356019],[-94.837615,40.351366],[-94.841766,40.352203],[-94.841839,40.349689],[-94.831652,40.349627],[-94.831773,40.345055],[-94.807234,40.344633],[-94.823551,40.344626],[-94.823677,40.340906],[-94.821391,40.339757],[-94.821862,40.330327],[-94.827194,40.330417],[-94.829732,40.339901],[-94.823916,40.340654],[-94.823789,40.344614],[-94.844174,40.344853],[-94.842704,40.344179],[-94.8428,40.341569],[-94.845036,40.341563],[-94.84747,40.34436],[-94.845451,40.341566],[-94.852549,40.341081],[-94.854703,40.332861],[-94.870668,40.315406],[-94.874019,40.309254],[-94.87936,40.309302],[-94.879225,40.31297],[-94.883954,40.313048],[-94.883838,40.31672],[-94.88169,40.316671],[-94.883764,40.319293],[-94.883632,40.323554],[-94.882472,40.323943],[-94.888351,40.324065],[-94.887996,40.338518],[-94.892957,40.338572],[-94.892594,40.350556],[-94.899743,40.349417],[-94.900103,40.354465],[-94.901938,40.354554],[-94.901876,40.356219]],[[-94.878041,40.32021],[-94.877009,40.318793],[-94.876965,40.320197],[-94.878041,40.32021]],[[-94.872335,40.31755],[-94.873285,40.315266],[-94.871124,40.316457],[-94.872335,40.31755]],[[-94.872846,40.363198],[-94.870527,40.36363],[-94.870525,40.364668],[-94.872801,40.3647],[-94.872846,40.363198]],[[-94.869558,40.318149],[-94.855861,40.333162],[-94.856425,40.335673],[-94.859116,40.336217],[-94.859507,40.332637],[-94.860932,40.332674],[-94.860875,40.334489],[-94.869037,40.334618],[-94.869128,40.331015],[-94.864403,40.330931],[-94.86454,40.32408],[-94.866758,40.32367],[-94.867441,40.327332],[-94.869031,40.327351],[-94.869558,40.318149]],[[-94.86166,40.33812],[-94.861025,40.337832],[-94.861016,40.338105],[-94.86166,40.33812]],[[-94.854468,40.339035],[-94.854207,40.338719],[-94.854144,40.339031],[-94.854468,40.339035]],[[-94.854151,40.340889],[-94.85424,40.340627],[-94.853811,40.339511],[-94.854151,40.340889]],[[-94.84678,40.344972],[-94.845131,40.344176],[-94.84523,40.344933],[-94.84678,40.344972]]]}},{"type":"Feature","properties":{"NAME":"Kimberling City","state_abbr":"MO","state_name":"Missouri","ALAND":9075702},"geometry":{"type":"Polygon","coordinates":[[[-93.450097,36.649931],[-93.445768,36.653279],[-93.436445,36.653284],[-93.436276,36.660441],[-93.4161,36.660302],[-93.416852,36.665348],[-93.411658,36.671347],[-93.407147,36.672583],[-93.401512,36.671175],[-93.409624,36.671351],[-93.415963,36.663322],[-93.415526,36.660946],[-93.413362,36.660295],[-93.413597,36.656254],[-93.409032,36.656095],[-93.409274,36.645557],[-93.406945,36.645254],[-93.407236,36.640199],[-93.409613,36.640096],[-93.409734,36.625802],[-93.430196,36.626191],[-93.430243,36.630577],[-93.441688,36.631804],[-93.441622,36.638661],[-93.437124,36.638762],[-93.436604,36.646692],[-93.439931,36.646689],[-93.44002,36.64997],[-93.450097,36.649931]]]}},{"type":"Feature","properties":{"NAME":"Haywood City","state_abbr":"MO","state_name":"Missouri","ALAND":1107426},"geometry":{"type":"Polygon","coordinates":[[[-89.610045,37.011571],[-89.605411,37.011599],[-89.605524,37.015636],[-89.592663,37.0158],[-89.592538,37.00837],[-89.610016,37.008055],[-89.610045,37.011571]]]}},{"type":"Feature","properties":{"NAME":"Metz","state_abbr":"MO","state_name":"Missouri","ALAND":328628},"geometry":{"type":"Polygon","coordinates":[[[-94.447656,37.994958],[-94.447488,37.998437],[-94.4383,37.998247],[-94.438472,37.994531],[-94.447656,37.994958]]]}},{"type":"Feature","properties":{"NAME":"Mercer","state_abbr":"MO","state_name":"Missouri","ALAND":951894},"geometry":{"type":"Polygon","coordinates":[[[-93.53561,40.508565],[-93.535524,40.513399],[-93.533161,40.513385],[-93.532948,40.516913],[-93.52939,40.51692],[-93.529446,40.514315],[-93.525501,40.51484],[-93.522364,40.513248],[-93.522472,40.509636],[-93.52709,40.509605],[-93.527113,40.507809],[-93.530198,40.507798],[-93.530282,40.506029],[-93.527166,40.506003],[-93.527166,40.505104],[-93.530284,40.505224],[-93.532047,40.50231],[-93.533582,40.502321],[-93.53306,40.507745],[-93.53561,40.508565]]]}},{"type":"Feature","properties":{"NAME":"East Prairie","state_abbr":"MO","state_name":"Missouri","ALAND":3237373},"geometry":{"type":"MultiPolygon","coordinates":[[[[-89.376951,36.78944],[-89.375834,36.790152],[-89.37546,36.789942],[-89.376951,36.78944]]],[[[-89.398924,36.784125],[-89.391992,36.784097],[-89.391942,36.787133],[-89.387444,36.787122],[-89.387433,36.785211],[-89.376951,36.78944],[-89.377417,36.786464],[-89.373983,36.786593],[-89.373988,36.775238],[-89.376401,36.77474],[-89.374011,36.774274],[-89.374034,36.770374],[-89.380677,36.770286],[-89.381814,36.771485],[-89.381787,36.768482],[-89.389802,36.767707],[-89.389809,36.771972],[-89.387838,36.771993],[-89.387828,36.775251],[-89.39207,36.775633],[-89.392517,36.779186],[-89.397536,36.779154],[-89.398924,36.784125]]]]}},{"type":"Feature","properties":{"NAME":"Pine Lawn","state_abbr":"MO","state_name":"Missouri","ALAND":1603627},"geometry":{"type":"Polygon","coordinates":[[[-90.284893,38.689739],[-90.283902,38.691399],[-90.280992,38.690266],[-90.279657,38.693062],[-90.284059,38.694948],[-90.280754,38.699476],[-90.278746,38.69841],[-90.270729,38.704686],[-90.265241,38.7019],[-90.278808,38.68471],[-90.282662,38.68647],[-90.281733,38.688687],[-90.284893,38.689739]]]}},{"type":"Feature","properties":{"NAME":"Wentworth","state_abbr":"MO","state_name":"Missouri","ALAND":476438},"geometry":{"type":"Polygon","coordinates":[[[-94.07925,36.990324],[-94.078993,36.997606],[-94.076465,36.99762],[-94.073876,36.994655],[-94.072411,36.995579],[-94.071325,36.994275],[-94.072409,36.993562],[-94.070237,36.990049],[-94.07925,36.990324]]]}},{"type":"Feature","properties":{"NAME":"Grain Valley","state_abbr":"MO","state_name":"Missouri","ALAND":15960108},"geometry":{"type":"Polygon","coordinates":[[[-94.234716,39.008617],[-94.234522,39.012998],[-94.226169,39.013811],[-94.225951,39.018434],[-94.221346,39.018289],[-94.2212,39.021903],[-94.227183,39.022084],[-94.227052,39.024484],[-94.221662,39.02382],[-94.221457,39.029184],[-94.216228,39.029004],[-94.215896,39.036161],[-94.220503,39.036236],[-94.220431,39.038235],[-94.218145,39.038202],[-94.218034,39.040572],[-94.215824,39.040511],[-94.215204,39.061711],[-94.224369,39.061994],[-94.224202,39.06565],[-94.214765,39.065249],[-94.215386,39.050921],[-94.209402,39.050497],[-94.2154,39.050582],[-94.215458,39.047176],[-94.206363,39.04694],[-94.206626,39.038952],[-94.197298,39.037625],[-94.197369,39.034843],[-94.192808,39.034726],[-94.192955,39.030181],[-94.188369,39.030032],[-94.18853,39.024599],[-94.182619,39.024475],[-94.184576,39.021819],[-94.182784,39.020524],[-94.165356,39.020495],[-94.16544,39.018346],[-94.171839,39.019551],[-94.180093,39.018691],[-94.184902,39.013811],[-94.191852,39.011834],[-94.191326,39.010684],[-94.193887,39.009983],[-94.193396,39.008892],[-94.198468,39.007567],[-94.199039,38.992414],[-94.208262,38.992716],[-94.20861,38.985502],[-94.210949,38.985587],[-94.210782,38.989091],[-94.217778,38.989336],[-94.217737,38.990532],[-94.214202,38.991113],[-94.214118,38.992938],[-94.226927,38.993382],[-94.226692,38.998037],[-94.231333,38.998529],[-94.231212,39.000642],[-94.226583,39.000519],[-94.226266,39.007538],[-94.228687,39.007629],[-94.229347,39.005897],[-94.229798,39.008303],[-94.234716,39.008617]],[[-94.205522,39.032363],[-94.20436,39.032333],[-94.204286,39.034699],[-94.202163,39.034646],[-94.202124,39.035925],[-94.205421,39.03601],[-94.205522,39.032363]],[[-94.19995,39.032292],[-94.197608,39.031868],[-94.197595,39.032231],[-94.19995,39.032292]],[[-94.197642,39.02668],[-94.194656,39.026617],[-94.194432,39.026892],[-94.197551,39.028445],[-94.197642,39.02668]],[[-94.186073,39.017426],[-94.182532,39.018171],[-94.182716,39.018865],[-94.185187,39.018692],[-94.186073,39.017426]]]}},{"type":"Feature","properties":{"NAME":"Greenwood","state_abbr":"MO","state_name":"Missouri","ALAND":13513295},"geometry":{"type":"Polygon","coordinates":[[[-94.361949,38.838009],[-94.36043,38.866591],[-94.323836,38.865423],[-94.32386,38.863118],[-94.314719,38.862854],[-94.314686,38.864995],[-94.312386,38.86493],[-94.313181,38.850437],[-94.311061,38.850378],[-94.311061,38.844827],[-94.315701,38.844854],[-94.313644,38.841393],[-94.316211,38.841445],[-94.31657,38.836101],[-94.320327,38.836055],[-94.320262,38.833478],[-94.324627,38.83659],[-94.335364,38.836923],[-94.332815,38.834849],[-94.343798,38.8339],[-94.347746,38.8342],[-94.348105,38.837115],[-94.361949,38.838009]],[[-94.317633,38.848536],[-94.313242,38.848398],[-94.313186,38.85028],[-94.317595,38.850387],[-94.317633,38.848536]]]}},{"type":"Feature","properties":{"NAME":"Sibley","state_abbr":"MO","state_name":"Missouri","ALAND":2701697},"geometry":{"type":"Polygon","coordinates":[[[-94.214007,39.16027],[-94.213268,39.167763],[-94.203237,39.167388],[-94.203199,39.191526],[-94.191318,39.188306],[-94.19328,39.180958],[-94.189301,39.181081],[-94.189477,39.176195],[-94.197759,39.176116],[-94.197953,39.173982],[-94.199259,39.173981],[-94.198701,39.167181],[-94.201852,39.167342],[-94.201879,39.164836],[-94.203461,39.164862],[-94.203196,39.160079],[-94.214007,39.16027]]]}},{"type":"Feature","properties":{"NAME":"Foley","state_abbr":"MO","state_name":"Missouri","ALAND":507832},"geometry":{"type":"Polygon","coordinates":[[[-90.762935,39.073849],[-90.753123,39.067194],[-90.75012,39.064506],[-90.743662,39.054229],[-90.74197,39.048823],[-90.737665,39.048417],[-90.738192,39.043261],[-90.740663,39.043167],[-90.740564,39.041428],[-90.74445,39.042832],[-90.744719,39.048669],[-90.742319,39.04879],[-90.742492,39.050137],[-90.749576,39.06312],[-90.762935,39.073849]]]}},{"type":"Feature","properties":{"NAME":"Fountain N' Lakes","state_abbr":"MO","state_name":"Missouri","ALAND":333193},"geometry":{"type":"Polygon","coordinates":[[[-90.851611,38.965349],[-90.851583,38.972765],[-90.846951,38.972666],[-90.846918,38.965294],[-90.851611,38.965349]]]}},{"type":"Feature","properties":{"NAME":"Moscow Mills","state_abbr":"MO","state_name":"Missouri","ALAND":8158798},"geometry":{"type":"MultiPolygon","coordinates":[[[[-90.912089,38.94849],[-90.910866,38.947674],[-90.911026,38.947466],[-90.912089,38.94849]]],[[[-90.940729,38.951248],[-90.927676,38.964985],[-90.924913,38.964603],[-90.919143,38.958917],[-90.924015,38.953107],[-90.919405,38.951787],[-90.91656,38.955385],[-90.913383,38.949295],[-90.908017,38.943652],[-90.910771,38.940677],[-90.905163,38.941127],[-90.905238,38.939902],[-90.907819,38.939958],[-90.908785,38.935806],[-90.905404,38.93283],[-90.90897,38.932618],[-90.909012,38.931223],[-90.91106,38.93124],[-90.910999,38.935847],[-90.915001,38.935854],[-90.911914,38.937988],[-90.913892,38.938197],[-90.912475,38.939054],[-90.915538,38.941768],[-90.915657,38.935856],[-90.925204,38.933985],[-90.924647,38.928557],[-90.917953,38.92844],[-90.919302,38.925536],[-90.92463,38.927334],[-90.92346,38.91086],[-90.915284,38.910559],[-90.915387,38.906422],[-90.93678,38.906834],[-90.936571,38.912141],[-90.923988,38.910863],[-90.92513,38.92161],[-90.931561,38.921558],[-90.933031,38.925202],[-90.939523,38.925115],[-90.933371,38.930594],[-90.935387,38.936386],[-90.934366,38.942474],[-90.932512,38.941507],[-90.932119,38.943542],[-90.939862,38.946221],[-90.940729,38.951248]],[[-90.9347,38.928505],[-90.933953,38.927132],[-90.934216,38.92864],[-90.9347,38.928505]],[[-90.929938,38.931527],[-90.925493,38.931522],[-90.92537,38.93152],[-90.925572,38.932103],[-90.929938,38.931527]],[[-90.92992,38.931007],[-90.929838,38.928677],[-90.925537,38.927392],[-90.925635,38.931042],[-90.92992,38.931007]],[[-90.929044,38.924003],[-90.927594,38.924015],[-90.927467,38.925522],[-90.929024,38.925451],[-90.929044,38.924003]],[[-90.928186,38.936272],[-90.926797,38.936133],[-90.926341,38.936818],[-90.928186,38.936272]],[[-90.923452,38.95093],[-90.921294,38.949828],[-90.920585,38.950669],[-90.922797,38.951772],[-90.923452,38.95093]]]]}},{"type":"Feature","properties":{"NAME":"Troy","state_abbr":"MO","state_name":"Missouri","ALAND":19992906},"geometry":{"type":"Polygon","coordinates":[[[-91.024296,38.972797],[-91.021225,38.973567],[-91.021275,38.971833],[-91.019078,38.971812],[-91.019066,38.973736],[-91.01662,38.973831],[-91.016588,38.971841],[-91.012012,38.971796],[-91.011992,38.974151],[-91.007449,38.975275],[-90.998562,38.97488],[-90.997094,38.979212],[-90.982884,38.985977],[-90.986178,38.990265],[-90.983953,38.990976],[-90.985403,38.993073],[-90.982381,38.994],[-90.985491,38.996596],[-90.988299,38.996771],[-90.983324,38.99751],[-90.982388,39.003004],[-90.975617,39.002763],[-90.967474,38.993474],[-90.963464,38.995191],[-90.947698,38.985182],[-90.947466,38.984101],[-90.950208,38.983741],[-90.951691,38.985446],[-90.952751,38.983518],[-90.952186,38.985417],[-90.953596,38.985333],[-90.953617,38.9804],[-90.957949,38.980426],[-90.95543,38.97842],[-90.9567,38.975407],[-90.955481,38.974207],[-90.95558,38.966482],[-90.94946,38.963217],[-90.942319,38.96467],[-90.94232,38.966653],[-90.937892,38.96697],[-90.937834,38.969606],[-90.933719,38.965501],[-90.932439,38.965846],[-90.941917,38.95695],[-90.938073,38.958905],[-90.940306,38.955653],[-90.93711,38.957355],[-90.938269,38.95409],[-90.942213,38.955935],[-90.944772,38.949183],[-90.943772,38.949055],[-90.9438,38.947949],[-90.944004,38.949056],[-90.946904,38.949019],[-90.944026,38.948011],[-90.94409,38.943952],[-90.948798,38.943668],[-90.948859,38.938993],[-90.944214,38.937768],[-90.939407,38.939202],[-90.939249,38.932304],[-90.956155,38.93295],[-90.956159,38.936406],[-90.948891,38.93637],[-90.949725,38.950252],[-90.955803,38.952717],[-90.955881,38.951313],[-90.96461,38.951869],[-90.964605,38.95395],[-90.980731,38.95567],[-90.980657,38.95959],[-90.998568,38.960337],[-90.998327,38.967484],[-91.00753,38.967826],[-91.00764,38.962614],[-91.012282,38.962765],[-91.012443,38.960659],[-91.012107,38.971708],[-91.016664,38.971747],[-91.016749,38.968028],[-91.023313,38.968324],[-91.024296,38.972797]],[[-91.011975,38.969774],[-91.010256,38.969151],[-91.010784,38.971687],[-91.011967,38.971691],[-91.011975,38.969774]],[[-91.01058,38.968503],[-91.011959,38.9679],[-91.010581,38.967881],[-91.01058,38.968503]],[[-90.972388,38.993415],[-90.970907,38.993089],[-90.9711,38.994213],[-90.972388,38.993415]],[[-90.971726,38.990634],[-90.970479,38.989784],[-90.97062,38.990689],[-90.971726,38.990634]],[[-90.956293,38.985024],[-90.955771,38.98461],[-90.955766,38.985097],[-90.956293,38.985024]],[[-90.948987,38.950089],[-90.947559,38.949483],[-90.947412,38.949487],[-90.947527,38.950049],[-90.948987,38.950089]],[[-90.948284,38.961419],[-90.946618,38.960236],[-90.946589,38.961736],[-90.948284,38.961419]]]}},{"type":"Feature","properties":{"NAME":"Amoret","state_abbr":"MO","state_name":"Missouri","ALAND":553725},"geometry":{"type":"Polygon","coordinates":[[[-94.591522,38.251364],[-94.591094,38.25872],[-94.583253,38.258388],[-94.583378,38.251346],[-94.591522,38.251364]]]}},{"type":"Feature","properties":{"NAME":"Hollister","state_abbr":"MO","state_name":"Missouri","ALAND":16400201},"geometry":{"type":"MultiPolygon","coordinates":[[[[-93.276181,36.583365],[-93.276845,36.591376],[-93.274567,36.592361],[-93.270178,36.591601],[-93.270427,36.589267],[-93.272525,36.58933],[-93.272613,36.585746],[-93.268113,36.585625],[-93.267987,36.589278],[-93.248218,36.588513],[-93.248177,36.595857],[-93.24354,36.595791],[-93.243556,36.599139],[-93.252504,36.599283],[-93.25243,36.606595],[-93.243556,36.606427],[-93.243553,36.610247],[-93.239074,36.61014],[-93.239151,36.613597],[-93.23559,36.612761],[-93.228386,36.618692],[-93.2284,36.620495],[-93.224238,36.620423],[-93.223069,36.624036],[-93.226484,36.62584],[-93.225818,36.631817],[-93.230191,36.63138],[-93.230202,36.633642],[-93.220962,36.632982],[-93.215895,36.634051],[-93.21256,36.63657],[-93.212101,36.644406],[-93.214,36.650774],[-93.210453,36.650749],[-93.212619,36.649466],[-93.20941,36.638102],[-93.203748,36.638017],[-93.199258,36.630807],[-93.192579,36.630718],[-93.193405,36.623478],[-93.185934,36.623403],[-93.190432,36.621607],[-93.190411,36.619839],[-93.1948,36.61988],[-93.194958,36.612627],[-93.199359,36.61267],[-93.199348,36.616302],[-93.202697,36.616333],[-93.202696,36.61991],[-93.197075,36.619899],[-93.197081,36.622726],[-93.201557,36.623579],[-93.202472,36.621782],[-93.202471,36.623591],[-93.203738,36.623599],[-93.20378,36.609205],[-93.221488,36.609534],[-93.221484,36.606075],[-93.225818,36.606116],[-93.225914,36.598943],[-93.227414,36.598951],[-93.227397,36.60162],[-93.235756,36.602777],[-93.236592,36.598084],[-93.235315,36.595498],[-93.239093,36.596974],[-93.239261,36.584746],[-93.248267,36.585025],[-93.248314,36.581349],[-93.238581,36.581169],[-93.243785,36.576064],[-93.243769,36.57766],[-93.247539,36.577723],[-93.24715,36.573283],[-93.248416,36.572277],[-93.24868,36.57429],[-93.252924,36.574374],[-93.253714,36.572229],[-93.256768,36.574085],[-93.258417,36.573398],[-93.260613,36.579661],[-93.265834,36.582217],[-93.271277,36.581387],[-93.276181,36.583365]],[[-93.243396,36.600416],[-93.240746,36.599094],[-93.239064,36.599068],[-93.239088,36.601013],[-93.243396,36.600416]]],[[[-93.288087,36.577177],[-93.286289,36.578869],[-93.286186,36.582356],[-93.277086,36.58262],[-93.273371,36.580113],[-93.268211,36.579425],[-93.268354,36.574962],[-93.277451,36.575006],[-93.277553,36.571386],[-93.286534,36.572505],[-93.28202,36.572885],[-93.28025,36.574686],[-93.278643,36.571947],[-93.278499,36.575562],[-93.275164,36.575966],[-93.27511,36.577316],[-93.278459,36.576934],[-93.279538,36.578766],[-93.285319,36.575652],[-93.287557,36.575716],[-93.288087,36.577177]]]]}},{"type":"Feature","properties":{"NAME":"Polo","state_abbr":"MO","state_name":"Missouri","ALAND":1594423},"geometry":{"type":"Polygon","coordinates":[[[-94.048922,39.550737],[-94.048932,39.554499],[-94.042771,39.554257],[-94.042188,39.555878],[-94.039745,39.555817],[-94.039772,39.558667],[-94.034946,39.557932],[-94.033476,39.551048],[-94.036315,39.550048],[-94.036639,39.546759],[-94.033332,39.546495],[-94.032726,39.539551],[-94.039693,39.539705],[-94.039587,39.546817],[-94.046751,39.54649],[-94.046826,39.550443],[-94.048922,39.550737]]]}},{"type":"Feature","properties":{"NAME":"Merwin","state_abbr":"MO","state_name":"Missouri","ALAND":380685},"geometry":{"type":"Polygon","coordinates":[[[-94.594908,38.403871],[-94.594827,38.406849],[-94.586799,38.406683],[-94.588053,38.400622],[-94.59266,38.400689],[-94.592665,38.403259],[-94.594908,38.403871]]]}},{"type":"Feature","properties":{"NAME":"McBaine","state_abbr":"MO","state_name":"Missouri","ALAND":495889},"geometry":{"type":"Polygon","coordinates":[[[-92.460333,38.879617],[-92.460361,38.885213],[-92.448163,38.88868],[-92.44553,38.88615],[-92.451115,38.887303],[-92.453771,38.882817],[-92.453434,38.879457],[-92.460333,38.879617]]]}},{"type":"Feature","properties":{"NAME":"Chamois","state_abbr":"MO","state_name":"Missouri","ALAND":959470},"geometry":{"type":"Polygon","coordinates":[[[-91.776853,38.681448],[-91.770217,38.68295],[-91.769007,38.680989],[-91.770666,38.680151],[-91.764116,38.680259],[-91.76328,38.677098],[-91.766748,38.675959],[-91.763601,38.671717],[-91.766548,38.670502],[-91.770841,38.671233],[-91.773066,38.668803],[-91.774267,38.674094],[-91.77197,38.677863],[-91.773924,38.676973],[-91.77414,38.678835],[-91.776563,38.678744],[-91.776853,38.681448]]]}},{"type":"Feature","properties":{"NAME":"Piedmont","state_abbr":"MO","state_name":"Missouri","ALAND":5518715},"geometry":{"type":"MultiPolygon","coordinates":[[[[-90.672386,37.172205],[-90.671392,37.170197],[-90.672471,37.169919],[-90.672386,37.172205]]],[[[-90.718667,37.12126],[-90.708038,37.135997],[-90.70622,37.145656],[-90.701704,37.151311],[-90.700559,37.162166],[-90.697791,37.162252],[-90.697857,37.165751],[-90.696452,37.165757],[-90.696213,37.161611],[-90.694814,37.161723],[-90.694598,37.165439],[-90.688361,37.166015],[-90.688875,37.16759],[-90.692715,37.167157],[-90.695587,37.169673],[-90.687272,37.172459],[-90.683381,37.166833],[-90.681713,37.168873],[-90.682445,37.172731],[-90.680357,37.173059],[-90.677319,37.167831],[-90.67374,37.169003],[-90.672966,37.167096],[-90.685925,37.165179],[-90.686507,37.163098],[-90.683174,37.162113],[-90.685828,37.157446],[-90.689599,37.159426],[-90.692397,37.157501],[-90.693337,37.155165],[-90.68719,37.154951],[-90.68594,37.15022],[-90.687264,37.14734],[-90.695678,37.147635],[-90.697048,37.14103],[-90.69229,37.140474],[-90.692372,37.13683],[-90.697085,37.138788],[-90.697172,37.136693],[-90.703002,37.136744],[-90.711993,37.125733],[-90.711465,37.122634],[-90.703607,37.121721],[-90.703063,37.117589],[-90.710279,37.118232],[-90.718667,37.12126]]]]}},{"type":"Feature","properties":{"NAME":"Cobalt","state_abbr":"MO","state_name":"Missouri","ALAND":385260},"geometry":{"type":"Polygon","coordinates":[[[-90.293003,37.549014],[-90.290845,37.549548],[-90.289835,37.546866],[-90.282377,37.546276],[-90.283085,37.542308],[-90.292214,37.544221],[-90.293003,37.549014]]]}},{"type":"Feature","properties":{"NAME":"Crocker","state_abbr":"MO","state_name":"Missouri","ALAND":3198917},"geometry":{"type":"MultiPolygon","coordinates":[[[[-92.262082,37.924139],[-92.256423,37.921237],[-92.256617,37.919232],[-92.257938,37.920921],[-92.262082,37.924139]]],[[[-92.281273,37.946431],[-92.279103,37.94644],[-92.279042,37.948382],[-92.275328,37.950254],[-92.275315,37.953428],[-92.269691,37.953392],[-92.269664,37.959997],[-92.266823,37.960048],[-92.264826,37.962452],[-92.26115,37.961665],[-92.260496,37.953497],[-92.259047,37.953609],[-92.260437,37.952373],[-92.258356,37.952416],[-92.260407,37.951799],[-92.260254,37.947974],[-92.256198,37.948058],[-92.256071,37.944358],[-92.264942,37.944109],[-92.263631,37.93635],[-92.266604,37.928882],[-92.262098,37.924225],[-92.266818,37.928688],[-92.268807,37.927208],[-92.266917,37.929056],[-92.266955,37.929748],[-92.266983,37.929216],[-92.267477,37.92895],[-92.270891,37.928878],[-92.271011,37.92714],[-92.274076,37.927175],[-92.273963,37.929688],[-92.267258,37.929206],[-92.264682,37.934742],[-92.266185,37.935142],[-92.266192,37.937165],[-92.270147,37.93718],[-92.266176,37.938066],[-92.271925,37.938117],[-92.273842,37.943399],[-92.279204,37.943495],[-92.279106,37.946306],[-92.281268,37.944985],[-92.281273,37.946431]]]]}},{"type":"Feature","properties":{"NAME":"Meta","state_abbr":"MO","state_name":"Missouri","ALAND":894856},"geometry":{"type":"Polygon","coordinates":[[[-92.172759,38.311293],[-92.172795,38.316224],[-92.15886,38.316163],[-92.16319,38.308566],[-92.157566,38.306609],[-92.157265,38.304623],[-92.167563,38.308195],[-92.167559,38.309371],[-92.172759,38.311293]]]}},{"type":"Feature","properties":{"NAME":"Ginger Blue","state_abbr":"MO","state_name":"Missouri","ALAND":675481},"geometry":{"type":"Polygon","coordinates":[[[-94.465766,36.587235],[-94.465671,36.592291],[-94.455424,36.593882],[-94.453689,36.586693],[-94.465766,36.587235]]]}},{"type":"Feature","properties":{"NAME":"Lanagan","state_abbr":"MO","state_name":"Missouri","ALAND":2435023},"geometry":{"type":"Polygon","coordinates":[[[-94.460077,36.598667],[-94.45857,36.615882],[-94.454752,36.615767],[-94.454759,36.613704],[-94.446033,36.613051],[-94.446274,36.609889],[-94.441691,36.609403],[-94.442046,36.600869],[-94.447004,36.600981],[-94.447077,36.598231],[-94.460077,36.598667]]]}},{"type":"Feature","properties":{"NAME":"Walnut Grove","state_abbr":"MO","state_name":"Missouri","ALAND":1607517},"geometry":{"type":"MultiPolygon","coordinates":[[[[-93.535951,37.40988],[-93.535535,37.410982],[-93.53555,37.409887],[-93.535951,37.40988]]],[[[-93.559478,37.410587],[-93.559424,37.412655],[-93.552454,37.41254],[-93.552443,37.416083],[-93.550379,37.414942],[-93.550317,37.419216],[-93.543854,37.419132],[-93.544044,37.414951],[-93.540725,37.414969],[-93.542107,37.41229],[-93.538362,37.41177],[-93.538385,37.409179],[-93.543503,37.408948],[-93.543998,37.407006],[-93.540952,37.406316],[-93.544245,37.406343],[-93.546431,37.404281],[-93.55008,37.405953],[-93.5491,37.402353],[-93.552798,37.402353],[-93.552844,37.405961],[-93.550983,37.405967],[-93.550979,37.408108],[-93.553321,37.408126],[-93.55338,37.410293],[-93.559478,37.410587]]]]}},{"type":"Feature","properties":{"NAME":"Riverview Estates","state_abbr":"MO","state_name":"Missouri","ALAND":621419},"geometry":{"type":"Polygon","coordinates":[[[-94.529287,38.752599],[-94.519853,38.752],[-94.520093,38.745109],[-94.529249,38.745703],[-94.529287,38.752599]]]}},{"type":"Feature","properties":{"NAME":"Cuba","state_abbr":"MO","state_name":"Missouri","ALAND":8269887},"geometry":{"type":"MultiPolygon","coordinates":[[[[-91.413603,38.054264],[-91.410788,38.055058],[-91.40993,38.05326],[-91.413551,38.052992],[-91.413603,38.054264]]],[[[-91.432211,38.060666],[-91.422308,38.064564],[-91.413269,38.069402],[-91.417613,38.068252],[-91.415316,38.069439],[-91.415886,38.070573],[-91.41328,38.070088],[-91.417224,38.076392],[-91.420323,38.076258],[-91.420746,38.073187],[-91.425298,38.073145],[-91.425298,38.07539],[-91.427056,38.075486],[-91.427118,38.068057],[-91.423478,38.068148],[-91.423407,38.065618],[-91.427197,38.0656],[-91.42716,38.063889],[-91.430312,38.06288],[-91.42856,38.075643],[-91.428547,38.078419],[-91.430607,38.07856],[-91.430001,38.085973],[-91.419054,38.086805],[-91.41916,38.081453],[-91.416367,38.081452],[-91.416407,38.079477],[-91.413941,38.077337],[-91.410505,38.07736],[-91.409686,38.075803],[-91.405308,38.076531],[-91.403384,38.075388],[-91.403338,38.077203],[-91.400862,38.077744],[-91.400852,38.076441],[-91.400504,38.078444],[-91.398711,38.077587],[-91.39495,38.081041],[-91.39283,38.08077],[-91.400208,38.076261],[-91.399403,38.074553],[-91.396861,38.074556],[-91.396863,38.07302],[-91.390744,38.073324],[-91.383947,38.069967],[-91.386269,38.067225],[-91.38738,38.067228],[-91.38741,38.069665],[-91.392141,38.069646],[-91.392254,38.067207],[-91.387611,38.067222],[-91.387383,38.065593],[-91.380925,38.072991],[-91.379096,38.072314],[-91.380349,38.070279],[-91.37805,38.066045],[-91.378331,38.064516],[-91.382755,38.064442],[-91.382784,38.060013],[-91.386969,38.060057],[-91.386974,38.0627],[-91.392454,38.062644],[-91.39098,38.061193],[-91.392397,38.060698],[-91.39073,38.06013],[-91.39291,38.06018],[-91.392255,38.049731],[-91.389523,38.04978],[-91.389553,38.046872],[-91.395122,38.047005],[-91.398299,38.049512],[-91.396837,38.050076],[-91.39854,38.05154],[-91.401926,38.051602],[-91.402243,38.050459],[-91.402287,38.051773],[-91.407199,38.054147],[-91.40991,38.05416],[-91.409871,38.056104],[-91.41341,38.056572],[-91.41332,38.06023],[-91.417296,38.060382],[-91.417445,38.063231],[-91.4196,38.063994],[-91.413738,38.065668],[-91.413155,38.063796],[-91.413165,38.069012],[-91.422284,38.064152],[-91.432211,38.060666]],[[-91.40108,38.05909],[-91.399904,38.059333],[-91.400036,38.059826],[-91.40108,38.05909]],[[-91.398808,38.06759],[-91.39486,38.067451],[-91.394912,38.068425],[-91.396955,38.069848],[-91.398808,38.069225],[-91.398808,38.06759]]]]}},{"type":"Feature","properties":{"NAME":"Baldwin Park","state_abbr":"MO","state_name":"Missouri","ALAND":196563},"geometry":{"type":"Polygon","coordinates":[[[-94.251818,38.793104],[-94.25153,38.79454],[-94.248755,38.794808],[-94.249258,38.795926],[-94.243252,38.796907],[-94.243275,38.791282],[-94.251818,38.793104]]]}},{"type":"Feature","properties":{"NAME":"Braymer","state_abbr":"MO","state_name":"Missouri","ALAND":1531007},"geometry":{"type":"Polygon","coordinates":[[[-93.803932,39.591711],[-93.802413,39.591709],[-93.802413,39.595666],[-93.80001,39.595671],[-93.800118,39.597861],[-93.792968,39.597805],[-93.792953,39.594199],[-93.789082,39.594219],[-93.790823,39.582813],[-93.795127,39.582768],[-93.795171,39.579971],[-93.796345,39.579967],[-93.795183,39.585404],[-93.799938,39.585415],[-93.799961,39.587106],[-93.803908,39.587485],[-93.803932,39.591711]]]}},{"type":"Feature","properties":{"NAME":"Breckenridge","state_abbr":"MO","state_name":"Missouri","ALAND":1423159},"geometry":{"type":"Polygon","coordinates":[[[-93.815201,39.765124],[-93.796338,39.765719],[-93.796338,39.756694],[-93.802289,39.756803],[-93.802528,39.752251],[-93.804012,39.752205],[-93.804044,39.756824],[-93.806666,39.756884],[-93.806697,39.758557],[-93.809001,39.758538],[-93.810488,39.760535],[-93.815074,39.760506],[-93.815201,39.765124]]]}},{"type":"Feature","properties":{"NAME":"Bagnell","state_abbr":"MO","state_name":"Missouri","ALAND":1216845},"geometry":{"type":"Polygon","coordinates":[[[-92.616638,38.230469],[-92.616535,38.233618],[-92.61073,38.234655],[-92.607372,38.233453],[-92.607328,38.23529],[-92.602645,38.235165],[-92.60279,38.233255],[-92.598028,38.233088],[-92.598133,38.229473],[-92.595609,38.229468],[-92.597594,38.222637],[-92.603412,38.222552],[-92.603346,38.224157],[-92.606693,38.226218],[-92.612282,38.226265],[-92.612897,38.230076],[-92.616638,38.230469]]]}},{"type":"Feature","properties":{"NAME":"Tuscumbia","state_abbr":"MO","state_name":"Missouri","ALAND":892518},"geometry":{"type":"Polygon","coordinates":[[[-92.467465,38.248033],[-92.466031,38.248004],[-92.460702,38.238197],[-92.457185,38.237705],[-92.452101,38.239838],[-92.452286,38.234607],[-92.461321,38.229893],[-92.4642,38.231523],[-92.463009,38.233808],[-92.464422,38.236542],[-92.462944,38.23669],[-92.467465,38.248033]]]}},{"type":"Feature","properties":{"NAME":"Russellville","state_abbr":"MO","state_name":"Missouri","ALAND":2256918},"geometry":{"type":"Polygon","coordinates":[[[-92.451202,38.506567],[-92.45046,38.509715],[-92.446557,38.510422],[-92.445893,38.519648],[-92.436554,38.520274],[-92.434651,38.519011],[-92.430291,38.521157],[-92.431001,38.505635],[-92.44197,38.505911],[-92.442078,38.503258],[-92.444393,38.503081],[-92.444336,38.505986],[-92.446645,38.50607],[-92.446586,38.509109],[-92.451202,38.506567]],[[-92.43662,38.518206],[-92.435474,38.518738],[-92.435812,38.519408],[-92.436577,38.519521],[-92.43662,38.518206]]]}},{"type":"Feature","properties":{"NAME":"St. Martins","state_abbr":"MO","state_name":"Missouri","ALAND":5016269},"geometry":{"type":"MultiPolygon","coordinates":[[[[-92.301756,38.583887],[-92.296282,38.583738],[-92.296303,38.582845],[-92.300769,38.583112],[-92.301756,38.583887]]],[[[-92.311935,38.579978],[-92.308498,38.585336],[-92.307116,38.585278],[-92.30818,38.583238],[-92.301925,38.583893],[-92.305473,38.583413],[-92.305531,38.580441],[-92.30728,38.580441],[-92.307357,38.57886],[-92.311935,38.579978]]],[[[-92.353018,38.596174],[-92.349752,38.597217],[-92.349749,38.599934],[-92.348278,38.599902],[-92.348039,38.60723],[-92.340533,38.607088],[-92.340501,38.603467],[-92.334217,38.60328],[-92.333388,38.606001],[-92.33227,38.603237],[-92.32958,38.603177],[-92.329684,38.599944],[-92.320568,38.599313],[-92.320622,38.5954],[-92.315903,38.595327],[-92.31624,38.587661],[-92.311732,38.585992],[-92.311704,38.587717],[-92.308336,38.589025],[-92.308498,38.585336],[-92.311552,38.583142],[-92.311462,38.584573],[-92.320795,38.588095],[-92.320969,38.584115],[-92.32831,38.582713],[-92.328215,38.587733],[-92.339347,38.588268],[-92.339196,38.592106],[-92.348448,38.592455],[-92.348359,38.594405],[-92.353076,38.594901],[-92.353018,38.596174]]]]}},{"type":"Feature","properties":{"NAME":"Sunrise Beach","state_abbr":"MO","state_name":"Missouri","ALAND":15036775},"geometry":{"type":"MultiPolygon","coordinates":[[[[-92.765433,38.200975],[-92.765838,38.202715],[-92.765112,38.203356],[-92.765433,38.200975]]],[[[-92.810614,38.177043],[-92.808267,38.178587],[-92.807406,38.177288],[-92.804612,38.180563],[-92.806361,38.184156],[-92.807835,38.183999],[-92.80696,38.191157],[-92.778893,38.19006],[-92.776192,38.194012],[-92.774352,38.192714],[-92.774744,38.194691],[-92.772685,38.196529],[-92.77105,38.195025],[-92.770865,38.196914],[-92.768662,38.197308],[-92.766917,38.194636],[-92.767743,38.198222],[-92.765635,38.200235],[-92.765906,38.190551],[-92.767961,38.189535],[-92.765857,38.189179],[-92.760988,38.182964],[-92.763959,38.183225],[-92.765136,38.185401],[-92.765462,38.183279],[-92.768293,38.184378],[-92.767334,38.182899],[-92.770351,38.182048],[-92.771064,38.175277],[-92.766395,38.175366],[-92.766333,38.171213],[-92.768279,38.170224],[-92.768323,38.168029],[-92.771151,38.168053],[-92.771023,38.16617],[-92.775126,38.167772],[-92.776117,38.161343],[-92.773647,38.161611],[-92.773868,38.160464],[-92.776107,38.160815],[-92.776147,38.156903],[-92.767776,38.156717],[-92.767652,38.160431],[-92.762061,38.160303],[-92.762231,38.156661],[-92.759573,38.156645],[-92.767798,38.156086],[-92.767834,38.153531],[-92.75832,38.153594],[-92.758268,38.147344],[-92.754068,38.148153],[-92.754337,38.140803],[-92.749101,38.141062],[-92.749164,38.144296],[-92.743668,38.14484],[-92.744276,38.141804],[-92.747873,38.141131],[-92.74478,38.139041],[-92.746555,38.137113],[-92.747622,38.137984],[-92.745092,38.134592],[-92.748562,38.134545],[-92.749539,38.137965],[-92.753108,38.136674],[-92.754257,38.140045],[-92.758289,38.14014],[-92.75826,38.142096],[-92.763127,38.142096],[-92.76306,38.145745],[-92.766362,38.145724],[-92.766429,38.143016],[-92.767956,38.14208],[-92.77298,38.144572],[-92.772833,38.142331],[-92.775436,38.142449],[-92.775851,38.134658],[-92.777955,38.135092],[-92.777906,38.136545],[-92.782478,38.135346],[-92.782098,38.142752],[-92.785892,38.142925],[-92.785892,38.139328],[-92.789644,38.141577],[-92.79072,38.140637],[-92.79179,38.135618],[-92.787326,38.135528],[-92.788349,38.13198],[-92.791738,38.132744],[-92.792046,38.129595],[-92.790226,38.129955],[-92.791914,38.127384],[-92.795195,38.128404],[-92.799283,38.12553],[-92.800996,38.126241],[-92.794965,38.130456],[-92.799424,38.127687],[-92.799413,38.133241],[-92.7945,38.130905],[-92.791479,38.139058],[-92.795827,38.139092],[-92.795814,38.140789],[-92.801173,38.14014],[-92.802779,38.142173],[-92.798012,38.145584],[-92.79788,38.143138],[-92.787442,38.143006],[-92.783414,38.144493],[-92.783472,38.153222],[-92.786119,38.153347],[-92.785729,38.169137],[-92.796833,38.169874],[-92.790972,38.171494],[-92.789587,38.173464],[-92.793841,38.173921],[-92.793784,38.176097],[-92.810614,38.177043]],[[-92.77788,38.139431],[-92.778124,38.138519],[-92.777918,38.137286],[-92.77788,38.139431]]]]}},{"type":"Feature","properties":{"NAME":"Camdenton","state_abbr":"MO","state_name":"Missouri","ALAND":14223313},"geometry":{"type":"Polygon","coordinates":[[[-92.787718,38.012264],[-92.783914,38.012054],[-92.784169,38.017542],[-92.78153,38.020002],[-92.781331,38.014901],[-92.778001,38.015123],[-92.778077,38.016937],[-92.773873,38.020063],[-92.774046,38.026199],[-92.769994,38.027384],[-92.768809,38.025061],[-92.766915,38.024894],[-92.769698,38.028448],[-92.768728,38.02922],[-92.769934,38.028585],[-92.769999,38.032869],[-92.771722,38.032893],[-92.770011,38.033553],[-92.770098,38.03741],[-92.760275,38.037599],[-92.760323,38.0339],[-92.757571,38.033922],[-92.756471,38.03095],[-92.76039,38.030163],[-92.760342,38.025905],[-92.765849,38.025872],[-92.761339,38.021547],[-92.758693,38.021095],[-92.759721,38.019631],[-92.757592,38.018334],[-92.742808,38.01944],[-92.73678,38.018091],[-92.742524,38.021892],[-92.742569,38.025137],[-92.729443,38.025185],[-92.727405,38.022467],[-92.726115,38.023525],[-92.727669,38.025476],[-92.726282,38.027461],[-92.721588,38.025128],[-92.722899,38.023219],[-92.720995,38.024898],[-92.715994,38.024922],[-92.719725,38.023642],[-92.718688,38.022584],[-92.71548,38.023434],[-92.715578,38.017436],[-92.725141,38.017316],[-92.724923,38.011615],[-92.720501,38.011601],[-92.720637,38.007832],[-92.729529,38.006117],[-92.729491,37.999613],[-92.731923,37.997957],[-92.732457,37.999574],[-92.737923,37.999541],[-92.737936,37.992382],[-92.746927,37.992289],[-92.746911,37.996371],[-92.749117,37.996406],[-92.754528,37.99195],[-92.76028,37.990948],[-92.762401,37.986349],[-92.763978,37.986172],[-92.76383,37.991178],[-92.758868,37.991962],[-92.75777,37.99653],[-92.766447,37.996742],[-92.765523,38.000233],[-92.774459,38.000485],[-92.774401,38.004101],[-92.766301,38.004055],[-92.765262,38.011127],[-92.769869,38.011264],[-92.769779,38.015092],[-92.773814,38.015077],[-92.773741,38.011396],[-92.777868,38.011352],[-92.77776,38.008231],[-92.78213,38.008459],[-92.780597,38.011378],[-92.786195,38.008555],[-92.787718,38.012264]],[[-92.769779,38.015092],[-92.766263,38.015055],[-92.766156,38.018641],[-92.769805,38.018689],[-92.769779,38.015092]]]}},{"type":"Feature","properties":{"NAME":"Linn Creek","state_abbr":"MO","state_name":"Missouri","ALAND":3361046},"geometry":{"type":"Polygon","coordinates":[[[-92.721554,38.048473],[-92.713566,38.048403],[-92.713565,38.046549],[-92.709255,38.046437],[-92.709312,38.041315],[-92.707189,38.041236],[-92.707241,38.039525],[-92.700061,38.048012],[-92.700568,38.059766],[-92.694261,38.068578],[-92.695642,38.06856],[-92.695004,38.075057],[-92.690631,38.074912],[-92.690032,38.078438],[-92.686274,38.078143],[-92.687049,38.07251],[-92.69055,38.072131],[-92.6971,38.062318],[-92.698172,38.047377],[-92.704997,38.038694],[-92.691934,38.035593],[-92.690317,38.033349],[-92.69667,38.034798],[-92.702094,38.033222],[-92.704324,38.02973],[-92.709739,38.032101],[-92.709551,38.027598],[-92.71576,38.027591],[-92.716036,38.029171],[-92.713202,38.031974],[-92.714887,38.032012],[-92.71456,38.041348],[-92.719123,38.043409],[-92.71916,38.045196],[-92.721471,38.045303],[-92.721554,38.048473]]]}},{"type":"Feature","properties":{"NAME":"Irondale","state_abbr":"MO","state_name":"Missouri","ALAND":1379433},"geometry":{"type":"Polygon","coordinates":[[[-90.682532,37.842172],[-90.680775,37.842186],[-90.680694,37.838702],[-90.666548,37.840258],[-90.666337,37.838304],[-90.664155,37.838424],[-90.664124,37.840064],[-90.661975,37.840319],[-90.662076,37.831795],[-90.673871,37.833086],[-90.673401,37.831219],[-90.677653,37.828781],[-90.679997,37.832128],[-90.682532,37.842172]]]}},{"type":"Feature","properties":{"NAME":"Cedar Hill Lakes","state_abbr":"MO","state_name":"Missouri","ALAND":562673},"geometry":{"type":"Polygon","coordinates":[[[-90.666433,38.327737],[-90.664814,38.33076],[-90.656572,38.330668],[-90.655942,38.334659],[-90.648536,38.332262],[-90.648901,38.329881],[-90.655802,38.329828],[-90.65575,38.327187],[-90.66325,38.325499],[-90.666433,38.327737]]]}},{"type":"Feature","properties":{"NAME":"Kimmswick","state_abbr":"MO","state_name":"Missouri","ALAND":605331},"geometry":{"type":"Polygon","coordinates":[[[-90.372355,38.369021],[-90.367977,38.369586],[-90.367936,38.368258],[-90.35807,38.367312],[-90.359558,38.360438],[-90.361157,38.360131],[-90.361907,38.364114],[-90.364337,38.362487],[-90.363422,38.364156],[-90.364501,38.364587],[-90.365134,38.362275],[-90.364055,38.361333],[-90.366662,38.36072],[-90.366131,38.363341],[-90.37048,38.365715],[-90.372355,38.369021]],[[-90.370324,38.367034],[-90.368702,38.366375],[-90.367968,38.368737],[-90.36894,38.368846],[-90.370324,38.367034]],[[-90.367395,38.366338],[-90.36695,38.365764],[-90.366859,38.366294],[-90.367395,38.366338]]]}},{"type":"Feature","properties":{"NAME":"St. Ann","state_abbr":"MO","state_name":"Missouri","ALAND":8171952},"geometry":{"type":"Polygon","coordinates":[[[-90.405861,38.722267],[-90.403142,38.73125],[-90.398642,38.737501],[-90.391766,38.733584],[-90.389646,38.734731],[-90.386165,38.741831],[-90.382613,38.741618],[-90.37699,38.746494],[-90.370679,38.742887],[-90.371083,38.740428],[-90.369691,38.740275],[-90.372494,38.723598],[-90.373804,38.724343],[-90.374774,38.718123],[-90.378404,38.718547],[-90.379541,38.711651],[-90.388958,38.712604],[-90.389185,38.710773],[-90.397636,38.710772],[-90.401649,38.708721],[-90.404779,38.71102],[-90.402207,38.712712],[-90.401473,38.717628],[-90.40395,38.717811],[-90.403224,38.72192],[-90.405861,38.722267]]]}},{"type":"Feature","properties":{"NAME":"Mosby","state_abbr":"MO","state_name":"Missouri","ALAND":4804031},"geometry":{"type":"MultiPolygon","coordinates":[[[[-94.332965,39.301117],[-94.323516,39.311362],[-94.311736,39.318221],[-94.31408,39.320282],[-94.315409,39.319693],[-94.315454,39.324906],[-94.304701,39.324886],[-94.304775,39.331877],[-94.300215,39.331783],[-94.300193,39.334496],[-94.296859,39.33448],[-94.296786,39.338251],[-94.2909,39.338909],[-94.290885,39.330071],[-94.303827,39.330063],[-94.304766,39.323477],[-94.304705,39.321113],[-94.290993,39.322456],[-94.291087,39.311395],[-94.294666,39.313922],[-94.295548,39.310008],[-94.314219,39.310179],[-94.314186,39.31326],[-94.317278,39.312785],[-94.31962,39.308861],[-94.323308,39.306473],[-94.323535,39.302975],[-94.327203,39.300934],[-94.332965,39.301117]]],[[[-94.337691,39.309053],[-94.328223,39.313482],[-94.328253,39.310211],[-94.325608,39.310073],[-94.331815,39.30506],[-94.332995,39.306543],[-94.337708,39.306616],[-94.337691,39.309053]]]]}},{"type":"Feature","properties":{"NAME":"Newburg","state_abbr":"MO","state_name":"Missouri","ALAND":1670147},"geometry":{"type":"Polygon","coordinates":[[[-91.911881,37.922622],[-91.907255,37.92089],[-91.905214,37.917125],[-91.905107,37.921793],[-91.901379,37.921743],[-91.901332,37.926001],[-91.89608,37.921671],[-91.896151,37.918751],[-91.888532,37.925069],[-91.89074,37.921812],[-91.889683,37.920923],[-91.896184,37.917368],[-91.896423,37.907312],[-91.899793,37.906612],[-91.905433,37.907445],[-91.905278,37.914245],[-91.907131,37.91502],[-91.907249,37.919414],[-91.908839,37.9212],[-91.911845,37.920949],[-91.911881,37.922622]]]}},{"type":"Feature","properties":{"NAME":"Marshall","state_abbr":"MO","state_name":"Missouri","ALAND":26215782},"geometry":{"type":"Polygon","coordinates":[[[-93.259512,39.114441],[-93.259384,39.117908],[-93.251168,39.1191],[-93.250923,39.123553],[-93.245142,39.123415],[-93.24529,39.120013],[-93.226953,39.121399],[-93.226352,39.137706],[-93.186849,39.137173],[-93.18531,39.139113],[-93.180323,39.138922],[-93.180407,39.137054],[-93.171291,39.136957],[-93.171123,39.126207],[-93.165307,39.126233],[-93.166689,39.115435],[-93.162082,39.113207],[-93.162246,39.109457],[-93.167028,39.10822],[-93.16736,39.100827],[-93.171206,39.10092],[-93.172028,39.108131],[-93.183743,39.1082],[-93.184003,39.100896],[-93.176753,39.100885],[-93.176861,39.097168],[-93.181446,39.097211],[-93.181435,39.099729],[-93.189651,39.100956],[-93.189822,39.095554],[-93.186147,39.095469],[-93.186376,39.086369],[-93.19441,39.086484],[-93.194968,39.079153],[-93.199394,39.079174],[-93.210985,39.089258],[-93.211083,39.086638],[-93.215873,39.08676],[-93.215683,39.092074],[-93.218671,39.092204],[-93.218016,39.10635],[-93.222591,39.106353],[-93.222535,39.113727],[-93.259512,39.114441]]]}},{"type":"Feature","properties":{"NAME":"Miami","state_abbr":"MO","state_name":"Missouri","ALAND":1446987},"geometry":{"type":"Polygon","coordinates":[[[-93.234956,39.32088],[-93.232035,39.326556],[-93.212837,39.333916],[-93.212804,39.33121],[-93.218989,39.329777],[-93.221133,39.327335],[-93.219974,39.324846],[-93.221945,39.322752],[-93.225196,39.307979],[-93.22648,39.308031],[-93.227384,39.317388],[-93.234552,39.318072],[-93.234956,39.32088]]]}},{"type":"Feature","properties":{"NAME":"Slater","state_abbr":"MO","state_name":"Missouri","ALAND":3744018},"geometry":{"type":"Polygon","coordinates":[[[-93.082052,39.21734],[-93.077138,39.220302],[-93.075653,39.232271],[-93.062873,39.231826],[-93.062794,39.227871],[-93.047452,39.226886],[-93.047464,39.225739],[-93.050657,39.225979],[-93.053139,39.214679],[-93.066244,39.215124],[-93.067341,39.213699],[-93.06731,39.215163],[-93.076747,39.215483],[-93.076746,39.217225],[-93.082052,39.21734]]]}},{"type":"Feature","properties":{"NAME":"Sweet Springs","state_abbr":"MO","state_name":"Missouri","ALAND":4307043},"geometry":{"type":"Polygon","coordinates":[[[-93.42519,38.969176],[-93.425065,38.976785],[-93.418929,38.976534],[-93.418676,38.981813],[-93.414853,38.981807],[-93.41613,38.980486],[-93.415036,38.976381],[-93.40572,38.976133],[-93.406134,38.968183],[-93.401647,38.967913],[-93.401884,38.962083],[-93.411276,38.961402],[-93.411741,38.952102],[-93.41574,38.952161],[-93.416308,38.945349],[-93.420579,38.94468],[-93.42263,38.94616],[-93.419233,38.957148],[-93.424277,38.958538],[-93.424052,38.963916],[-93.42109,38.966657],[-93.42519,38.969176]]]}},{"type":"Feature","properties":{"NAME":"Nelson","state_abbr":"MO","state_name":"Missouri","ALAND":852884},"geometry":{"type":"Polygon","coordinates":[[[-93.035361,38.991567],[-93.036549,38.998983],[-93.024993,38.998198],[-93.02563,38.990921],[-93.033495,38.990188],[-93.035361,38.991567]]]}},{"type":"Feature","properties":{"NAME":"Hamilton","state_abbr":"MO","state_name":"Missouri","ALAND":3803559},"geometry":{"type":"MultiPolygon","coordinates":[[[[-93.995777,39.754908],[-93.995082,39.755539],[-93.994939,39.754905],[-93.995777,39.754908]]],[[[-94.02139,39.749328],[-94.002892,39.749442],[-94.00293,39.75579],[-94.000593,39.755802],[-94.000569,39.753085],[-93.995777,39.754908],[-93.995225,39.749502],[-93.99063,39.749537],[-93.991067,39.747139],[-93.98868,39.747137],[-93.988667,39.742328],[-93.993394,39.742277],[-93.993343,39.735043],[-93.998088,39.734015],[-93.998051,39.727709],[-94.002756,39.727661],[-94.002796,39.734991],[-94.005157,39.734941],[-94.005225,39.740287],[-94.008197,39.740237],[-94.008226,39.735065],[-94.009933,39.734001],[-94.010616,39.742126],[-94.016902,39.742062],[-94.016833,39.745694],[-94.021327,39.745686],[-94.02139,39.749328]]]]}},{"type":"Feature","properties":{"NAME":"Kidder","state_abbr":"MO","state_name":"Missouri","ALAND":1042058},"geometry":{"type":"Polygon","coordinates":[[[-94.111831,39.778924],[-94.111798,39.784372],[-94.10717,39.782646],[-94.107173,39.786218],[-94.093207,39.785684],[-94.093225,39.784238],[-94.09786,39.784268],[-94.09785,39.78245],[-94.093184,39.782386],[-94.093144,39.778702],[-94.111831,39.778924]]]}},{"type":"Feature","properties":{"NAME":"Kingston","state_abbr":"MO","state_name":"Missouri","ALAND":1344298},"geometry":{"type":"Polygon","coordinates":[[[-94.048416,39.640801],[-94.048393,39.644302],[-94.043405,39.644339],[-94.043407,39.648244],[-94.034852,39.648348],[-94.033508,39.644599],[-94.028566,39.64469],[-94.029762,39.639911],[-94.034411,39.640934],[-94.035847,39.634051],[-94.039066,39.634161],[-94.038995,39.637159],[-94.041222,39.639821],[-94.048416,39.640801]]]}},{"type":"Feature","properties":{"NAME":"Canton","state_abbr":"MO","state_name":"Missouri","ALAND":5917685},"geometry":{"type":"Polygon","coordinates":[[[-91.546106,40.127152],[-91.546106,40.133954],[-91.537662,40.134525],[-91.537548,40.141129],[-91.51148,40.141102],[-91.510839,40.126137],[-91.508183,40.118687],[-91.534293,40.11956],[-91.534248,40.117791],[-91.537416,40.117533],[-91.537423,40.119531],[-91.543344,40.119507],[-91.543991,40.127152],[-91.546106,40.127152]]]}},{"type":"Feature","properties":{"NAME":"Lewistown","state_abbr":"MO","state_name":"Missouri","ALAND":1297082},"geometry":{"type":"Polygon","coordinates":[[[-91.824182,40.088613],[-91.810265,40.089589],[-91.809324,40.090975],[-91.807678,40.090165],[-91.808754,40.087664],[-91.804517,40.087588],[-91.801993,40.085864],[-91.803516,40.083699],[-91.804034,40.085973],[-91.808694,40.084797],[-91.808806,40.078702],[-91.818454,40.078785],[-91.818838,40.086033],[-91.822103,40.086069],[-91.822076,40.087846],[-91.824182,40.088613]]]}},{"type":"Feature","properties":{"NAME":"Leslie","state_abbr":"MO","state_name":"Missouri","ALAND":441147},"geometry":{"type":"Polygon","coordinates":[[[-91.238493,38.417612],[-91.232426,38.418765],[-91.232748,38.420606],[-91.227791,38.42069],[-91.228242,38.418677],[-91.223336,38.420004],[-91.223232,38.41743],[-91.228243,38.417372],[-91.228259,38.415981],[-91.238578,38.41584],[-91.238493,38.417612]]]}},{"type":"Feature","properties":{"NAME":"Buffalo","state_abbr":"MO","state_name":"Missouri","ALAND":7449591},"geometry":{"type":"MultiPolygon","coordinates":[[[[-93.073461,37.643266],[-93.073785,37.644258],[-93.073198,37.644258],[-93.073461,37.643266]]],[[[-93.074635,37.643774],[-93.075797,37.64394],[-93.074625,37.643953],[-93.074635,37.643774]]],[[[-93.096349,37.658512],[-93.094637,37.659452],[-93.094656,37.658479],[-93.096349,37.658512]]],[[[-93.117772,37.644317],[-93.115918,37.644313],[-93.115798,37.648055],[-93.114391,37.648797],[-93.109417,37.648612],[-93.110485,37.652139],[-93.104097,37.653308],[-93.103661,37.665725],[-93.108117,37.665775],[-93.108086,37.667431],[-93.103625,37.66664],[-93.103526,37.669215],[-93.098418,37.669373],[-93.097228,37.669218],[-93.097738,37.665092],[-93.10165,37.665523],[-93.1035,37.662113],[-93.101578,37.662107],[-93.101578,37.659623],[-93.103507,37.658731],[-93.098378,37.658394],[-93.098225,37.654622],[-93.094772,37.654461],[-93.094706,37.656876],[-93.093514,37.655602],[-93.086191,37.655505],[-93.083298,37.657859],[-93.085691,37.655177],[-93.085698,37.651045],[-93.080827,37.650934],[-93.08092,37.647244],[-93.077722,37.64719],[-93.077818,37.643434],[-93.076138,37.643793],[-93.0762,37.63966],[-93.088268,37.639529],[-93.088262,37.637837],[-93.085165,37.637803],[-93.085125,37.633331],[-93.095407,37.633398],[-93.095386,37.626567],[-93.104615,37.626763],[-93.104585,37.62821],[-93.107266,37.628235],[-93.106757,37.631511],[-93.107992,37.631517],[-93.106704,37.632964],[-93.106575,37.639655],[-93.116748,37.640849],[-93.11585,37.642372],[-93.117772,37.644317]],[[-93.103712,37.655252],[-93.100266,37.654419],[-93.100184,37.656449],[-93.103661,37.656864],[-93.103712,37.655252]]]]}},{"type":"Feature","properties":{"NAME":"Urbana","state_abbr":"MO","state_name":"Missouri","ALAND":2492428},"geometry":{"type":"Polygon","coordinates":[[[-93.179295,37.839399],[-93.179087,37.842163],[-93.176859,37.842412],[-93.17686,37.846059],[-93.178695,37.846064],[-93.178653,37.847977],[-93.177239,37.84973],[-93.17249,37.848589],[-93.175135,37.853501],[-93.167889,37.852517],[-93.167826,37.848717],[-93.165426,37.846375],[-93.154665,37.845737],[-93.154876,37.840364],[-93.157238,37.840374],[-93.157408,37.834905],[-93.16084,37.834972],[-93.160747,37.838554],[-93.162947,37.838628],[-93.16307,37.835006],[-93.16424,37.834987],[-93.165391,37.835],[-93.165238,37.838662],[-93.1687,37.838633],[-93.168783,37.835128],[-93.170407,37.838622],[-93.179295,37.839399]]]}},{"type":"Feature","properties":{"NAME":"Crystal Lake Park","state_abbr":"MO","state_name":"Missouri","ALAND":251491},"geometry":{"type":"Polygon","coordinates":[[[-90.434516,38.618559],[-90.434316,38.624017],[-90.429639,38.623969],[-90.429721,38.618492],[-90.434516,38.618559]]]}},{"type":"Feature","properties":{"NAME":"Arnold","state_abbr":"MO","state_name":"Missouri","ALAND":29857409},"geometry":{"type":"Polygon","coordinates":[[[-90.419325,38.431939],[-90.41503,38.430943],[-90.415199,38.433341],[-90.416741,38.433333],[-90.414708,38.433942],[-90.417589,38.437852],[-90.415321,38.439169],[-90.419161,38.440473],[-90.419147,38.442151],[-90.410574,38.442048],[-90.392169,38.453129],[-90.392939,38.451217],[-90.391005,38.450354],[-90.375232,38.452427],[-90.352672,38.457907],[-90.337574,38.454126],[-90.336419,38.448141],[-90.341568,38.440756],[-90.347709,38.435611],[-90.349095,38.431185],[-90.347384,38.417024],[-90.349259,38.405764],[-90.345299,38.397156],[-90.344974,38.389745],[-90.347332,38.386039],[-90.370183,38.409412],[-90.379659,38.403626],[-90.383283,38.407199],[-90.385495,38.405907],[-90.387648,38.40933],[-90.388916,38.40859],[-90.392554,38.412361],[-90.397552,38.411555],[-90.400857,38.41269],[-90.40072,38.420705],[-90.404061,38.421321],[-90.402385,38.422516],[-90.405399,38.42143],[-90.405366,38.423449],[-90.409969,38.423482],[-90.409926,38.427272],[-90.407151,38.427274],[-90.411672,38.431935],[-90.414547,38.427347],[-90.419325,38.431939]]]}},{"type":"Feature","properties":{"NAME":"Ash Grove","state_abbr":"MO","state_name":"Missouri","ALAND":3440366},"geometry":{"type":"Polygon","coordinates":[[[-93.597399,37.315641],[-93.59704,37.3242],[-93.594284,37.321242],[-93.589398,37.321163],[-93.589166,37.325795],[-93.583343,37.326305],[-93.58662,37.32297],[-93.58341,37.324142],[-93.582744,37.321603],[-93.579403,37.321573],[-93.57892,37.32305],[-93.582422,37.324588],[-93.574212,37.324385],[-93.574278,37.318898],[-93.56803,37.321119],[-93.566834,37.326951],[-93.569522,37.326972],[-93.56945,37.3304],[-93.56484,37.33151],[-93.565088,37.322587],[-93.562306,37.324031],[-93.561539,37.324247],[-93.560481,37.324254],[-93.56224,37.32396],[-93.562188,37.318277],[-93.569815,37.318249],[-93.569938,37.31414],[-93.568021,37.313386],[-93.572594,37.311939],[-93.572175,37.309857],[-93.578003,37.309974],[-93.578125,37.311877],[-93.578507,37.310678],[-93.588595,37.310232],[-93.589357,37.314881],[-93.597399,37.315641]],[[-93.578659,37.323061],[-93.577867,37.32234],[-93.577849,37.32307],[-93.578659,37.323061]],[[-93.576525,37.311177],[-93.575296,37.310632],[-93.575263,37.311174],[-93.576525,37.311177]]]}},{"type":"Feature","properties":{"NAME":"Battlefield","state_abbr":"MO","state_name":"Missouri","ALAND":6646447},"geometry":{"type":"Polygon","coordinates":[[[-93.3891,37.11283],[-93.387731,37.113728],[-93.388968,37.119092],[-93.38736,37.119069],[-93.387394,37.120908],[-93.381035,37.120836],[-93.381067,37.124614],[-93.376107,37.124506],[-93.374372,37.131685],[-93.369665,37.129427],[-93.366166,37.132378],[-93.365827,37.135267],[-93.369626,37.135348],[-93.36951,37.13896],[-93.373471,37.138853],[-93.373433,37.140373],[-93.365485,37.14104],[-93.364554,37.138866],[-93.36209,37.13881],[-93.361857,37.135169],[-93.364908,37.131475],[-93.356175,37.131346],[-93.356278,37.127753],[-93.358517,37.127787],[-93.357751,37.122154],[-93.359406,37.12057],[-93.355742,37.123353],[-93.35623,37.12406],[-93.351851,37.123573],[-93.352107,37.116723],[-93.356494,37.116773],[-93.357026,37.107754],[-93.361657,37.106744],[-93.361772,37.102447],[-93.370829,37.104235],[-93.370929,37.102415],[-93.373292,37.10245],[-93.373292,37.103873],[-93.375182,37.102483],[-93.375058,37.106099],[-93.370592,37.105933],[-93.3705,37.10968],[-93.37954,37.10975],[-93.379553,37.114432],[-93.38096,37.114445],[-93.381034,37.116484],[-93.384121,37.116537],[-93.384149,37.112419],[-93.3891,37.11283]],[[-93.369432,37.126652],[-93.365178,37.125819],[-93.365165,37.126566],[-93.369432,37.126652]],[[-93.367448,37.13888],[-93.366157,37.138864],[-93.365981,37.138855],[-93.36631,37.13891],[-93.367448,37.13888]]]}},{"type":"Feature","properties":{"NAME":"Fair Grove","state_abbr":"MO","state_name":"Missouri","ALAND":8253744},"geometry":{"type":"Polygon","coordinates":[[[-93.176471,37.371938],[-93.169541,37.37582],[-93.170613,37.387823],[-93.169573,37.387795],[-93.169269,37.395188],[-93.152951,37.394843],[-93.145829,37.407677],[-93.145152,37.416106],[-93.145771,37.407437],[-93.152481,37.394834],[-93.14948,37.395373],[-93.133057,37.394292],[-93.133784,37.372519],[-93.15163,37.373668],[-93.15175,37.369477],[-93.160881,37.369368],[-93.160796,37.373234],[-93.16535,37.37318],[-93.165412,37.372049],[-93.167499,37.372133],[-93.167195,37.37333],[-93.169155,37.368839],[-93.167275,37.356118],[-93.167374,37.351746],[-93.169563,37.36845],[-93.167627,37.373334],[-93.176471,37.371938]],[[-93.149879,37.394772],[-93.149431,37.394311],[-93.149413,37.39476],[-93.149879,37.394772]]]}},{"type":"Feature","properties":{"NAME":"Hopkins","state_abbr":"MO","state_name":"Missouri","ALAND":1877498},"geometry":{"type":"Polygon","coordinates":[[[-94.829989,40.547461],[-94.82754,40.547777],[-94.828089,40.550528],[-94.825067,40.55375],[-94.820449,40.554644],[-94.821859,40.556005],[-94.820461,40.558158],[-94.811341,40.558374],[-94.811518,40.554355],[-94.807094,40.554103],[-94.807341,40.547052],[-94.811837,40.54713],[-94.811847,40.545429],[-94.821781,40.544525],[-94.82175,40.54728],[-94.829989,40.547461]]]}},{"type":"Feature","properties":{"NAME":"Corning","state_abbr":"MO","state_name":"Missouri","ALAND":283864},"geometry":{"type":"Polygon","coordinates":[[[-95.458333,40.250471],[-95.45284,40.251465],[-95.452855,40.249328],[-95.451237,40.249324],[-95.45133,40.245653],[-95.456068,40.245714],[-95.456054,40.248425],[-95.4583,40.248436],[-95.458333,40.250471]]]}},{"type":"Feature","properties":{"NAME":"Oregon","state_abbr":"MO","state_name":"Missouri","ALAND":2402750},"geometry":{"type":"Polygon","coordinates":[[[-95.153269,39.979889],[-95.152968,39.991573],[-95.145543,39.99147],[-95.143918,39.9959],[-95.141254,39.995896],[-95.141277,39.993948],[-95.137803,39.993886],[-95.137872,39.990511],[-95.133306,39.990502],[-95.13351,39.979576],[-95.146399,39.97978],[-95.15038,39.977775],[-95.148741,39.979818],[-95.153269,39.979889]]]}},{"type":"Feature","properties":{"NAME":"Allendale","state_abbr":"MO","state_name":"Missouri","ALAND":1470351},"geometry":{"type":"Polygon","coordinates":[[[-94.296124,40.479908],[-94.295643,40.490761],[-94.28157,40.490799],[-94.281502,40.479973],[-94.296124,40.479908]]]}},{"type":"Feature","properties":{"NAME":"Irena","state_abbr":"MO","state_name":"Missouri","ALAND":2282075},"geometry":{"type":"Polygon","coordinates":[[[-94.398048,40.532061],[-94.393991,40.553585],[-94.389071,40.553491],[-94.38879,40.545011],[-94.383721,40.544856],[-94.38382,40.53931],[-94.380475,40.539078],[-94.380813,40.531902],[-94.398048,40.532061]]]}},{"type":"Feature","properties":{"NAME":"Bolckow","state_abbr":"MO","state_name":"Missouri","ALAND":841590},"geometry":{"type":"Polygon","coordinates":[[[-94.826431,40.109539],[-94.826181,40.116609],[-94.824181,40.116697],[-94.824096,40.120257],[-94.816112,40.120278],[-94.815504,40.113106],[-94.819186,40.113181],[-94.820727,40.109513],[-94.826431,40.109539]]]}},{"type":"Feature","properties":{"NAME":"Airport Drive","state_abbr":"MO","state_name":"Missouri","ALAND":5189083},"geometry":{"type":"Polygon","coordinates":[[[-94.529518,37.128705],[-94.528838,37.143256],[-94.524185,37.143121],[-94.52404,37.150693],[-94.519005,37.150663],[-94.519036,37.14928],[-94.514917,37.147891],[-94.514656,37.157321],[-94.505427,37.156958],[-94.506677,37.128075],[-94.529518,37.128705]]]}},{"type":"Feature","properties":{"NAME":"Alba","state_abbr":"MO","state_name":"Missouri","ALAND":851218},"geometry":{"type":"Polygon","coordinates":[[[-94.423758,37.235019],[-94.421976,37.236118],[-94.421939,37.242248],[-94.413578,37.242055],[-94.413487,37.231851],[-94.420218,37.231918],[-94.420975,37.234995],[-94.423758,37.235019]]]}},{"type":"Feature","properties":{"NAME":"Avilla","state_abbr":"MO","state_name":"Missouri","ALAND":506308},"geometry":{"type":"Polygon","coordinates":[[[-94.132271,37.18814],[-94.131831,37.199588],[-94.127422,37.199482],[-94.127743,37.188103],[-94.132271,37.18814]]]}},{"type":"Feature","properties":{"NAME":"Carl Junction","state_abbr":"MO","state_name":"Missouri","ALAND":14172651},"geometry":{"type":"Polygon","coordinates":[[[-94.581271,37.179754],[-94.578568,37.184413],[-94.579147,37.187987],[-94.567894,37.187613],[-94.568386,37.184842],[-94.565616,37.180723],[-94.559071,37.180833],[-94.558937,37.184363],[-94.556836,37.184321],[-94.556647,37.187406],[-94.56389,37.187619],[-94.563269,37.195854],[-94.561165,37.196104],[-94.560935,37.199472],[-94.558737,37.199393],[-94.553667,37.190933],[-94.554416,37.183325],[-94.547628,37.184692],[-94.545232,37.182319],[-94.54279,37.174237],[-94.532188,37.161251],[-94.530135,37.161501],[-94.542578,37.174424],[-94.543073,37.176157],[-94.543455,37.180681],[-94.547351,37.187171],[-94.543261,37.180784],[-94.542373,37.174449],[-94.5299,37.161526],[-94.529208,37.165131],[-94.525607,37.163789],[-94.521869,37.168435],[-94.518786,37.167992],[-94.515124,37.169884],[-94.51259,37.167222],[-94.510047,37.157199],[-94.519172,37.157433],[-94.519005,37.150663],[-94.525358,37.151593],[-94.524063,37.148086],[-94.525689,37.151567],[-94.527586,37.15158],[-94.524185,37.143121],[-94.548298,37.143732],[-94.550987,37.147429],[-94.551022,37.158517],[-94.556573,37.158492],[-94.557353,37.161747],[-94.56432,37.165978],[-94.564349,37.16945],[-94.572296,37.169704],[-94.572305,37.173497],[-94.579941,37.172992],[-94.579668,37.179304],[-94.581271,37.179754]],[[-94.571623,37.183107],[-94.569057,37.180662],[-94.568028,37.18305],[-94.571623,37.183107]],[[-94.571677,37.173467],[-94.570148,37.173039],[-94.570105,37.173418],[-94.571677,37.173467]],[[-94.529995,37.157809],[-94.52804,37.152614],[-94.526134,37.152629],[-94.528404,37.15767],[-94.529995,37.157809]],[[-94.526092,37.153205],[-94.524012,37.152688],[-94.523758,37.157545],[-94.528119,37.157655],[-94.526092,37.153205]]]}},{"type":"Feature","properties":{"NAME":"Carterville","state_abbr":"MO","state_name":"Missouri","ALAND":6751227},"geometry":{"type":"Polygon","coordinates":[[[-94.452005,37.134985],[-94.450784,37.16268],[-94.432364,37.162553],[-94.432815,37.148773],[-94.424424,37.148158],[-94.424561,37.141135],[-94.420184,37.141081],[-94.420506,37.133857],[-94.449591,37.134238],[-94.452005,37.134985]]]}},{"type":"Feature","properties":{"NAME":"Carytown","state_abbr":"MO","state_name":"Missouri","ALAND":37379743},"geometry":{"type":"Polygon","coordinates":[[[-94.36388,37.22777],[-94.362348,37.278513],[-94.357342,37.278439],[-94.357352,37.289729],[-94.358141,37.292312],[-94.36103,37.292348],[-94.361028,37.297419],[-94.310528,37.2963],[-94.311338,37.291574],[-94.305513,37.291519],[-94.307914,37.227386],[-94.36388,37.22777]]]}},{"type":"Feature","properties":{"NAME":"Duenweg","state_abbr":"MO","state_name":"Missouri","ALAND":7893486},"geometry":{"type":"Polygon","coordinates":[[[-94.444231,37.079905],[-94.431385,37.079692],[-94.429112,37.087079],[-94.427104,37.087058],[-94.427205,37.083371],[-94.422471,37.083284],[-94.421761,37.101192],[-94.417418,37.10109],[-94.417576,37.097523],[-94.403726,37.097365],[-94.403873,37.093914],[-94.399309,37.093895],[-94.399282,37.095387],[-94.394557,37.095733],[-94.394525,37.097272],[-94.388826,37.097224],[-94.388704,37.095353],[-94.385805,37.09544],[-94.38836,37.094826],[-94.389942,37.090213],[-94.404051,37.089847],[-94.392467,37.088863],[-94.39259,37.087104],[-94.396048,37.087456],[-94.395224,37.079907],[-94.404416,37.080085],[-94.404839,37.070778],[-94.399623,37.072061],[-94.399734,37.068565],[-94.411508,37.067073],[-94.411475,37.068729],[-94.419836,37.068835],[-94.418376,37.074243],[-94.426084,37.07555],[-94.426394,37.073961],[-94.426616,37.076303],[-94.433954,37.076318],[-94.436263,37.078762],[-94.436601,37.076337],[-94.441198,37.076364],[-94.441135,37.079481],[-94.444231,37.079905]]]}},{"type":"Feature","properties":{"NAME":"Duquesne","state_abbr":"MO","state_name":"Missouri","ALAND":5038312},"geometry":{"type":"MultiPolygon","coordinates":[[[[-94.43369,37.065364],[-94.433399,37.065792],[-94.433385,37.065368],[-94.43369,37.065364]]],[[[-94.439334,37.056808],[-94.437326,37.057504],[-94.438729,37.056273],[-94.437414,37.05491],[-94.43915,37.055159],[-94.439334,37.056808]]],[[[-94.441726,37.055476],[-94.440742,37.055432],[-94.4409,37.055201],[-94.441726,37.055476]]],[[[-94.441733,37.056912],[-94.441723,37.061861],[-94.437214,37.061811],[-94.437141,37.064042],[-94.4296,37.063897],[-94.430981,37.060482],[-94.441733,37.056912]],[[-94.438054,37.060594],[-94.43725,37.060025],[-94.437233,37.060576],[-94.438054,37.060594]]],[[[-94.474131,37.076264],[-94.468824,37.07696],[-94.467953,37.087355],[-94.454391,37.087262],[-94.45445,37.085576],[-94.457793,37.084383],[-94.457926,37.08018],[-94.452793,37.079624],[-94.454448,37.072591],[-94.452262,37.072598],[-94.452272,37.069374],[-94.450531,37.069353],[-94.450455,37.072578],[-94.44926,37.072586],[-94.449391,37.069328],[-94.443717,37.069269],[-94.443727,37.072974],[-94.442305,37.069247],[-94.436881,37.06899],[-94.442431,37.069067],[-94.440636,37.063492],[-94.441723,37.061861],[-94.459894,37.062132],[-94.460168,37.054764],[-94.463051,37.054846],[-94.462822,37.063888],[-94.469158,37.064062],[-94.468725,37.074959],[-94.474131,37.076264]],[[-94.459876,37.062856],[-94.455383,37.062813],[-94.455383,37.063636],[-94.458367,37.063644],[-94.459876,37.062856]],[[-94.448492,37.065801],[-94.445539,37.06687],[-94.44558,37.065783],[-94.442732,37.065767],[-94.442749,37.069065],[-94.447165,37.069114],[-94.448492,37.065801]]]]}},{"type":"Feature","properties":{"NAME":"Anderson","state_abbr":"MO","state_name":"Missouri","ALAND":5887165},"geometry":{"type":"Polygon","coordinates":[[[-94.480485,36.647574],[-94.471709,36.647255],[-94.468321,36.646527],[-94.466496,36.647319],[-94.453263,36.648324],[-94.454735,36.653604],[-94.456839,36.653833],[-94.456564,36.655379],[-94.461385,36.655421],[-94.461075,36.660398],[-94.463685,36.660941],[-94.461054,36.66061],[-94.460655,36.665356],[-94.443326,36.664884],[-94.442896,36.670193],[-94.44023,36.6701],[-94.440486,36.667298],[-94.438957,36.667266],[-94.439236,36.658208],[-94.43486,36.658125],[-94.43456,36.661277],[-94.430338,36.661256],[-94.428673,36.653225],[-94.425866,36.650949],[-94.420408,36.650383],[-94.420707,36.648538],[-94.427083,36.648866],[-94.428895,36.653002],[-94.436523,36.651067],[-94.427268,36.641548],[-94.421094,36.628859],[-94.417135,36.628775],[-94.415226,36.621429],[-94.41977,36.624294],[-94.427547,36.641494],[-94.433958,36.648345],[-94.435402,36.646272],[-94.434015,36.643681],[-94.436745,36.643865],[-94.435661,36.63923],[-94.442236,36.641055],[-94.442658,36.643786],[-94.439423,36.643788],[-94.441148,36.647534],[-94.439803,36.648353],[-94.445898,36.648218],[-94.448987,36.644281],[-94.4523,36.644365],[-94.454881,36.640995],[-94.457634,36.641046],[-94.457436,36.645547],[-94.461964,36.645834],[-94.461837,36.64686],[-94.468347,36.646339],[-94.480485,36.647574]]]}},{"type":"Feature","properties":{"NAME":"Fordland","state_abbr":"MO","state_name":"Missouri","ALAND":2863304},"geometry":{"type":"Polygon","coordinates":[[[-92.973696,37.131225],[-92.95067,37.150378],[-92.951134,37.153376],[-92.955159,37.152874],[-92.954897,37.162845],[-92.95109,37.162837],[-92.951125,37.160233],[-92.946558,37.160128],[-92.946133,37.161278],[-92.941119,37.159892],[-92.941063,37.161958],[-92.936776,37.159711],[-92.927611,37.161883],[-92.918943,37.15983],[-92.901264,37.160663],[-92.926024,37.158939],[-92.926058,37.156074],[-92.933674,37.154975],[-92.933742,37.153347],[-92.935169,37.154983],[-92.936715,37.151703],[-92.939556,37.151624],[-92.939564,37.149584],[-92.94982,37.150528],[-92.973696,37.131225]]]}},{"type":"Feature","properties":{"NAME":"Goodman","state_abbr":"MO","state_name":"Missouri","ALAND":3436498},"geometry":{"type":"Polygon","coordinates":[[[-94.423556,36.738146],[-94.423405,36.742117],[-94.420382,36.741993],[-94.42006,36.745295],[-94.411947,36.745944],[-94.412343,36.750019],[-94.41118,36.747573],[-94.404578,36.747814],[-94.404635,36.746079],[-94.398907,36.747225],[-94.399196,36.741652],[-94.397044,36.740838],[-94.397136,36.739151],[-94.399198,36.739204],[-94.399708,36.729953],[-94.408603,36.730284],[-94.408658,36.729212],[-94.421618,36.730233],[-94.417841,36.730601],[-94.417295,36.735364],[-94.419561,36.735916],[-94.418,36.739148],[-94.422956,36.739982],[-94.423556,36.738146]]]}},{"type":"Feature","properties":{"NAME":"Noel","state_abbr":"MO","state_name":"Missouri","ALAND":5245439},"geometry":{"type":"Polygon","coordinates":[[[-94.506985,36.558515],[-94.50558,36.560012],[-94.496187,36.559204],[-94.493136,36.557204],[-94.492599,36.553104],[-94.490674,36.552161],[-94.48867,36.554415],[-94.491651,36.556151],[-94.491059,36.558122],[-94.488543,36.558857],[-94.486718,36.555205],[-94.481599,36.557932],[-94.483007,36.548778],[-94.479583,36.551],[-94.477295,36.550693],[-94.47462,36.547137],[-94.476428,36.545364],[-94.472209,36.545375],[-94.472326,36.543682],[-94.481105,36.544006],[-94.482344,36.515027],[-94.486273,36.519333],[-94.488601,36.529775],[-94.493456,36.530792],[-94.490597,36.532439],[-94.490797,36.53631],[-94.489379,36.536583],[-94.490158,36.540869],[-94.494777,36.541063],[-94.494576,36.544597],[-94.502981,36.544898],[-94.50291,36.548236],[-94.500373,36.551676],[-94.502485,36.552042],[-94.506985,36.558515]]]}},{"type":"Feature","properties":{"NAME":"Pineville","state_abbr":"MO","state_name":"Missouri","ALAND":8526692},"geometry":{"type":"Polygon","coordinates":[[[-94.416268,36.621029],[-94.411408,36.62063],[-94.410924,36.618656],[-94.412849,36.618206],[-94.411992,36.616072],[-94.405742,36.616008],[-94.407366,36.610655],[-94.408329,36.613831],[-94.410859,36.613808],[-94.408677,36.609785],[-94.401607,36.607758],[-94.402544,36.603778],[-94.396003,36.603149],[-94.395102,36.60439],[-94.395052,36.603179],[-94.392398,36.602543],[-94.38851,36.598926],[-94.382036,36.598858],[-94.380099,36.602915],[-94.374939,36.60859],[-94.380648,36.601176],[-94.379837,36.59868],[-94.37289,36.598704],[-94.37289,36.597627],[-94.376398,36.595316],[-94.378543,36.590198],[-94.382672,36.58828],[-94.379276,36.58735],[-94.379389,36.584832],[-94.381269,36.58453],[-94.369753,36.583934],[-94.371243,36.583903],[-94.371609,36.57821],[-94.351746,36.564961],[-94.340483,36.560384],[-94.357869,36.566725],[-94.384043,36.564912],[-94.389144,36.573234],[-94.391992,36.533064],[-94.396942,36.533237],[-94.396898,36.53173],[-94.400085,36.533947],[-94.398278,36.575818],[-94.40342,36.5796],[-94.39663,36.579972],[-94.396133,36.583018],[-94.407652,36.600726],[-94.410212,36.603865],[-94.41313,36.604399],[-94.412071,36.609085],[-94.416268,36.621029]],[[-94.407392,36.608294],[-94.406758,36.607306],[-94.405759,36.607683],[-94.405737,36.608635],[-94.407392,36.608294]],[[-94.407075,36.604604],[-94.405805,36.599163],[-94.396237,36.584358],[-94.391768,36.58117],[-94.392056,36.585788],[-94.39084,36.587445],[-94.391633,36.58121],[-94.387442,36.582645],[-94.386232,36.58707],[-94.388786,36.590065],[-94.393304,36.58824],[-94.393192,36.594744],[-94.40262,36.600451],[-94.405954,36.604876],[-94.407075,36.604604]],[[-94.405521,36.604682],[-94.402378,36.600633],[-94.393176,36.595093],[-94.39314,36.599124],[-94.388677,36.598932],[-94.393255,36.602713],[-94.400793,36.602874],[-94.405521,36.604682]],[[-94.394192,36.576159],[-94.391146,36.57599],[-94.393901,36.580211],[-94.394333,36.580068],[-94.394192,36.576159]],[[-94.39324,36.580421],[-94.387231,36.571898],[-94.381558,36.567123],[-94.359348,36.567551],[-94.359353,36.569367],[-94.377461,36.582251],[-94.379483,36.58297],[-94.380416,36.581144],[-94.379988,36.583678],[-94.381007,36.584172],[-94.38475,36.581964],[-94.386849,36.582905],[-94.388022,36.582047],[-94.39324,36.580421]],[[-94.37791,36.582784],[-94.376702,36.581964],[-94.375892,36.581342],[-94.375899,36.58403],[-94.37791,36.582784]],[[-94.374661,36.580781],[-94.374606,36.580374],[-94.374427,36.580678],[-94.374661,36.580781]]]}},{"type":"Feature","properties":{"NAME":"Southwest City","state_abbr":"MO","state_name":"Missouri","ALAND":3790298},"geometry":{"type":"Polygon","coordinates":[[[-94.617841,36.507524],[-94.617583,36.536239],[-94.608305,36.534912],[-94.608331,36.533648],[-94.5986,36.533367],[-94.598159,36.541369],[-94.606623,36.541783],[-94.606561,36.544655],[-94.59751,36.544296],[-94.598097,36.533532],[-94.589107,36.533228],[-94.597859,36.53318],[-94.598535,36.529554],[-94.602642,36.529626],[-94.603385,36.52443],[-94.607921,36.522981],[-94.60794,36.51919],[-94.603321,36.519079],[-94.604384,36.51128],[-94.602174,36.507735],[-94.602894,36.506163],[-94.599738,36.504149],[-94.611278,36.504433],[-94.6111,36.507481],[-94.615124,36.507521],[-94.617551,36.505137],[-94.617857,36.499532],[-94.617734,36.50519],[-94.615501,36.507524],[-94.617841,36.507524]],[[-94.611812,36.526971],[-94.607509,36.526768],[-94.607566,36.524159],[-94.604775,36.524191],[-94.603406,36.529953],[-94.599023,36.529909],[-94.600112,36.53141],[-94.598797,36.532265],[-94.60898,36.533367],[-94.611356,36.53174],[-94.611812,36.526971]]]}},{"type":"Feature","properties":{"NAME":"Skidmore","state_abbr":"MO","state_name":"Missouri","ALAND":862164},"geometry":{"type":"Polygon","coordinates":[[[-95.085287,40.28481],[-95.085066,40.292271],[-95.07934,40.29307],[-95.078428,40.289922],[-95.070819,40.289961],[-95.070918,40.28637],[-95.075661,40.286329],[-95.075655,40.284871],[-95.079954,40.284848],[-95.079799,40.282653],[-95.083673,40.282625],[-95.083761,40.284822],[-95.085287,40.28481]]]}},{"type":"Feature","properties":{"NAME":"Jasper","state_abbr":"MO","state_name":"Missouri","ALAND":2869978},"geometry":{"type":"Polygon","coordinates":[[[-94.311657,37.329089],[-94.311101,37.34354],[-94.292668,37.343338],[-94.292522,37.335892],[-94.288453,37.335818],[-94.288535,37.333953],[-94.297775,37.332323],[-94.298042,37.325128],[-94.307238,37.32537],[-94.30715,37.328421],[-94.311657,37.329089]]]}},{"type":"Feature","properties":{"NAME":"Neck City","state_abbr":"MO","state_name":"Missouri","ALAND":1016654},"geometry":{"type":"Polygon","coordinates":[[[-94.451018,37.253595],[-94.448828,37.253594],[-94.448685,37.260692],[-94.440065,37.260641],[-94.440072,37.249722],[-94.451018,37.249769],[-94.451018,37.253595]]]}},{"type":"Feature","properties":{"NAME":"Oronogo","state_abbr":"MO","state_name":"Missouri","ALAND":6438165},"geometry":{"type":"Polygon","coordinates":[[[-94.482042,37.179543],[-94.481577,37.197864],[-94.463545,37.198599],[-94.460774,37.1975],[-94.460789,37.199295],[-94.464153,37.199356],[-94.463685,37.211073],[-94.458555,37.211092],[-94.457883,37.204097],[-94.450894,37.204138],[-94.45103,37.199339],[-94.424446,37.198906],[-94.451026,37.199042],[-94.450989,37.196699],[-94.455159,37.196687],[-94.455277,37.192209],[-94.451038,37.194907],[-94.451045,37.192168],[-94.453703,37.192208],[-94.455408,37.18846],[-94.446266,37.190082],[-94.446194,37.193271],[-94.437627,37.193265],[-94.437673,37.18808],[-94.446331,37.18821],[-94.446405,37.186178],[-94.449022,37.186184],[-94.448943,37.188116],[-94.455417,37.188095],[-94.45532,37.184738],[-94.457777,37.184761],[-94.458085,37.174981],[-94.460664,37.177232],[-94.460633,37.179284],[-94.463671,37.18039],[-94.467653,37.178963],[-94.47516,37.181924],[-94.482042,37.179543]],[[-94.457815,37.185996],[-94.456078,37.185443],[-94.456078,37.185999],[-94.457815,37.185996]]]}},{"type":"Feature","properties":{"NAME":"Purcell","state_abbr":"MO","state_name":"Missouri","ALAND":1126013},"geometry":{"type":"MultiPolygon","coordinates":[[[[-94.431368,37.237973],[-94.430449,37.238739],[-94.430454,37.237975],[-94.431368,37.237973]]],[[[-94.447537,37.243507],[-94.444797,37.243485],[-94.444664,37.246194],[-94.447481,37.249766],[-94.440072,37.249722],[-94.44012,37.246016],[-94.43121,37.244112],[-94.431348,37.238757],[-94.445005,37.238979],[-94.444805,37.242607],[-94.447537,37.243507]]]]}},{"type":"Feature","properties":{"NAME":"Altenburg","state_abbr":"MO","state_name":"Missouri","ALAND":2718983},"geometry":{"type":"Polygon","coordinates":[[[-89.608171,37.628846],[-89.604711,37.630881],[-89.606488,37.630968],[-89.606476,37.633503],[-89.60426,37.633539],[-89.604247,37.629834],[-89.601582,37.629774],[-89.601613,37.63171],[-89.594979,37.630134],[-89.595029,37.633727],[-89.585597,37.633754],[-89.585559,37.636383],[-89.581191,37.636456],[-89.581165,37.633824],[-89.577158,37.633841],[-89.576166,37.635285],[-89.576141,37.633855],[-89.567207,37.63391],[-89.563858,37.640503],[-89.560224,37.638943],[-89.567007,37.630181],[-89.580905,37.630212],[-89.580837,37.625723],[-89.589842,37.625636],[-89.590555,37.626726],[-89.590439,37.622604],[-89.591758,37.62133],[-89.595031,37.621329],[-89.594851,37.626571],[-89.608148,37.626429],[-89.608171,37.628846]],[[-89.584912,37.63446],[-89.582029,37.633821],[-89.582004,37.634509],[-89.584912,37.63446]]]}},{"type":"Feature","properties":{"NAME":"Perryville","state_abbr":"MO","state_name":"Missouri","ALAND":21135035},"geometry":{"type":"Polygon","coordinates":[[[-89.919278,37.724483],[-89.913905,37.729155],[-89.910607,37.726765],[-89.906348,37.726406],[-89.904629,37.728169],[-89.907187,37.729814],[-89.904293,37.731128],[-89.905416,37.73345],[-89.896371,37.731841],[-89.896679,37.734136],[-89.888247,37.736107],[-89.885883,37.739382],[-89.881048,37.73914],[-89.881071,37.745288],[-89.883683,37.74529],[-89.8814,37.749178],[-89.893685,37.758631],[-89.898361,37.759571],[-89.899423,37.762604],[-89.886156,37.754142],[-89.884595,37.752251],[-89.883765,37.752993],[-89.881218,37.749162],[-89.879023,37.751922],[-89.882563,37.752387],[-89.882456,37.755695],[-89.864582,37.75422],[-89.858846,37.748013],[-89.857323,37.748499],[-89.858284,37.742269],[-89.851369,37.738504],[-89.851457,37.731341],[-89.837794,37.731226],[-89.837864,37.717681],[-89.843209,37.720281],[-89.848696,37.715192],[-89.849474,37.716295],[-89.852247,37.714188],[-89.852121,37.709719],[-89.855407,37.708867],[-89.861747,37.713341],[-89.861882,37.71075],[-89.864623,37.709056],[-89.866791,37.709904],[-89.86611,37.712205],[-89.863068,37.711427],[-89.865304,37.715385],[-89.869892,37.715308],[-89.869606,37.711709],[-89.871407,37.713604],[-89.870069,37.71406],[-89.870265,37.715216],[-89.869523,37.715613],[-89.869591,37.717029],[-89.873986,37.714294],[-89.875328,37.715152],[-89.876039,37.712648],[-89.871517,37.71117],[-89.873074,37.707871],[-89.875962,37.70876],[-89.874134,37.706426],[-89.876644,37.703831],[-89.870792,37.699721],[-89.871078,37.696625],[-89.872705,37.699623],[-89.8751,37.70056],[-89.881249,37.699068],[-89.881586,37.701727],[-89.886129,37.703965],[-89.880344,37.696871],[-89.881291,37.696366],[-89.887812,37.704206],[-89.888686,37.7033],[-89.891105,37.705376],[-89.893882,37.705272],[-89.897373,37.69951],[-89.899402,37.700294],[-89.8969,37.700484],[-89.894908,37.703826],[-89.899902,37.706168],[-89.899899,37.708964],[-89.893705,37.709636],[-89.898809,37.717786],[-89.900729,37.714912],[-89.901707,37.715389],[-89.899919,37.717942],[-89.906204,37.718906],[-89.904846,37.717398],[-89.90634,37.714609],[-89.904896,37.713738],[-89.9049,37.710038],[-89.907162,37.710044],[-89.908868,37.714622],[-89.910362,37.714627],[-89.910689,37.71869],[-89.91497,37.717062],[-89.916889,37.719],[-89.915303,37.720065],[-89.916515,37.722467],[-89.919278,37.724483]],[[-89.890518,37.735337],[-89.888895,37.734492],[-89.888737,37.734919],[-89.890518,37.735337]],[[-89.886993,37.705054],[-89.886662,37.704595],[-89.886428,37.70471],[-89.886993,37.705054]],[[-89.875632,37.749623],[-89.872505,37.749258],[-89.871905,37.750216],[-89.875376,37.750614],[-89.875632,37.749623]],[[-89.868996,37.716949],[-89.868978,37.716332],[-89.868703,37.716925],[-89.868996,37.716949]],[[-89.864913,37.746861],[-89.859202,37.747842],[-89.864195,37.753496],[-89.864772,37.751536],[-89.864913,37.746861]],[[-89.864589,37.715306],[-89.86389,37.713713],[-89.86276,37.713835],[-89.863429,37.715609],[-89.864589,37.715306]],[[-89.863566,37.74639],[-89.861501,37.745979],[-89.862583,37.744506],[-89.860529,37.743464],[-89.858975,37.744127],[-89.858699,37.742455],[-89.858715,37.747193],[-89.863566,37.74639]],[[-89.881586,37.701727],[-89.87976,37.70061],[-89.878997,37.701408],[-89.87929,37.702565],[-89.881586,37.701727]]]}},{"type":"Feature","properties":{"NAME":"Longtown","state_abbr":"MO","state_name":"Missouri","ALAND":323299},"geometry":{"type":"Polygon","coordinates":[[[-89.77873,37.670756],[-89.778651,37.673703],[-89.775178,37.672951],[-89.768673,37.668919],[-89.770617,37.667342],[-89.776147,37.667897],[-89.776231,37.670574],[-89.77873,37.670756]]]}},{"type":"Feature","properties":{"NAME":"Sarcoxie","state_abbr":"MO","state_name":"Missouri","ALAND":3629416},"geometry":{"type":"MultiPolygon","coordinates":[[[[-94.12238,37.058115],[-94.119926,37.058045],[-94.120068,37.0548],[-94.122604,37.054855],[-94.12238,37.058115]]],[[[-94.155742,37.07229],[-94.133101,37.07186],[-94.132416,37.074723],[-94.130743,37.074722],[-94.130635,37.078728],[-94.130455,37.075404],[-94.126109,37.075358],[-94.126037,37.077048],[-94.124516,37.077048],[-94.12513,37.075148],[-94.117643,37.074946],[-94.117161,37.077935],[-94.115917,37.077934],[-94.115685,37.074873],[-94.112432,37.074762],[-94.112498,37.071458],[-94.111318,37.071467],[-94.106061,37.07437],[-94.108028,37.07466],[-94.108066,37.076007],[-94.105513,37.07564],[-94.106666,37.077538],[-94.105389,37.077358],[-94.105371,37.079222],[-94.103773,37.077778],[-94.103837,37.075765],[-94.107403,37.072753],[-94.110221,37.071354],[-94.112504,37.071146],[-94.112972,37.060337],[-94.119747,37.060429],[-94.119909,37.05923],[-94.120741,37.060469],[-94.126433,37.060622],[-94.126006,37.053006],[-94.12368,37.051388],[-94.119318,37.051392],[-94.119271,37.049508],[-94.120974,37.049596],[-94.126381,37.052977],[-94.126704,37.06063],[-94.131765,37.06078],[-94.131715,37.063765],[-94.134808,37.063872],[-94.133868,37.071545],[-94.155742,37.07229]]],[[[-94.171232,37.079725],[-94.164473,37.080164],[-94.167171,37.077359],[-94.16736,37.072683],[-94.159115,37.072367],[-94.159081,37.074273],[-94.162812,37.074308],[-94.162764,37.076105],[-94.1561,37.07596],[-94.155742,37.07229],[-94.167575,37.072486],[-94.16731,37.078948],[-94.171232,37.079725]]]]}},{"type":"Feature","properties":{"NAME":"Allenville","state_abbr":"MO","state_name":"Missouri","ALAND":400498},"geometry":{"type":"Polygon","coordinates":[[[-89.760305,37.220067],[-89.759393,37.224116],[-89.756671,37.222936],[-89.749096,37.226179],[-89.75188,37.223685],[-89.753004,37.220414],[-89.751947,37.218735],[-89.757371,37.218843],[-89.760305,37.220067]]]}},{"type":"Feature","properties":{"NAME":"Gordonville","state_abbr":"MO","state_name":"Missouri","ALAND":2020963},"geometry":{"type":"Polygon","coordinates":[[[-89.687258,37.313367],[-89.674889,37.313894],[-89.674142,37.315762],[-89.67041,37.315603],[-89.669466,37.320604],[-89.663893,37.320122],[-89.665975,37.313041],[-89.665488,37.304509],[-89.68024,37.305354],[-89.685312,37.308559],[-89.687258,37.313367]]]}},{"type":"Feature","properties":{"NAME":"Old Appleton","state_abbr":"MO","state_name":"Missouri","ALAND":312653},"geometry":{"type":"Polygon","coordinates":[[[-89.714339,37.596371],[-89.712263,37.598358],[-89.710236,37.597032],[-89.70746,37.589945],[-89.711428,37.589932],[-89.714339,37.596371]]]}},{"type":"Feature","properties":{"NAME":"Hermitage","state_abbr":"MO","state_name":"Missouri","ALAND":3357982},"geometry":{"type":"Polygon","coordinates":[[[-93.352141,37.948068],[-93.345464,37.948955],[-93.345384,37.952843],[-93.337313,37.952611],[-93.337383,37.950103],[-93.331601,37.950172],[-93.331356,37.952779],[-93.322594,37.952509],[-93.323106,37.944367],[-93.315984,37.943591],[-93.314783,37.946056],[-93.309747,37.945546],[-93.306436,37.941924],[-93.30591,37.938519],[-93.308002,37.932511],[-93.309979,37.931775],[-93.315569,37.933802],[-93.316286,37.937295],[-93.321254,37.941939],[-93.325252,37.942712],[-93.328725,37.940478],[-93.332906,37.940663],[-93.332719,37.944537],[-93.345571,37.944748],[-93.352141,37.948068]]]}},{"type":"Feature","properties":{"NAME":"Preston","state_abbr":"MO","state_name":"Missouri","ALAND":1953264},"geometry":{"type":"Polygon","coordinates":[[[-93.226059,37.940208],[-93.226003,37.942446],[-93.218527,37.942372],[-93.218317,37.948132],[-93.206518,37.947922],[-93.206675,37.941971],[-93.19875,37.941744],[-93.198768,37.939928],[-93.206797,37.939893],[-93.206919,37.933784],[-93.218805,37.934008],[-93.218614,37.940016],[-93.226059,37.940208]]]}},{"type":"Feature","properties":{"NAME":"Weaubleau","state_abbr":"MO","state_name":"Missouri","ALAND":2240240},"geometry":{"type":"Polygon","coordinates":[[[-93.551616,37.888821],[-93.551256,37.897097],[-93.545869,37.896406],[-93.54578,37.897866],[-93.542823,37.898619],[-93.532392,37.896884],[-93.532556,37.892092],[-93.527951,37.892063],[-93.528162,37.886087],[-93.542236,37.886386],[-93.542304,37.884794],[-93.546759,37.885121],[-93.546678,37.888291],[-93.551616,37.888821]]]}},{"type":"Feature","properties":{"NAME":"Wheatland","state_abbr":"MO","state_name":"Missouri","ALAND":3024086},"geometry":{"type":"Polygon","coordinates":[[[-93.420035,37.946808],[-93.409,37.946886],[-93.408149,37.950643],[-93.402475,37.950561],[-93.400283,37.965309],[-93.401132,37.949666],[-93.399097,37.949658],[-93.399055,37.946652],[-93.389135,37.946495],[-93.395543,37.945981],[-93.395567,37.944749],[-93.392815,37.943719],[-93.392873,37.942343],[-93.387477,37.942381],[-93.387796,37.931855],[-93.401647,37.932137],[-93.401919,37.925664],[-93.403012,37.925709],[-93.402744,37.932172],[-93.406283,37.932326],[-93.40624,37.933974],[-93.403022,37.933874],[-93.402919,37.938295],[-93.409281,37.938418],[-93.40756,37.945477],[-93.420035,37.946808]]]}},{"type":"Feature","properties":{"NAME":"Whitewater","state_abbr":"MO","state_name":"Missouri","ALAND":555202},"geometry":{"type":"Polygon","coordinates":[[[-89.803183,37.237768],[-89.798942,37.24146],[-89.79231,37.237883],[-89.797548,37.232507],[-89.80189,37.234],[-89.80019,37.236022],[-89.803183,37.237768]]]}},{"type":"Feature","properties":{"NAME":"Oak Ridge","state_abbr":"MO","state_name":"Missouri","ALAND":1531334},"geometry":{"type":"Polygon","coordinates":[[[-89.739885,37.503541],[-89.730666,37.504418],[-89.730012,37.506242],[-89.727771,37.506255],[-89.727758,37.504428],[-89.723604,37.504089],[-89.724052,37.497218],[-89.718689,37.497122],[-89.7197,37.495338],[-89.724392,37.495102],[-89.724414,37.49327],[-89.729983,37.493308],[-89.729719,37.490022],[-89.733409,37.490096],[-89.73447,37.500982],[-89.739899,37.500827],[-89.739885,37.503541]]]}},{"type":"Feature","properties":{"NAME":"Greenville","state_abbr":"MO","state_name":"Missouri","ALAND":1747671},"geometry":{"type":"Polygon","coordinates":[[[-90.456217,37.129121],[-90.45417,37.132029],[-90.451706,37.131974],[-90.451671,37.135947],[-90.442367,37.135567],[-90.442364,37.131309],[-90.437868,37.131305],[-90.437901,37.127699],[-90.442644,37.127694],[-90.442448,37.120666],[-90.452395,37.120774],[-90.451875,37.126337],[-90.456217,37.129121]]]}},{"type":"Feature","properties":{"NAME":"Mill Spring","state_abbr":"MO","state_name":"Missouri","ALAND":1139613},"geometry":{"type":"Polygon","coordinates":[[[-90.686607,37.06325],[-90.682771,37.06912],[-90.680135,37.066581],[-90.677097,37.070049],[-90.670678,37.070655],[-90.670903,37.063033],[-90.680459,37.059785],[-90.686607,37.06325]]]}},{"type":"Feature","properties":{"NAME":"Williamsville","state_abbr":"MO","state_name":"Missouri","ALAND":837460},"geometry":{"type":"Polygon","coordinates":[[[-90.552177,36.973359],[-90.549766,36.976354],[-90.550806,36.982773],[-90.546558,36.982916],[-90.547501,36.979014],[-90.544536,36.972356],[-90.545932,36.970871],[-90.542456,36.971723],[-90.54007,36.968879],[-90.542391,36.967651],[-90.545721,36.96973],[-90.5464,36.967122],[-90.544808,36.965956],[-90.548479,36.966159],[-90.548651,36.969614],[-90.552126,36.969839],[-90.552177,36.973359]]]}},{"type":"Feature","properties":{"NAME":"Augusta","state_abbr":"MO","state_name":"Missouri","ALAND":2279495},"geometry":{"type":"Polygon","coordinates":[[[-90.891355,38.569672],[-90.891322,38.571016],[-90.889847,38.570862],[-90.891351,38.572461],[-90.891224,38.575761],[-90.884982,38.575807],[-90.884467,38.58044],[-90.882847,38.575738],[-90.87694,38.575815],[-90.876931,38.579409],[-90.878056,38.579416],[-90.876844,38.583092],[-90.872221,38.579232],[-90.872412,38.572547],[-90.87115,38.571388],[-90.878825,38.56997],[-90.879406,38.553569],[-90.882015,38.552022],[-90.883203,38.551771],[-90.885236,38.569532],[-90.891355,38.569672]]]}},{"type":"Feature","properties":{"NAME":"Flint Hill","state_abbr":"MO","state_name":"Missouri","ALAND":7278845},"geometry":{"type":"MultiPolygon","coordinates":[[[[-90.885478,38.865327],[-90.886266,38.866612],[-90.884934,38.86571],[-90.885478,38.865327]]],[[[-90.893296,38.878046],[-90.892463,38.886457],[-90.883206,38.886748],[-90.883175,38.884555],[-90.878582,38.884478],[-90.87855,38.88158],[-90.881898,38.881642],[-90.881872,38.880352],[-90.87853,38.880305],[-90.87803,38.87549],[-90.87661,38.877258],[-90.869392,38.877134],[-90.869341,38.883887],[-90.864823,38.883831],[-90.86492,38.87425],[-90.866641,38.872947],[-90.864926,38.873128],[-90.86494,38.870754],[-90.867282,38.870153],[-90.865345,38.865611],[-90.86758,38.864962],[-90.869172,38.860879],[-90.865978,38.863386],[-90.864215,38.862818],[-90.861085,38.86711],[-90.857317,38.859531],[-90.858453,38.859204],[-90.857883,38.857221],[-90.851647,38.858025],[-90.846844,38.846539],[-90.849339,38.845896],[-90.850118,38.845008],[-90.848088,38.843992],[-90.85692,38.841646],[-90.855531,38.838376],[-90.857387,38.837854],[-90.876298,38.859785],[-90.884151,38.864418],[-90.886078,38.863314],[-90.883003,38.86586],[-90.881078,38.864535],[-90.873411,38.867191],[-90.878029,38.868637],[-90.878039,38.874759],[-90.883251,38.87487],[-90.883505,38.876316],[-90.884611,38.8749],[-90.884686,38.878053],[-90.887864,38.877],[-90.893296,38.878046]],[[-90.880562,38.864236],[-90.880555,38.862952],[-90.880251,38.862812],[-90.880562,38.864236]],[[-90.8765,38.86077],[-90.87507,38.859401],[-90.874897,38.859479],[-90.875859,38.860472],[-90.8765,38.86077]],[[-90.874625,38.87223],[-90.873726,38.871423],[-90.873592,38.872094],[-90.874625,38.87223]],[[-90.873501,38.857602],[-90.872006,38.85585],[-90.866406,38.857258],[-90.867612,38.859572],[-90.873501,38.857602]]],[[[-90.896452,38.855657],[-90.892843,38.856619],[-90.891251,38.852138],[-90.894207,38.852777],[-90.896452,38.855657]]],[[[-90.902985,38.857244],[-90.90293,38.85959],[-90.90125,38.85964],[-90.90219,38.85783],[-90.90019,38.85808],[-90.90023,38.85964],[-90.89771,38.86013],[-90.89792,38.86204],[-90.895323,38.862452],[-90.894001,38.859223],[-90.902985,38.857244]],[[-90.89667,38.86202],[-90.896214,38.859148],[-90.894894,38.859443],[-90.895648,38.86188],[-90.89667,38.86202]]],[[[-90.848402,38.846032],[-90.846669,38.846502],[-90.84573,38.84391],[-90.847423,38.844099],[-90.848402,38.846032]]]]}},{"type":"Feature","properties":{"NAME":"Josephville","state_abbr":"MO","state_name":"Missouri","ALAND":7380539},"geometry":{"type":"Polygon","coordinates":[[[-90.811421,38.825532],[-90.81126,38.82919],[-90.805719,38.831439],[-90.805296,38.832882],[-90.80242,38.832871],[-90.802424,38.83444],[-90.800425,38.834418],[-90.799227,38.837535],[-90.797958,38.837515],[-90.797923,38.84013],[-90.805757,38.840156],[-90.808126,38.847449],[-90.797828,38.84774],[-90.79714,38.844076],[-90.795036,38.844634],[-90.793717,38.841717],[-90.785465,38.843793],[-90.786127,38.847488],[-90.783256,38.847195],[-90.78183,38.844288],[-90.78427,38.84448],[-90.783906,38.839868],[-90.782882,38.842457],[-90.777916,38.842315],[-90.780178,38.843274],[-90.781269,38.847067],[-90.779852,38.846973],[-90.776902,38.84613],[-90.77715,38.83937],[-90.782003,38.837907],[-90.782509,38.835117],[-90.768982,38.833041],[-90.769103,38.825895],[-90.770726,38.825864],[-90.770824,38.824199],[-90.768642,38.821976],[-90.772184,38.821641],[-90.774876,38.819118],[-90.779836,38.819413],[-90.775206,38.815888],[-90.776333,38.814186],[-90.784385,38.814255],[-90.784519,38.810613],[-90.788476,38.810613],[-90.788412,38.812794],[-90.792396,38.814361],[-90.792391,38.8177],[-90.793846,38.818191],[-90.79255,38.818146],[-90.79359,38.81988],[-90.788759,38.819922],[-90.788779,38.821361],[-90.793563,38.82139],[-90.793503,38.824747],[-90.790156,38.824768],[-90.793709,38.825359],[-90.793654,38.828612],[-90.802455,38.82762],[-90.802456,38.825497],[-90.811421,38.825532]],[[-90.796489,38.841436],[-90.797857,38.84013],[-90.795786,38.840122],[-90.796489,38.841436]],[[-90.792521,38.836491],[-90.791005,38.836437],[-90.790981,38.839053],[-90.792435,38.839089],[-90.792521,38.836491]],[[-90.789626,38.825962],[-90.789113,38.825426],[-90.789001,38.825969],[-90.789626,38.825962]],[[-90.780342,38.828755],[-90.77822,38.828789],[-90.77822,38.829336],[-90.780381,38.830028],[-90.780342,38.828755]],[[-90.780095,38.832743],[-90.778215,38.83132],[-90.774698,38.833042],[-90.780095,38.832743]],[[-90.778828,38.825463],[-90.778282,38.823103],[-90.77223,38.8228],[-90.77482,38.82506],[-90.778828,38.825463]],[[-90.777597,38.830639],[-90.778221,38.830045],[-90.777595,38.830046],[-90.777597,38.830639]],[[-90.77822,38.827856],[-90.777138,38.826566],[-90.77715,38.827849],[-90.77822,38.827856]]]}},{"type":"Feature","properties":{"NAME":"New Melle","state_abbr":"MO","state_name":"Missouri","ALAND":4369986},"geometry":{"type":"Polygon","coordinates":[[[-90.897356,38.719561],[-90.89685,38.73111],[-90.893997,38.729075],[-90.894091,38.730547],[-90.888694,38.730574],[-90.887561,38.734738],[-90.886842,38.733203],[-90.882694,38.734373],[-90.881499,38.731522],[-90.883095,38.731101],[-90.883088,38.726694],[-90.880342,38.726738],[-90.879552,38.733663],[-90.875501,38.734296],[-90.873907,38.732227],[-90.878924,38.731802],[-90.878683,38.727632],[-90.880443,38.72586],[-90.878874,38.722924],[-90.87409,38.722915],[-90.874046,38.715546],[-90.87556,38.715561],[-90.875567,38.714207],[-90.86545,38.712776],[-90.864916,38.708072],[-90.874148,38.708188],[-90.875632,38.703544],[-90.87754,38.70365],[-90.878562,38.705897],[-90.883279,38.703749],[-90.883284,38.708239],[-90.88875,38.7086],[-90.89281,38.70651],[-90.892836,38.708324],[-90.8971,38.7084],[-90.897167,38.712135],[-90.885042,38.71186],[-90.883203,38.714369],[-90.886218,38.715579],[-90.885232,38.722415],[-90.88754,38.72422],[-90.88767,38.719266],[-90.897356,38.719561]],[[-90.884731,38.71613],[-90.883145,38.715565],[-90.883086,38.720485],[-90.881685,38.720793],[-90.884038,38.722089],[-90.884731,38.71613]],[[-90.880853,38.718308],[-90.880348,38.717279],[-90.878511,38.717457],[-90.878496,38.718649],[-90.880853,38.718308]]]}},{"type":"Feature","properties":{"NAME":"O'Fallon","state_abbr":"MO","state_name":"Missouri","ALAND":79059688},"geometry":{"type":"MultiPolygon","coordinates":[[[[-90.700636,38.775694],[-90.700831,38.776102],[-90.700614,38.776095],[-90.700636,38.775694]]],[[[-90.701941,38.775738],[-90.702116,38.776507],[-90.701898,38.7765],[-90.701941,38.775738]]],[[[-90.702787,38.776169],[-90.702553,38.776523],[-90.70257,38.776162],[-90.702787,38.776169]]],[[[-90.713265,38.792204],[-90.71404,38.79262],[-90.713218,38.792539],[-90.713265,38.792204]]],[[[-90.722531,38.872915],[-90.71452,38.873302],[-90.714547,38.869335],[-90.704118,38.855136],[-90.706448,38.854185],[-90.705546,38.853384],[-90.710559,38.853002],[-90.71161,38.85553],[-90.708035,38.855592],[-90.722531,38.872915]]],[[[-90.83442,38.752587],[-90.830006,38.752678],[-90.828736,38.763873],[-90.827489,38.763619],[-90.827612,38.761457],[-90.82362,38.76098],[-90.824964,38.753594],[-90.82715,38.753761],[-90.825072,38.75287],[-90.82544,38.75022],[-90.82875,38.74612],[-90.827031,38.744294],[-90.822265,38.747557],[-90.819597,38.744072],[-90.819615,38.74644],[-90.814691,38.746472],[-90.816004,38.749541],[-90.81463,38.759992],[-90.79477,38.76199],[-90.795933,38.759222],[-90.79461,38.75908],[-90.795407,38.754113],[-90.793962,38.75397],[-90.793576,38.759954],[-90.784777,38.760065],[-90.785474,38.763013],[-90.777233,38.766086],[-90.776892,38.764775],[-90.771292,38.766007],[-90.768087,38.764142],[-90.766559,38.762766],[-90.768091,38.761515],[-90.765743,38.760479],[-90.765776,38.758785],[-90.762777,38.758772],[-90.757037,38.752661],[-90.756352,38.764211],[-90.753766,38.7642],[-90.754056,38.766011],[-90.74329,38.76585],[-90.741889,38.761882],[-90.735636,38.761794],[-90.73568,38.754275],[-90.732931,38.754272],[-90.732934,38.753176],[-90.728727,38.753174],[-90.728716,38.75542],[-90.732053,38.755421],[-90.731999,38.765557],[-90.71112,38.758464],[-90.712633,38.758442],[-90.712961,38.757549],[-90.704577,38.755557],[-90.710284,38.758464],[-90.709603,38.761334],[-90.711799,38.762413],[-90.708257,38.767563],[-90.718537,38.770961],[-90.720044,38.76848],[-90.727383,38.772731],[-90.724597,38.774537],[-90.731157,38.774038],[-90.731233,38.772811],[-90.73755,38.77317],[-90.737475,38.778717],[-90.741938,38.778761],[-90.742906,38.784007],[-90.746197,38.784074],[-90.747407,38.787208],[-90.745259,38.801213],[-90.752216,38.801257],[-90.752175,38.803619],[-90.777044,38.805064],[-90.776361,38.806589],[-90.778686,38.807163],[-90.778544,38.810619],[-90.774754,38.812379],[-90.781369,38.811899],[-90.784445,38.812614],[-90.784385,38.814255],[-90.774904,38.814178],[-90.778235,38.81917],[-90.774876,38.819118],[-90.767435,38.823505],[-90.767776,38.820709],[-90.764458,38.819527],[-90.765365,38.818979],[-90.75085,38.81754],[-90.750815,38.816495],[-90.744828,38.817449],[-90.745066,38.807406],[-90.728634,38.809383],[-90.728347,38.82058],[-90.731318,38.819258],[-90.732222,38.820613],[-90.73463,38.820295],[-90.734491,38.822484],[-90.731228,38.825794],[-90.724629,38.826843],[-90.723541,38.821969],[-90.718886,38.821913],[-90.718958,38.818217],[-90.71534,38.81622],[-90.71492,38.81814],[-90.710777,38.816975],[-90.709431,38.817928],[-90.70933,38.8236],[-90.710926,38.823629],[-90.710723,38.829024],[-90.709495,38.829378],[-90.713941,38.829536],[-90.715478,38.83132],[-90.715516,38.829624],[-90.717715,38.829615],[-90.717679,38.831556],[-90.733046,38.833284],[-90.732586,38.834538],[-90.734872,38.833362],[-90.73508,38.83796],[-90.733028,38.842436],[-90.731358,38.842399],[-90.731488,38.840828],[-90.723041,38.840664],[-90.723187,38.836849],[-90.715596,38.836786],[-90.713846,38.833228],[-90.710288,38.834565],[-90.711911,38.83727],[-90.710248,38.836406],[-90.710222,38.83786],[-90.70897,38.837146],[-90.701004,38.840361],[-90.701022,38.838638],[-90.699274,38.838609],[-90.700702,38.843876],[-90.697748,38.845153],[-90.69927,38.850937],[-90.689332,38.850749],[-90.689294,38.852449],[-90.694304,38.85246],[-90.69433,38.854471],[-90.699179,38.854592],[-90.699087,38.861552],[-90.68927,38.86176],[-90.6893,38.85433],[-90.684472,38.854449],[-90.684592,38.849974],[-90.689338,38.850163],[-90.68959,38.84873],[-90.694098,38.846912],[-90.69211,38.844212],[-90.695015,38.842923],[-90.67992,38.834742],[-90.673588,38.830687],[-90.658842,38.822711],[-90.649189,38.811591],[-90.65063,38.80243],[-90.653322,38.799616],[-90.655942,38.802002],[-90.676269,38.802546],[-90.671605,38.792535],[-90.675312,38.791306],[-90.675521,38.789252],[-90.671818,38.788726],[-90.671721,38.779782],[-90.67677,38.77956],[-90.674794,38.776094],[-90.671808,38.776037],[-90.671821,38.773798],[-90.671868,38.772357],[-90.677177,38.772754],[-90.675991,38.770186],[-90.677349,38.768827],[-90.675325,38.768955],[-90.676576,38.768828],[-90.676582,38.766663],[-90.673713,38.76619],[-90.676591,38.765122],[-90.67305,38.76554],[-90.671983,38.763978],[-90.674355,38.762016],[-90.671157,38.759648],[-90.676638,38.759706],[-90.676622,38.761443],[-90.67998,38.758892],[-90.682262,38.763447],[-90.684573,38.762998],[-90.687966,38.760107],[-90.682483,38.751048],[-90.69676,38.75575],[-90.69773,38.75448],[-90.69436,38.75377],[-90.694543,38.748184],[-90.690279,38.749836],[-90.686477,38.746226],[-90.688368,38.747114],[-90.694646,38.744948],[-90.6935,38.743184],[-90.695722,38.74157],[-90.695,38.740542],[-90.692237,38.741251],[-90.68845,38.73529],[-90.67878,38.739053],[-90.676936,38.736108],[-90.678254,38.733402],[-90.682973,38.731407],[-90.67944,38.72642],[-90.684051,38.724605],[-90.687383,38.729725],[-90.691732,38.727967],[-90.688393,38.722859],[-90.692685,38.720993],[-90.689573,38.716314],[-90.693944,38.712642],[-90.70938,38.71537],[-90.72424,38.721512],[-90.735385,38.729709],[-90.749159,38.744235],[-90.763127,38.742809],[-90.763999,38.747711],[-90.768042,38.74723],[-90.768266,38.748384],[-90.771209,38.748036],[-90.770979,38.741976],[-90.779456,38.741105],[-90.779903,38.743157],[-90.782287,38.742891],[-90.78254,38.74524],[-90.790483,38.744076],[-90.787257,38.747659],[-90.787397,38.749892],[-90.783475,38.750378],[-90.778208,38.746918],[-90.778279,38.743338],[-90.774427,38.743767],[-90.774868,38.746238],[-90.77195,38.74656],[-90.774699,38.760497],[-90.78468,38.75943],[-90.783798,38.752173],[-90.790512,38.752236],[-90.790842,38.750274],[-90.79354,38.750567],[-90.794819,38.743714],[-90.800552,38.744376],[-90.801361,38.738267],[-90.803534,38.738984],[-90.805241,38.740709],[-90.806588,38.742335],[-90.811058,38.739724],[-90.810566,38.73423],[-90.818491,38.740616],[-90.820844,38.738706],[-90.823966,38.738839],[-90.825232,38.741288],[-90.823234,38.741995],[-90.825626,38.743765],[-90.829103,38.740947],[-90.83334,38.743335],[-90.830844,38.74552],[-90.834459,38.747701],[-90.83442,38.752587]],[[-90.771874,38.752394],[-90.765678,38.752121],[-90.766616,38.757155],[-90.771023,38.756564],[-90.770312,38.752875],[-90.771874,38.752394]],[[-90.752003,38.752656],[-90.751331,38.751336],[-90.751271,38.752669],[-90.752003,38.752656]],[[-90.749699,38.745645],[-90.745373,38.741193],[-90.743038,38.740729],[-90.742832,38.74275],[-90.737907,38.74331],[-90.739403,38.745208],[-90.747257,38.744368],[-90.748168,38.746322],[-90.749699,38.745645]],[[-90.739323,38.806868],[-90.738896,38.806996],[-90.739313,38.807486],[-90.739323,38.806868]],[[-90.738366,38.733507],[-90.731581,38.72706],[-90.72979,38.729754],[-90.726015,38.731258],[-90.723029,38.726621],[-90.728058,38.724642],[-90.723005,38.721465],[-90.713528,38.725106],[-90.711897,38.72269],[-90.715792,38.722291],[-90.713642,38.719084],[-90.710336,38.720425],[-90.711157,38.724685],[-90.709302,38.725441],[-90.712771,38.730647],[-90.703194,38.734497],[-90.700965,38.729014],[-90.698321,38.731221],[-90.701144,38.735549],[-90.700521,38.739007],[-90.705409,38.737779],[-90.709491,38.743912],[-90.703988,38.743782],[-90.704177,38.747059],[-90.711682,38.747219],[-90.714433,38.751168],[-90.714073,38.756075],[-90.7162,38.756062],[-90.716285,38.752715],[-90.726725,38.752754],[-90.726728,38.751463],[-90.734806,38.750965],[-90.733784,38.749305],[-90.736953,38.749137],[-90.735476,38.746867],[-90.72875,38.746347],[-90.728349,38.743841],[-90.7231,38.743295],[-90.722181,38.737953],[-90.722937,38.736505],[-90.735818,38.735717],[-90.738366,38.733507]],[[-90.735729,38.802862],[-90.734982,38.801234],[-90.735142,38.802719],[-90.735729,38.802862]],[[-90.733329,38.80643],[-90.73135,38.8043],[-90.730281,38.806961],[-90.733329,38.80643]],[[-90.73226,38.836662],[-90.731898,38.834856],[-90.730913,38.835444],[-90.73226,38.836662]],[[-90.731631,38.834599],[-90.73124,38.834235],[-90.730637,38.834676],[-90.728104,38.832869],[-90.728068,38.835869],[-90.731631,38.834599]],[[-90.73156,38.80865],[-90.731498,38.807351],[-90.72969,38.807342],[-90.729744,38.808903],[-90.73156,38.80865]],[[-90.727666,38.802598],[-90.728059,38.799319],[-90.72736,38.799321],[-90.727666,38.802598]],[[-90.726591,38.810717],[-90.723941,38.810585],[-90.721809,38.811163],[-90.72654,38.812532],[-90.726591,38.810717]],[[-90.724604,38.802528],[-90.724636,38.799323],[-90.723922,38.80251],[-90.724604,38.802528]],[[-90.724336,38.774521],[-90.718289,38.771373],[-90.714168,38.778308],[-90.72112,38.778291],[-90.724336,38.774521]],[[-90.722803,38.801498],[-90.721405,38.800654],[-90.721239,38.801551],[-90.722803,38.801498]],[[-90.720018,38.788504],[-90.719005,38.79022],[-90.71828,38.788496],[-90.719241,38.791516],[-90.720018,38.788504]],[[-90.715323,38.832182],[-90.714724,38.831303],[-90.714598,38.832177],[-90.715323,38.832182]],[[-90.715279,38.791036],[-90.710437,38.790554],[-90.709554,38.795869],[-90.711565,38.793923],[-90.710883,38.792141],[-90.714766,38.7943],[-90.715279,38.791036]],[[-90.714582,38.814809],[-90.714381,38.813191],[-90.713274,38.814252],[-90.714582,38.814809]],[[-90.713922,38.778404],[-90.708999,38.778658],[-90.709038,38.787745],[-90.713841,38.787775],[-90.713922,38.778404]],[[-90.713267,38.814505],[-90.711568,38.815137],[-90.711547,38.816241],[-90.713201,38.815886],[-90.713267,38.814505]],[[-90.71295,38.81241],[-90.710827,38.8124],[-90.71081,38.813564],[-90.712904,38.813566],[-90.71295,38.81241]],[[-90.712396,38.796155],[-90.712264,38.79398],[-90.711927,38.796104],[-90.712396,38.796155]],[[-90.708614,38.801748],[-90.709298,38.799771],[-90.70826,38.799476],[-90.708614,38.801748]],[[-90.709146,38.793536],[-90.708345,38.791936],[-90.708101,38.793434],[-90.709146,38.793536]],[[-90.708685,38.778191],[-90.707806,38.772877],[-90.704655,38.772867],[-90.704631,38.775732],[-90.699961,38.775532],[-90.699934,38.776842],[-90.708685,38.778191]],[[-90.707986,38.791935],[-90.704373,38.791554],[-90.704782,38.794878],[-90.70355,38.79561],[-90.705657,38.795598],[-90.703744,38.796515],[-90.706092,38.797036],[-90.70619,38.79288],[-90.707986,38.791935]],[[-90.707369,38.799219],[-90.7068,38.798731],[-90.70675,38.799038],[-90.707369,38.799219]],[[-90.704838,38.829841],[-90.706015,38.829457],[-90.704761,38.829146],[-90.704838,38.829841]],[[-90.705601,38.799045],[-90.705971,38.798452],[-90.705614,38.798416],[-90.705601,38.799045]],[[-90.704549,38.784173],[-90.699777,38.783444],[-90.699856,38.787644],[-90.704433,38.78758],[-90.704549,38.784173]],[[-90.701176,38.748564],[-90.699627,38.748264],[-90.699782,38.74876],[-90.701176,38.748564]],[[-90.700987,38.779988],[-90.700848,38.779864],[-90.700847,38.779987],[-90.700987,38.779988]],[[-90.700564,38.833728],[-90.699419,38.832504],[-90.699384,38.833717],[-90.700564,38.833728]],[[-90.700109,38.727736],[-90.699071,38.726137],[-90.697998,38.726563],[-90.699009,38.728182],[-90.700109,38.727736]],[[-90.7001,38.766929],[-90.697757,38.766427],[-90.697753,38.766909],[-90.7001,38.766929]],[[-90.699906,38.76123],[-90.698111,38.761216],[-90.697339,38.761222],[-90.698913,38.762135],[-90.699906,38.76123]],[[-90.699299,38.837385],[-90.695688,38.835972],[-90.694915,38.837166],[-90.699235,38.839588],[-90.697617,38.83811],[-90.699299,38.837385]],[[-90.698481,38.780775],[-90.695221,38.780014],[-90.69467,38.781451],[-90.695274,38.776413],[-90.693987,38.776386],[-90.693909,38.780087],[-90.69012,38.780479],[-90.692563,38.781646],[-90.689338,38.785391],[-90.691608,38.785334],[-90.692772,38.783576],[-90.695825,38.784154],[-90.698481,38.780775]],[[-90.695093,38.832047],[-90.696193,38.831273],[-90.694959,38.831165],[-90.695093,38.832047]],[[-90.694952,38.788979],[-90.691681,38.785397],[-90.685461,38.788048],[-90.68843,38.789644],[-90.688333,38.791005],[-90.691468,38.791653],[-90.690909,38.790535],[-90.694952,38.788979]],[[-90.693678,38.765905],[-90.692532,38.765323],[-90.692535,38.765889],[-90.693678,38.765905]],[[-90.693171,38.833685],[-90.692909,38.83246],[-90.691849,38.83323],[-90.693171,38.833685]],[[-90.692158,38.791772],[-90.692653,38.791435],[-90.691973,38.791425],[-90.692158,38.791772]],[[-90.686745,38.834885],[-90.68076,38.83445],[-90.680246,38.834671],[-90.684335,38.836855],[-90.686745,38.834885]],[[-90.68491,38.771342],[-90.684145,38.770476],[-90.683581,38.771337],[-90.68491,38.771342]],[[-90.681263,38.776628],[-90.678085,38.776133],[-90.678143,38.7771],[-90.681263,38.776628]],[[-90.680537,38.76946],[-90.679933,38.768823],[-90.679929,38.769497],[-90.680537,38.76946]],[[-90.678761,38.801688],[-90.679151,38.80077],[-90.678362,38.800917],[-90.678761,38.801688]],[[-90.678219,38.800807],[-90.67875,38.80019],[-90.67804,38.80042],[-90.678219,38.800807]],[[-90.67642,38.832026],[-90.677695,38.827203],[-90.674839,38.827106],[-90.676271,38.825342],[-90.664314,38.825115],[-90.67642,38.832026]],[[-90.662451,38.819506],[-90.66169,38.819465],[-90.662375,38.821226],[-90.662451,38.819506]],[[-90.661676,38.821292],[-90.652829,38.814393],[-90.652208,38.814363],[-90.661635,38.823886],[-90.661676,38.821292]],[[-90.661653,38.816354],[-90.65892,38.818699],[-90.660775,38.819945],[-90.661551,38.819378],[-90.661653,38.816354]],[[-90.674761,38.798519],[-90.67614,38.800257],[-90.683052,38.798026],[-90.682058,38.796126],[-90.674761,38.798519]],[[-90.67653,38.77982],[-90.677381,38.787213],[-90.678632,38.787216],[-90.6787,38.783566],[-90.6811,38.7836],[-90.681048,38.787231],[-90.685768,38.787243],[-90.685796,38.78547],[-90.690806,38.781832],[-90.689799,38.780642],[-90.685793,38.782399],[-90.68581,38.779934],[-90.67653,38.77982]],[[-90.805241,38.740709],[-90.804109,38.740774],[-90.803324,38.742224],[-90.805246,38.743023],[-90.805241,38.740709]]]]}},{"type":"Feature","properties":{"NAME":"Portage Des Sioux","state_abbr":"MO","state_name":"Missouri","ALAND":1489856},"geometry":{"type":"Polygon","coordinates":[[[-90.35583,38.9326],[-90.354884,38.934036],[-90.337672,38.932175],[-90.332972,38.929363],[-90.339221,38.918722],[-90.339422,38.920689],[-90.353295,38.925172],[-90.35132,38.93119],[-90.35583,38.9326]],[[-90.349032,38.93001],[-90.348516,38.929169],[-90.348252,38.929696],[-90.349032,38.93001]]]}},{"type":"Feature","properties":{"NAME":"St. Charles","state_abbr":"MO","state_name":"Missouri","ALAND":65271516},"geometry":{"type":"Polygon","coordinates":[[[-90.570858,38.806196],[-90.55899,38.809845],[-90.558425,38.823411],[-90.548943,38.82318],[-90.54807,38.834483],[-90.534621,38.834538],[-90.530466,38.833215],[-90.53011,38.83767],[-90.51092,38.83785],[-90.51088,38.83629],[-90.49948,38.84313],[-90.490244,38.837574],[-90.486703,38.838909],[-90.489011,38.840559],[-90.479801,38.846808],[-90.46623,38.837118],[-90.473763,38.831134],[-90.472608,38.823552],[-90.465757,38.821818],[-90.472776,38.822366],[-90.472627,38.823416],[-90.476431,38.820994],[-90.482392,38.82178],[-90.488475,38.818082],[-90.486369,38.816143],[-90.474723,38.820861],[-90.470431,38.820502],[-90.47334,38.818063],[-90.462664,38.815941],[-90.46155,38.81757],[-90.45992,38.81581],[-90.46202,38.81067],[-90.46559,38.811633],[-90.468067,38.80804],[-90.461917,38.80485],[-90.473188,38.790978],[-90.482658,38.763472],[-90.484217,38.764095],[-90.496618,38.749785],[-90.501828,38.746974],[-90.503036,38.747811],[-90.510901,38.745121],[-90.512615,38.746807],[-90.517251,38.746875],[-90.518471,38.748512],[-90.516692,38.749844],[-90.518609,38.751729],[-90.517552,38.752245],[-90.519991,38.75282],[-90.519186,38.754348],[-90.521309,38.757066],[-90.524069,38.753664],[-90.518918,38.747397],[-90.52232,38.746448],[-90.520878,38.74792],[-90.522572,38.747495],[-90.523699,38.749706],[-90.525115,38.749061],[-90.523821,38.747052],[-90.528202,38.745667],[-90.526442,38.744884],[-90.527366,38.743995],[-90.533875,38.74814],[-90.530292,38.750176],[-90.531544,38.751186],[-90.53416,38.748537],[-90.538368,38.750471],[-90.540818,38.75362],[-90.538046,38.755937],[-90.54144,38.755732],[-90.543994,38.752407],[-90.549378,38.752511],[-90.550268,38.753744],[-90.551975,38.751771],[-90.552464,38.754818],[-90.558683,38.752308],[-90.560066,38.753569],[-90.561036,38.756687],[-90.5552,38.758962],[-90.565165,38.770995],[-90.561348,38.773008],[-90.563877,38.776112],[-90.559994,38.778071],[-90.557531,38.77517],[-90.555389,38.776304],[-90.556372,38.777497],[-90.555174,38.778781],[-90.556552,38.780667],[-90.558803,38.78071],[-90.568742,38.778916],[-90.568291,38.790939],[-90.560318,38.791464],[-90.569749,38.795172],[-90.568675,38.795489],[-90.569611,38.800651],[-90.568092,38.80111],[-90.570858,38.806196]],[[-90.564467,38.794296],[-90.562911,38.793142],[-90.561417,38.792738],[-90.563472,38.794457],[-90.564467,38.794296]],[[-90.561011,38.783721],[-90.560589,38.78363],[-90.560238,38.784069],[-90.561011,38.783721]],[[-90.560938,38.792469],[-90.559395,38.791951],[-90.559129,38.792965],[-90.559537,38.792512],[-90.560938,38.792469]],[[-90.559211,38.791339],[-90.558194,38.790122],[-90.55867,38.79122],[-90.559211,38.791339]],[[-90.555804,38.782876],[-90.557102,38.781336],[-90.555522,38.782518],[-90.555804,38.782876]],[[-90.557524,38.786102],[-90.554684,38.786356],[-90.55405,38.789868],[-90.556516,38.789086],[-90.55586,38.79069],[-90.557177,38.790946],[-90.557524,38.786102]],[[-90.555476,38.763693],[-90.554979,38.762567],[-90.554658,38.762744],[-90.555476,38.763693]],[[-90.554675,38.820402],[-90.548796,38.821108],[-90.548767,38.822204],[-90.554675,38.820402]],[[-90.554382,38.818433],[-90.553473,38.816684],[-90.548872,38.818247],[-90.548831,38.819797],[-90.554382,38.818433]],[[-90.553198,38.763217],[-90.554063,38.762398],[-90.553009,38.762985],[-90.553198,38.763217]],[[-90.554151,38.788034],[-90.551232,38.787676],[-90.550615,38.789652],[-90.55201,38.78994],[-90.554151,38.788034]],[[-90.553277,38.758196],[-90.549033,38.758594],[-90.548984,38.759862],[-90.552322,38.758924],[-90.553277,38.758196]],[[-90.550834,38.77368],[-90.551699,38.771597],[-90.54991,38.77253],[-90.550834,38.77368]],[[-90.551766,38.804511],[-90.548468,38.795639],[-90.54865,38.790481],[-90.536577,38.787665],[-90.535335,38.800596],[-90.540001,38.800552],[-90.539908,38.808419],[-90.53858,38.8092],[-90.54058,38.81157],[-90.542389,38.809617],[-90.544712,38.809686],[-90.544634,38.806701],[-90.551766,38.804511]],[[-90.55038,38.7811],[-90.550599,38.78027],[-90.550043,38.780779],[-90.55038,38.7811]],[[-90.548052,38.773478],[-90.548958,38.771592],[-90.547687,38.773017],[-90.548052,38.773478]],[[-90.549524,38.771036],[-90.548571,38.770929],[-90.548933,38.771358],[-90.549524,38.771036]],[[-90.548649,38.7848],[-90.548596,38.783788],[-90.548136,38.784163],[-90.548649,38.7848]],[[-90.548559,38.779848],[-90.545999,38.776632],[-90.543101,38.778103],[-90.544566,38.779892],[-90.547435,38.779724],[-90.54501,38.7815],[-90.545765,38.782715],[-90.545697,38.781153],[-90.548559,38.779848]],[[-90.547881,38.784539],[-90.54764,38.78432],[-90.547561,38.784571],[-90.547881,38.784539]],[[-90.547504,38.773267],[-90.546568,38.772256],[-90.54455,38.773154],[-90.545698,38.774651],[-90.547504,38.773267]],[[-90.547389,38.789053],[-90.544848,38.785912],[-90.546556,38.785739],[-90.543114,38.782494],[-90.53923,38.784085],[-90.541998,38.781658],[-90.537116,38.779073],[-90.542286,38.775931],[-90.540592,38.775038],[-90.536679,38.777864],[-90.534051,38.773992],[-90.530484,38.775794],[-90.536806,38.784145],[-90.534449,38.785741],[-90.536659,38.785122],[-90.53818,38.78735],[-90.547389,38.789053]],[[-90.546511,38.782155],[-90.547072,38.781803],[-90.546446,38.782078],[-90.546511,38.782155]],[[-90.546387,38.823351],[-90.54481,38.8219],[-90.539423,38.823199],[-90.546387,38.823351]],[[-90.544377,38.782455],[-90.544524,38.781894],[-90.54409,38.782127],[-90.544377,38.782455]],[[-90.54395,38.821081],[-90.538749,38.816299],[-90.536985,38.812466],[-90.535314,38.814096],[-90.535155,38.81914],[-90.530444,38.819084],[-90.535145,38.820108],[-90.535115,38.82246],[-90.54395,38.821081]],[[-90.54267,38.763766],[-90.540718,38.76522],[-90.54124,38.76646],[-90.54157,38.76626],[-90.54267,38.763766]],[[-90.54173,38.768995],[-90.541586,38.768783],[-90.541531,38.769099],[-90.54173,38.768995]],[[-90.540549,38.766467],[-90.5399,38.76632],[-90.539994,38.766926],[-90.540549,38.766467]],[[-90.540231,38.768993],[-90.539823,38.768856],[-90.539995,38.769106],[-90.540231,38.768993]],[[-90.539369,38.761946],[-90.539606,38.760789],[-90.538466,38.761005],[-90.539369,38.761946]],[[-90.53992,38.76036],[-90.537988,38.758189],[-90.534393,38.759392],[-90.534752,38.760464],[-90.53992,38.76036]],[[-90.539753,38.76633],[-90.539613,38.765993],[-90.539177,38.766193],[-90.539753,38.76633]],[[-90.533972,38.7546],[-90.535196,38.753177],[-90.533217,38.753685],[-90.533972,38.7546]],[[-90.533896,38.752776],[-90.53308,38.75058],[-90.532379,38.75092],[-90.533896,38.752776]],[[-90.532318,38.826543],[-90.530329,38.826066],[-90.530317,38.826536],[-90.532318,38.826543]],[[-90.531434,38.812882],[-90.527989,38.811337],[-90.529284,38.813624],[-90.526536,38.814257],[-90.529468,38.818109],[-90.531434,38.812882]],[[-90.531272,38.763713],[-90.529735,38.762339],[-90.52669,38.76457],[-90.528426,38.76569],[-90.531272,38.763713]],[[-90.531532,38.752645],[-90.530694,38.75233],[-90.531352,38.753027],[-90.531532,38.752645]],[[-90.529371,38.748963],[-90.530513,38.747416],[-90.528415,38.748455],[-90.529371,38.748963]],[[-90.530755,38.8074],[-90.52819,38.807116],[-90.528182,38.807443],[-90.530755,38.8074]],[[-90.52985,38.805562],[-90.530639,38.804081],[-90.529798,38.804073],[-90.52985,38.805562]],[[-90.529352,38.762354],[-90.529148,38.76211],[-90.528431,38.762698],[-90.529352,38.762354]],[[-90.527806,38.753293],[-90.528517,38.752175],[-90.527369,38.752745],[-90.527806,38.753293]],[[-90.528275,38.804593],[-90.526427,38.804032],[-90.526637,38.806069],[-90.52795,38.806037],[-90.528275,38.804593]],[[-90.527566,38.757889],[-90.525321,38.75517],[-90.523702,38.755953],[-90.524723,38.758001],[-90.527566,38.757889]],[[-90.524707,38.770967],[-90.52313,38.77028],[-90.521043,38.77183],[-90.52271,38.77351],[-90.524707,38.770967]],[[-90.524283,38.763217],[-90.52444,38.76228],[-90.523731,38.762607],[-90.524283,38.763217]],[[-90.524186,38.76799],[-90.524378,38.766851],[-90.523658,38.766582],[-90.524186,38.76799]],[[-90.523346,38.766846],[-90.52242,38.76692],[-90.5229,38.76749],[-90.523346,38.766846]],[[-90.522991,38.762954],[-90.520165,38.765074],[-90.517442,38.764291],[-90.517078,38.762452],[-90.515582,38.764027],[-90.517326,38.766125],[-90.521567,38.76586],[-90.522991,38.762954]],[[-90.51916,38.763594],[-90.519275,38.76279],[-90.518668,38.763068],[-90.51916,38.763594]],[[-90.516553,38.777885],[-90.516206,38.777505],[-90.516075,38.777724],[-90.516553,38.777885]],[[-90.516358,38.77827],[-90.515443,38.777834],[-90.515335,38.778022],[-90.516358,38.77827]],[[-90.516012,38.778912],[-90.515228,38.778211],[-90.51512,38.778398],[-90.516012,38.778912]],[[-90.516086,38.77118],[-90.511844,38.767762],[-90.513765,38.762602],[-90.505145,38.761771],[-90.503557,38.765651],[-90.505126,38.767991],[-90.50321,38.77157],[-90.5067,38.77306],[-90.509449,38.77231],[-90.508435,38.774025],[-90.511345,38.775432],[-90.513155,38.771429],[-90.516086,38.77118]],[[-90.515877,38.776728],[-90.515503,38.775877],[-90.515303,38.775963],[-90.515877,38.776728]],[[-90.515078,38.776469],[-90.514519,38.776103],[-90.514368,38.777707],[-90.515078,38.776469]],[[-90.512111,38.835557],[-90.497011,38.824869],[-90.496097,38.825736],[-90.510948,38.836249],[-90.512111,38.835557]],[[-90.508084,38.753741],[-90.50518,38.75199],[-90.50179,38.75515],[-90.504603,38.755661],[-90.508084,38.753741]],[[-90.502937,38.758713],[-90.499907,38.757182],[-90.49848,38.760495],[-90.497562,38.75974],[-90.494215,38.762708],[-90.500509,38.762988],[-90.502937,38.758713]],[[-90.500283,38.755551],[-90.499535,38.755574],[-90.499854,38.755887],[-90.500283,38.755551]],[[-90.49655,38.75964],[-90.49695,38.75904],[-90.496425,38.759546],[-90.49655,38.75964]],[[-90.49568,38.820212],[-90.495904,38.819339],[-90.495292,38.819725],[-90.49568,38.820212]],[[-90.49303,38.762445],[-90.492956,38.761558],[-90.492588,38.762124],[-90.49303,38.762445]],[[-90.492022,38.821962],[-90.49085,38.82092],[-90.488309,38.822396],[-90.490615,38.822428],[-90.492022,38.821962]],[[-90.489339,38.826267],[-90.486005,38.823842],[-90.48363,38.8252],[-90.487399,38.827891],[-90.489339,38.826267]],[[-90.482448,38.808451],[-90.478449,38.807952],[-90.478612,38.810128],[-90.474318,38.810641],[-90.47416,38.81182],[-90.481338,38.812481],[-90.48029,38.809951],[-90.482145,38.81012],[-90.482448,38.808451]],[[-90.475305,38.816099],[-90.474434,38.814157],[-90.473729,38.815969],[-90.475305,38.816099]],[[-90.546683,38.78237],[-90.546864,38.784379],[-90.547446,38.784097],[-90.546683,38.78237]],[[-90.542006,38.766006],[-90.54179,38.76651],[-90.542306,38.766346],[-90.542006,38.766006]]]}},{"type":"Feature","properties":{"NAME":"Powersville","state_abbr":"MO","state_name":"Missouri","ALAND":1460942},"geometry":{"type":"Polygon","coordinates":[[[-93.307595,40.544374],[-93.307437,40.554979],[-93.293086,40.554998],[-93.293049,40.544024],[-93.307595,40.544374]]]}},{"type":"Feature","properties":{"NAME":"Hume","state_abbr":"MO","state_name":"Missouri","ALAND":1713955},"geometry":{"type":"Polygon","coordinates":[[[-94.591234,38.088099],[-94.589752,38.096712],[-94.576293,38.096462],[-94.576488,38.091407],[-94.571653,38.0913],[-94.571839,38.08831],[-94.576759,38.08777],[-94.576767,38.084681],[-94.590371,38.084676],[-94.591234,38.088099]]]}},{"type":"Feature","properties":{"NAME":"Rockville","state_abbr":"MO","state_name":"Missouri","ALAND":853015},"geometry":{"type":"Polygon","coordinates":[[[-94.091354,38.074825],[-94.074701,38.075055],[-94.074925,38.066961],[-94.085225,38.067113],[-94.084995,38.07453],[-94.091354,38.074825]]]}},{"type":"Feature","properties":{"NAME":"Blue Eye","state_abbr":"MO","state_name":"Missouri","ALAND":3045654},"geometry":{"type":"Polygon","coordinates":[[[-93.401323,36.49874],[-93.396866,36.501151],[-93.396859,36.503635],[-93.400472,36.503595],[-93.400463,36.505498],[-93.395767,36.505478],[-93.395607,36.51101],[-93.3969,36.512356],[-93.395613,36.512357],[-93.395429,36.515082],[-93.390076,36.515846],[-93.384883,36.523038],[-93.380786,36.523195],[-93.380628,36.526076],[-93.372498,36.526151],[-93.37248,36.529468],[-93.368404,36.529585],[-93.368661,36.51613],[-93.372253,36.516065],[-93.37235,36.519242],[-93.376425,36.519254],[-93.376406,36.516037],[-93.380574,36.515935],[-93.380606,36.512442],[-93.394506,36.512399],[-93.39524,36.51124],[-93.395406,36.505223],[-93.386056,36.504986],[-93.384272,36.49854],[-93.391215,36.498606],[-93.391554,36.501748],[-93.393568,36.502469],[-93.395186,36.502469],[-93.395218,36.498732],[-93.401323,36.49874]]]}},{"type":"Feature","properties":{"NAME":"Coney Island","state_abbr":"MO","state_name":"Missouri","ALAND":165827},"geometry":{"type":"Polygon","coordinates":[[[-93.399436,36.590188],[-93.397621,36.596832],[-93.396933,36.594069],[-93.393436,36.59182],[-93.399436,36.590188]]]}},{"type":"Feature","properties":{"NAME":"Clarksdale","state_abbr":"MO","state_name":"Missouri","ALAND":838769},"geometry":{"type":"Polygon","coordinates":[[[-94.559882,39.812927],[-94.548458,39.820729],[-94.548343,39.816668],[-94.545475,39.816717],[-94.545368,39.809407],[-94.554148,39.80936],[-94.554082,39.811712],[-94.559882,39.812927]]]}},{"type":"Feature","properties":{"NAME":"Maysville","state_abbr":"MO","state_name":"Missouri","ALAND":2967159},"geometry":{"type":"Polygon","coordinates":[[[-94.374023,39.878669],[-94.373994,39.893315],[-94.352887,39.8931],[-94.352818,39.878473],[-94.374023,39.878669]]]}},{"type":"Feature","properties":{"NAME":"Farmington","state_abbr":"MO","state_name":"Missouri","ALAND":24589249},"geometry":{"type":"Polygon","coordinates":[[[-90.456231,37.787647],[-90.453205,37.805842],[-90.447336,37.80582],[-90.443665,37.799563],[-90.438113,37.802883],[-90.438684,37.804117],[-90.433344,37.804797],[-90.432299,37.811703],[-90.449748,37.813123],[-90.452853,37.816746],[-90.447899,37.816807],[-90.446615,37.824079],[-90.437182,37.823045],[-90.438097,37.818005],[-90.428624,37.815869],[-90.427857,37.813857],[-90.428438,37.809098],[-90.431474,37.808002],[-90.43146,37.806617],[-90.428395,37.806755],[-90.428405,37.80562],[-90.431061,37.804949],[-90.423769,37.805598],[-90.424704,37.800956],[-90.419313,37.798729],[-90.419622,37.796825],[-90.408046,37.797308],[-90.407244,37.794681],[-90.402391,37.797138],[-90.402998,37.798428],[-90.400266,37.798689],[-90.398487,37.797905],[-90.398541,37.794239],[-90.391952,37.794088],[-90.392089,37.786827],[-90.394978,37.786881],[-90.395007,37.784734],[-90.393198,37.784663],[-90.392191,37.78036],[-90.389972,37.779738],[-90.392433,37.779017],[-90.392998,37.776289],[-90.393039,37.77884],[-90.399642,37.777025],[-90.399856,37.775361],[-90.39761,37.773703],[-90.395981,37.774989],[-90.393255,37.773634],[-90.395303,37.77181],[-90.400356,37.775455],[-90.40477,37.775676],[-90.40758,37.7731],[-90.407071,37.769636],[-90.405732,37.7695],[-90.405963,37.771994],[-90.401696,37.769088],[-90.401894,37.767481],[-90.406775,37.766959],[-90.40687,37.762419],[-90.40837,37.7626],[-90.407038,37.76169],[-90.407434,37.759215],[-90.408915,37.75831],[-90.41252,37.762329],[-90.416708,37.7617],[-90.417507,37.766141],[-90.413946,37.766915],[-90.417726,37.767318],[-90.419242,37.769945],[-90.419808,37.766162],[-90.421231,37.762116],[-90.417972,37.76269],[-90.419553,37.752903],[-90.421854,37.753159],[-90.422813,37.759026],[-90.421764,37.761244],[-90.42385,37.761519],[-90.423652,37.755314],[-90.425873,37.755503],[-90.426183,37.753604],[-90.430641,37.754055],[-90.433577,37.747065],[-90.440117,37.747799],[-90.440903,37.751855],[-90.447048,37.756925],[-90.450198,37.75567],[-90.449873,37.757857],[-90.452901,37.759333],[-90.453617,37.757774],[-90.455862,37.759834],[-90.453536,37.762085],[-90.450159,37.762367],[-90.454641,37.765185],[-90.451396,37.766149],[-90.449697,37.770107],[-90.453161,37.768967],[-90.452513,37.77299],[-90.450329,37.772764],[-90.448724,37.776602],[-90.445552,37.778459],[-90.444674,37.785441],[-90.447012,37.787881],[-90.451597,37.788166],[-90.448373,37.785593],[-90.453943,37.783706],[-90.453568,37.785586],[-90.456231,37.787647]],[[-90.443625,37.784178],[-90.443354,37.782582],[-90.443034,37.784129],[-90.443625,37.784178]],[[-90.442977,37.791054],[-90.441856,37.789231],[-90.441575,37.790988],[-90.442977,37.791054]],[[-90.440856,37.752121],[-90.43905,37.751917],[-90.439016,37.751977],[-90.440737,37.75341],[-90.440856,37.752121]],[[-90.43676,37.801662],[-90.435961,37.8014],[-90.436102,37.801838],[-90.43676,37.801662]],[[-90.436709,37.780772],[-90.434447,37.781305],[-90.434067,37.783496],[-90.436216,37.783634],[-90.436709,37.780772]],[[-90.435417,37.787137],[-90.434622,37.786451],[-90.434587,37.787043],[-90.435417,37.787137]],[[-90.435074,37.75205],[-90.432869,37.751215],[-90.432764,37.751805],[-90.435074,37.75205]],[[-90.433905,37.786386],[-90.434283,37.785681],[-90.433992,37.785651],[-90.433905,37.786386]],[[-90.432649,37.803046],[-90.431033,37.801657],[-90.431322,37.803547],[-90.428527,37.803717],[-90.431233,37.804034],[-90.432649,37.803046]],[[-90.423247,37.76802],[-90.419765,37.767185],[-90.41953,37.76889],[-90.422936,37.769182],[-90.423247,37.76802]],[[-90.419082,37.771291],[-90.418315,37.77006],[-90.419041,37.771356],[-90.419082,37.771291]],[[-90.4141,37.764074],[-90.412851,37.763698],[-90.413018,37.764293],[-90.4141,37.764074]],[[-90.413706,37.766452],[-90.413063,37.764452],[-90.41017,37.76414],[-90.409787,37.766391],[-90.413706,37.766452]],[[-90.398676,37.790588],[-90.396674,37.790548],[-90.396637,37.792144],[-90.39865,37.791939],[-90.398676,37.790588]]]}},{"type":"Feature","properties":{"NAME":"Barnard","state_abbr":"MO","state_name":"Missouri","ALAND":393306},"geometry":{"type":"Polygon","coordinates":[[[-94.829532,40.17798],[-94.819631,40.178248],[-94.819783,40.170979],[-94.823762,40.17272],[-94.829532,40.17798]]]}},{"type":"Feature","properties":{"NAME":"Conception Junction","state_abbr":"MO","state_name":"Missouri","ALAND":819135},"geometry":{"type":"Polygon","coordinates":[[[-94.696724,40.264927],[-94.695982,40.27271],[-94.686242,40.27272],[-94.686424,40.264084],[-94.696724,40.264927]]]}},{"type":"Feature","properties":{"NAME":"Elmo","state_abbr":"MO","state_name":"Missouri","ALAND":561817},"geometry":{"type":"Polygon","coordinates":[[[-95.121239,40.522089],[-95.111731,40.522078],[-95.111731,40.518522],[-95.114326,40.518488],[-95.114243,40.514807],[-95.121206,40.514818],[-95.121239,40.522089]]]}},{"type":"Feature","properties":{"NAME":"Guilford","state_abbr":"MO","state_name":"Missouri","ALAND":186358},"geometry":{"type":"Polygon","coordinates":[[[-94.739072,40.17028],[-94.732525,40.170255],[-94.732549,40.169242],[-94.73355,40.166666],[-94.73846,40.16671],[-94.739072,40.17028]]]}},{"type":"Feature","properties":{"NAME":"Glasgow","state_abbr":"MO","state_name":"Missouri","ALAND":3487477},"geometry":{"type":"Polygon","coordinates":[[[-92.849781,39.217622],[-92.84612,39.232651],[-92.849325,39.236976],[-92.844078,39.236946],[-92.843792,39.240975],[-92.8391,39.236823],[-92.832711,39.237324],[-92.832803,39.232182],[-92.823703,39.232003],[-92.823996,39.225597],[-92.825863,39.224188],[-92.838791,39.220854],[-92.837203,39.218636],[-92.840584,39.216752],[-92.842444,39.218844],[-92.846014,39.216669],[-92.849781,39.217622]]]}},{"type":"Feature","properties":{"NAME":"Armstrong","state_abbr":"MO","state_name":"Missouri","ALAND":2124781},"geometry":{"type":"Polygon","coordinates":[[[-92.713062,39.263561],[-92.712508,39.276035],[-92.695592,39.275496],[-92.695838,39.262408],[-92.713062,39.263561]]]}},{"type":"Feature","properties":{"NAME":"Fayette","state_abbr":"MO","state_name":"Missouri","ALAND":5743236},"geometry":{"type":"Polygon","coordinates":[[[-92.701718,39.147978],[-92.697901,39.153506],[-92.699781,39.153956],[-92.698984,39.158562],[-92.695368,39.158736],[-92.696777,39.162363],[-92.698587,39.161853],[-92.698722,39.163145],[-92.69655,39.163078],[-92.694701,39.16272],[-92.692744,39.157574],[-92.671536,39.157158],[-92.673715,39.152135],[-92.674831,39.141925],[-92.673985,39.141081],[-92.672513,39.140056],[-92.672699,39.143553],[-92.666253,39.143533],[-92.666268,39.14247],[-92.669817,39.138103],[-92.675862,39.138278],[-92.677647,39.133185],[-92.683811,39.133233],[-92.689321,39.135115],[-92.696448,39.140345],[-92.698046,39.139746],[-92.701718,39.147978]]]}},{"type":"Feature","properties":{"NAME":"Franklin","state_abbr":"MO","state_name":"Missouri","ALAND":598246},"geometry":{"type":"Polygon","coordinates":[[[-92.762057,39.012472],[-92.758182,39.01313],[-92.758155,39.015128],[-92.751468,39.015201],[-92.751778,39.010197],[-92.748818,39.009858],[-92.748826,39.0073],[-92.758222,39.007371],[-92.758177,39.011198],[-92.762085,39.010702],[-92.762057,39.012472]]]}},{"type":"Feature","properties":{"NAME":"Camden Point","state_abbr":"MO","state_name":"Missouri","ALAND":1656939},"geometry":{"type":"Polygon","coordinates":[[[-94.761987,39.454426],[-94.753861,39.455295],[-94.7551,39.455801],[-94.753053,39.461083],[-94.750956,39.461083],[-94.750962,39.457032],[-94.741521,39.457125],[-94.740473,39.451016],[-94.742689,39.451541],[-94.74272,39.446413],[-94.747424,39.446264],[-94.747448,39.448056],[-94.757375,39.448575],[-94.756608,39.450154],[-94.757896,39.450882],[-94.761961,39.450818],[-94.761987,39.454426]]]}},{"type":"Feature","properties":{"NAME":"Dearborn","state_abbr":"MO","state_name":"Missouri","ALAND":2118569},"geometry":{"type":"MultiPolygon","coordinates":[[[[-94.765121,39.528206],[-94.764551,39.528775],[-94.764553,39.528215],[-94.765121,39.528206]]],[[[-94.786508,39.527402],[-94.769821,39.52757],[-94.768022,39.529669],[-94.769791,39.529905],[-94.769618,39.534796],[-94.760111,39.534909],[-94.760298,39.527665],[-94.762717,39.527632],[-94.762554,39.531026],[-94.765081,39.53156],[-94.76534,39.527609],[-94.767999,39.52757],[-94.766857,39.523515],[-94.763643,39.523376],[-94.762007,39.520642],[-94.769621,39.518762],[-94.774002,39.522202],[-94.777111,39.520327],[-94.782026,39.520336],[-94.780853,39.517734],[-94.784607,39.517085],[-94.78597,39.511754],[-94.784931,39.517497],[-94.786404,39.518494],[-94.786508,39.527402]]]]}},{"type":"Feature","properties":{"NAME":"Edgerton","state_abbr":"MO","state_name":"Missouri","ALAND":2921455},"geometry":{"type":"MultiPolygon","coordinates":[[[[-94.63828,39.50118],[-94.638254,39.506696],[-94.634694,39.506732],[-94.634729,39.510365],[-94.630821,39.510391],[-94.630778,39.512073],[-94.62871,39.512098],[-94.628714,39.510481],[-94.626906,39.510479],[-94.626883,39.507521],[-94.625574,39.507527],[-94.626844,39.502474],[-94.617088,39.501734],[-94.615605,39.503621],[-94.614783,39.499533],[-94.610174,39.499566],[-94.610227,39.492412],[-94.619453,39.492347],[-94.619482,39.499494],[-94.624215,39.499492],[-94.624246,39.492223],[-94.626535,39.492204],[-94.626548,39.495832],[-94.628816,39.495807],[-94.628859,39.499036],[-94.634696,39.49911],[-94.634701,39.502167],[-94.63828,39.50118]]],[[[-94.647633,39.514044],[-94.642885,39.514069],[-94.642638,39.505449],[-94.64759,39.50662],[-94.647633,39.514044]]],[[[-94.651573,39.506552],[-94.64759,39.50662],[-94.647627,39.499347],[-94.651547,39.499309],[-94.651573,39.506552]]]]}},{"type":"Feature","properties":{"NAME":"Farley","state_abbr":"MO","state_name":"Missouri","ALAND":2993728},"geometry":{"type":"Polygon","coordinates":[[[-94.839774,39.289518],[-94.839745,39.295412],[-94.838581,39.295761],[-94.816182,39.295757],[-94.810159,39.287344],[-94.813336,39.286355],[-94.817955,39.290975],[-94.817568,39.293996],[-94.820065,39.29404],[-94.819132,39.29286],[-94.822182,39.286594],[-94.825762,39.286508],[-94.825767,39.277585],[-94.828461,39.277571],[-94.826318,39.275792],[-94.827839,39.2746],[-94.831242,39.277548],[-94.835176,39.277543],[-94.834923,39.281271],[-94.839774,39.289518]]]}},{"type":"Feature","properties":{"NAME":"Iatan","state_abbr":"MO","state_name":"Missouri","ALAND":564386},"geometry":{"type":"Polygon","coordinates":[[[-94.99146,39.482989],[-94.981598,39.482913],[-94.980967,39.480165],[-94.983619,39.478882],[-94.979281,39.474737],[-94.983149,39.473365],[-94.99146,39.482989]]]}},{"type":"Feature","properties":{"NAME":"Northmoor","state_abbr":"MO","state_name":"Missouri","ALAND":611976},"geometry":{"type":"Polygon","coordinates":[[[-94.610968,39.179743],[-94.60699,39.185004],[-94.609352,39.186336],[-94.609723,39.18867],[-94.601316,39.188646],[-94.601463,39.181766],[-94.610968,39.179743]]]}},{"type":"Feature","properties":{"NAME":"Hurdland","state_abbr":"MO","state_name":"Missouri","ALAND":861983},"geometry":{"type":"Polygon","coordinates":[[[-92.308143,40.153761],[-92.29875,40.153857],[-92.298557,40.144018],[-92.308026,40.14403],[-92.308143,40.153761]]]}},{"type":"Feature","properties":{"NAME":"Crane","state_abbr":"MO","state_name":"Missouri","ALAND":3937907},"geometry":{"type":"Polygon","coordinates":[[[-93.58401,36.892619],[-93.584032,36.896761],[-93.580914,36.89687],[-93.580369,36.903245],[-93.576775,36.903479],[-93.581076,36.908717],[-93.579062,36.909398],[-93.578108,36.907893],[-93.576237,36.907889],[-93.580175,36.913454],[-93.576627,36.913408],[-93.577463,36.912146],[-93.575923,36.910071],[-93.575497,36.915443],[-93.568922,36.915286],[-93.569304,36.911322],[-93.567703,36.911302],[-93.56538,36.915198],[-93.562623,36.915126],[-93.563395,36.904594],[-93.559494,36.90459],[-93.558804,36.906399],[-93.55403,36.905548],[-93.557655,36.902573],[-93.554068,36.902598],[-93.554085,36.901408],[-93.5632,36.900577],[-93.563251,36.898179],[-93.566724,36.899528],[-93.567604,36.895975],[-93.569625,36.89605],[-93.567721,36.894348],[-93.56905,36.892774],[-93.573367,36.893557],[-93.574801,36.890462],[-93.580414,36.886359],[-93.581346,36.892429],[-93.58401,36.892619]],[[-93.578222,36.896172],[-93.577048,36.893412],[-93.577105,36.896125],[-93.578222,36.896172]],[[-93.576171,36.89047],[-93.57551,36.890217],[-93.575386,36.890475],[-93.576171,36.89047]]]}},{"type":"Feature","properties":{"NAME":"Galena","state_abbr":"MO","state_name":"Missouri","ALAND":1931827},"geometry":{"type":"Polygon","coordinates":[[[-93.483624,36.802185],[-93.483358,36.807042],[-93.481739,36.805715],[-93.477993,36.806382],[-93.477938,36.807632],[-93.476001,36.807617],[-93.476031,36.809428],[-93.473422,36.80939],[-93.473445,36.810922],[-93.477031,36.812794],[-93.476722,36.81473],[-93.467549,36.811694],[-93.462884,36.808954],[-93.462078,36.806649],[-93.462898,36.798111],[-93.472099,36.798285],[-93.472153,36.802123],[-93.483624,36.802185]]]}},{"type":"Feature","properties":{"NAME":"New Franklin","state_abbr":"MO","state_name":"Missouri","ALAND":3430521},"geometry":{"type":"Polygon","coordinates":[[[-92.754058,39.020587],[-92.752534,39.024597],[-92.738538,39.024335],[-92.738688,39.026081],[-92.732509,39.027624],[-92.733417,39.025776],[-92.727086,39.020554],[-92.730275,39.015368],[-92.728652,39.009745],[-92.751778,39.010197],[-92.751467,39.015247],[-92.754058,39.020587]]]}},{"type":"Feature","properties":{"NAME":"Camden","state_abbr":"MO","state_name":"Missouri","ALAND":1152796},"geometry":{"type":"Polygon","coordinates":[[[-94.029102,39.201521],[-94.027408,39.201459],[-94.0275,39.205614],[-94.024014,39.205725],[-94.0149,39.200403],[-94.017843,39.198856],[-94.017754,39.195363],[-94.028526,39.192121],[-94.029102,39.201521]]]}},{"type":"Feature","properties":{"NAME":"Crystal Lakes","state_abbr":"MO","state_name":"Missouri","ALAND":2849839},"geometry":{"type":"Polygon","coordinates":[[[-94.201929,39.353045],[-94.20157,39.35814],[-94.197258,39.360271],[-94.196986,39.367195],[-94.187654,39.3672],[-94.187584,39.370795],[-94.181618,39.370752],[-94.182697,39.367118],[-94.173998,39.366804],[-94.173344,39.358978],[-94.177901,39.359031],[-94.178164,39.356204],[-94.182983,39.355956],[-94.182837,39.352726],[-94.201929,39.353045]]]}},{"type":"Feature","properties":{"NAME":"Fleming","state_abbr":"MO","state_name":"Missouri","ALAND":1397934},"geometry":{"type":"Polygon","coordinates":[[[-94.070143,39.2002],[-94.070096,39.203217],[-94.062686,39.203112],[-94.062654,39.199176],[-94.055902,39.196104],[-94.028478,39.192329],[-94.036302,39.190697],[-94.054266,39.192446],[-94.070143,39.2002]]]}},{"type":"Feature","properties":{"NAME":"Hardin","state_abbr":"MO","state_name":"Missouri","ALAND":1665197},"geometry":{"type":"Polygon","coordinates":[[[-93.843195,39.272573],[-93.828506,39.272534],[-93.824118,39.274103],[-93.82356,39.261633],[-93.837593,39.261562],[-93.837512,39.269596],[-93.842791,39.269821],[-93.843195,39.272573]]]}},{"type":"Feature","properties":{"NAME":"Platte City","state_abbr":"MO","state_name":"Missouri","ALAND":10270661},"geometry":{"type":"Polygon","coordinates":[[[-94.803505,39.361346],[-94.788788,39.367947],[-94.785617,39.366201],[-94.785598,39.368131],[-94.788786,39.371516],[-94.788792,39.375653],[-94.777554,39.375454],[-94.771726,39.369226],[-94.769081,39.371859],[-94.769016,39.368442],[-94.760687,39.368511],[-94.760767,39.361338],[-94.738626,39.361437],[-94.738734,39.354251],[-94.732792,39.354282],[-94.738974,39.354062],[-94.737359,39.351463],[-94.73294,39.349877],[-94.732959,39.343857],[-94.74311,39.343688],[-94.743112,39.342103],[-94.748565,39.341969],[-94.752284,39.339575],[-94.751908,39.342451],[-94.753821,39.345399],[-94.755082,39.343247],[-94.757377,39.343684],[-94.759145,39.341875],[-94.759188,39.343298],[-94.761053,39.342698],[-94.761032,39.346706],[-94.770165,39.34658],[-94.770168,39.350192],[-94.78253,39.350126],[-94.782533,39.353759],[-94.78874,39.353707],[-94.78875,39.357214],[-94.782673,39.357673],[-94.782724,39.360973],[-94.787109,39.360936],[-94.787139,39.362698],[-94.78967,39.362511],[-94.790282,39.361007],[-94.803505,39.361346]],[[-94.756757,39.351505],[-94.754745,39.351533],[-94.754779,39.352809],[-94.756792,39.352796],[-94.756757,39.351505]],[[-94.752823,39.353251],[-94.751818,39.350575],[-94.749425,39.350577],[-94.749289,39.353963],[-94.752823,39.353251]],[[-94.747064,39.350529],[-94.7424,39.350529],[-94.742328,39.35402],[-94.746305,39.353987],[-94.747064,39.350529]]]}},{"type":"Feature","properties":{"NAME":"Platte Woods","state_abbr":"MO","state_name":"Missouri","ALAND":1010975},"geometry":{"type":"Polygon","coordinates":[[[-94.659538,39.225572],[-94.658468,39.233082],[-94.644975,39.232195],[-94.645074,39.225057],[-94.659538,39.225572]]]}},{"type":"Feature","properties":{"NAME":"Hurley","state_abbr":"MO","state_name":"Missouri","ALAND":1106970},"geometry":{"type":"Polygon","coordinates":[[[-93.509258,36.930544],[-93.509213,36.934771],[-93.501037,36.933167],[-93.496766,36.936762],[-93.497823,36.93191],[-93.490474,36.933306],[-93.486498,36.931391],[-93.486481,36.930016],[-93.490083,36.929903],[-93.490079,36.928651],[-93.497252,36.929882],[-93.497785,36.924951],[-93.503081,36.923771],[-93.503275,36.928745],[-93.507123,36.92871],[-93.506629,36.931742],[-93.509258,36.930544]],[[-93.503278,36.928888],[-93.500145,36.928914],[-93.499459,36.931633],[-93.503348,36.93168],[-93.503278,36.928888]]]}},{"type":"Feature","properties":{"NAME":"Indian Point","state_abbr":"MO","state_name":"Missouri","ALAND":7247464},"geometry":{"type":"Polygon","coordinates":[[[-93.356199,36.674276],[-93.350702,36.674302],[-93.350478,36.668343],[-93.346195,36.668307],[-93.346465,36.658615],[-93.32884,36.658493],[-93.32882,36.651101],[-93.332297,36.644809],[-93.332235,36.637471],[-93.334153,36.637479],[-93.334204,36.626713],[-93.329596,36.626692],[-93.32971,36.623236],[-93.338968,36.623519],[-93.338967,36.619589],[-93.343583,36.619694],[-93.34365,36.615884],[-93.352337,36.616079],[-93.352438,36.623306],[-93.355165,36.623321],[-93.353974,36.651287],[-93.355088,36.651295],[-93.35598,36.658506],[-93.356199,36.674276]]]}},{"type":"Feature","properties":{"NAME":"Ridgely","state_abbr":"MO","state_name":"Missouri","ALAND":3572435},"geometry":{"type":"Polygon","coordinates":[[[-94.657146,39.441197],[-94.657108,39.448537],[-94.64777,39.448496],[-94.647761,39.450235],[-94.650584,39.450099],[-94.650564,39.452118],[-94.64775,39.45212],[-94.64769,39.463028],[-94.629075,39.463164],[-94.629072,39.455845],[-94.624445,39.456987],[-94.623612,39.45158],[-94.629075,39.451583],[-94.629077,39.448465],[-94.643421,39.448481],[-94.64392,39.446011],[-94.647201,39.446008],[-94.648341,39.442649],[-94.652496,39.442648],[-94.652494,39.441192],[-94.657146,39.441197]]]}},{"type":"Feature","properties":{"NAME":"Riverside","state_abbr":"MO","state_name":"Missouri","ALAND":14315903},"geometry":{"type":"Polygon","coordinates":[[[-94.661162,39.16389],[-94.659307,39.170064],[-94.659406,39.180827],[-94.641059,39.177006],[-94.641028,39.181675],[-94.6318,39.181674],[-94.63168,39.18884],[-94.611516,39.189479],[-94.607311,39.18867],[-94.609723,39.18867],[-94.609731,39.187506],[-94.606979,39.185169],[-94.608989,39.183844],[-94.610568,39.178849],[-94.601463,39.181766],[-94.601733,39.159603],[-94.611071,39.160883],[-94.635552,39.154082],[-94.650647,39.154092],[-94.65921,39.157841],[-94.661162,39.16389]]]}},{"type":"Feature","properties":{"NAME":"Weatherby Lake","state_abbr":"MO","state_name":"Missouri","ALAND":2664655},"geometry":{"type":"Polygon","coordinates":[[[-94.70683,39.231189],[-94.7056,39.236262],[-94.7044,39.236281],[-94.704262,39.242623],[-94.70109,39.242625],[-94.701101,39.246626],[-94.683648,39.24698],[-94.684149,39.239808],[-94.68714,39.239803],[-94.687112,39.23253],[-94.691807,39.232546],[-94.691809,39.225239],[-94.701018,39.225468],[-94.703977,39.223689],[-94.70683,39.231189]]]}},{"type":"Feature","properties":{"NAME":"Baring","state_abbr":"MO","state_name":"Missouri","ALAND":329506},"geometry":{"type":"Polygon","coordinates":[[[-92.210666,40.242162],[-92.210632,40.243877],[-92.20708,40.245612],[-92.20662,40.247556],[-92.202212,40.247483],[-92.202199,40.245652],[-92.200615,40.245729],[-92.205876,40.241484],[-92.210666,40.242162]]]}},{"type":"Feature","properties":{"NAME":"Knox City","state_abbr":"MO","state_name":"Missouri","ALAND":545920},"geometry":{"type":"Polygon","coordinates":[[[-92.016747,40.144672],[-92.012778,40.14723],[-92.004194,40.14642],[-92.00456,40.141224],[-92.015666,40.141748],[-92.016747,40.144672]]]}},{"type":"Feature","properties":{"NAME":"Newark","state_abbr":"MO","state_name":"Missouri","ALAND":835908},"geometry":{"type":"Polygon","coordinates":[[[-91.980009,39.996355],[-91.97573,39.996363],[-91.97569,39.999849],[-91.968881,39.999945],[-91.968981,39.989493],[-91.975386,39.989527],[-91.977578,39.992863],[-91.979955,39.992865],[-91.980009,39.996355]]]}},{"type":"Feature","properties":{"NAME":"Novelty","state_abbr":"MO","state_name":"Missouri","ALAND":725493},"geometry":{"type":"MultiPolygon","coordinates":[[[[-92.195375,40.014146],[-92.193662,40.0141],[-92.193601,40.012547],[-92.195346,40.012513],[-92.195375,40.014146]]],[[[-92.215532,40.015484],[-92.200001,40.015035],[-92.200063,40.011183],[-92.203675,40.011244],[-92.203624,40.008677],[-92.209201,40.008528],[-92.209205,40.010675],[-92.215431,40.011924],[-92.215532,40.015484]]]]}},{"type":"Feature","properties":{"NAME":"Marceline","state_abbr":"MO","state_name":"Missouri","ALAND":8497709},"geometry":{"type":"Polygon","coordinates":[[[-92.966387,39.707704],[-92.966176,39.713448],[-92.961443,39.713456],[-92.961142,39.728158],[-92.951405,39.727809],[-92.951217,39.740006],[-92.948474,39.739943],[-92.948492,39.738232],[-92.941713,39.738095],[-92.941803,39.73459],[-92.946916,39.734802],[-92.946909,39.731419],[-92.932455,39.731032],[-92.933102,39.701669],[-92.945603,39.701935],[-92.945598,39.6984],[-92.951408,39.698509],[-92.951646,39.70203],[-92.955957,39.702102],[-92.955981,39.700036],[-92.959664,39.700087],[-92.958052,39.702118],[-92.961378,39.702199],[-92.960755,39.709572],[-92.962398,39.709665],[-92.96251,39.707628],[-92.966387,39.707704]]]}},{"type":"Feature","properties":{"NAME":"Brookfield","state_abbr":"MO","state_name":"Missouri","ALAND":11264236},"geometry":{"type":"Polygon","coordinates":[[[-93.104081,39.786024],[-93.098575,39.78571],[-93.09797,39.795933],[-93.088457,39.796181],[-93.08775,39.800419],[-93.082683,39.800508],[-93.082381,39.803492],[-93.078464,39.80349],[-93.078049,39.805377],[-93.077159,39.803855],[-93.070589,39.803795],[-93.070618,39.800229],[-93.063201,39.799871],[-93.06317,39.795533],[-93.059592,39.795338],[-93.059674,39.779383],[-93.050254,39.77841],[-93.050256,39.774802],[-93.054778,39.775009],[-93.054934,39.771626],[-93.059685,39.771807],[-93.059588,39.768275],[-93.064364,39.768653],[-93.064482,39.764983],[-93.068549,39.770979],[-93.071076,39.771345],[-93.07107,39.769534],[-93.076597,39.769478],[-93.073815,39.76836],[-93.073884,39.765474],[-93.079993,39.765796],[-93.079711,39.772358],[-93.103726,39.779599],[-93.104081,39.786024]]]}},{"type":"Feature","properties":{"NAME":"Laclede","state_abbr":"MO","state_name":"Missouri","ALAND":3235057},"geometry":{"type":"Polygon","coordinates":[[[-93.179453,39.778692],[-93.178946,39.796932],[-93.160063,39.797056],[-93.160622,39.778831],[-93.179453,39.778692]]]}},{"type":"Feature","properties":{"NAME":"Meadville","state_abbr":"MO","state_name":"Missouri","ALAND":1397535},"geometry":{"type":"Polygon","coordinates":[[[-93.309886,39.792455],[-93.300198,39.792484],[-93.300026,39.78868],[-93.296196,39.788618],[-93.291703,39.788914],[-93.291752,39.792445],[-93.287012,39.792474],[-93.287012,39.78861],[-93.282966,39.788575],[-93.283,39.78675],[-93.291748,39.78595],[-93.291739,39.787114],[-93.292678,39.78601],[-93.292678,39.78716],[-93.296256,39.787342],[-93.296186,39.784071],[-93.309614,39.78391],[-93.309886,39.792455]]]}},{"type":"Feature","properties":{"NAME":"Greenfield","state_abbr":"MO","state_name":"Missouri","ALAND":2943494},"geometry":{"type":"Polygon","coordinates":[[[-93.855572,37.4182],[-93.850793,37.41812],[-93.850858,37.425307],[-93.837048,37.425313],[-93.837168,37.421682],[-93.834694,37.421418],[-93.834719,37.418148],[-93.83272,37.418153],[-93.832702,37.410268],[-93.836383,37.40861],[-93.837322,37.410364],[-93.842065,37.410419],[-93.842154,37.405106],[-93.84675,37.403437],[-93.847336,37.410696],[-93.851335,37.410722],[-93.851293,37.414534],[-93.855602,37.41455],[-93.855572,37.4182]]]}},{"type":"Feature","properties":{"NAME":"Orrick","state_abbr":"MO","state_name":"Missouri","ALAND":3671486},"geometry":{"type":"Polygon","coordinates":[[[-94.141945,39.221353],[-94.113798,39.220949],[-94.113797,39.205692],[-94.117433,39.205632],[-94.117346,39.202936],[-94.117975,39.205638],[-94.137087,39.205479],[-94.136862,39.216391],[-94.141954,39.217549],[-94.141945,39.221353]]]}},{"type":"Feature","properties":{"NAME":"Emerald Beach","state_abbr":"MO","state_name":"Missouri","ALAND":1854631},"geometry":{"type":"Polygon","coordinates":[[[-93.681586,36.57916],[-93.672543,36.584012],[-93.672849,36.581757],[-93.670242,36.584562],[-93.66668,36.583696],[-93.665688,36.580234],[-93.669313,36.577606],[-93.665831,36.578458],[-93.66265,36.573474],[-93.666552,36.571837],[-93.668042,36.563804],[-93.673127,36.565884],[-93.672311,36.571165],[-93.676122,36.571525],[-93.676819,36.575401],[-93.681586,36.57916]]]}},{"type":"Feature","properties":{"NAME":"Purdin","state_abbr":"MO","state_name":"Missouri","ALAND":793724},"geometry":{"type":"Polygon","coordinates":[[[-93.171287,39.955784],[-93.162127,39.956012],[-93.162425,39.946834],[-93.165946,39.941789],[-93.166189,39.945496],[-93.169657,39.947238],[-93.169801,39.950396],[-93.17099,39.950349],[-93.171287,39.955784]]]}},{"type":"Feature","properties":{"NAME":"Browning","state_abbr":"MO","state_name":"Missouri","ALAND":1354603},"geometry":{"type":"Polygon","coordinates":[[[-93.168663,40.030531],[-93.16882,40.038712],[-93.151015,40.038912],[-93.151175,40.030926],[-93.168663,40.030531]]]}},{"type":"Feature","properties":{"NAME":"Richmond","state_abbr":"MO","state_name":"Missouri","ALAND":15928199},"geometry":{"type":"Polygon","coordinates":[[[-93.996844,39.263272],[-93.99706,39.296481],[-93.964644,39.296739],[-93.964166,39.282983],[-93.958865,39.282998],[-93.958697,39.278223],[-93.936615,39.27808],[-93.936755,39.274538],[-93.941275,39.274531],[-93.941171,39.263638],[-93.95958,39.2637],[-93.947923,39.249888],[-93.941215,39.24703],[-93.941965,39.245949],[-93.95295,39.252098],[-93.958117,39.261679],[-93.959812,39.261649],[-93.95935,39.253815],[-93.961096,39.253751],[-93.961343,39.258742],[-93.964012,39.25873],[-93.964251,39.263629],[-93.968891,39.263497],[-93.970031,39.25615],[-93.967792,39.256166],[-93.967932,39.257804],[-93.963849,39.255061],[-93.970367,39.254988],[-93.969624,39.248857],[-93.973449,39.248849],[-93.976434,39.25604],[-93.972915,39.256142],[-93.973408,39.258841],[-93.972079,39.259599],[-93.979483,39.259724],[-93.976803,39.256039],[-93.984418,39.255509],[-93.984903,39.253984],[-93.983707,39.260111],[-93.985623,39.263177],[-93.996844,39.263272]],[[-93.977744,39.263186],[-93.973588,39.262128],[-93.973633,39.262888],[-93.977744,39.263186]]]}},{"type":"Feature","properties":{"NAME":"Wood Heights","state_abbr":"MO","state_name":"Missouri","ALAND":5905460},"geometry":{"type":"Polygon","coordinates":[[[-94.183062,39.337779],[-94.183048,39.339415],[-94.177969,39.33855],[-94.178017,39.342077],[-94.174871,39.340898],[-94.174857,39.342674],[-94.178036,39.342678],[-94.178029,39.350988],[-94.1732,39.351205],[-94.173014,39.356426],[-94.168646,39.356132],[-94.168383,39.351146],[-94.145255,39.348397],[-94.145192,39.33591],[-94.150322,39.335896],[-94.150427,39.333128],[-94.153274,39.333074],[-94.153637,39.330591],[-94.178133,39.330779],[-94.178046,39.336854],[-94.183062,39.337779]],[[-94.159078,39.340397],[-94.15078,39.340492],[-94.150616,39.34278],[-94.15906,39.342606],[-94.159078,39.340397]]]}},{"type":"Feature","properties":{"NAME":"Plato","state_abbr":"MO","state_name":"Missouri","ALAND":970043},"geometry":{"type":"Polygon","coordinates":[[[-92.229123,37.505069],[-92.227624,37.507116],[-92.225406,37.507037],[-92.225998,37.505421],[-92.223956,37.50364],[-92.220307,37.504019],[-92.222622,37.505251],[-92.222564,37.506936],[-92.216732,37.508102],[-92.21671,37.506728],[-92.214605,37.506655],[-92.214624,37.503065],[-92.212821,37.502995],[-92.212821,37.498845],[-92.224947,37.498313],[-92.225414,37.501498],[-92.229123,37.505069]]]}},{"type":"Feature","properties":{"NAME":"Princeton","state_abbr":"MO","state_name":"Missouri","ALAND":4115062},"geometry":{"type":"Polygon","coordinates":[[[-93.603046,40.388619],[-93.603024,40.402907],[-93.58883,40.402958],[-93.588816,40.406613],[-93.579343,40.40685],[-93.579252,40.403142],[-93.574537,40.403072],[-93.574697,40.3888],[-93.603046,40.388619]]]}},{"type":"Feature","properties":{"NAME":"South Lineville","state_abbr":"MO","state_name":"Missouri","ALAND":140739},"geometry":{"type":"Polygon","coordinates":[[[-93.527057,40.580498],[-93.520549,40.580439],[-93.520567,40.57986],[-93.522526,40.579863],[-93.523442,40.575673],[-93.524847,40.57545],[-93.525703,40.579938],[-93.527057,40.580498]]]}},{"type":"Feature","properties":{"NAME":"Thayer","state_abbr":"MO","state_name":"Missouri","ALAND":6326557},"geometry":{"type":"Polygon","coordinates":[[[-91.55591,36.519943],[-91.555867,36.521465],[-91.552052,36.521446],[-91.55176,36.527069],[-91.549682,36.527047],[-91.549604,36.544242],[-91.544606,36.544205],[-91.544621,36.540145],[-91.539259,36.538436],[-91.53926,36.53496],[-91.531017,36.53488],[-91.531021,36.527372],[-91.5292,36.527303],[-91.529228,36.525322],[-91.522684,36.525248],[-91.524145,36.522627],[-91.5297,36.522586],[-91.529843,36.516466],[-91.534052,36.516522],[-91.534089,36.512562],[-91.539443,36.512628],[-91.539445,36.511504],[-91.540793,36.512622],[-91.540688,36.508473],[-91.534753,36.508345],[-91.534809,36.504302],[-91.529673,36.503646],[-91.529576,36.502432],[-91.533389,36.502558],[-91.534479,36.499011],[-91.53621,36.499117],[-91.535826,36.500375],[-91.536832,36.499124],[-91.5447,36.499151],[-91.54384,36.504554],[-91.53786,36.504412],[-91.538843,36.507821],[-91.545104,36.506438],[-91.545025,36.508565],[-91.543031,36.508536],[-91.542982,36.512503],[-91.550339,36.512295],[-91.55151,36.519702],[-91.55591,36.519943]]]}},{"type":"Feature","properties":{"NAME":"Anniston","state_abbr":"MO","state_name":"Missouri","ALAND":1013934},"geometry":{"type":"Polygon","coordinates":[[[-89.333414,36.820067],[-89.33313,36.826872],[-89.329385,36.826881],[-89.329388,36.828673],[-89.319235,36.828669],[-89.31922,36.823279],[-89.323973,36.82326],[-89.323903,36.819621],[-89.333414,36.820067]]]}},{"type":"Feature","properties":{"NAME":"Charleston","state_abbr":"MO","state_name":"Missouri","ALAND":12420481},"geometry":{"type":"Polygon","coordinates":[[[-89.364723,36.917319],[-89.365059,36.926223],[-89.360541,36.92631],[-89.360603,36.928257],[-89.351192,36.928964],[-89.353224,36.935912],[-89.347163,36.935812],[-89.347002,36.930963],[-89.349723,36.930979],[-89.349145,36.928262],[-89.34689,36.928182],[-89.34518,36.92598],[-89.336599,36.927873],[-89.336578,36.926386],[-89.329214,36.926415],[-89.329266,36.928346],[-89.333608,36.928353],[-89.326805,36.929917],[-89.326743,36.928376],[-89.329027,36.928346],[-89.329004,36.926415],[-89.324153,36.926456],[-89.324067,36.924761],[-89.321502,36.924791],[-89.321504,36.927139],[-89.324186,36.927154],[-89.324338,36.930425],[-89.316029,36.93234],[-89.316004,36.927642],[-89.311151,36.927604],[-89.310968,36.933477],[-89.302452,36.935182],[-89.301955,36.924209],[-89.303642,36.924187],[-89.303733,36.921949],[-89.297841,36.922047],[-89.297806,36.917025],[-89.304018,36.917026],[-89.304018,36.913721],[-89.326025,36.913759],[-89.334535,36.907156],[-89.3466,36.905414],[-89.346758,36.89169],[-89.355832,36.891745],[-89.355403,36.907997],[-89.352389,36.909354],[-89.356161,36.913538],[-89.356043,36.917282],[-89.364723,36.917319]]]}},{"type":"Feature","properties":{"NAME":"Wilson City","state_abbr":"MO","state_name":"Missouri","ALAND":194795},"geometry":{"type":"Polygon","coordinates":[[[-89.22532,36.922391],[-89.225316,36.925746],[-89.220734,36.925731],[-89.220711,36.921425],[-89.22532,36.922391]]]}},{"type":"Feature","properties":{"NAME":"Brimson","state_abbr":"MO","state_name":"Missouri","ALAND":225333},"geometry":{"type":"Polygon","coordinates":[[[-93.740731,40.142236],[-93.740719,40.147387],[-93.73581,40.147387],[-93.735708,40.143779],[-93.737565,40.142098],[-93.740731,40.142236]]]}},{"type":"Feature","properties":{"NAME":"Cabool","state_abbr":"MO","state_name":"Missouri","ALAND":10149250},"geometry":{"type":"MultiPolygon","coordinates":[[[[-92.088003,37.117253],[-92.08612,37.115621],[-92.081741,37.107689],[-92.068844,37.103478],[-92.066078,37.100175],[-92.061874,37.101046],[-92.061875,37.099634],[-92.066241,37.098811],[-92.069274,37.102983],[-92.081428,37.10681],[-92.088003,37.117253]]],[[[-92.134352,37.132944],[-92.114375,37.132921],[-92.114393,37.140459],[-92.078782,37.139222],[-92.08111,37.131922],[-92.086709,37.128347],[-92.09117,37.120335],[-92.088068,37.117212],[-92.088738,37.109261],[-92.092085,37.110586],[-92.09208,37.117069],[-92.094403,37.117021],[-92.094397,37.109364],[-92.096483,37.109442],[-92.096621,37.107155],[-92.105572,37.107177],[-92.105465,37.112145],[-92.107957,37.112134],[-92.108832,37.11489],[-92.114506,37.114805],[-92.114983,37.11903],[-92.133176,37.123402],[-92.132942,37.126156],[-92.123853,37.126296],[-92.12383,37.128494],[-92.134272,37.130883],[-92.134352,37.132944]]]]}},{"type":"Feature","properties":{"NAME":"Wyatt","state_abbr":"MO","state_name":"Missouri","ALAND":3035015},"geometry":{"type":"Polygon","coordinates":[[[-89.225347,36.904834],[-89.22531,36.91815],[-89.221942,36.918875],[-89.220774,36.914062],[-89.216566,36.914165],[-89.220701,36.910719],[-89.22074,36.907308],[-89.212327,36.917636],[-89.175863,36.94511],[-89.172526,36.949001],[-89.172629,36.95967],[-89.170607,36.968568],[-89.162829,36.969172],[-89.162829,36.964835],[-89.164149,36.964834],[-89.168357,36.958228],[-89.166201,36.953391],[-89.167634,36.951183],[-89.166311,36.950456],[-89.169321,36.948167],[-89.170314,36.949326],[-89.178484,36.940667],[-89.213818,36.914103],[-89.218889,36.907723],[-89.225347,36.904834]]]}},{"type":"Feature","properties":{"NAME":"Frankford","state_abbr":"MO","state_name":"Missouri","ALAND":1134853},"geometry":{"type":"Polygon","coordinates":[[[-91.328461,39.491404],[-91.328392,39.494114],[-91.321927,39.496804],[-91.321673,39.498962],[-91.315625,39.497766],[-91.313553,39.495349],[-91.313527,39.488707],[-91.326314,39.48888],[-91.328461,39.491404]]]}},{"type":"Feature","properties":{"NAME":"Tarrants","state_abbr":"MO","state_name":"Missouri","ALAND":112331},"geometry":{"type":"Polygon","coordinates":[[[-91.184911,39.355027],[-91.185141,39.359097],[-91.181669,39.359469],[-91.184911,39.355027]]]}},{"type":"Feature","properties":{"NAME":"Houstonia","state_abbr":"MO","state_name":"Missouri","ALAND":512175},"geometry":{"type":"Polygon","coordinates":[[[-93.364148,38.896486],[-93.362651,38.90333],[-93.354611,38.901597],[-93.354956,38.896246],[-93.364148,38.896486]]]}},{"type":"Feature","properties":{"NAME":"Galt","state_abbr":"MO","state_name":"Missouri","ALAND":739812},"geometry":{"type":"Polygon","coordinates":[[[-93.393436,40.130983],[-93.3835,40.131474],[-93.383357,40.124119],[-93.384854,40.124014],[-93.384892,40.121829],[-93.390353,40.122324],[-93.390614,40.125298],[-93.393411,40.126056],[-93.393436,40.130983]]]}},{"type":"Feature","properties":{"NAME":"Bertrand","state_abbr":"MO","state_name":"Missouri","ALAND":2133589},"geometry":{"type":"Polygon","coordinates":[[[-89.464275,36.905209],[-89.464004,36.909702],[-89.453421,36.910907],[-89.45355,36.914188],[-89.445646,36.914138],[-89.445517,36.911904],[-89.435838,36.913281],[-89.434884,36.909942],[-89.433903,36.912923],[-89.433887,36.916461],[-89.433721,36.916979],[-89.433444,36.917156],[-89.433066,36.917224],[-89.427694,36.917204],[-89.433658,36.916924],[-89.433918,36.912416],[-89.435841,36.906636],[-89.448774,36.906346],[-89.448386,36.903881],[-89.456018,36.901647],[-89.447073,36.903961],[-89.447059,36.902507],[-89.452892,36.901561],[-89.455999,36.897965],[-89.45595,36.891583],[-89.457373,36.905243],[-89.464275,36.905209]]]}},{"type":"Feature","properties":{"NAME":"Goss","state_abbr":"MO","state_name":"Missouri","ALAND":149033},"geometry":{"type":"Polygon","coordinates":[[[-91.956845,39.514316],[-91.937581,39.516084],[-91.937325,39.515591],[-91.941123,39.514104],[-91.956845,39.514316]]]}},{"type":"Feature","properties":{"NAME":"Holliday","state_abbr":"MO","state_name":"Missouri","ALAND":676452},"geometry":{"type":"Polygon","coordinates":[[[-92.13609,39.490153],[-92.135934,39.497427],[-92.126667,39.497364],[-92.12776,39.489468],[-92.13609,39.490153]]]}},{"type":"Feature","properties":{"NAME":"Madison","state_abbr":"MO","state_name":"Missouri","ALAND":1159505},"geometry":{"type":"Polygon","coordinates":[[[-92.221942,39.473224],[-92.217758,39.473182],[-92.216552,39.475856],[-92.21397,39.475846],[-92.21386,39.479525],[-92.207435,39.479163],[-92.2069,39.47723],[-92.203864,39.4782],[-92.203812,39.474237],[-92.206644,39.473619],[-92.206376,39.470146],[-92.211655,39.469148],[-92.211723,39.467567],[-92.217085,39.46766],[-92.217189,39.471542],[-92.221786,39.47162],[-92.221942,39.473224]]]}},{"type":"Feature","properties":{"NAME":"Paris","state_abbr":"MO","state_name":"Missouri","ALAND":3272415},"geometry":{"type":"Polygon","coordinates":[[[-92.020915,39.472097],[-92.010492,39.482366],[-92.000094,39.489278],[-91.998678,39.486165],[-91.995401,39.486088],[-91.995403,39.483958],[-91.991679,39.484687],[-91.992065,39.47455],[-91.994356,39.474315],[-91.994514,39.470811],[-91.999974,39.47087],[-92.001401,39.469158],[-92.015519,39.469566],[-92.015425,39.471727],[-92.020915,39.472097]]]}},{"type":"Feature","properties":{"NAME":"Stoutsville","state_abbr":"MO","state_name":"Missouri","ALAND":2132368},"geometry":{"type":"Polygon","coordinates":[[[-91.869926,39.549021],[-91.868748,39.551001],[-91.864723,39.55229],[-91.869707,39.553556],[-91.869651,39.555926],[-91.865032,39.555819],[-91.865064,39.55399],[-91.851256,39.554049],[-91.851232,39.549807],[-91.847912,39.550739],[-91.847737,39.547011],[-91.844539,39.547146],[-91.844599,39.545043],[-91.848888,39.544956],[-91.848505,39.536025],[-91.851501,39.536037],[-91.851435,39.539953],[-91.854258,39.539947],[-91.854241,39.541463],[-91.851047,39.541453],[-91.85109,39.543401],[-91.865582,39.543448],[-91.865414,39.548598],[-91.869926,39.549021]]]}},{"type":"Feature","properties":{"NAME":"Brandsville","state_abbr":"MO","state_name":"Missouri","ALAND":1353141},"geometry":{"type":"Polygon","coordinates":[[[-91.708315,36.650215],[-91.708249,36.653105],[-91.704887,36.653118],[-91.704641,36.655512],[-91.699263,36.655404],[-91.6994,36.653785],[-91.68624,36.653148],[-91.68696,36.646408],[-91.700693,36.64714],[-91.700239,36.64942],[-91.708315,36.650215]]]}},{"type":"Feature","properties":{"NAME":"West Plains","state_abbr":"MO","state_name":"Missouri","ALAND":34457515},"geometry":{"type":"Polygon","coordinates":[[[-91.913269,36.747488],[-91.902175,36.747304],[-91.900957,36.754468],[-91.897475,36.754522],[-91.897442,36.753292],[-91.894236,36.752525],[-91.894112,36.755328],[-91.890481,36.755285],[-91.890443,36.757519],[-91.885888,36.757443],[-91.885575,36.770802],[-91.887313,36.770837],[-91.886983,36.773841],[-91.889962,36.773932],[-91.890581,36.779136],[-91.898157,36.78008],[-91.900024,36.781855],[-91.897015,36.78289],[-91.896845,36.790404],[-91.909902,36.790556],[-91.909754,36.794162],[-91.907195,36.79412],[-91.907511,36.79779],[-91.903974,36.797742],[-91.903952,36.799514],[-91.895716,36.796419],[-91.895051,36.791691],[-91.891084,36.789377],[-91.893516,36.78845],[-91.891063,36.7875],[-91.892882,36.785852],[-91.891089,36.783151],[-91.8867,36.782957],[-91.880939,36.779083],[-91.885413,36.779214],[-91.885589,36.776791],[-91.879804,36.769321],[-91.870576,36.768025],[-91.870166,36.764241],[-91.867608,36.764168],[-91.866834,36.762537],[-91.868325,36.756975],[-91.870244,36.757053],[-91.870135,36.759539],[-91.870505,36.757427],[-91.872293,36.757106],[-91.870511,36.757048],[-91.870577,36.753424],[-91.863476,36.753264],[-91.86351,36.749564],[-91.858996,36.749448],[-91.858764,36.760178],[-91.854152,36.760061],[-91.85407,36.763734],[-91.836141,36.763305],[-91.836253,36.756104],[-91.842263,36.754386],[-91.845414,36.74549],[-91.839718,36.745386],[-91.839767,36.741726],[-91.833234,36.741564],[-91.832191,36.734257],[-91.836657,36.734404],[-91.836969,36.726149],[-91.832417,36.72381],[-91.832398,36.72147],[-91.830214,36.722819],[-91.82794,36.721597],[-91.832672,36.718913],[-91.831608,36.716298],[-91.832748,36.715936],[-91.830452,36.715675],[-91.830468,36.71368],[-91.82725,36.714647],[-91.824727,36.71249],[-91.826066,36.712365],[-91.823734,36.708139],[-91.82071,36.708605],[-91.819395,36.707311],[-91.819433,36.702905],[-91.816411,36.702226],[-91.816463,36.699462],[-91.823873,36.704363],[-91.82696,36.703964],[-91.826944,36.701065],[-91.8298,36.701146],[-91.829849,36.706624],[-91.82701,36.706813],[-91.827541,36.711132],[-91.832714,36.710857],[-91.832714,36.708957],[-91.838955,36.70905],[-91.839127,36.706308],[-91.842095,36.707333],[-91.842448,36.701932],[-91.849659,36.701475],[-91.851056,36.705754],[-91.844634,36.705579],[-91.844557,36.709166],[-91.846388,36.709213],[-91.846369,36.710442],[-91.842583,36.710386],[-91.843761,36.712745],[-91.841779,36.712809],[-91.846274,36.712869],[-91.846302,36.711827],[-91.850949,36.711892],[-91.848664,36.712882],[-91.850592,36.716321],[-91.856124,36.716405],[-91.855887,36.713094],[-91.864525,36.713339],[-91.864703,36.706133],[-91.871497,36.70633],[-91.871415,36.709599],[-91.873682,36.708549],[-91.87363,36.710047],[-91.873794,36.706304],[-91.877228,36.706322],[-91.877161,36.708808],[-91.880219,36.707784],[-91.881125,36.7101],[-91.887134,36.710262],[-91.887028,36.713867],[-91.898119,36.714189],[-91.898151,36.721605],[-91.905286,36.722499],[-91.897996,36.727589],[-91.903767,36.724825],[-91.903711,36.725974],[-91.907686,36.726052],[-91.908807,36.723111],[-91.908774,36.724578],[-91.91149,36.724017],[-91.911428,36.729195],[-91.899719,36.728947],[-91.899889,36.730201],[-91.902416,36.730394],[-91.901638,36.73619],[-91.891753,36.735783],[-91.890758,36.743024],[-91.888515,36.7435],[-91.89061,36.743778],[-91.890143,36.747143],[-91.89395,36.746958],[-91.897815,36.742045],[-91.898321,36.743527],[-91.909671,36.743695],[-91.909616,36.744889],[-91.913294,36.744972],[-91.913269,36.747488]],[[-91.899732,36.791781],[-91.897143,36.791749],[-91.897154,36.793972],[-91.899672,36.794033],[-91.899732,36.791781]],[[-91.891507,36.73019],[-91.889797,36.729696],[-91.888785,36.732077],[-91.890656,36.731846],[-91.891507,36.73019]],[[-91.891094,36.715654],[-91.885332,36.715654],[-91.885263,36.717465],[-91.884659,36.71564],[-91.882282,36.715593],[-91.882249,36.717404],[-91.884428,36.717449],[-91.88435,36.721104],[-91.886235,36.721134],[-91.886979,36.717805],[-91.890864,36.718314],[-91.891094,36.715654]],[[-91.890667,36.751186],[-91.8856,36.750169],[-91.885802,36.753802],[-91.890551,36.753942],[-91.890667,36.751186]],[[-91.888704,36.725929],[-91.88446,36.723604],[-91.884216,36.724894],[-91.88094,36.72378],[-91.880883,36.725285],[-91.877813,36.725545],[-91.879417,36.727535],[-91.882164,36.727538],[-91.882195,36.725373],[-91.888704,36.725929]],[[-91.88369,36.772781],[-91.885379,36.772018],[-91.882879,36.771886],[-91.88369,36.772781]],[[-91.882065,36.717399],[-91.88114,36.715571],[-91.875743,36.715464],[-91.875974,36.718083],[-91.881235,36.717436],[-91.881097,36.721064],[-91.882065,36.717399]],[[-91.859096,36.745562],[-91.856521,36.744822],[-91.856496,36.745526],[-91.859096,36.745562]],[[-91.854444,36.745693],[-91.850829,36.745581],[-91.84741,36.747246],[-91.854382,36.747388],[-91.854444,36.745693]],[[-91.847352,36.716368],[-91.841733,36.714523],[-91.841485,36.716184],[-91.847352,36.716368]]]}},{"type":"Feature","properties":{"NAME":"Homestown","state_abbr":"MO","state_name":"Missouri","ALAND":319737},"geometry":{"type":"Polygon","coordinates":[[[-89.82651,36.328275],[-89.826512,36.33535],[-89.82198,36.335328],[-89.821889,36.3284],[-89.82651,36.328275]]]}},{"type":"Feature","properties":{"NAME":"Pascola","state_abbr":"MO","state_name":"Missouri","ALAND":413886},"geometry":{"type":"Polygon","coordinates":[[[-89.829838,36.269858],[-89.821704,36.269877],[-89.822111,36.264463],[-89.82982,36.264803],[-89.829838,36.269858]]]}},{"type":"Feature","properties":{"NAME":"Hallsville","state_abbr":"MO","state_name":"Missouri","ALAND":4147811},"geometry":{"type":"Polygon","coordinates":[[[-92.241467,39.111417],[-92.24119,39.11818],[-92.238739,39.118731],[-92.241181,39.118827],[-92.24105,39.12141],[-92.236229,39.121803],[-92.235206,39.12319],[-92.240529,39.127859],[-92.240636,39.131975],[-92.23701,39.13344],[-92.22662,39.132489],[-92.227065,39.120797],[-92.217823,39.121011],[-92.22057,39.120609],[-92.210561,39.119722],[-92.212478,39.117901],[-92.204181,39.11803],[-92.204353,39.11433],[-92.208866,39.114197],[-92.208985,39.110493],[-92.213526,39.110412],[-92.213454,39.113075],[-92.215476,39.113087],[-92.215579,39.110416],[-92.224146,39.109616],[-92.227777,39.112667],[-92.227327,39.116231],[-92.231871,39.11782],[-92.232573,39.11105],[-92.241467,39.111417]],[[-92.232472,39.121898],[-92.232224,39.121093],[-92.231844,39.1216],[-92.232472,39.121898]]]}},{"type":"Feature","properties":{"NAME":"Hartsburg","state_abbr":"MO","state_name":"Missouri","ALAND":557114},"geometry":{"type":"Polygon","coordinates":[[[-92.312335,38.691687],[-92.312717,38.69728],[-92.308318,38.69723],[-92.306936,38.701678],[-92.30211,38.701601],[-92.302198,38.69527],[-92.308417,38.695314],[-92.307078,38.691853],[-92.311085,38.694141],[-92.311125,38.691674],[-92.312335,38.691687]]]}},{"type":"Feature","properties":{"NAME":"Huntsdale","state_abbr":"MO","state_name":"Missouri","ALAND":773447},"geometry":{"type":"Polygon","coordinates":[[[-92.489431,38.918822],[-92.488764,38.920356],[-92.475357,38.911763],[-92.470562,38.913038],[-92.473012,38.906333],[-92.475182,38.904831],[-92.489431,38.918822]]]}},{"type":"Feature","properties":{"NAME":"Pierpont","state_abbr":"MO","state_name":"Missouri","ALAND":590973},"geometry":{"type":"Polygon","coordinates":[[[-92.320605,38.859709],[-92.315065,38.862625],[-92.317592,38.867567],[-92.314563,38.868241],[-92.314673,38.866376],[-92.31204,38.866322],[-92.312215,38.863363],[-92.310445,38.863976],[-92.31039,38.866286],[-92.305404,38.866185],[-92.305544,38.862535],[-92.311122,38.862659],[-92.311183,38.860814],[-92.31486,38.86212],[-92.314252,38.857993],[-92.319875,38.858443],[-92.320605,38.859709]]]}},{"type":"Feature","properties":{"NAME":"Rocheport","state_abbr":"MO","state_name":"Missouri","ALAND":820636},"geometry":{"type":"Polygon","coordinates":[[[-92.570156,38.979728],[-92.561928,38.9835],[-92.558639,38.982528],[-92.558667,38.973202],[-92.565992,38.974264],[-92.570156,38.979728]]]}},{"type":"Feature","properties":{"NAME":"California","state_abbr":"MO","state_name":"Missouri","ALAND":10011390},"geometry":{"type":"Polygon","coordinates":[[[-92.603495,38.642848],[-92.592424,38.639342],[-92.592414,38.635704],[-92.586176,38.635517],[-92.588554,38.637252],[-92.576844,38.638475],[-92.576635,38.642272],[-92.571462,38.642164],[-92.571433,38.645932],[-92.568664,38.645876],[-92.567191,38.645345],[-92.567159,38.642073],[-92.553372,38.641663],[-92.553562,38.636221],[-92.548326,38.636143],[-92.548333,38.634385],[-92.557596,38.634651],[-92.551467,38.631113],[-92.535303,38.631202],[-92.535258,38.63461],[-92.524508,38.634597],[-92.524332,38.626906],[-92.535092,38.626837],[-92.535118,38.625692],[-92.549036,38.627084],[-92.549046,38.624369],[-92.558217,38.624404],[-92.55857,38.617346],[-92.566773,38.617327],[-92.568574,38.614854],[-92.572898,38.615053],[-92.572745,38.620616],[-92.577702,38.620757],[-92.577776,38.616971],[-92.57521,38.616958],[-92.575386,38.61321],[-92.584688,38.614562],[-92.583586,38.620814],[-92.586613,38.620969],[-92.586281,38.631961],[-92.595475,38.632161],[-92.595398,38.635685],[-92.59939,38.635795],[-92.599422,38.637482],[-92.600532,38.635824],[-92.603785,38.635919],[-92.603495,38.642848]],[[-92.566699,38.620271],[-92.565155,38.619374],[-92.56507,38.62019],[-92.566699,38.620271]],[[-92.556782,38.628757],[-92.558335,38.628626],[-92.556018,38.628524],[-92.556782,38.628757]]]}},{"type":"Feature","properties":{"NAME":"Laurie","state_abbr":"MO","state_name":"Missouri","ALAND":14241078},"geometry":{"type":"Polygon","coordinates":[[[-92.85193,38.192918],[-92.850245,38.218172],[-92.843966,38.218051],[-92.842648,38.222263],[-92.830749,38.224461],[-92.830723,38.219969],[-92.806099,38.219551],[-92.805889,38.222996],[-92.809194,38.22285],[-92.809212,38.227776],[-92.804071,38.227336],[-92.803873,38.230431],[-92.791307,38.230683],[-92.791109,38.226571],[-92.79324,38.22517],[-92.79331,38.22309],[-92.79526,38.22317],[-92.795503,38.219591],[-92.80495,38.219593],[-92.806825,38.191151],[-92.829142,38.192123],[-92.829254,38.187693],[-92.834343,38.187722],[-92.834114,38.192254],[-92.85193,38.192918]]]}},{"type":"Feature","properties":{"NAME":"Mexico","state_abbr":"MO","state_name":"Missouri","ALAND":31522569},"geometry":{"type":"Polygon","coordinates":[[[-91.923085,39.155324],[-91.922084,39.157213],[-91.92072,39.15634],[-91.920634,39.159777],[-91.918268,39.159757],[-91.916934,39.166032],[-91.913253,39.165982],[-91.912273,39.16015],[-91.907693,39.160045],[-91.907056,39.178546],[-91.912336,39.181073],[-91.910595,39.181319],[-91.91037,39.187686],[-91.90691,39.18603],[-91.902801,39.188143],[-91.885267,39.186802],[-91.884363,39.189434],[-91.883026,39.18942],[-91.882226,39.186748],[-91.873655,39.186637],[-91.872285,39.191981],[-91.865624,39.200942],[-91.861727,39.204651],[-91.856252,39.207804],[-91.864197,39.202115],[-91.871722,39.192027],[-91.865942,39.192006],[-91.865986,39.186562],[-91.859097,39.186482],[-91.859335,39.178544],[-91.850117,39.178662],[-91.849813,39.17452],[-91.843749,39.176122],[-91.833577,39.175473],[-91.818373,39.170166],[-91.818418,39.168643],[-91.814851,39.168651],[-91.815009,39.164827],[-91.819477,39.163556],[-91.819515,39.158821],[-91.805056,39.163787],[-91.801514,39.16055],[-91.819749,39.153994],[-91.820191,39.146655],[-91.829959,39.146594],[-91.829986,39.151031],[-91.834943,39.151148],[-91.834848,39.153883],[-91.84227,39.155985],[-91.843344,39.147357],[-91.854894,39.132592],[-91.888056,39.118102],[-91.889276,39.114736],[-91.890546,39.115855],[-91.894661,39.113609],[-91.895965,39.113935],[-91.89536,39.115048],[-91.898651,39.115091],[-91.898825,39.110931],[-91.902955,39.11105],[-91.904122,39.116362],[-91.895554,39.116817],[-91.893071,39.118398],[-91.894082,39.119924],[-91.893264,39.136432],[-91.890818,39.14376],[-91.893157,39.144258],[-91.892019,39.147828],[-91.908236,39.147957],[-91.90795,39.152207],[-91.910814,39.152261],[-91.910903,39.15041],[-91.912369,39.150444],[-91.912244,39.15229],[-91.916166,39.152349],[-91.916082,39.15539],[-91.923085,39.155324]],[[-91.893589,39.121517],[-91.884282,39.122183],[-91.883987,39.130283],[-91.879305,39.130213],[-91.879391,39.127405],[-91.871766,39.127242],[-91.871298,39.125596],[-91.856825,39.132381],[-91.845185,39.146631],[-91.844243,39.152312],[-91.849282,39.152194],[-91.84906,39.155879],[-91.860025,39.155671],[-91.860292,39.147305],[-91.869383,39.147481],[-91.869597,39.141317],[-91.87404,39.14154],[-91.874856,39.147633],[-91.883348,39.147709],[-91.883495,39.145886],[-91.886112,39.145915],[-91.886162,39.144149],[-91.883509,39.144089],[-91.883552,39.142127],[-91.890654,39.143143],[-91.891948,39.139674],[-91.891421,39.138536],[-91.885313,39.138385],[-91.886181,39.134762],[-91.883849,39.134692],[-91.883959,39.131088],[-91.890981,39.131263],[-91.891098,39.127667],[-91.89332,39.12772],[-91.893589,39.121517]],[[-91.893013,39.134442],[-91.890639,39.133827],[-91.890593,39.134355],[-91.893013,39.134442]],[[-91.859681,39.163497],[-91.842928,39.157231],[-91.841563,39.156709],[-91.841418,39.165738],[-91.852261,39.165592],[-91.852187,39.163181],[-91.859681,39.163497]]]}},{"type":"Feature","properties":{"NAME":"Delta","state_abbr":"MO","state_name":"Missouri","ALAND":1020328},"geometry":{"type":"Polygon","coordinates":[[[-89.746714,37.199847],[-89.740525,37.200869],[-89.741426,37.202743],[-89.73899,37.201195],[-89.735474,37.205347],[-89.735442,37.202169],[-89.733708,37.202193],[-89.733676,37.200258],[-89.735923,37.199111],[-89.731474,37.197455],[-89.731558,37.195206],[-89.744954,37.191678],[-89.745063,37.196148],[-89.743536,37.197555],[-89.746714,37.199847]]]}},{"type":"Feature","properties":{"NAME":"Hanley Hills","state_abbr":"MO","state_name":"Missouri","ALAND":929456},"geometry":{"type":"Polygon","coordinates":[[[-90.333878,38.691972],[-90.328745,38.691386],[-90.318502,38.685659],[-90.315809,38.682375],[-90.316502,38.679856],[-90.32816,38.683243],[-90.328151,38.687239],[-90.333471,38.687253],[-90.333878,38.691972]]]}},{"type":"Feature","properties":{"NAME":"Hazelwood","state_abbr":"MO","state_name":"Missouri","ALAND":41538987},"geometry":{"type":"Polygon","coordinates":[[[-90.449556,38.819892],[-90.440617,38.82765],[-90.430975,38.829806],[-90.415546,38.828876],[-90.396732,38.8237],[-90.353493,38.797818],[-90.357672,38.793478],[-90.367227,38.799196],[-90.368238,38.797915],[-90.358663,38.792176],[-90.356031,38.793868],[-90.343229,38.786171],[-90.339576,38.787049],[-90.339606,38.780704],[-90.337617,38.78069],[-90.337682,38.776231],[-90.328298,38.774632],[-90.329198,38.769437],[-90.324229,38.768931],[-90.323698,38.771956],[-90.318141,38.771377],[-90.317778,38.768197],[-90.319613,38.7672],[-90.316056,38.76324],[-90.31744,38.761861],[-90.3251,38.763667],[-90.324857,38.764737],[-90.339974,38.764874],[-90.343854,38.773297],[-90.349328,38.773859],[-90.349394,38.764718],[-90.352624,38.764804],[-90.353442,38.759333],[-90.36161,38.760213],[-90.368999,38.764495],[-90.370911,38.762335],[-90.368275,38.760787],[-90.368875,38.758982],[-90.388569,38.760653],[-90.40521,38.773021],[-90.411998,38.775069],[-90.419704,38.786268],[-90.425951,38.792357],[-90.424642,38.793159],[-90.449556,38.819892]],[[-90.413184,38.777168],[-90.411454,38.775256],[-90.4093,38.774873],[-90.413184,38.777168]]]}},{"type":"Feature","properties":{"NAME":"Luray","state_abbr":"MO","state_name":"Missouri","ALAND":522569},"geometry":{"type":"Polygon","coordinates":[[[-91.887802,40.448631],[-91.88781,40.456084],[-91.880261,40.456011],[-91.880477,40.448669],[-91.887802,40.448631]]]}},{"type":"Feature","properties":{"NAME":"Wyaconda","state_abbr":"MO","state_name":"Missouri","ALAND":1664692},"geometry":{"type":"Polygon","coordinates":[[[-91.932873,40.385795],[-91.93256,40.398654],[-91.918951,40.398274],[-91.919243,40.385635],[-91.932873,40.385795]]]}},{"type":"Feature","properties":{"NAME":"Kirkwood","state_abbr":"MO","state_name":"Missouri","ALAND":23782252},"geometry":{"type":"Polygon","coordinates":[[[-90.45408,38.555087],[-90.453656,38.572599],[-90.443535,38.574484],[-90.447297,38.581794],[-90.444032,38.581893],[-90.443442,38.584375],[-90.445487,38.587263],[-90.444111,38.596689],[-90.425261,38.596465],[-90.425255,38.606594],[-90.41574,38.606469],[-90.415802,38.603702],[-90.390759,38.603163],[-90.391542,38.567932],[-90.397504,38.567835],[-90.397981,38.562086],[-90.406938,38.559293],[-90.418553,38.559442],[-90.419021,38.554984],[-90.430538,38.555814],[-90.430605,38.548436],[-90.435598,38.548475],[-90.442564,38.559448],[-90.45408,38.555087]]]}},{"type":"Feature","properties":{"NAME":"Ladue","state_abbr":"MO","state_name":"Missouri","ALAND":22169955},"geometry":{"type":"Polygon","coordinates":[[[-90.405779,38.618273],[-90.405209,38.661188],[-90.366646,38.66085],[-90.366613,38.658136],[-90.354811,38.657971],[-90.352325,38.655375],[-90.34877,38.656209],[-90.351309,38.639148],[-90.361868,38.641138],[-90.363349,38.614009],[-90.378901,38.614093],[-90.379693,38.609264],[-90.401315,38.610897],[-90.401156,38.618256],[-90.405779,38.618273]]]}},{"type":"Feature","properties":{"NAME":"Manchester","state_abbr":"MO","state_name":"Missouri","ALAND":13032337},"geometry":{"type":"Polygon","coordinates":[[[-90.529589,38.577318],[-90.529461,38.586316],[-90.524586,38.586184],[-90.524561,38.588263],[-90.519971,38.588108],[-90.519847,38.593035],[-90.529263,38.593002],[-90.529034,38.604566],[-90.515239,38.604451],[-90.515917,38.605589],[-90.512822,38.606832],[-90.510487,38.606564],[-90.51049,38.604438],[-90.500748,38.60429],[-90.501148,38.580684],[-90.492982,38.582062],[-90.47851,38.581008],[-90.470338,38.575579],[-90.474205,38.570936],[-90.477281,38.571321],[-90.478165,38.573509],[-90.481955,38.572481],[-90.478144,38.569299],[-90.484344,38.562929],[-90.491636,38.563836],[-90.491612,38.566123],[-90.49593,38.566189],[-90.494351,38.569196],[-90.497267,38.569356],[-90.498289,38.571497],[-90.502071,38.570774],[-90.500405,38.570626],[-90.50114,38.567753],[-90.524946,38.56839],[-90.524868,38.576919],[-90.529589,38.577318]]]}},{"type":"Feature","properties":{"NAME":"Poplar Bluff","state_abbr":"MO","state_name":"Missouri","ALAND":34030501},"geometry":{"type":"MultiPolygon","coordinates":[[[[-90.438377,36.803084],[-90.437094,36.803556],[-90.437113,36.803094],[-90.438377,36.803084]]],[[[-90.457011,36.737288],[-90.450169,36.737273],[-90.450094,36.740849],[-90.447756,36.740809],[-90.44793,36.73732],[-90.445574,36.73859],[-90.445785,36.735288],[-90.439719,36.735366],[-90.441098,36.732143],[-90.439401,36.73244],[-90.439397,36.730044],[-90.434778,36.730108],[-90.434809,36.726896],[-90.427689,36.726945],[-90.427024,36.734706],[-90.425552,36.734446],[-90.4255,36.736579],[-90.422563,36.737826],[-90.421831,36.741153],[-90.41847,36.740341],[-90.418409,36.743274],[-90.414609,36.743624],[-90.417483,36.748042],[-90.413727,36.751239],[-90.413788,36.75608],[-90.422325,36.761375],[-90.429792,36.762182],[-90.431735,36.761089],[-90.431794,36.758599],[-90.433281,36.758637],[-90.43314,36.761494],[-90.436906,36.762637],[-90.436878,36.76445],[-90.434339,36.764264],[-90.436049,36.766887],[-90.438748,36.765483],[-90.439338,36.766819],[-90.440308,36.76225],[-90.442295,36.76333],[-90.445194,36.76236],[-90.445172,36.766987],[-90.440519,36.765988],[-90.441034,36.767717],[-90.450782,36.766792],[-90.451728,36.764857],[-90.45308,36.764857],[-90.453262,36.767547],[-90.45493,36.767541],[-90.456843,36.775238],[-90.451565,36.776106],[-90.451557,36.77794],[-90.450031,36.777769],[-90.450063,36.776073],[-90.443968,36.776258],[-90.445801,36.772579],[-90.444324,36.772587],[-90.443506,36.769469],[-90.437238,36.770474],[-90.436618,36.773754],[-90.440264,36.779142],[-90.440094,36.785137],[-90.451138,36.785281],[-90.449516,36.788958],[-90.451464,36.785283],[-90.455397,36.785312],[-90.45624,36.787179],[-90.455408,36.790235],[-90.453192,36.790556],[-90.453251,36.796605],[-90.450784,36.796582],[-90.450855,36.798791],[-90.448147,36.794885],[-90.44817,36.791803],[-90.440712,36.79362],[-90.438635,36.792872],[-90.43828,36.790837],[-90.438258,36.792646],[-90.436492,36.792594],[-90.436412,36.794404],[-90.43729,36.792835],[-90.438999,36.793336],[-90.437109,36.795716],[-90.438364,36.796111],[-90.436966,36.803806],[-90.441521,36.805622],[-90.437068,36.804068],[-90.418461,36.803615],[-90.418849,36.792492],[-90.421212,36.792517],[-90.421203,36.789896],[-90.417461,36.790445],[-90.41575,36.788514],[-90.415683,36.790352],[-90.411177,36.790704],[-90.411138,36.789464],[-90.405183,36.789807],[-90.40518,36.78871],[-90.391471,36.788417],[-90.391785,36.781566],[-90.387048,36.781259],[-90.387041,36.777268],[-90.391439,36.777316],[-90.391489,36.773812],[-90.38729,36.773493],[-90.387211,36.769663],[-90.37914,36.769722],[-90.376618,36.773253],[-90.373257,36.773129],[-90.371796,36.772289],[-90.373286,36.769703],[-90.371749,36.768923],[-90.368138,36.777442],[-90.366153,36.778164],[-90.364109,36.776388],[-90.364971,36.772708],[-90.377986,36.761747],[-90.375802,36.755509],[-90.38124,36.754477],[-90.382238,36.743906],[-90.385148,36.743872],[-90.385122,36.738654],[-90.3893,36.736717],[-90.389315,36.733152],[-90.400545,36.733446],[-90.400587,36.729597],[-90.409544,36.731108],[-90.409741,36.722294],[-90.414016,36.721383],[-90.424944,36.724346],[-90.425031,36.722453],[-90.433167,36.722448],[-90.433145,36.723966],[-90.433894,36.722455],[-90.441979,36.722503],[-90.441982,36.723847],[-90.445795,36.723847],[-90.445111,36.731583],[-90.450246,36.730784],[-90.452342,36.731255],[-90.450209,36.73189],[-90.450192,36.733394],[-90.457018,36.733427],[-90.457011,36.737288]],[[-90.453841,36.770174],[-90.453135,36.767519],[-90.453063,36.770172],[-90.453841,36.770174]],[[-90.451102,36.768095],[-90.449139,36.767022],[-90.449976,36.770158],[-90.451105,36.770158],[-90.451102,36.768095]],[[-90.448892,36.77255],[-90.446593,36.772543],[-90.446579,36.774175],[-90.448895,36.774242],[-90.448892,36.77255]],[[-90.443688,36.734978],[-90.444369,36.733486],[-90.442944,36.733461],[-90.443688,36.734978]],[[-90.442135,36.727172],[-90.44109,36.726707],[-90.441074,36.727148],[-90.442135,36.727172]],[[-90.437154,36.788748],[-90.437085,36.778156],[-90.432763,36.77796],[-90.434885,36.780668],[-90.433873,36.781167],[-90.434874,36.783076],[-90.432679,36.781382],[-90.433815,36.78452],[-90.43257,36.785962],[-90.434641,36.786486],[-90.43384,36.788924],[-90.437154,36.788748]],[[-90.436006,36.798041],[-90.435705,36.797342],[-90.435576,36.797922],[-90.436006,36.798041]],[[-90.435094,36.79612],[-90.435744,36.79576],[-90.43509,36.795744],[-90.435094,36.79612]],[[-90.435534,36.763102],[-90.43455,36.76284],[-90.434538,36.7631],[-90.435534,36.763102]],[[-90.435382,36.767064],[-90.43499,36.766901],[-90.43501,36.767072],[-90.435382,36.767064]],[[-90.434854,36.793326],[-90.434489,36.792799],[-90.434485,36.793325],[-90.434854,36.793326]],[[-90.432754,36.792914],[-90.428166,36.792554],[-90.428126,36.796149],[-90.432662,36.79618],[-90.432754,36.792914]],[[-90.43067,36.764027],[-90.42966,36.7629],[-90.429641,36.763453],[-90.43067,36.764027]],[[-90.446569,36.774701],[-90.445962,36.774147],[-90.445964,36.774693],[-90.446569,36.774701]]]]}},{"type":"Feature","properties":{"NAME":"Sikeston","state_abbr":"MO","state_name":"Missouri","ALAND":44421831},"geometry":{"type":"Polygon","coordinates":[[[-89.635883,36.926424],[-89.62967,36.926625],[-89.629737,36.930298],[-89.627948,36.930365],[-89.627582,36.939996],[-89.611983,36.939604],[-89.612172,36.934693],[-89.600077,36.935041],[-89.610773,36.934169],[-89.610313,36.929832],[-89.605014,36.93005],[-89.610305,36.92975],[-89.60997,36.926592],[-89.611825,36.926498],[-89.611379,36.922126],[-89.599894,36.922772],[-89.599965,36.927708],[-89.595408,36.927872],[-89.595318,36.919216],[-89.608085,36.918522],[-89.601657,36.905589],[-89.597174,36.905745],[-89.595146,36.898896],[-89.578437,36.899168],[-89.578583,36.906526],[-89.5703,36.906658],[-89.570548,36.910121],[-89.572137,36.91013],[-89.571017,36.911919],[-89.571996,36.91396],[-89.575638,36.913947],[-89.5723,36.914592],[-89.575546,36.921315],[-89.57034,36.921257],[-89.56582,36.91032],[-89.557546,36.913851],[-89.538184,36.913227],[-89.538134,36.909567],[-89.547786,36.909572],[-89.55419,36.9076],[-89.55618,36.898596],[-89.549568,36.898605],[-89.549106,36.876767],[-89.537799,36.87685],[-89.539302,36.871475],[-89.528663,36.875255],[-89.528763,36.862311],[-89.555975,36.862111],[-89.555871,36.865576],[-89.557092,36.865172],[-89.578186,36.85765],[-89.577132,36.852739],[-89.581933,36.852114],[-89.580052,36.842314],[-89.593052,36.840692],[-89.594447,36.85359],[-89.604407,36.85224],[-89.604872,36.854621],[-89.614227,36.85421],[-89.614431,36.86144],[-89.62353,36.861143],[-89.623866,36.875729],[-89.633022,36.875584],[-89.633436,36.890319],[-89.6145,36.891228],[-89.619053,36.901297],[-89.616797,36.90135],[-89.614741,36.895639],[-89.60516,36.89582],[-89.616721,36.919853],[-89.630929,36.919331],[-89.635883,36.926424]],[[-89.608854,36.916888],[-89.60832,36.915012],[-89.607829,36.915176],[-89.608854,36.916888]],[[-89.607676,36.913716],[-89.606449,36.911235],[-89.605502,36.909346],[-89.605987,36.912015],[-89.607676,36.913716]],[[-89.564789,36.873661],[-89.562314,36.869367],[-89.553072,36.86947],[-89.553137,36.873917],[-89.555369,36.873918],[-89.555369,36.875423],[-89.553179,36.875849],[-89.563959,36.875736],[-89.564789,36.873661]]]}},{"type":"Feature","properties":{"NAME":"Elmira","state_abbr":"MO","state_name":"Missouri","ALAND":188209},"geometry":{"type":"Polygon","coordinates":[[[-94.156248,39.512235],[-94.153941,39.512222],[-94.153887,39.509103],[-94.151855,39.509124],[-94.153935,39.505266],[-94.15609,39.505278],[-94.156248,39.512235]]]}},{"type":"Feature","properties":{"NAME":"Homestead","state_abbr":"MO","state_name":"Missouri","ALAND":410845},"geometry":{"type":"Polygon","coordinates":[[[-94.20714,39.361964],[-94.202106,39.361964],[-94.20184,39.367267],[-94.196986,39.367195],[-94.197251,39.360296],[-94.20712,39.360265],[-94.20714,39.361964]]]}},{"type":"Feature","properties":{"NAME":"Bellflower","state_abbr":"MO","state_name":"Missouri","ALAND":1448551},"geometry":{"type":"Polygon","coordinates":[[[-91.361999,39.007147],[-91.359397,39.007108],[-91.359441,39.009244],[-91.350107,39.00939],[-91.350125,39.007191],[-91.34528,39.008308],[-91.345751,38.997008],[-91.35634,38.99822],[-91.356333,39.003414],[-91.36208,39.004934],[-91.361999,39.007147]]]}},{"type":"Feature","properties":{"NAME":"Clark","state_abbr":"MO","state_name":"Missouri","ALAND":1549872},"geometry":{"type":"Polygon","coordinates":[[[-92.365075,39.282221],[-92.358434,39.28199],[-92.352163,39.277363],[-92.345883,39.28003],[-92.345662,39.284559],[-92.33782,39.284516],[-92.338268,39.276229],[-92.346626,39.276077],[-92.345998,39.277106],[-92.348691,39.278623],[-92.351833,39.277113],[-92.336482,39.265125],[-92.324061,39.246602],[-92.320747,39.246537],[-92.32609,39.24548],[-92.324802,39.246937],[-92.335986,39.263682],[-92.352722,39.276684],[-92.35418,39.276203],[-92.364948,39.276697],[-92.365075,39.282221]],[[-92.355053,39.276671],[-92.353655,39.276728],[-92.354955,39.278364],[-92.355053,39.276671]]]}},{"type":"Feature","properties":{"NAME":"Norwood Court","state_abbr":"MO","state_name":"Missouri","ALAND":316896},"geometry":{"type":"Polygon","coordinates":[[[-90.293184,38.719967],[-90.28999,38.719923],[-90.288372,38.712654],[-90.284617,38.712635],[-90.286655,38.70955],[-90.29311,38.712796],[-90.290551,38.716511],[-90.293184,38.719967]]]}},{"type":"Feature","properties":{"NAME":"Overland","state_abbr":"MO","state_name":"Missouri","ALAND":11367730},"geometry":{"type":"Polygon","coordinates":[[[-90.392939,38.686586],[-90.388958,38.712604],[-90.371777,38.710112],[-90.350016,38.709843],[-90.348454,38.708995],[-90.349333,38.703437],[-90.352395,38.70374],[-90.354574,38.699377],[-90.347571,38.699031],[-90.342018,38.700902],[-90.342601,38.697453],[-90.345222,38.698376],[-90.34723,38.682978],[-90.353319,38.682909],[-90.360156,38.677259],[-90.362317,38.677256],[-90.362301,38.681763],[-90.373536,38.682808],[-90.372971,38.686156],[-90.384419,38.687243],[-90.384906,38.684806],[-90.392939,38.686586]]]}},{"type":"Feature","properties":{"NAME":"Dudley","state_abbr":"MO","state_name":"Missouri","ALAND":1008038},"geometry":{"type":"Polygon","coordinates":[[[-90.0982,36.785066],[-90.098735,36.790803],[-90.094525,36.791718],[-90.093324,36.795414],[-90.08578,36.794712],[-90.084606,36.787512],[-90.089623,36.787535],[-90.089653,36.785003],[-90.0982,36.785066]]]}},{"type":"Feature","properties":{"NAME":"Essex","state_abbr":"MO","state_name":"Missouri","ALAND":748243},"geometry":{"type":"Polygon","coordinates":[[[-89.868586,36.812272],[-89.865747,36.813234],[-89.865582,36.816852],[-89.859125,36.81694],[-89.857285,36.808825],[-89.861736,36.808659],[-89.861767,36.806585],[-89.866327,36.80617],[-89.865965,36.810653],[-89.868586,36.812272]]]}},{"type":"Feature","properties":{"NAME":"Puxico","state_abbr":"MO","state_name":"Missouri","ALAND":1725570},"geometry":{"type":"Polygon","coordinates":[[[-90.16922,36.946369],[-90.169021,36.949576],[-90.164855,36.949532],[-90.16382,36.951129],[-90.16518,36.953237],[-90.163481,36.957365],[-90.154191,36.956689],[-90.155159,36.954897],[-90.147341,36.953147],[-90.14732,36.94933],[-90.145882,36.949314],[-90.145868,36.948029],[-90.155369,36.948603],[-90.15539,36.945695],[-90.160166,36.945714],[-90.160156,36.944554],[-90.163311,36.943908],[-90.16922,36.946369]]]}},{"type":"Feature","properties":{"NAME":"Baker","state_abbr":"MO","state_name":"Missouri","ALAND":531535},"geometry":{"type":"Polygon","coordinates":[[[-89.773174,36.773193],[-89.773172,36.774786],[-89.764923,36.774585],[-89.764935,36.779839],[-89.763777,36.779814],[-89.763846,36.773761],[-89.746034,36.77315],[-89.746044,36.771881],[-89.752495,36.771088],[-89.773174,36.773193]]]}},{"type":"Feature","properties":{"NAME":"Deerfield","state_abbr":"MO","state_name":"Missouri","ALAND":263582},"geometry":{"type":"Polygon","coordinates":[[[-94.512572,37.839178],[-94.504491,37.840902],[-94.504777,37.838799],[-94.502962,37.837532],[-94.510584,37.836401],[-94.512572,37.839178]]]}},{"type":"Feature","properties":{"NAME":"Stotesbury","state_abbr":"MO","state_name":"Missouri","ALAND":285462},"geometry":{"type":"Polygon","coordinates":[[[-94.567938,37.973272],[-94.567839,37.97683],[-94.560714,37.975815],[-94.560697,37.972218],[-94.567938,37.973272]]]}},{"type":"Feature","properties":{"NAME":"Cottleville","state_abbr":"MO","state_name":"Missouri","ALAND":12257396},"geometry":{"type":"MultiPolygon","coordinates":[[[[-90.661438,38.764419],[-90.659804,38.765005],[-90.658596,38.762189],[-90.657036,38.763799],[-90.656316,38.761933],[-90.660896,38.761776],[-90.661438,38.764419]]],[[[-90.694335,38.744502],[-90.690052,38.746223],[-90.687135,38.74269],[-90.692237,38.741251],[-90.694335,38.744502]]],[[[-90.697057,38.754485],[-90.69676,38.75575],[-90.682483,38.751048],[-90.687966,38.760107],[-90.6835,38.763608],[-90.680791,38.759343],[-90.68186,38.75829],[-90.678742,38.760058],[-90.677477,38.758096],[-90.68115,38.75704],[-90.678853,38.757443],[-90.679952,38.755439],[-90.676566,38.756654],[-90.675375,38.754754],[-90.671942,38.754453],[-90.667922,38.757848],[-90.665502,38.756018],[-90.662522,38.75896],[-90.66116,38.756823],[-90.658764,38.757176],[-90.658094,38.753524],[-90.65673,38.75396],[-90.657413,38.75848],[-90.659501,38.758164],[-90.660486,38.759624],[-90.657567,38.759354],[-90.659349,38.76021],[-90.659114,38.761678],[-90.654323,38.761702],[-90.651407,38.766403],[-90.647727,38.767264],[-90.644439,38.764916],[-90.644339,38.767826],[-90.642843,38.767158],[-90.641842,38.768558],[-90.637345,38.765488],[-90.639481,38.767192],[-90.638319,38.768132],[-90.641575,38.768778],[-90.638074,38.773617],[-90.630879,38.770175],[-90.624749,38.763107],[-90.631847,38.757548],[-90.636493,38.756237],[-90.63461,38.7441],[-90.650147,38.744038],[-90.649074,38.740619],[-90.651357,38.740291],[-90.650581,38.734026],[-90.641605,38.735699],[-90.641079,38.734223],[-90.647044,38.733546],[-90.648193,38.73194],[-90.654608,38.732073],[-90.65481,38.73717],[-90.65234,38.738653],[-90.653759,38.739965],[-90.651522,38.740881],[-90.655531,38.740766],[-90.656066,38.744668],[-90.657197,38.742908],[-90.656264,38.739617],[-90.657759,38.737806],[-90.656799,38.734576],[-90.66107,38.73483],[-90.658772,38.731138],[-90.664602,38.72897],[-90.672397,38.739751],[-90.6737,38.739178],[-90.672403,38.737122],[-90.674303,38.736736],[-90.676373,38.740014],[-90.679979,38.74129],[-90.679781,38.743018],[-90.682004,38.743029],[-90.681833,38.746521],[-90.685664,38.74496],[-90.690279,38.749836],[-90.694543,38.748184],[-90.69436,38.75377],[-90.697057,38.754485]],[[-90.681964,38.754392],[-90.680695,38.753621],[-90.679387,38.754579],[-90.679773,38.755025],[-90.681964,38.754392]],[[-90.678687,38.754087],[-90.67782,38.75271],[-90.67736,38.7529],[-90.677386,38.755153],[-90.678687,38.754087]],[[-90.654569,38.741087],[-90.654362,38.742069],[-90.654923,38.742392],[-90.654569,38.741087]],[[-90.653881,38.754831],[-90.651518,38.754783],[-90.651499,38.755753],[-90.653559,38.755894],[-90.653881,38.754831]],[[-90.645329,38.752761],[-90.643409,38.74484],[-90.641881,38.745235],[-90.643949,38.753987],[-90.645329,38.752761]],[[-90.640851,38.746153],[-90.639104,38.746068],[-90.639272,38.7443],[-90.637684,38.744228],[-90.638265,38.746664],[-90.640851,38.746153]],[[-90.663841,38.733697],[-90.659796,38.735667],[-90.662599,38.73732],[-90.658569,38.736815],[-90.659889,38.740695],[-90.66131,38.73889],[-90.661761,38.740494],[-90.663472,38.739408],[-90.665578,38.740776],[-90.666577,38.739341],[-90.66354,38.73643],[-90.665137,38.73578],[-90.663841,38.733697]]]]}},{"type":"Feature","properties":{"NAME":"Brunswick","state_abbr":"MO","state_name":"Missouri","ALAND":3114472},"geometry":{"type":"Polygon","coordinates":[[[-93.143212,39.426724],[-93.143093,39.430444],[-93.140641,39.430681],[-93.140268,39.432998],[-93.121658,39.432777],[-93.121808,39.430136],[-93.117137,39.429803],[-93.117293,39.425231],[-93.11286,39.426637],[-93.112947,39.422274],[-93.104324,39.421297],[-93.104345,39.419082],[-93.113109,39.420847],[-93.113152,39.417458],[-93.120646,39.417923],[-93.14084,39.423642],[-93.140805,39.425402],[-93.143212,39.426724]]]}},{"type":"Feature","properties":{"NAME":"Hornersville","state_abbr":"MO","state_name":"Missouri","ALAND":2021493},"geometry":{"type":"Polygon","coordinates":[[[-90.123258,36.031985],[-90.123275,36.046532],[-90.105168,36.046486],[-90.105378,36.042335],[-90.117665,36.031375],[-90.123258,36.031985]]]}},{"type":"Feature","properties":{"NAME":"Raymondville","state_abbr":"MO","state_name":"Missouri","ALAND":7649828},"geometry":{"type":"Polygon","coordinates":[[[-91.859983,37.337358],[-91.839294,37.352874],[-91.818763,37.352541],[-91.819213,37.341722],[-91.816583,37.341542],[-91.816625,37.332645],[-91.833594,37.332792],[-91.834016,37.328547],[-91.843943,37.328714],[-91.841807,37.324692],[-91.85118,37.324209],[-91.851052,37.329597],[-91.859983,37.337358]]]}},{"type":"Feature","properties":{"NAME":"Laredo","state_abbr":"MO","state_name":"Missouri","ALAND":712653},"geometry":{"type":"Polygon","coordinates":[[[-93.455254,40.027857],[-93.448103,40.027975],[-93.448094,40.031017],[-93.442907,40.03096],[-93.442461,40.027929],[-93.443257,40.024504],[-93.445769,40.024043],[-93.445761,40.020405],[-93.449631,40.020371],[-93.449823,40.024367],[-93.455226,40.024301],[-93.455254,40.027857]]]}},{"type":"Feature","properties":{"NAME":"Spickard","state_abbr":"MO","state_name":"Missouri","ALAND":1635055},"geometry":{"type":"Polygon","coordinates":[[[-93.599446,40.248974],[-93.585731,40.25001],[-93.585856,40.242427],[-93.588341,40.234844],[-93.598571,40.235568],[-93.59739,40.241526],[-93.59943,40.244882],[-93.599446,40.248974]]]}},{"type":"Feature","properties":{"NAME":"Drexel","state_abbr":"MO","state_name":"Missouri","ALAND":7062188},"geometry":{"type":"Polygon","coordinates":[[[-94.613044,38.475832],[-94.612538,38.495839],[-94.602427,38.495406],[-94.602293,38.499226],[-94.605826,38.499232],[-94.605723,38.506316],[-94.612399,38.506343],[-94.612328,38.520516],[-94.587538,38.519974],[-94.587739,38.511779],[-94.59251,38.511819],[-94.593202,38.497111],[-94.594678,38.497134],[-94.593385,38.491444],[-94.597776,38.491591],[-94.597813,38.487946],[-94.599527,38.487951],[-94.599538,38.485347],[-94.601864,38.485387],[-94.602755,38.482321],[-94.602959,38.477362],[-94.598581,38.477168],[-94.598621,38.476066],[-94.603622,38.473775],[-94.603606,38.472097],[-94.607777,38.471311],[-94.610204,38.473591],[-94.608545,38.474851],[-94.613044,38.475832]]]}},{"type":"Feature","properties":{"NAME":"Bismarck","state_abbr":"MO","state_name":"Missouri","ALAND":2579144},"geometry":{"type":"Polygon","coordinates":[[[-90.634194,37.76485],[-90.63394,37.768296],[-90.629849,37.76816],[-90.629572,37.775485],[-90.62809,37.775489],[-90.624709,37.780622],[-90.624824,37.775836],[-90.621501,37.774881],[-90.621537,37.773316],[-90.613094,37.778787],[-90.613205,37.775476],[-90.615681,37.775428],[-90.615942,37.755124],[-90.624897,37.756739],[-90.624839,37.763674],[-90.634194,37.76485]]]}},{"type":"Feature","properties":{"NAME":"Desloge","state_abbr":"MO","state_name":"Missouri","ALAND":7557739},"geometry":{"type":"Polygon","coordinates":[[[-90.541388,37.868943],[-90.537643,37.86957],[-90.537246,37.873257],[-90.53542,37.873038],[-90.53384,37.875296],[-90.534696,37.877552],[-90.529582,37.879731],[-90.530711,37.882001],[-90.52826,37.884611],[-90.527251,37.891941],[-90.523682,37.893263],[-90.520757,37.892345],[-90.5184,37.888688],[-90.520139,37.88216],[-90.516718,37.882091],[-90.516461,37.883366],[-90.518254,37.883168],[-90.516347,37.883935],[-90.516009,37.890127],[-90.509305,37.88945],[-90.509201,37.886542],[-90.506805,37.884166],[-90.507477,37.880787],[-90.502986,37.879243],[-90.503391,37.877041],[-90.498438,37.876467],[-90.498931,37.873209],[-90.501998,37.871934],[-90.493066,37.870812],[-90.49301,37.868994],[-90.494876,37.868929],[-90.495265,37.866695],[-90.504903,37.868593],[-90.505068,37.866914],[-90.508266,37.867534],[-90.508553,37.865458],[-90.517457,37.866378],[-90.519408,37.864229],[-90.529862,37.861743],[-90.540737,37.863847],[-90.537987,37.86695],[-90.541388,37.868943]]]}},{"type":"Feature","properties":{"NAME":"Iron Mountain Lake","state_abbr":"MO","state_name":"Missouri","ALAND":5081888},"geometry":{"type":"Polygon","coordinates":[[[-90.633785,37.698711],[-90.624799,37.698105],[-90.62416,37.705465],[-90.624223,37.69787],[-90.606134,37.697415],[-90.606456,37.690141],[-90.607995,37.690207],[-90.608598,37.671939],[-90.628805,37.672232],[-90.628366,37.697201],[-90.633785,37.698711]]]}},{"type":"Feature","properties":{"NAME":"Calverton Park","state_abbr":"MO","state_name":"Missouri","ALAND":1065446},"geometry":{"type":"Polygon","coordinates":[[[-90.319613,38.7672],[-90.317778,38.768197],[-90.318141,38.771377],[-90.315737,38.771245],[-90.314806,38.767608],[-90.312782,38.768278],[-90.311784,38.766703],[-90.304714,38.770516],[-90.301427,38.766874],[-90.302983,38.761588],[-90.313036,38.762558],[-90.311561,38.760508],[-90.31744,38.761861],[-90.316056,38.76324],[-90.319613,38.7672]]]}},{"type":"Feature","properties":{"NAME":"Lake Tekakwitha","state_abbr":"MO","state_name":"Missouri","ALAND":517613},"geometry":{"type":"Polygon","coordinates":[[[-90.719031,38.438101],[-90.720342,38.443367],[-90.71861,38.44307],[-90.72004,38.44405],[-90.720279,38.445218],[-90.71901,38.44339],[-90.711037,38.445354],[-90.711162,38.437924],[-90.719031,38.438101]]]}},{"type":"Feature","properties":{"NAME":"Adrian","state_abbr":"MO","state_name":"Missouri","ALAND":4334538},"geometry":{"type":"Polygon","coordinates":[[[-94.362749,38.395548],[-94.362435,38.401796],[-94.353044,38.402658],[-94.352961,38.405107],[-94.348646,38.405144],[-94.347431,38.411493],[-94.343704,38.41264],[-94.341575,38.394309],[-94.321343,38.393965],[-94.321343,38.39038],[-94.328595,38.390453],[-94.328595,38.379786],[-94.338795,38.379927],[-94.338985,38.390803],[-94.349127,38.390835],[-94.349121,38.387583],[-94.353262,38.387554],[-94.353028,38.393513],[-94.360816,38.393332],[-94.362749,38.395548]]]}},{"type":"Feature","properties":{"NAME":"Amsterdam","state_abbr":"MO","state_name":"Missouri","ALAND":1479251},"geometry":{"type":"Polygon","coordinates":[[[-94.594558,38.342091],[-94.594025,38.356825],[-94.583618,38.35658],[-94.584301,38.341782],[-94.594558,38.342091]]]}},{"type":"Feature","properties":{"NAME":"Butler","state_abbr":"MO","state_name":"Missouri","ALAND":10533061},"geometry":{"type":"MultiPolygon","coordinates":[[[[-94.357557,38.272065],[-94.357472,38.274618],[-94.353988,38.27456],[-94.353828,38.278786],[-94.348961,38.278675],[-94.349183,38.27144],[-94.357557,38.272065]]],[[[-94.358857,38.25005],[-94.357812,38.264673],[-94.349003,38.264434],[-94.348668,38.275934],[-94.34739,38.275851],[-94.348524,38.277594],[-94.343963,38.277496],[-94.343326,38.2947],[-94.344632,38.300125],[-94.339161,38.300056],[-94.339478,38.277631],[-94.341343,38.277595],[-94.341559,38.271851],[-94.343531,38.271873],[-94.342886,38.268341],[-94.335492,38.267787],[-94.335509,38.271432],[-94.330636,38.271325],[-94.330202,38.264498],[-94.308973,38.264085],[-94.308987,38.262681],[-94.312609,38.26265],[-94.31265,38.259951],[-94.321694,38.260089],[-94.321905,38.257206],[-94.324475,38.256399],[-94.324492,38.253605],[-94.322339,38.252732],[-94.324627,38.252752],[-94.324725,38.251112],[-94.324683,38.249157],[-94.322171,38.249124],[-94.322225,38.246613],[-94.330423,38.245753],[-94.33042,38.243578],[-94.321655,38.242942],[-94.321636,38.24092],[-94.330424,38.2409],[-94.330441,38.236843],[-94.340407,38.236765],[-94.340571,38.242571],[-94.349969,38.2425],[-94.349774,38.249785],[-94.358857,38.25005]],[[-94.346773,38.26443],[-94.345614,38.264422],[-94.345829,38.268107],[-94.344322,38.268162],[-94.344141,38.272779],[-94.346579,38.272853],[-94.346773,38.26443]]]]}},{"type":"Feature","properties":{"NAME":"Foster","state_abbr":"MO","state_name":"Missouri","ALAND":1229380},"geometry":{"type":"Polygon","coordinates":[[[-94.514254,38.163773],[-94.514097,38.168715],[-94.511326,38.168716],[-94.51128,38.173455],[-94.502868,38.17327],[-94.503692,38.158792],[-94.509684,38.158965],[-94.511601,38.163492],[-94.514254,38.163773]]]}},{"type":"Feature","properties":{"NAME":"Passaic","state_abbr":"MO","state_name":"Missouri","ALAND":183774},"geometry":{"type":"Polygon","coordinates":[[[-94.351319,38.320206],[-94.35092,38.323917],[-94.346005,38.323936],[-94.345971,38.320231],[-94.351319,38.320206]]]}},{"type":"Feature","properties":{"NAME":"Ashland","state_abbr":"MO","state_name":"Missouri","ALAND":16127643},"geometry":{"type":"MultiPolygon","coordinates":[[[[-92.258442,38.828781],[-92.25502,38.82886],[-92.25489,38.83238],[-92.250549,38.831956],[-92.25128,38.825134],[-92.255138,38.82517],[-92.255097,38.826861],[-92.258418,38.826918],[-92.258442,38.828781]]],[[[-92.260979,38.803433],[-92.251794,38.803289],[-92.251822,38.80036],[-92.261132,38.800113],[-92.260979,38.803433]]],[[[-92.27851,38.767882],[-92.278458,38.771446],[-92.276112,38.771402],[-92.27586,38.782562],[-92.271058,38.782397],[-92.270982,38.784667],[-92.261787,38.784319],[-92.261839,38.782793],[-92.264405,38.782937],[-92.264075,38.779324],[-92.262531,38.779292],[-92.260407,38.779965],[-92.260346,38.781958],[-92.257271,38.781852],[-92.257099,38.785528],[-92.252702,38.78537],[-92.252619,38.787113],[-92.243704,38.7869],[-92.24235,38.796059],[-92.239914,38.796014],[-92.239832,38.798368],[-92.242242,38.799961],[-92.24212,38.803084],[-92.250816,38.802861],[-92.250914,38.814198],[-92.232087,38.813872],[-92.231974,38.817626],[-92.25095,38.81789],[-92.25065,38.8222],[-92.24875,38.82438],[-92.250164,38.825255],[-92.249585,38.828493],[-92.247813,38.832256],[-92.231538,38.83212],[-92.2273,38.82853],[-92.226988,38.824749],[-92.223096,38.823713],[-92.223192,38.819704],[-92.227466,38.810199],[-92.227701,38.802769],[-92.232542,38.795874],[-92.232862,38.786257],[-92.237668,38.786378],[-92.237749,38.783862],[-92.23534,38.783791],[-92.235416,38.781129],[-92.237798,38.781204],[-92.237764,38.783373],[-92.251831,38.784097],[-92.251858,38.781638],[-92.247535,38.781507],[-92.247614,38.778443],[-92.239607,38.777196],[-92.23963,38.774676],[-92.242573,38.774191],[-92.24347,38.763019],[-92.252145,38.76329],[-92.25222,38.75963],[-92.250223,38.75775],[-92.252316,38.757879],[-92.252462,38.752585],[-92.262715,38.75274],[-92.262579,38.755679],[-92.260924,38.755608],[-92.260864,38.756971],[-92.262532,38.757041],[-92.26242,38.76009],[-92.276333,38.760446],[-92.275439,38.76778],[-92.27851,38.767882]],[[-92.27142,38.771302],[-92.268521,38.771208],[-92.268451,38.77438],[-92.27133,38.774474],[-92.27142,38.771302]],[[-92.269401,38.767581],[-92.268494,38.766282],[-92.26691,38.768233],[-92.269401,38.767581]],[[-92.256377,38.764479],[-92.253054,38.764289],[-92.253007,38.765568],[-92.256324,38.765762],[-92.256377,38.764479]],[[-92.241809,38.803077],[-92.237118,38.802968],[-92.236901,38.810344],[-92.241629,38.810398],[-92.241809,38.803077]]]]}},{"type":"Feature","properties":{"NAME":"Columbia","state_abbr":"MO","state_name":"Missouri","ALAND":174332278},"geometry":{"type":"MultiPolygon","coordinates":[[[[-92.390263,38.904649],[-92.388925,38.906261],[-92.387013,38.906078],[-92.38731,38.90433],[-92.390263,38.904649]]],[[[-92.430394,38.911659],[-92.4269,38.914013],[-92.421721,38.913823],[-92.42276,38.906863],[-92.425495,38.904293],[-92.42699,38.90387],[-92.427923,38.903916],[-92.425927,38.904376],[-92.425629,38.905002],[-92.428232,38.909572],[-92.430394,38.911659]]],[[[-92.434008,38.918108],[-92.431547,38.919412],[-92.431079,38.916877],[-92.428881,38.915987],[-92.427396,38.91869],[-92.423166,38.918985],[-92.422844,38.928897],[-92.417137,38.928728],[-92.416437,38.932337],[-92.41162,38.93195],[-92.41654,38.932732],[-92.41972,38.938032],[-92.416705,38.940795],[-92.416996,38.943393],[-92.4133,38.94304],[-92.413182,38.946932],[-92.417593,38.946921],[-92.417397,38.950551],[-92.415072,38.950515],[-92.417762,38.950767],[-92.417662,38.95429],[-92.412727,38.952959],[-92.414413,38.956055],[-92.410107,38.958959],[-92.409498,38.961348],[-92.411064,38.960341],[-92.413512,38.961666],[-92.41213,38.964648],[-92.420339,38.966591],[-92.419822,38.971042],[-92.409813,38.970744],[-92.407277,38.968688],[-92.398693,38.969639],[-92.398674,38.970963],[-92.389511,38.970401],[-92.389172,38.983865],[-92.392803,38.984191],[-92.392685,38.987782],[-92.388102,38.986422],[-92.387883,38.99096],[-92.383324,38.990542],[-92.383136,38.994275],[-92.381076,38.992094],[-92.378608,38.994185],[-92.378654,38.992804],[-92.376854,38.992768],[-92.37735,38.989902],[-92.351154,38.987717],[-92.350886,38.993162],[-92.342023,38.992425],[-92.341941,38.99573],[-92.344757,38.995981],[-92.344202,38.998085],[-92.341877,38.9979],[-92.34176,39.00146],[-92.339172,39.001383],[-92.339633,39.004707],[-92.337481,39.005505],[-92.336927,39.009093],[-92.329254,39.008497],[-92.33133,39.006793],[-92.32815,39.0048],[-92.331409,39.004868],[-92.331521,39.001066],[-92.32352,39.0008],[-92.323026,39.014092],[-92.320686,39.01411],[-92.320649,39.01697],[-92.318717,39.016917],[-92.319979,39.014371],[-92.313362,39.014151],[-92.313421,39.007573],[-92.311374,39.007534],[-92.31131,39.01501],[-92.315532,39.015121],[-92.315402,39.020598],[-92.311197,39.018333],[-92.311146,39.022408],[-92.306645,39.022342],[-92.306727,39.015342],[-92.303408,39.016507],[-92.302862,39.01478],[-92.304855,39.014495],[-92.302101,39.000205],[-92.29799,39.00013],[-92.30199,39.00377],[-92.301974,39.006617],[-92.299754,39.005964],[-92.299087,39.007351],[-92.301958,39.007501],[-92.297255,39.007483],[-92.296748,39.018222],[-92.29476,39.01799],[-92.294384,39.020852],[-92.282875,39.020303],[-92.282828,39.029443],[-92.27458,39.02929],[-92.275786,39.024207],[-92.278021,39.024257],[-92.278087,39.022071],[-92.269128,39.02192],[-92.26631,39.02912],[-92.2522,39.02896],[-92.251041,39.027107],[-92.248457,39.027078],[-92.248678,39.028937],[-92.24476,39.02889],[-92.246534,39.02294],[-92.244954,39.021719],[-92.24557,39.00287],[-92.26739,39.00009],[-92.268875,38.995799],[-92.269469,38.989656],[-92.266225,38.988866],[-92.267639,38.986936],[-92.263196,38.987572],[-92.263239,38.98614],[-92.260453,38.986709],[-92.260412,38.988689],[-92.25545,38.9892],[-92.255363,38.991109],[-92.253657,38.991853],[-92.255354,38.991917],[-92.255315,38.99318],[-92.253479,38.995206],[-92.246115,38.994029],[-92.248196,38.991711],[-92.241387,38.991219],[-92.241435,38.988571],[-92.249528,38.987943],[-92.249641,38.98515],[-92.250461,38.987975],[-92.251941,38.983231],[-92.253313,38.983256],[-92.253318,38.985245],[-92.255497,38.985309],[-92.255439,38.978046],[-92.245931,38.977854],[-92.24575,38.97653],[-92.24583,38.97277],[-92.25537,38.972859],[-92.255692,38.963209],[-92.247073,38.964403],[-92.246274,38.960394],[-92.236887,38.960442],[-92.23685,38.96278],[-92.240671,38.963107],[-92.240476,38.970471],[-92.236682,38.970376],[-92.236581,38.973503],[-92.229492,38.972634],[-92.229378,38.977485],[-92.217818,38.977273],[-92.217961,38.968935],[-92.22978,38.9684],[-92.23675,38.96309],[-92.227441,38.963025],[-92.227509,38.959907],[-92.2369,38.9597],[-92.237064,38.955901],[-92.227669,38.95574],[-92.227877,38.94838],[-92.23731,38.94824],[-92.23809,38.926701],[-92.25145,38.92679],[-92.256854,38.929079],[-92.257062,38.923401],[-92.268508,38.923384],[-92.268333,38.926935],[-92.275732,38.925303],[-92.276237,38.912516],[-92.25739,38.91232],[-92.258085,38.881552],[-92.270695,38.891633],[-92.270638,38.896253],[-92.275998,38.896911],[-92.278367,38.8961],[-92.276552,38.894962],[-92.277275,38.893761],[-92.286163,38.887818],[-92.28647,38.878412],[-92.295803,38.87672],[-92.295529,38.89119],[-92.30454,38.89122],[-92.30449,38.89522],[-92.303576,38.898115],[-92.295077,38.900824],[-92.295005,38.90277],[-92.290496,38.905347],[-92.294894,38.905648],[-92.294994,38.903785],[-92.304186,38.903526],[-92.302172,38.900917],[-92.309028,38.900322],[-92.309193,38.895973],[-92.312943,38.89609],[-92.312201,38.898568],[-92.326642,38.898625],[-92.326793,38.893645],[-92.329561,38.893748],[-92.32951,38.895429],[-92.335728,38.895617],[-92.3358,38.893872],[-92.341618,38.893915],[-92.340775,38.891039],[-92.343053,38.892975],[-92.350022,38.893581],[-92.349956,38.892368],[-92.352653,38.892352],[-92.351251,38.892071],[-92.352696,38.891334],[-92.353062,38.890858],[-92.351763,38.891711],[-92.352092,38.890408],[-92.34979,38.89228],[-92.34744,38.891594],[-92.347984,38.889622],[-92.3428,38.891477],[-92.343127,38.888691],[-92.336015,38.886582],[-92.33602,38.89236],[-92.332578,38.892048],[-92.332608,38.890075],[-92.335777,38.890329],[-92.335928,38.884763],[-92.342563,38.88498],[-92.340511,38.88714],[-92.34527,38.887004],[-92.345232,38.889916],[-92.347998,38.888698],[-92.348099,38.885059],[-92.357461,38.884916],[-92.360169,38.880986],[-92.357622,38.881639],[-92.359763,38.876128],[-92.355153,38.875839],[-92.355114,38.87748],[-92.34938,38.87665],[-92.349408,38.874795],[-92.35517,38.875177],[-92.355456,38.873],[-92.355529,38.874094],[-92.362948,38.875111],[-92.363299,38.876998],[-92.36148,38.878173],[-92.364306,38.87822],[-92.364253,38.881264],[-92.368851,38.881353],[-92.368787,38.883487],[-92.366518,38.883445],[-92.366491,38.884944],[-92.373305,38.885073],[-92.373903,38.863341],[-92.390894,38.863712],[-92.392169,38.867387],[-92.401373,38.867639],[-92.401113,38.876299],[-92.395599,38.873812],[-92.398763,38.869333],[-92.382844,38.870662],[-92.38286,38.87792],[-92.38012,38.878559],[-92.380001,38.881389],[-92.383154,38.881439],[-92.38244,38.89206],[-92.392576,38.892184],[-92.39787,38.88611],[-92.40083,38.88574],[-92.400899,38.883416],[-92.402807,38.88346],[-92.402723,38.88575],[-92.412756,38.886856],[-92.41542,38.883758],[-92.414979,38.885043],[-92.41973,38.885966],[-92.419524,38.890037],[-92.420998,38.889783],[-92.419482,38.891428],[-92.419417,38.895414],[-92.414574,38.895383],[-92.41448,38.899304],[-92.412224,38.901735],[-92.409863,38.901527],[-92.409717,38.906171],[-92.404064,38.905714],[-92.403361,38.908243],[-92.400375,38.908197],[-92.399985,38.912643],[-92.403241,38.912853],[-92.402234,38.91408],[-92.404212,38.915969],[-92.396797,38.9171],[-92.40007,38.917837],[-92.399923,38.924652],[-92.402515,38.925457],[-92.404288,38.922749],[-92.405585,38.917988],[-92.404556,38.917808],[-92.404499,38.917478],[-92.405473,38.917585],[-92.406719,38.92034],[-92.409379,38.917344],[-92.418621,38.919416],[-92.430647,38.91186],[-92.433312,38.914489],[-92.434008,38.918108]],[[-92.414017,38.93977],[-92.400421,38.93717],[-92.400214,38.943409],[-92.402024,38.94357],[-92.402089,38.941954],[-92.411428,38.943794],[-92.414017,38.93977]],[[-92.408916,38.928161],[-92.401478,38.927427],[-92.400529,38.931367],[-92.408332,38.930858],[-92.408916,38.928161]],[[-92.403626,38.956605],[-92.402241,38.955875],[-92.402216,38.956881],[-92.403626,38.956605]],[[-92.401817,38.965792],[-92.402356,38.964726],[-92.400998,38.965377],[-92.401817,38.965792]],[[-92.402259,38.896224],[-92.400584,38.896335],[-92.399351,38.894195],[-92.392132,38.892847],[-92.38957,38.90064],[-92.38211,38.90023],[-92.382254,38.89628],[-92.37928,38.897327],[-92.377605,38.895871],[-92.377414,38.901732],[-92.38208,38.90036],[-92.38201,38.902345],[-92.377407,38.901953],[-92.377324,38.90439],[-92.37952,38.904579],[-92.378431,38.906975],[-92.381883,38.90724],[-92.381943,38.905559],[-92.387013,38.906078],[-92.388269,38.909786],[-92.384415,38.907567],[-92.384316,38.911143],[-92.379193,38.910705],[-92.379143,38.912653],[-92.377027,38.91262],[-92.376846,38.921525],[-92.379072,38.920707],[-92.378473,38.922318],[-92.381931,38.923918],[-92.386057,38.921037],[-92.386403,38.911374],[-92.389235,38.911685],[-92.389279,38.908076],[-92.394225,38.908594],[-92.394494,38.901164],[-92.400594,38.901742],[-92.400653,38.898798],[-92.399305,38.897986],[-92.401538,38.898189],[-92.402259,38.896224]],[[-92.40099,38.964791],[-92.401229,38.963682],[-92.400128,38.963535],[-92.40099,38.964791]],[[-92.400893,38.907718],[-92.400405,38.906877],[-92.400384,38.90778],[-92.400893,38.907718]],[[-92.400969,38.963442],[-92.400038,38.962687],[-92.3994,38.963058],[-92.399387,38.963331],[-92.400969,38.963442]],[[-92.399768,38.95644],[-92.399015,38.955617],[-92.399032,38.956285],[-92.399768,38.95644]],[[-92.398785,38.96302],[-92.39891,38.9618],[-92.398824,38.961709],[-92.398785,38.96302]],[[-92.393221,38.919365],[-92.389694,38.919167],[-92.390663,38.92415],[-92.393132,38.923453],[-92.393221,38.919365]],[[-92.389168,38.921155],[-92.386787,38.921393],[-92.385621,38.925481],[-92.387283,38.923852],[-92.389021,38.924837],[-92.389168,38.921155]],[[-92.350034,38.989293],[-92.34906,38.98806],[-92.34845,38.988078],[-92.348349,38.988876],[-92.350034,38.989293]],[[-92.348122,38.988468],[-92.347777,38.98769],[-92.347883,38.988449],[-92.348122,38.988468]],[[-92.347963,38.989296],[-92.347746,38.988827],[-92.347688,38.989271],[-92.347963,38.989296]],[[-92.324157,38.998048],[-92.323721,38.993607],[-92.319376,38.993563],[-92.316753,38.995239],[-92.315817,39.000532],[-92.321992,39.00072],[-92.324157,38.998048]],[[-92.321285,39.009367],[-92.319487,39.00935],[-92.3198,39.010628],[-92.321246,39.010642],[-92.321285,39.009367]],[[-92.312778,38.903457],[-92.312116,38.902273],[-92.312088,38.903444],[-92.312778,38.903457]],[[-92.31275,38.906002],[-92.308821,38.905417],[-92.30882,38.905935],[-92.31275,38.906002]],[[-92.312466,38.99468],[-92.31228,38.994861],[-92.312456,38.995012],[-92.312466,38.99468]],[[-92.312396,38.995994],[-92.311572,38.995161],[-92.311554,38.995976],[-92.312396,38.995994]],[[-92.306849,38.90303],[-92.30424,38.90225],[-92.30421,38.903008],[-92.306849,38.90303]],[[-92.302223,38.995046],[-92.297172,38.996754],[-92.292962,38.993273],[-92.298772,38.999245],[-92.302116,38.998683],[-92.302223,38.995046]],[[-92.293125,39.000399],[-92.292756,39.000068],[-92.292745,39.000398],[-92.293125,39.000399]],[[-92.292322,39.01969],[-92.292418,39.015603],[-92.287639,39.016166],[-92.289292,39.01971],[-92.292322,39.01969]],[[-92.291005,38.913491],[-92.290835,38.912968],[-92.29081,38.913488],[-92.291005,38.913491]],[[-92.290191,38.915217],[-92.288419,38.915164],[-92.288552,38.912712],[-92.285366,38.912638],[-92.285173,38.919217],[-92.286913,38.917211],[-92.29009,38.917142],[-92.290191,38.915217]],[[-92.285742,38.919982],[-92.285156,38.919697],[-92.28515,38.919967],[-92.285742,38.919982]],[[-92.271044,38.931587],[-92.268424,38.931577],[-92.266979,38.933975],[-92.266089,38.930372],[-92.264149,38.930319],[-92.263758,38.934209],[-92.269147,38.934857],[-92.271044,38.931587]],[[-92.269243,38.986683],[-92.268742,38.986092],[-92.268715,38.986687],[-92.269243,38.986683]],[[-92.265673,38.986494],[-92.264706,38.986082],[-92.264696,38.986508],[-92.265673,38.986494]],[[-92.265403,38.951259],[-92.260677,38.951033],[-92.260083,38.956059],[-92.265321,38.956053],[-92.263431,38.95247],[-92.265403,38.951259]],[[-92.258972,39.021772],[-92.254292,39.021725],[-92.253761,39.02172],[-92.256043,39.023757],[-92.258904,39.023831],[-92.258972,39.021772]],[[-92.257705,38.956922],[-92.256924,38.95601],[-92.25574,38.95725],[-92.255924,38.951522],[-92.251265,38.952368],[-92.251147,38.955975],[-92.254992,38.95598],[-92.254684,38.95884],[-92.257705,38.956922]],[[-92.254894,38.990462],[-92.254442,38.989576],[-92.254424,38.990457],[-92.254894,38.990462]],[[-92.250831,38.990829],[-92.250214,38.990172],[-92.250213,38.99106],[-92.250831,38.990829]],[[-92.23731,38.94824],[-92.237131,38.953351],[-92.246572,38.953403],[-92.247945,38.949413],[-92.252709,38.94882],[-92.251751,38.947671],[-92.256326,38.941481],[-92.247003,38.941408],[-92.246874,38.945476],[-92.242293,38.944969],[-92.242109,38.948465],[-92.23731,38.94824]],[[-92.275732,38.925303],[-92.275324,38.934307],[-92.270643,38.93425],[-92.270578,38.936959],[-92.272566,38.937871],[-92.272421,38.943872],[-92.25745,38.944942],[-92.259095,38.94876],[-92.261661,38.948758],[-92.262922,38.94696],[-92.263063,38.94874],[-92.275744,38.948808],[-92.276961,38.945183],[-92.279691,38.945189],[-92.279536,38.948777],[-92.284332,38.947191],[-92.284354,38.945273],[-92.281527,38.945267],[-92.281641,38.942002],[-92.284508,38.942736],[-92.28455,38.941203],[-92.279011,38.941046],[-92.278844,38.940824],[-92.28455,38.9411],[-92.284935,38.926508],[-92.275732,38.925303]],[[-92.256326,38.941481],[-92.261029,38.941487],[-92.261414,38.932696],[-92.256799,38.929235],[-92.256326,38.941481]]],[[[-92.437569,38.902666],[-92.43084,38.91132],[-92.425954,38.90485],[-92.434649,38.903618],[-92.437569,38.902666]]],[[[-92.450282,38.891871],[-92.437828,38.902538],[-92.436703,38.902158],[-92.434585,38.903339],[-92.428509,38.904116],[-92.428043,38.903925],[-92.435743,38.902649],[-92.434363,38.898727],[-92.444084,38.892249],[-92.441829,38.890633],[-92.441838,38.886232],[-92.444145,38.886251],[-92.450282,38.891871]]]]}},{"type":"Feature","properties":{"NAME":"Rich Hill","state_abbr":"MO","state_name":"Missouri","ALAND":3537783},"geometry":{"type":"Polygon","coordinates":[[[-94.374777,38.094527],[-94.374537,38.105423],[-94.369537,38.105885],[-94.360532,38.105554],[-94.360575,38.101485],[-94.352891,38.101288],[-94.352887,38.099556],[-94.348747,38.099558],[-94.350011,38.097603],[-94.349229,38.09427],[-94.355704,38.093659],[-94.355812,38.091044],[-94.349507,38.091351],[-94.349804,38.090309],[-94.355824,38.090382],[-94.355866,38.086843],[-94.361105,38.086887],[-94.361425,38.08312],[-94.365962,38.083446],[-94.365757,38.087307],[-94.37078,38.087412],[-94.370573,38.092463],[-94.371712,38.094541],[-94.374777,38.094527]]]}},{"type":"Feature","properties":{"NAME":"Tipton","state_abbr":"MO","state_name":"Missouri","ALAND":5416424},"geometry":{"type":"Polygon","coordinates":[[[-92.797991,38.652557],[-92.797574,38.660143],[-92.78362,38.658308],[-92.785819,38.659876],[-92.785772,38.66539],[-92.782589,38.66539],[-92.783228,38.67069],[-92.773917,38.670628],[-92.774044,38.665357],[-92.770725,38.665332],[-92.771,38.656139],[-92.764972,38.655209],[-92.765437,38.64496],[-92.769758,38.645009],[-92.77066,38.643409],[-92.792101,38.643497],[-92.788259,38.647555],[-92.793298,38.648689],[-92.793221,38.652493],[-92.797991,38.652557]]]}},{"type":"Feature","properties":{"NAME":"Plattsburg","state_abbr":"MO","state_name":"Missouri","ALAND":9325927},"geometry":{"type":"Polygon","coordinates":[[[-94.490515,39.558285],[-94.490397,39.560929],[-94.483647,39.564828],[-94.459844,39.565307],[-94.46048,39.572112],[-94.471377,39.572212],[-94.471409,39.583058],[-94.46168,39.582866],[-94.464767,39.586299],[-94.456862,39.586186],[-94.456888,39.582773],[-94.451976,39.582578],[-94.452183,39.575569],[-94.442832,39.575593],[-94.443372,39.551555],[-94.45032,39.554415],[-94.452739,39.551543],[-94.45275,39.5464],[-94.457239,39.546423],[-94.457265,39.550036],[-94.476813,39.548894],[-94.478554,39.550051],[-94.478542,39.557552],[-94.490515,39.558285]]]}},{"type":"Feature","properties":{"NAME":"Gravois Mills","state_abbr":"MO","state_name":"Missouri","ALAND":1922390},"geometry":{"type":"Polygon","coordinates":[[[-92.832323,38.309639],[-92.83224,38.312084],[-92.827967,38.312115],[-92.827692,38.318511],[-92.824506,38.318401],[-92.824703,38.315855],[-92.819832,38.315764],[-92.820442,38.301357],[-92.818535,38.301274],[-92.817922,38.294192],[-92.82294,38.29419],[-92.829606,38.291399],[-92.828364,38.292092],[-92.828178,38.308432],[-92.832323,38.309639]]]}},{"type":"Feature","properties":{"NAME":"Stover","state_abbr":"MO","state_name":"Missouri","ALAND":2297749},"geometry":{"type":"Polygon","coordinates":[[[-93.00197,38.44322],[-93.000795,38.445064],[-92.997541,38.443962],[-92.997377,38.448437],[-92.987656,38.450296],[-92.987656,38.448455],[-92.982939,38.448352],[-92.98284,38.443619],[-92.978138,38.443585],[-92.978066,38.442504],[-92.978324,38.440748],[-92.983427,38.440795],[-92.983527,38.43443],[-92.98955,38.433744],[-92.997955,38.434824],[-92.997762,38.440972],[-93.00197,38.44322]]]}},{"type":"Feature","properties":{"NAME":"McKittrick","state_abbr":"MO","state_name":"Missouri","ALAND":1263879},"geometry":{"type":"Polygon","coordinates":[[[-91.455612,38.743123],[-91.436735,38.742857],[-91.437004,38.734088],[-91.449195,38.732963],[-91.451413,38.74047],[-91.455612,38.743123]]]}},{"type":"Feature","properties":{"NAME":"Wellsville","state_abbr":"MO","state_name":"Missouri","ALAND":3980071},"geometry":{"type":"Polygon","coordinates":[[[-91.586377,39.07268],[-91.580203,39.072611],[-91.583913,39.075977],[-91.570163,39.085418],[-91.567821,39.083255],[-91.556056,39.080131],[-91.5563,39.078621],[-91.560424,39.076749],[-91.553604,39.070748],[-91.566853,39.060842],[-91.576193,39.069023],[-91.586409,39.069139],[-91.586377,39.07268]]]}},{"type":"Feature","properties":{"NAME":"Knob Noster","state_abbr":"MO","state_name":"Missouri","ALAND":7462169},"geometry":{"type":"MultiPolygon","coordinates":[[[[-93.549741,38.758745],[-93.549032,38.759528],[-93.54853,38.759506],[-93.549741,38.758745]]],[[[-93.593012,38.774991],[-93.592861,38.777789],[-93.581932,38.777383],[-93.581796,38.781046],[-93.579589,38.781117],[-93.579548,38.779524],[-93.575048,38.779642],[-93.575018,38.777966],[-93.570491,38.778091],[-93.570679,38.774459],[-93.567182,38.773383],[-93.565449,38.773383],[-93.564738,38.777334],[-93.564049,38.778405],[-93.562475,38.779465],[-93.560635,38.779812],[-93.55188,38.779523],[-93.550957,38.780668],[-93.551913,38.779255],[-93.555357,38.779377],[-93.555557,38.776688],[-93.533336,38.775972],[-93.533302,38.771721],[-93.543536,38.768748],[-93.533421,38.76832],[-93.533608,38.762582],[-93.528879,38.76255],[-93.529076,38.757534],[-93.533643,38.758749],[-93.534185,38.757712],[-93.53401,38.760374],[-93.537898,38.760466],[-93.537922,38.763408],[-93.535382,38.764211],[-93.547108,38.764578],[-93.547509,38.761033],[-93.549978,38.761124],[-93.550207,38.759552],[-93.556602,38.76029],[-93.556814,38.756689],[-93.555462,38.756389],[-93.556831,38.756368],[-93.557877,38.743667],[-93.562743,38.743728],[-93.563993,38.748883],[-93.563303,38.754384],[-93.569301,38.754692],[-93.568941,38.752106],[-93.56908,38.747288],[-93.567501,38.746871],[-93.569077,38.745858],[-93.569549,38.754657],[-93.575782,38.754835],[-93.567738,38.754841],[-93.567467,38.756123],[-93.567471,38.754837],[-93.565432,38.754755],[-93.564397,38.757088],[-93.567377,38.758223],[-93.566892,38.765402],[-93.56863,38.765619],[-93.570515,38.76707],[-93.579789,38.76949],[-93.579947,38.766354],[-93.588963,38.766836],[-93.589015,38.770958],[-93.591988,38.77143],[-93.590511,38.77423],[-93.593012,38.774991]],[[-93.570708,38.770129],[-93.570244,38.769031],[-93.568404,38.769884],[-93.570708,38.770129]],[[-93.570051,38.766941],[-93.568705,38.765925],[-93.566871,38.765589],[-93.566839,38.76695],[-93.570051,38.766941]],[[-93.565238,38.772552],[-93.5583,38.772509],[-93.559993,38.775685],[-93.557805,38.775585],[-93.558009,38.772622],[-93.557004,38.774209],[-93.55616,38.772329],[-93.555625,38.779385],[-93.563264,38.7787],[-93.565238,38.772552]],[[-93.563251,38.751085],[-93.559504,38.752638],[-93.559424,38.754322],[-93.563059,38.753995],[-93.563251,38.751085]],[[-93.559515,38.751853],[-93.557704,38.750893],[-93.557686,38.751209],[-93.559515,38.751853]],[[-93.551632,38.769166],[-93.547048,38.769128],[-93.546786,38.772089],[-93.551436,38.772334],[-93.551632,38.769166]],[[-93.547193,38.767436],[-93.545,38.768058],[-93.544868,38.764772],[-93.533802,38.764278],[-93.533584,38.767895],[-93.547109,38.768512],[-93.547193,38.767436]],[[-93.547185,38.76721],[-93.546312,38.764823],[-93.546256,38.767485],[-93.547185,38.76721]],[[-93.534695,38.764154],[-93.533989,38.76105],[-93.533808,38.76414],[-93.534695,38.764154]]]]}},{"type":"Feature","properties":{"NAME":"Velda Village Hills","state_abbr":"MO","state_name":"Missouri","ALAND":310657},"geometry":{"type":"Polygon","coordinates":[[[-90.292147,38.691606],[-90.288934,38.695994],[-90.285109,38.694198],[-90.286235,38.692595],[-90.283902,38.691399],[-90.284893,38.689739],[-90.281733,38.688687],[-90.292147,38.691606]]]}},{"type":"Feature","properties":{"NAME":"Wildwood","state_abbr":"MO","state_name":"Missouri","ALAND":172704197},"geometry":{"type":"Polygon","coordinates":[[[-90.735571,38.492503],[-90.732628,38.576452],[-90.732328,38.639302],[-90.70817,38.645845],[-90.704174,38.649155],[-90.704536,38.655519],[-90.701891,38.658354],[-90.696127,38.66096],[-90.683057,38.663434],[-90.675771,38.667006],[-90.671186,38.649512],[-90.674217,38.648653],[-90.674472,38.646141],[-90.671376,38.643278],[-90.650341,38.647513],[-90.64557,38.649808],[-90.643129,38.643788],[-90.625531,38.64685],[-90.625841,38.644181],[-90.623754,38.643818],[-90.619835,38.638973],[-90.612042,38.643025],[-90.610276,38.638026],[-90.606914,38.639554],[-90.608461,38.626873],[-90.602295,38.624278],[-90.602878,38.619533],[-90.599364,38.619475],[-90.599478,38.613398],[-90.592544,38.604874],[-90.603127,38.60478],[-90.602202,38.598312],[-90.603397,38.597602],[-90.601639,38.594262],[-90.618155,38.593976],[-90.618238,38.590282],[-90.614016,38.590291],[-90.6143,38.583964],[-90.604152,38.588075],[-90.604884,38.583179],[-90.600138,38.583163],[-90.600139,38.580957],[-90.603132,38.580965],[-90.600584,38.575224],[-90.605069,38.572956],[-90.605168,38.568726],[-90.601809,38.569642],[-90.600232,38.571835],[-90.59219,38.57246],[-90.592262,38.567029],[-90.586333,38.567023],[-90.586268,38.57152],[-90.580383,38.571369],[-90.580588,38.568022],[-90.576778,38.568012],[-90.576902,38.561582],[-90.573238,38.559146],[-90.575168,38.557103],[-90.575247,38.552998],[-90.577058,38.553041],[-90.577192,38.545812],[-90.574973,38.545812],[-90.594131,38.540857],[-90.598296,38.542076],[-90.600803,38.540384],[-90.622483,38.542726],[-90.625213,38.53888],[-90.627543,38.530818],[-90.625618,38.52299],[-90.626999,38.522506],[-90.624173,38.51708],[-90.625877,38.517051],[-90.630939,38.524158],[-90.633627,38.52418],[-90.633898,38.517114],[-90.631011,38.516745],[-90.63863,38.516884],[-90.638466,38.520611],[-90.645854,38.52159],[-90.647827,38.521633],[-90.647903,38.518895],[-90.652742,38.521502],[-90.652907,38.517219],[-90.680414,38.51818],[-90.68075,38.510897],[-90.689993,38.511161],[-90.690361,38.503888],[-90.70728,38.501233],[-90.735571,38.492503]]]}},{"type":"Feature","properties":{"NAME":"Ravenwood","state_abbr":"MO","state_name":"Missouri","ALAND":790527},"geometry":{"type":"Polygon","coordinates":[[[-94.678033,40.34855],[-94.677873,40.354051],[-94.67495,40.354005],[-94.67405,40.357559],[-94.668177,40.357514],[-94.668299,40.353895],[-94.666087,40.353494],[-94.667488,40.352075],[-94.666173,40.350629],[-94.6683,40.351611],[-94.668337,40.350344],[-94.665279,40.34928],[-94.673883,40.347682],[-94.678033,40.34855]]]}},{"type":"Feature","properties":{"NAME":"Bellerive Acres","state_abbr":"MO","state_name":"Missouri","ALAND":880176},"geometry":{"type":"Polygon","coordinates":[[[-90.319026,38.7103],[-90.314186,38.716892],[-90.31181,38.715707],[-90.307411,38.719456],[-90.306855,38.717253],[-90.30873,38.71421],[-90.305992,38.712781],[-90.310035,38.707244],[-90.314592,38.707126],[-90.319026,38.7103]]]}},{"type":"Feature","properties":{"NAME":"Edmundson","state_abbr":"MO","state_name":"Missouri","ALAND":710384},"geometry":{"type":"Polygon","coordinates":[[[-90.371185,38.731397],[-90.369908,38.738969],[-90.365029,38.738257],[-90.3644,38.74041],[-90.360264,38.738425],[-90.362754,38.730593],[-90.371185,38.731397]]]}},{"type":"Feature","properties":{"NAME":"Florissant","state_abbr":"MO","state_name":"Missouri","ALAND":32508837},"geometry":{"type":"Polygon","coordinates":[[[-90.396372,38.823624],[-90.382268,38.821942],[-90.37378,38.822714],[-90.365801,38.825878],[-90.362809,38.824006],[-90.353451,38.832299],[-90.34964,38.830048],[-90.354054,38.825182],[-90.342991,38.818251],[-90.34119,38.820286],[-90.337682,38.818863],[-90.335219,38.821394],[-90.32999,38.818341],[-90.328273,38.820112],[-90.325229,38.818296],[-90.319931,38.821875],[-90.317988,38.820721],[-90.311618,38.825433],[-90.311346,38.82844],[-90.30682,38.82144],[-90.312126,38.821035],[-90.317698,38.812967],[-90.316671,38.806135],[-90.306507,38.806403],[-90.306502,38.811868],[-90.29448,38.812538],[-90.291635,38.814095],[-90.284977,38.808262],[-90.279361,38.80994],[-90.278252,38.808859],[-90.278509,38.799113],[-90.290358,38.797709],[-90.286988,38.797059],[-90.287278,38.795435],[-90.289268,38.795439],[-90.280588,38.787496],[-90.278922,38.78363],[-90.284493,38.783605],[-90.284607,38.779195],[-90.295143,38.780783],[-90.295156,38.777113],[-90.292866,38.777104],[-90.292872,38.771469],[-90.307628,38.772663],[-90.305226,38.769997],[-90.311784,38.766703],[-90.312782,38.768278],[-90.314806,38.767608],[-90.315737,38.771245],[-90.323698,38.771956],[-90.324229,38.768931],[-90.329198,38.769437],[-90.328298,38.774632],[-90.337682,38.776231],[-90.337617,38.78069],[-90.339606,38.780704],[-90.339576,38.787049],[-90.343229,38.786171],[-90.356031,38.793868],[-90.358663,38.792176],[-90.368238,38.797915],[-90.367227,38.799196],[-90.357672,38.793478],[-90.353493,38.797818],[-90.396372,38.823624]]]}},{"type":"Feature","properties":{"NAME":"Glen Echo Park","state_abbr":"MO","state_name":"Missouri","ALAND":82954},"geometry":{"type":"Polygon","coordinates":[[[-90.299479,38.701431],[-90.297867,38.702762],[-90.293462,38.700469],[-90.294441,38.699107],[-90.299479,38.701431]]]}},{"type":"Feature","properties":{"NAME":"Lakeshire","state_abbr":"MO","state_name":"Missouri","ALAND":580140},"geometry":{"type":"Polygon","coordinates":[[[-90.344165,38.540596],[-90.33681,38.54402],[-90.332988,38.543341],[-90.333871,38.539461],[-90.341167,38.535111],[-90.344165,38.540596]]]}},{"type":"Feature","properties":{"NAME":"Sycamore Hills","state_abbr":"MO","state_name":"Missouri","ALAND":346112},"geometry":{"type":"Polygon","coordinates":[[[-90.354601,38.699546],[-90.352395,38.70374],[-90.344064,38.702707],[-90.343877,38.700543],[-90.347571,38.699031],[-90.354601,38.699546]]]}},{"type":"Feature","properties":{"NAME":"Town and Country","state_abbr":"MO","state_name":"Missouri","ALAND":29761490},"geometry":{"type":"Polygon","coordinates":[[[-90.522904,38.62209],[-90.517255,38.623381],[-90.522331,38.63395],[-90.520674,38.633961],[-90.521766,38.641625],[-90.51295,38.646089],[-90.508918,38.646345],[-90.506042,38.650048],[-90.500618,38.648979],[-90.498587,38.656559],[-90.505811,38.657631],[-90.500851,38.667309],[-90.493678,38.666682],[-90.491841,38.67202],[-90.49465,38.67283],[-90.490653,38.672515],[-90.491441,38.670858],[-90.488004,38.669148],[-90.487348,38.670651],[-90.481616,38.671195],[-90.482217,38.668695],[-90.478941,38.668359],[-90.479455,38.666131],[-90.477382,38.665903],[-90.478126,38.660904],[-90.48094,38.660322],[-90.481669,38.654056],[-90.484162,38.654101],[-90.484156,38.652513],[-90.479689,38.652456],[-90.479459,38.648322],[-90.482317,38.648349],[-90.481015,38.640832],[-90.469091,38.640828],[-90.469162,38.644505],[-90.467014,38.6445],[-90.467015,38.640834],[-90.438859,38.64033],[-90.433318,38.638667],[-90.434517,38.618545],[-90.448386,38.618662],[-90.448609,38.607657],[-90.457979,38.607734],[-90.458011,38.604272],[-90.467409,38.604038],[-90.467416,38.602313],[-90.471616,38.602314],[-90.472576,38.599445],[-90.481486,38.599092],[-90.483159,38.596611],[-90.488142,38.596624],[-90.489975,38.602435],[-90.490124,38.604214],[-90.485512,38.606036],[-90.485026,38.612506],[-90.487387,38.624481],[-90.49047,38.624075],[-90.490453,38.626323],[-90.498184,38.626362],[-90.495575,38.621823],[-90.49879,38.620706],[-90.500917,38.623982],[-90.505163,38.621804],[-90.506307,38.623156],[-90.520226,38.617625],[-90.522904,38.62209]],[[-90.457803,38.618779],[-90.453103,38.618763],[-90.453022,38.625759],[-90.457735,38.625739],[-90.457803,38.618779]]]}},{"type":"Feature","properties":{"NAME":"Bolivar","state_abbr":"MO","state_name":"Missouri","ALAND":21310500},"geometry":{"type":"MultiPolygon","coordinates":[[[[-93.396981,37.572174],[-93.392637,37.562759],[-93.379232,37.538612],[-93.39244,37.561142],[-93.396981,37.572174]]],[[[-93.464187,37.636175],[-93.45233,37.620142],[-93.443853,37.620044],[-93.443674,37.62364],[-93.431742,37.623382],[-93.431604,37.626867],[-93.421548,37.627694],[-93.420895,37.630314],[-93.411779,37.630161],[-93.411842,37.62529],[-93.407282,37.625206],[-93.407182,37.62645],[-93.398205,37.625071],[-93.396992,37.626294],[-93.389592,37.624906],[-93.389633,37.622409],[-93.387417,37.622348],[-93.387132,37.620939],[-93.388055,37.618743],[-93.39016,37.618817],[-93.390235,37.613794],[-93.398501,37.614272],[-93.395272,37.612973],[-93.398837,37.611267],[-93.398985,37.600944],[-93.394371,37.600828],[-93.394417,37.597388],[-93.39093,37.597287],[-93.391072,37.59336],[-93.394611,37.59344],[-93.395455,37.589918],[-93.388646,37.589677],[-93.388924,37.582413],[-93.386827,37.582348],[-93.387164,37.574177],[-93.39173,37.574312],[-93.391833,37.571595],[-93.394525,37.571674],[-93.394703,37.576966],[-93.396725,37.577056],[-93.396734,37.572314],[-93.398148,37.583089],[-93.401328,37.586562],[-93.403319,37.586269],[-93.401324,37.585694],[-93.401195,37.582797],[-93.403209,37.582822],[-93.401972,37.579203],[-93.404703,37.579266],[-93.417766,37.585205],[-93.417732,37.586764],[-93.430611,37.590672],[-93.440438,37.590813],[-93.440323,37.593136],[-93.44473,37.598048],[-93.444468,37.605453],[-93.442053,37.605426],[-93.448417,37.612789],[-93.457746,37.61297],[-93.457236,37.626233],[-93.464187,37.636175]],[[-93.44282,37.597387],[-93.439844,37.593592],[-93.435622,37.593561],[-93.435199,37.591886],[-93.433191,37.593571],[-93.435572,37.596089],[-93.435629,37.59379],[-93.440261,37.594445],[-93.440161,37.598082],[-93.44282,37.597387]],[[-93.4279,37.590146],[-93.427346,37.590601],[-93.428814,37.590633],[-93.4279,37.590146]],[[-93.420817,37.590463],[-93.420062,37.589861],[-93.42004,37.590449],[-93.420817,37.590463]],[[-93.419146,37.589869],[-93.417638,37.589849],[-93.417686,37.588209],[-93.416354,37.58818],[-93.416478,37.590412],[-93.419146,37.589869]],[[-93.415857,37.589952],[-93.415386,37.584711],[-93.413218,37.583724],[-93.413184,37.586697],[-93.408594,37.586591],[-93.408313,37.593885],[-93.41059,37.593922],[-93.41298,37.590315],[-93.415857,37.589952]],[[-93.401446,37.589947],[-93.401308,37.587082],[-93.397547,37.583146],[-93.396958,37.579077],[-93.391615,37.578841],[-93.391532,37.580822],[-93.395063,37.580922],[-93.396962,37.586513],[-93.399033,37.586453],[-93.39903,37.589205],[-93.401446,37.589947]],[[-93.399001,37.598603],[-93.397453,37.597441],[-93.397414,37.598567],[-93.399001,37.598603]]]]}},{"type":"Feature","properties":{"NAME":"Arbela","state_abbr":"MO","state_name":"Missouri","ALAND":231899},"geometry":{"type":"Polygon","coordinates":[[[-92.01917,40.461529],[-92.019178,40.464943],[-92.012012,40.464757],[-92.01186,40.461383],[-92.01917,40.461529]]]}},{"type":"Feature","properties":{"NAME":"Rutledge","state_abbr":"MO","state_name":"Missouri","ALAND":343762},"geometry":{"type":"Polygon","coordinates":[[[-92.090184,40.316691],[-92.084927,40.317504],[-92.085162,40.310315],[-92.090138,40.310361],[-92.090184,40.316691]]]}},{"type":"Feature","properties":{"NAME":"Blythedale","state_abbr":"MO","state_name":"Missouri","ALAND":794824},"geometry":{"type":"Polygon","coordinates":[[[-93.933914,40.47157],[-93.933898,40.478736],[-93.922052,40.478747],[-93.921974,40.471606],[-93.933914,40.47157]]]}},{"type":"Feature","properties":{"NAME":"Mount Moriah","state_abbr":"MO","state_name":"Missouri","ALAND":2642200},"geometry":{"type":"Polygon","coordinates":[[[-93.806761,40.321978],[-93.806666,40.336496],[-93.787418,40.33651],[-93.787572,40.321925],[-93.806761,40.321978]]]}},{"type":"Feature","properties":{"NAME":"Worthington","state_abbr":"MO","state_name":"Missouri","ALAND":327459},"geometry":{"type":"Polygon","coordinates":[[[-92.691729,40.41209],[-92.686957,40.412145],[-92.686929,40.404861],[-92.69161,40.404844],[-92.691729,40.41209]]]}},{"type":"Feature","properties":{"NAME":"Queen City","state_abbr":"MO","state_name":"Missouri","ALAND":2665222},"geometry":{"type":"Polygon","coordinates":[[[-92.573479,40.422608],[-92.559509,40.422684],[-92.559023,40.402591],[-92.573072,40.40242],[-92.573479,40.422608]]]}},{"type":"Feature","properties":{"NAME":"Ferguson","state_abbr":"MO","state_name":"Missouri","ALAND":15977741},"geometry":{"type":"Polygon","coordinates":[[[-90.318743,38.728682],[-90.31885,38.762174],[-90.311561,38.760508],[-90.313036,38.762558],[-90.302983,38.761588],[-90.301427,38.766874],[-90.307628,38.772663],[-90.260604,38.77086],[-90.259011,38.763944],[-90.268717,38.764094],[-90.268728,38.769052],[-90.27356,38.769113],[-90.274602,38.764531],[-90.280257,38.764234],[-90.279714,38.756319],[-90.289092,38.756321],[-90.290777,38.754833],[-90.286257,38.75398],[-90.285503,38.744038],[-90.276241,38.744944],[-90.275599,38.740947],[-90.269317,38.743314],[-90.269033,38.741579],[-90.265147,38.741988],[-90.264529,38.738435],[-90.270897,38.736646],[-90.270943,38.734634],[-90.277879,38.734667],[-90.276814,38.727324],[-90.289898,38.727324],[-90.289923,38.725048],[-90.292584,38.725079],[-90.29499,38.731687],[-90.299757,38.729311],[-90.309748,38.731366],[-90.309863,38.727344],[-90.312308,38.727351],[-90.31294,38.72965],[-90.318743,38.728682]]]}},{"type":"Feature","properties":{"NAME":"Glendale","state_abbr":"MO","state_name":"Missouri","ALAND":3358446},"geometry":{"type":"Polygon","coordinates":[[[-90.391213,38.582772],[-90.390955,38.601783],[-90.377828,38.605301],[-90.377,38.602435],[-90.372314,38.602377],[-90.375078,38.586262],[-90.377245,38.586487],[-90.377255,38.582642],[-90.391213,38.582772]]]}},{"type":"Feature","properties":{"NAME":"Grantwood Village","state_abbr":"MO","state_name":"Missouri","ALAND":2115288},"geometry":{"type":"Polygon","coordinates":[[[-90.366147,38.544135],[-90.360588,38.549836],[-90.363656,38.55565],[-90.362008,38.557434],[-90.353304,38.551459],[-90.349947,38.555192],[-90.352746,38.556902],[-90.352781,38.560751],[-90.350331,38.55887],[-90.348867,38.56015],[-90.34587,38.558994],[-90.341867,38.556119],[-90.342914,38.548672],[-90.362955,38.542076],[-90.366147,38.544135]]]}},{"type":"Feature","properties":{"NAME":"Huntleigh","state_abbr":"MO","state_name":"Missouri","ALAND":2565492},"geometry":{"type":"Polygon","coordinates":[[[-90.415798,38.604154],[-90.415549,38.625356],[-90.411778,38.625333],[-90.411804,38.623282],[-90.406124,38.622711],[-90.40616,38.618353],[-90.401156,38.618256],[-90.401467,38.603536],[-90.415798,38.604154]]]}},{"type":"Feature","properties":{"NAME":"Jennings","state_abbr":"MO","state_name":"Missouri","ALAND":9668831},"geometry":{"type":"Polygon","coordinates":[[[-90.292584,38.725079],[-90.289923,38.725048],[-90.289898,38.727324],[-90.276814,38.727324],[-90.277879,38.734667],[-90.270943,38.734634],[-90.270897,38.736646],[-90.264088,38.737333],[-90.262507,38.734634],[-90.260297,38.736218],[-90.26309,38.738865],[-90.257795,38.740375],[-90.256176,38.736558],[-90.254367,38.737495],[-90.251952,38.736131],[-90.24939,38.737153],[-90.249949,38.738],[-90.245587,38.737507],[-90.245946,38.735694],[-90.240091,38.735076],[-90.239724,38.723607],[-90.251745,38.718887],[-90.265241,38.7019],[-90.285462,38.711445],[-90.280988,38.717731],[-90.275156,38.715679],[-90.270506,38.722869],[-90.275039,38.726265],[-90.281309,38.717954],[-90.29002,38.717955],[-90.292584,38.725079]],[[-90.269147,38.716755],[-90.263349,38.713948],[-90.260469,38.717726],[-90.26627,38.721134],[-90.269147,38.716755]]]}},{"type":"Feature","properties":{"NAME":"Vandalia","state_abbr":"MO","state_name":"Missouri","ALAND":5810921},"geometry":{"type":"Polygon","coordinates":[[[-91.508254,39.300925],[-91.50812,39.306229],[-91.499663,39.306128],[-91.501105,39.307102],[-91.499586,39.307102],[-91.499198,39.312213],[-91.50218,39.312322],[-91.501196,39.31489],[-91.499087,39.314872],[-91.498857,39.321083],[-91.482681,39.321693],[-91.482745,39.320411],[-91.471991,39.319958],[-91.472146,39.316647],[-91.480333,39.312571],[-91.478169,39.311545],[-91.478263,39.308714],[-91.476715,39.30766],[-91.480544,39.305592],[-91.480707,39.293102],[-91.482788,39.290966],[-91.490203,39.291188],[-91.49017,39.296337],[-91.499601,39.296844],[-91.499475,39.304455],[-91.508254,39.300925]]]}},{"type":"Feature","properties":{"NAME":"Benton City","state_abbr":"MO","state_name":"Missouri","ALAND":268840},"geometry":{"type":"Polygon","coordinates":[[[-91.767496,39.131924],[-91.767069,39.137398],[-91.762222,39.13728],[-91.762445,39.131796],[-91.767496,39.131924]]]}},{"type":"Feature","properties":{"NAME":"Centralia","state_abbr":"MO","state_name":"Missouri","ALAND":7541966},"geometry":{"type":"Polygon","coordinates":[[[-92.154673,39.219809],[-92.154594,39.222965],[-92.140542,39.221654],[-92.140439,39.224029],[-92.138065,39.224196],[-92.137982,39.226183],[-92.13327,39.226018],[-92.135664,39.225207],[-92.13577,39.222981],[-92.128603,39.22215],[-92.128749,39.218539],[-92.103868,39.218313],[-92.103952,39.216174],[-92.111354,39.216097],[-92.111617,39.208918],[-92.124358,39.21102],[-92.123134,39.210333],[-92.124791,39.196623],[-92.139138,39.195937],[-92.139286,39.197111],[-92.139312,39.195416],[-92.14067,39.195453],[-92.140633,39.197158],[-92.148428,39.197348],[-92.14819,39.2046],[-92.15461,39.20474],[-92.149553,39.208541],[-92.149284,39.214691],[-92.146927,39.214298],[-92.145237,39.216255],[-92.154673,39.219809]]]}},{"type":"Feature","properties":{"NAME":"Billings","state_abbr":"MO","state_name":"Missouri","ALAND":2531194},"geometry":{"type":"Polygon","coordinates":[[[-93.568535,37.062323],[-93.568489,37.065063],[-93.55929,37.064984],[-93.558904,37.072323],[-93.563573,37.072363],[-93.563599,37.074213],[-93.554303,37.0741],[-93.554357,37.071003],[-93.548004,37.070964],[-93.545241,37.072463],[-93.545324,37.068539],[-93.547486,37.068555],[-93.547542,37.064863],[-93.545397,37.064853],[-93.545452,37.062658],[-93.543227,37.062654],[-93.54324,37.061168],[-93.545672,37.061187],[-93.545455,37.060303],[-93.546159,37.041518],[-93.545912,37.040359],[-93.543485,37.039035],[-93.535632,37.038975],[-93.527776,37.038475],[-93.543325,37.038915],[-93.545798,37.039934],[-93.546306,37.041523],[-93.545609,37.06051],[-93.550052,37.060567],[-93.550291,37.057489],[-93.552624,37.057509],[-93.552717,37.054827],[-93.554924,37.05483],[-93.55485,37.056917],[-93.564077,37.057663],[-93.56398,37.0613],[-93.568535,37.062323]]]}},{"type":"Feature","properties":{"NAME":"Turney","state_abbr":"MO","state_name":"Missouri","ALAND":1202873},"geometry":{"type":"Polygon","coordinates":[[[-94.327817,39.637474],[-94.321752,39.637478],[-94.322139,39.641644],[-94.319255,39.647407],[-94.313938,39.648279],[-94.313718,39.644217],[-94.317775,39.644132],[-94.317809,39.62992],[-94.327767,39.63004],[-94.327817,39.637474]]]}},{"type":"Feature","properties":{"NAME":"Laddonia","state_abbr":"MO","state_name":"Missouri","ALAND":1825771},"geometry":{"type":"Polygon","coordinates":[[[-91.657977,39.236918],[-91.648837,39.240169],[-91.648847,39.24815],[-91.643764,39.248038],[-91.645315,39.248596],[-91.64377,39.251615],[-91.635838,39.251574],[-91.635891,39.248091],[-91.638799,39.248032],[-91.638763,39.245534],[-91.635904,39.246805],[-91.636152,39.236782],[-91.644795,39.236836],[-91.644642,39.235131],[-91.648845,39.235256],[-91.64883,39.239284],[-91.650356,39.239306],[-91.650258,39.236871],[-91.657977,39.236918]]]}},{"type":"Feature","properties":{"NAME":"Martinsburg","state_abbr":"MO","state_name":"Missouri","ALAND":707405},"geometry":{"type":"Polygon","coordinates":[[[-91.654911,39.100176],[-91.653064,39.103865],[-91.650009,39.103816],[-91.650859,39.105316],[-91.650857,39.107098],[-91.64983,39.103829],[-91.641466,39.10392],[-91.640343,39.10121],[-91.641791,39.100601],[-91.635003,39.098703],[-91.641862,39.100468],[-91.641999,39.097426],[-91.646224,39.097543],[-91.654911,39.100176]]]}},{"type":"Feature","properties":{"NAME":"Rush Hill","state_abbr":"MO","state_name":"Missouri","ALAND":464945},"geometry":{"type":"Polygon","coordinates":[[[-91.731885,39.20812],[-91.727622,39.208825],[-91.727384,39.213689],[-91.721755,39.21559],[-91.721806,39.20618],[-91.731885,39.20812]]]}},{"type":"Feature","properties":{"NAME":"Vandiver","state_abbr":"MO","state_name":"Missouri","ALAND":807513},"geometry":{"type":"Polygon","coordinates":[[[-91.859657,39.164042],[-91.852187,39.163181],[-91.852261,39.165592],[-91.841418,39.165738],[-91.841563,39.156709],[-91.859657,39.164042]]]}},{"type":"Feature","properties":{"NAME":"Jackson","state_abbr":"MO","state_name":"Missouri","ALAND":27833606},"geometry":{"type":"Polygon","coordinates":[[[-89.703663,37.382417],[-89.70113,37.382697],[-89.700538,37.385917],[-89.697583,37.385597],[-89.700562,37.386676],[-89.701473,37.39016],[-89.695488,37.389488],[-89.694897,37.39251],[-89.691333,37.39219],[-89.690815,37.395564],[-89.692747,37.398378],[-89.690889,37.400221],[-89.693417,37.400662],[-89.690011,37.40109],[-89.691594,37.40446],[-89.686322,37.40404],[-89.686193,37.39992],[-89.689779,37.400264],[-89.690001,37.398491],[-89.680055,37.398548],[-89.682085,37.403968],[-89.679358,37.403787],[-89.680178,37.401682],[-89.677131,37.394767],[-89.673466,37.394501],[-89.674361,37.396393],[-89.670769,37.395955],[-89.669612,37.394124],[-89.662865,37.398918],[-89.665373,37.399886],[-89.667685,37.405728],[-89.666952,37.408042],[-89.673707,37.409294],[-89.673408,37.411624],[-89.668223,37.411029],[-89.668407,37.409147],[-89.662958,37.405968],[-89.661842,37.408007],[-89.654798,37.406797],[-89.653059,37.410722],[-89.656371,37.411213],[-89.656264,37.412359],[-89.652889,37.41115],[-89.650695,37.414586],[-89.648924,37.413156],[-89.649973,37.410535],[-89.652112,37.410727],[-89.650941,37.413777],[-89.654171,37.406714],[-89.653784,37.40471],[-89.656696,37.401558],[-89.650739,37.400451],[-89.647166,37.403195],[-89.648532,37.401541],[-89.643,37.401151],[-89.643147,37.398797],[-89.625104,37.396885],[-89.612121,37.370027],[-89.613571,37.369042],[-89.610894,37.36701],[-89.597588,37.338672],[-89.606931,37.338749],[-89.607728,37.341016],[-89.613893,37.342409],[-89.613622,37.345649],[-89.609432,37.346051],[-89.612734,37.352085],[-89.617072,37.349657],[-89.620026,37.348677],[-89.619883,37.347337],[-89.622349,37.347496],[-89.62255,37.34895],[-89.617236,37.349735],[-89.614495,37.351762],[-89.615749,37.353223],[-89.62268,37.353308],[-89.630087,37.356753],[-89.634887,37.361528],[-89.638806,37.361929],[-89.639349,37.360067],[-89.656402,37.361444],[-89.656246,37.364305],[-89.65865,37.364925],[-89.657906,37.361604],[-89.659281,37.361744],[-89.660134,37.355997],[-89.658518,37.354855],[-89.660462,37.352746],[-89.663168,37.353671],[-89.661442,37.356469],[-89.667368,37.356885],[-89.668577,37.357447],[-89.6699,37.354825],[-89.669523,37.357507],[-89.677219,37.358396],[-89.667179,37.357485],[-89.666607,37.35701],[-89.666722,37.360174],[-89.660948,37.360354],[-89.660999,37.365204],[-89.665735,37.365593],[-89.665064,37.367604],[-89.662126,37.367317],[-89.664316,37.370368],[-89.668052,37.368462],[-89.671381,37.369402],[-89.676461,37.363826],[-89.676092,37.36055],[-89.678513,37.36201],[-89.679976,37.359864],[-89.681498,37.361993],[-89.683272,37.359037],[-89.688887,37.36062],[-89.686719,37.367319],[-89.690761,37.367707],[-89.690031,37.372832],[-89.685699,37.372903],[-89.684342,37.371554],[-89.683973,37.373907],[-89.686531,37.374146],[-89.685567,37.379877],[-89.703663,37.382417]],[[-89.687488,37.363792],[-89.680761,37.363245],[-89.679585,37.364472],[-89.681165,37.365799],[-89.676182,37.366783],[-89.671992,37.37233],[-89.680111,37.373599],[-89.686263,37.367616],[-89.687488,37.363792]],[[-89.667684,37.371397],[-89.666509,37.369403],[-89.66456,37.370384],[-89.667684,37.371397]],[[-89.666124,37.357589],[-89.665871,37.356912],[-89.665788,37.357551],[-89.666124,37.357589]],[[-89.66266,37.400166],[-89.662793,37.39911],[-89.662216,37.399484],[-89.66266,37.400166]],[[-89.662632,37.403087],[-89.659881,37.401381],[-89.656853,37.403148],[-89.662177,37.405915],[-89.662632,37.403087]],[[-89.641183,37.365748],[-89.640703,37.365277],[-89.640186,37.365257],[-89.641183,37.365748]],[[-89.636494,37.368692],[-89.629428,37.369081],[-89.632637,37.366537],[-89.630762,37.364402],[-89.629109,37.365715],[-89.625909,37.361408],[-89.620275,37.368425],[-89.622364,37.364165],[-89.621312,37.36084],[-89.613372,37.358319],[-89.611355,37.366795],[-89.618492,37.372988],[-89.620235,37.373437],[-89.620592,37.37165],[-89.620608,37.373293],[-89.62468,37.373481],[-89.630945,37.377299],[-89.631407,37.374579],[-89.633157,37.373574],[-89.633416,37.376516],[-89.635209,37.376472],[-89.634569,37.371524],[-89.636494,37.368692]],[[-89.635707,37.364343],[-89.635123,37.36424],[-89.635186,37.364996],[-89.635707,37.364343]],[[-89.634134,37.377528],[-89.6335,37.376774],[-89.633534,37.377592],[-89.634134,37.377528]],[[-89.632462,37.377194],[-89.631941,37.375401],[-89.631285,37.377005],[-89.632462,37.377194]],[[-89.628361,37.384062],[-89.626817,37.383935],[-89.628049,37.384882],[-89.628361,37.384062]],[[-89.62803,37.382891],[-89.627256,37.38126],[-89.625865,37.379208],[-89.625412,37.382869],[-89.62803,37.382891]],[[-89.627738,37.386244],[-89.626072,37.385468],[-89.625896,37.386001],[-89.627738,37.386244]],[[-89.62738,37.375609],[-89.620768,37.373799],[-89.619861,37.37592],[-89.623752,37.377251],[-89.62738,37.375609]],[[-89.624759,37.385317],[-89.624196,37.384654],[-89.623824,37.385245],[-89.624759,37.385317]],[[-89.614662,37.355883],[-89.614274,37.354995],[-89.613937,37.355522],[-89.614662,37.355883]],[[-89.60911,37.351969],[-89.60715,37.349994],[-89.606753,37.350684],[-89.60911,37.351969]],[[-89.606561,37.353324],[-89.608231,37.352922],[-89.606653,37.352146],[-89.606561,37.353324]],[[-89.607301,37.34818],[-89.606481,37.342536],[-89.601861,37.342512],[-89.603046,37.346547],[-89.607301,37.34818]],[[-89.614422,37.352421],[-89.613469,37.352077],[-89.612856,37.352187],[-89.614422,37.352421]],[[-89.690555,37.396536],[-89.689905,37.395835],[-89.690491,37.396779],[-89.690555,37.396536]]]}},{"type":"Feature","properties":{"NAME":"Sedalia","state_abbr":"MO","state_name":"Missouri","ALAND":37015131},"geometry":{"type":"MultiPolygon","coordinates":[[[[-93.21055,38.740916],[-93.210095,38.741424],[-93.210099,38.740908],[-93.21055,38.740916]]],[[[-93.29485,38.70772],[-93.293805,38.715023],[-93.284916,38.714729],[-93.286304,38.716084],[-93.286047,38.72224],[-93.281153,38.72194],[-93.281685,38.714574],[-93.26437,38.713968],[-93.265061,38.718171],[-93.273355,38.72524],[-93.272871,38.736143],[-93.268263,38.735992],[-93.268629,38.728726],[-93.264024,38.728585],[-93.264168,38.721309],[-93.256699,38.721088],[-93.256411,38.728397],[-93.251235,38.728253],[-93.248852,38.72453],[-93.251149,38.728252],[-93.240612,38.727942],[-93.240643,38.72431],[-93.222079,38.723671],[-93.221573,38.734788],[-93.226339,38.735584],[-93.226111,38.741456],[-93.224969,38.741959],[-93.2188,38.741757],[-93.218996,38.738154],[-93.214607,38.738016],[-93.214488,38.741601],[-93.207574,38.740062],[-93.207622,38.738391],[-93.212806,38.737854],[-93.212915,38.734268],[-93.20777,38.7341],[-93.208069,38.725244],[-93.217366,38.72562],[-93.217472,38.723507],[-93.203474,38.722981],[-93.203942,38.712036],[-93.189273,38.711488],[-93.189478,38.707603],[-93.184055,38.707174],[-93.178524,38.711209],[-93.175245,38.71112],[-93.174821,38.722097],[-93.169749,38.721882],[-93.170587,38.696108],[-93.176049,38.696394],[-93.17626,38.703607],[-93.180892,38.703528],[-93.181031,38.699495],[-93.179317,38.699495],[-93.178369,38.696542],[-93.186088,38.69897],[-93.194378,38.699052],[-93.194456,38.695795],[-93.204233,38.696033],[-93.204668,38.685075],[-93.208756,38.684063],[-93.207441,38.683858],[-93.2093,38.683654],[-93.209243,38.685241],[-93.22787,38.686092],[-93.228018,38.682509],[-93.23734,38.682869],[-93.237472,38.679642],[-93.241493,38.67948],[-93.242587,38.683074],[-93.248998,38.68326],[-93.249466,38.67284],[-93.25403,38.673],[-93.255785,38.669379],[-93.262891,38.669674],[-93.264546,38.671289],[-93.261526,38.674194],[-93.264087,38.675218],[-93.262128,38.677209],[-93.263007,38.680478],[-93.260275,38.680415],[-93.261274,38.682821],[-93.269836,38.683038],[-93.269685,38.687533],[-93.264968,38.688406],[-93.264845,38.691727],[-93.276555,38.692775],[-93.276175,38.699474],[-93.273833,38.69975],[-93.275079,38.699766],[-93.27558,38.702243],[-93.277512,38.699519],[-93.277588,38.700858],[-93.27386,38.704312],[-93.278581,38.704012],[-93.277234,38.705625],[-93.279767,38.707339],[-93.29485,38.70772]],[[-93.282274,38.707627],[-93.279697,38.707508],[-93.275677,38.709389],[-93.281997,38.711404],[-93.282274,38.707627]],[[-93.281661,38.713558],[-93.281222,38.712745],[-93.280756,38.713524],[-93.281661,38.713558]],[[-93.276951,38.706867],[-93.275405,38.706049],[-93.273638,38.705382],[-93.273638,38.7069],[-93.276951,38.706867]],[[-93.276624,38.707394],[-93.274786,38.707303],[-93.274973,38.708691],[-93.275704,38.708948],[-93.276624,38.707394]],[[-93.273938,38.702932],[-93.274852,38.699814],[-93.273832,38.699789],[-93.273938,38.702932]],[[-93.273994,38.71203],[-93.273504,38.711489],[-93.273532,38.712835],[-93.273994,38.71203]],[[-93.261307,38.676646],[-93.253964,38.675358],[-93.253699,38.680273],[-93.25998,38.68028],[-93.261307,38.676646]]]]}},{"type":"Feature","properties":{"NAME":"Conway","state_abbr":"MO","state_name":"Missouri","ALAND":4720269},"geometry":{"type":"Polygon","coordinates":[[[-92.852721,37.509943],[-92.847279,37.509855],[-92.847237,37.513114],[-92.842289,37.513079],[-92.842436,37.51641],[-92.832498,37.516335],[-92.832543,37.512552],[-92.819285,37.512526],[-92.818946,37.505346],[-92.815032,37.50524],[-92.815085,37.497814],[-92.819631,37.497735],[-92.819862,37.494767],[-92.833255,37.49461],[-92.833248,37.49818],[-92.83693,37.498343],[-92.836341,37.502867],[-92.85023,37.506155],[-92.852775,37.507848],[-92.852721,37.509943]]]}},{"type":"Feature","properties":{"NAME":"Phillipsburg","state_abbr":"MO","state_name":"Missouri","ALAND":2065167},"geometry":{"type":"Polygon","coordinates":[[[-92.797476,37.53915],[-92.797217,37.554374],[-92.791889,37.555506],[-92.791836,37.558819],[-92.77513,37.558815],[-92.775137,37.555304],[-92.778223,37.555347],[-92.778177,37.548847],[-92.780874,37.548885],[-92.781738,37.543921],[-92.783833,37.548927],[-92.791999,37.549076],[-92.795092,37.546246],[-92.797476,37.53915]]]}},{"type":"Feature","properties":{"NAME":"Richland","state_abbr":"MO","state_name":"Missouri","ALAND":5872613},"geometry":{"type":"Polygon","coordinates":[[[-92.416269,37.858446],[-92.414071,37.859865],[-92.414015,37.86715],[-92.409007,37.867282],[-92.408916,37.874633],[-92.391459,37.874372],[-92.39137,37.870413],[-92.395258,37.870384],[-92.395199,37.867201],[-92.386525,37.867053],[-92.386665,37.862381],[-92.384547,37.862308],[-92.383727,37.86062],[-92.381426,37.862082],[-92.381327,37.860483],[-92.384487,37.859314],[-92.378805,37.858823],[-92.378851,37.855205],[-92.391147,37.855194],[-92.391427,37.848546],[-92.406606,37.848753],[-92.40976,37.845906],[-92.411001,37.846061],[-92.409304,37.856814],[-92.415654,37.856861],[-92.416269,37.858446]]]}},{"type":"Feature","properties":{"NAME":"Maplewood","state_abbr":"MO","state_name":"Missouri","ALAND":4053302},"geometry":{"type":"Polygon","coordinates":[[[-90.335277,38.609935],[-90.333727,38.612107],[-90.334438,38.622756],[-90.320965,38.622724],[-90.321665,38.619262],[-90.315287,38.618685],[-90.314714,38.622125],[-90.310251,38.621749],[-90.318423,38.599405],[-90.32101,38.598829],[-90.326075,38.601049],[-90.326383,38.602824],[-90.334099,38.603706],[-90.335277,38.609935]]]}},{"type":"Feature","properties":{"NAME":"Moline Acres","state_abbr":"MO","state_name":"Missouri","ALAND":1483554},"geometry":{"type":"Polygon","coordinates":[[[-90.251854,38.749922],[-90.248042,38.751564],[-90.236322,38.750947],[-90.236854,38.741541],[-90.238178,38.738809],[-90.239594,38.738964],[-90.240231,38.73509],[-90.243673,38.735453],[-90.24201,38.742395],[-90.250845,38.74399],[-90.251854,38.749922]]]}},{"type":"Feature","properties":{"NAME":"Normandy","state_abbr":"MO","state_name":"Missouri","ALAND":4799906},"geometry":{"type":"Polygon","coordinates":[[[-90.309724,38.690552],[-90.310171,38.707227],[-90.305992,38.712781],[-90.30873,38.71421],[-90.306855,38.717253],[-90.307367,38.719567],[-90.302176,38.718978],[-90.298085,38.730961],[-90.29499,38.731687],[-90.291465,38.719938],[-90.293184,38.719967],[-90.290551,38.716511],[-90.292798,38.715856],[-90.291694,38.714196],[-90.29311,38.712796],[-90.297594,38.71512],[-90.299662,38.713054],[-90.299267,38.7084],[-90.297777,38.706248],[-90.296671,38.708189],[-90.293702,38.706794],[-90.295536,38.7045],[-90.294298,38.702636],[-90.29352,38.703723],[-90.291779,38.702662],[-90.293462,38.700469],[-90.297867,38.702762],[-90.299503,38.7014],[-90.294441,38.699107],[-90.296728,38.694648],[-90.293419,38.687868],[-90.294158,38.685085],[-90.300321,38.687734],[-90.300269,38.690545],[-90.309724,38.690552]],[[-90.298498,38.719974],[-90.297407,38.717938],[-90.294984,38.719203],[-90.295605,38.720034],[-90.298498,38.719974]]]}},{"type":"Feature","properties":{"NAME":"Northwoods","state_abbr":"MO","state_name":"Missouri","ALAND":1809074},"geometry":{"type":"Polygon","coordinates":[[[-90.292599,38.70156],[-90.285316,38.711399],[-90.270479,38.705222],[-90.278746,38.69841],[-90.280754,38.699476],[-90.284059,38.694948],[-90.292599,38.70156]]]}},{"type":"Feature","properties":{"NAME":"Salem","state_abbr":"MO","state_name":"Missouri","ALAND":9010432},"geometry":{"type":"MultiPolygon","coordinates":[[[[-91.554143,37.641071],[-91.55338,37.641353],[-91.553373,37.641069],[-91.554143,37.641071]]],[[[-91.563955,37.636613],[-91.563412,37.650649],[-91.561939,37.650641],[-91.56192,37.648445],[-91.55587,37.64839],[-91.550988,37.646917],[-91.550964,37.649832],[-91.549466,37.648438],[-91.54944,37.650555],[-91.544715,37.650532],[-91.544653,37.653816],[-91.5389,37.653823],[-91.538074,37.655524],[-91.538507,37.653807],[-91.535529,37.653925],[-91.537169,37.655196],[-91.535432,37.659581],[-91.534158,37.661208],[-91.530979,37.661125],[-91.52983,37.65767],[-91.534703,37.65893],[-91.53552,37.656397],[-91.531699,37.656057],[-91.531715,37.65547],[-91.534259,37.656169],[-91.535437,37.653949],[-91.528637,37.653826],[-91.528849,37.646558],[-91.517224,37.645168],[-91.519197,37.642775],[-91.521813,37.642678],[-91.521823,37.639021],[-91.520528,37.638996],[-91.519605,37.641766],[-91.517178,37.640977],[-91.515678,37.638993],[-91.517171,37.638904],[-91.517214,37.635142],[-91.512707,37.635514],[-91.512563,37.631548],[-91.503476,37.631205],[-91.503429,37.624921],[-91.513974,37.626833],[-91.517185,37.62936],[-91.517992,37.632783],[-91.519563,37.632813],[-91.520985,37.6303],[-91.525664,37.629462],[-91.523241,37.626293],[-91.535637,37.62653],[-91.535642,37.629166],[-91.54725,37.62867],[-91.547243,37.632296],[-91.544928,37.632231],[-91.54493,37.633495],[-91.54955,37.634025],[-91.549504,37.632319],[-91.551991,37.632419],[-91.551135,37.636049],[-91.558756,37.636196],[-91.559674,37.639877],[-91.560827,37.636496],[-91.559573,37.636463],[-91.559555,37.636249],[-91.563955,37.636613]],[[-91.563132,37.639967],[-91.562364,37.63924],[-91.562353,37.639984],[-91.563132,37.639967]],[[-91.563108,37.640305],[-91.558971,37.640128],[-91.55873,37.648115],[-91.562864,37.648091],[-91.563108,37.640305]],[[-91.557105,37.638161],[-91.556325,37.637711],[-91.556304,37.638131],[-91.557105,37.638161]],[[-91.556772,37.637194],[-91.556393,37.636807],[-91.556377,37.637191],[-91.556772,37.637194]],[[-91.556358,37.636845],[-91.555486,37.636432],[-91.555483,37.636801],[-91.556358,37.636845]],[[-91.555893,37.640868],[-91.549562,37.64016],[-91.551823,37.642794],[-91.549487,37.643316],[-91.553404,37.643436],[-91.553382,37.641636],[-91.555905,37.64234],[-91.555893,37.640868]],[[-91.554051,37.638987],[-91.553376,37.638183],[-91.553388,37.638947],[-91.554051,37.638987]],[[-91.552632,37.639075],[-91.551939,37.63754],[-91.549467,37.637493],[-91.549477,37.639483],[-91.552632,37.639075]],[[-91.552035,37.636846],[-91.54949,37.636264],[-91.549478,37.637103],[-91.552035,37.636846]],[[-91.531832,37.659908],[-91.531261,37.659601],[-91.531221,37.659634],[-91.531832,37.659908]]]]}},{"type":"Feature","properties":{"NAME":"Marble Hill","state_abbr":"MO","state_name":"Missouri","ALAND":4284928},"geometry":{"type":"MultiPolygon","coordinates":[[[[-89.970206,37.312573],[-89.970353,37.313014],[-89.970117,37.312989],[-89.970206,37.312573]]],[[[-90.003163,37.314215],[-89.994558,37.315573],[-89.985488,37.310391],[-89.983353,37.304572],[-89.977431,37.30486],[-89.980664,37.307097],[-89.981352,37.309886],[-89.978373,37.307769],[-89.975803,37.309677],[-89.975837,37.311466],[-89.971296,37.311484],[-89.971308,37.312571],[-89.97026,37.31049],[-89.966373,37.310333],[-89.963547,37.3072],[-89.960862,37.308692],[-89.961211,37.305933],[-89.956517,37.305347],[-89.960438,37.305418],[-89.960836,37.303417],[-89.964345,37.302142],[-89.964763,37.303131],[-89.967663,37.300657],[-89.972265,37.300904],[-89.974233,37.303048],[-89.97702,37.30078],[-89.976449,37.297772],[-89.969575,37.29488],[-89.969471,37.292443],[-89.973463,37.291409],[-89.977958,37.292989],[-89.985234,37.291284],[-89.992065,37.294151],[-89.990038,37.294882],[-89.990091,37.299823],[-89.992926,37.300172],[-89.992887,37.301623],[-89.990103,37.301432],[-89.990114,37.302912],[-89.992001,37.302929],[-89.990111,37.305704],[-90.003163,37.314215]],[[-89.993887,37.308936],[-89.991333,37.308919],[-89.990101,37.306389],[-89.990031,37.311283],[-89.993887,37.308936]],[[-89.973675,37.303432],[-89.971365,37.301669],[-89.971319,37.304383],[-89.973675,37.303432]],[[-89.967839,37.304237],[-89.966092,37.302722],[-89.965509,37.303242],[-89.96644,37.305347],[-89.967839,37.304237]]]]}},{"type":"Feature","properties":{"NAME":"High Hill","state_abbr":"MO","state_name":"Missouri","ALAND":1190249},"geometry":{"type":"Polygon","coordinates":[[[-91.390497,38.88028],[-91.389126,38.882785],[-91.367599,38.874568],[-91.368074,38.870222],[-91.369353,38.867786],[-91.372578,38.867866],[-91.373442,38.870242],[-91.3772,38.870261],[-91.377155,38.874838],[-91.386539,38.875074],[-91.385817,38.877774],[-91.390497,38.88028]],[[-91.380986,38.879105],[-91.380199,38.878143],[-91.379887,38.878736],[-91.380986,38.879105]]]}},{"type":"Feature","properties":{"NAME":"Jonesburg","state_abbr":"MO","state_name":"Missouri","ALAND":4444193},"geometry":{"type":"Polygon","coordinates":[[[-91.335936,38.864499],[-91.335737,38.866539],[-91.330815,38.865828],[-91.330267,38.867843],[-91.329596,38.865941],[-91.313913,38.861438],[-91.313904,38.863362],[-91.316114,38.863311],[-91.316131,38.865036],[-91.31158,38.865188],[-91.311654,38.86079],[-91.304409,38.859892],[-91.301823,38.862173],[-91.301591,38.869088],[-91.29886,38.8706],[-91.301485,38.870922],[-91.301285,38.878279],[-91.300196,38.878256],[-91.299916,38.874971],[-91.297576,38.876238],[-91.297252,38.870615],[-91.292758,38.870583],[-91.292775,38.867273],[-91.301436,38.867435],[-91.301574,38.862335],[-91.30255,38.859133],[-91.299363,38.857225],[-91.299315,38.858466],[-91.292485,38.85944],[-91.293186,38.854717],[-91.29079,38.852013],[-91.278957,38.848268],[-91.264931,38.84643],[-91.264927,38.843833],[-91.273903,38.843674],[-91.273638,38.84696],[-91.278444,38.847594],[-91.278545,38.843571],[-91.280003,38.843539],[-91.279907,38.847894],[-91.290746,38.851014],[-91.292529,38.845934],[-91.301805,38.847878],[-91.314628,38.846829],[-91.314057,38.854789],[-91.326189,38.859885],[-91.326719,38.85868],[-91.330945,38.860114],[-91.332288,38.863379],[-91.335936,38.864499]],[[-91.330586,38.864112],[-91.329378,38.864408],[-91.32881,38.865266],[-91.330466,38.865729],[-91.330586,38.864112]],[[-91.327385,38.860652],[-91.325495,38.859948],[-91.324161,38.863937],[-91.326085,38.864499],[-91.327385,38.860652]],[[-91.325012,38.859767],[-91.323572,38.859231],[-91.321437,38.863155],[-91.323665,38.863794],[-91.325012,38.859767]],[[-91.32259,38.858842],[-91.316801,38.856834],[-91.316778,38.861836],[-91.320767,38.862967],[-91.32259,38.858842]],[[-91.292859,38.851495],[-91.291894,38.849066],[-91.29149,38.851212],[-91.292859,38.851495]]]}},{"type":"Feature","properties":{"NAME":"Middletown","state_abbr":"MO","state_name":"Missouri","ALAND":832667},"geometry":{"type":"Polygon","coordinates":[[[-91.41889,39.123447],[-91.418699,39.13206],[-91.416282,39.13225],[-91.416279,39.134004],[-91.413952,39.134333],[-91.413979,39.132426],[-91.40835,39.13298],[-91.409897,39.124602],[-91.41889,39.123447]]]}},{"type":"Feature","properties":{"NAME":"Montgomery City","state_abbr":"MO","state_name":"Missouri","ALAND":8742326},"geometry":{"type":"Polygon","coordinates":[[[-91.520992,38.970254],[-91.519006,38.972589],[-91.51637,38.972543],[-91.518746,38.973273],[-91.518731,38.974856],[-91.51633,38.974799],[-91.516148,38.977233],[-91.516256,38.981272],[-91.51851,38.981323],[-91.518466,38.98279],[-91.518094,38.989439],[-91.51578,38.989345],[-91.515674,38.993063],[-91.51085,38.992946],[-91.510788,38.996552],[-91.501568,38.995897],[-91.501592,38.997957],[-91.496256,38.997947],[-91.496975,38.992458],[-91.506358,38.992847],[-91.50648,38.989181],[-91.49955,38.988931],[-91.49954,38.985208],[-91.492485,38.984971],[-91.492599,38.981215],[-91.490942,38.981182],[-91.490941,38.979274],[-91.492658,38.979274],[-91.49279,38.974042],[-91.490079,38.975204],[-91.490029,38.973948],[-91.483329,38.97376],[-91.483316,38.970568],[-91.488682,38.970576],[-91.488189,38.957518],[-91.489897,38.957833],[-91.488176,38.955744],[-91.488596,38.944855],[-91.493174,38.944995],[-91.492865,38.950567],[-91.502258,38.950859],[-91.502577,38.958],[-91.49786,38.957946],[-91.497719,38.966823],[-91.50839,38.967248],[-91.510268,38.966107],[-91.510629,38.963203],[-91.51393,38.963706],[-91.514356,38.967376],[-91.520529,38.966125],[-91.520992,38.970254]]]}},{"type":"Feature","properties":{"NAME":"Advance","state_abbr":"MO","state_name":"Missouri","ALAND":2893461},"geometry":{"type":"Polygon","coordinates":[[[-89.927692,37.09465],[-89.92765,37.105052],[-89.91876,37.105052],[-89.918251,37.108659],[-89.909151,37.108822],[-89.909151,37.112003],[-89.90033,37.110415],[-89.900349,37.108581],[-89.893298,37.108606],[-89.893268,37.104937],[-89.895495,37.104943],[-89.895511,37.102992],[-89.902834,37.103728],[-89.904661,37.103457],[-89.904623,37.101509],[-89.913362,37.101752],[-89.91336,37.099592],[-89.906796,37.099591],[-89.906802,37.097792],[-89.909172,37.097792],[-89.909154,37.096527],[-89.91828,37.097421],[-89.918368,37.099274],[-89.927692,37.09465]]]}},{"type":"Feature","properties":{"NAME":"Bell City","state_abbr":"MO","state_name":"Missouri","ALAND":1425358},"geometry":{"type":"Polygon","coordinates":[[[-89.826504,37.017731],[-89.826382,37.02821],[-89.813436,37.030227],[-89.813469,37.021746],[-89.811134,37.021827],[-89.811151,37.019413],[-89.826504,37.017731]]]}},{"type":"Feature","properties":{"NAME":"Bernie","state_abbr":"MO","state_name":"Missouri","ALAND":3387327},"geometry":{"type":"Polygon","coordinates":[[[-89.982776,36.664805],[-89.982966,36.669445],[-89.979574,36.669817],[-89.979477,36.67352],[-89.977155,36.673464],[-89.977032,36.677095],[-89.970187,36.677021],[-89.970188,36.679],[-89.972811,36.678995],[-89.972787,36.680713],[-89.977558,36.680699],[-89.977587,36.685218],[-89.966488,36.685309],[-89.966426,36.67873],[-89.963944,36.678726],[-89.963941,36.67536],[-89.959449,36.675357],[-89.95943,36.67363],[-89.962886,36.673574],[-89.96297,36.669214],[-89.958708,36.669207],[-89.958723,36.665441],[-89.966368,36.665559],[-89.966811,36.658382],[-89.973336,36.658403],[-89.973364,36.66574],[-89.977868,36.665816],[-89.977867,36.663794],[-89.981206,36.663875],[-89.982776,36.664805]],[[-89.980505,36.66941],[-89.978937,36.669072],[-89.978909,36.669401],[-89.980505,36.66941]]]}},{"type":"Feature","properties":{"NAME":"Bloomfield","state_abbr":"MO","state_name":"Missouri","ALAND":3191994},"geometry":{"type":"Polygon","coordinates":[[[-89.940131,36.879204],[-89.938444,36.89546],[-89.932167,36.894684],[-89.928231,36.900563],[-89.922728,36.900309],[-89.92306,36.878829],[-89.927086,36.878905],[-89.929841,36.874436],[-89.933094,36.874457],[-89.931673,36.876531],[-89.933878,36.878953],[-89.940131,36.879204]]]}},{"type":"Feature","properties":{"NAME":"Pasadena Hills","state_abbr":"MO","state_name":"Missouri","ALAND":548046},"geometry":{"type":"Polygon","coordinates":[[[-90.296646,38.708226],[-90.294923,38.709449],[-90.29527,38.713889],[-90.286751,38.709597],[-90.291779,38.702662],[-90.294819,38.702996],[-90.294047,38.704059],[-90.295536,38.7045],[-90.293702,38.706794],[-90.296646,38.708226]]]}},{"type":"Feature","properties":{"NAME":"Pasadena Park","state_abbr":"MO","state_name":"Missouri","ALAND":254084},"geometry":{"type":"Polygon","coordinates":[[[-90.299662,38.713054],[-90.297594,38.71512],[-90.295239,38.713922],[-90.294923,38.709449],[-90.297777,38.706248],[-90.299662,38.713054]]]}},{"type":"Feature","properties":{"NAME":"Richmond Heights","state_abbr":"MO","state_name":"Missouri","ALAND":5932423},"geometry":{"type":"Polygon","coordinates":[[[-90.362271,38.630897],[-90.361868,38.641138],[-90.306433,38.63359],[-90.308699,38.630245],[-90.310251,38.621749],[-90.314714,38.622125],[-90.315287,38.618685],[-90.321665,38.619262],[-90.320965,38.622724],[-90.334466,38.622762],[-90.334936,38.629261],[-90.357606,38.629199],[-90.357572,38.630432],[-90.362271,38.630897]]]}},{"type":"Feature","properties":{"NAME":"Riverview","state_abbr":"MO","state_name":"Missouri","ALAND":2149869},"geometry":{"type":"Polygon","coordinates":[[[-90.222376,38.732691],[-90.222198,38.736625],[-90.219983,38.736412],[-90.221081,38.738614],[-90.216113,38.738122],[-90.214593,38.747906],[-90.218923,38.7484],[-90.217266,38.753844],[-90.214927,38.753608],[-90.215226,38.751702],[-90.196877,38.749831],[-90.222211,38.729971],[-90.221216,38.732435],[-90.222376,38.732691]]]}},{"type":"Feature","properties":{"NAME":"Rock Hill","state_abbr":"MO","state_name":"Missouri","ALAND":2857562},"geometry":{"type":"Polygon","coordinates":[[[-90.380345,38.604898],[-90.378901,38.614093],[-90.363349,38.614009],[-90.362394,38.619013],[-90.355132,38.618251],[-90.356229,38.612],[-90.358842,38.609067],[-90.359742,38.600346],[-90.377,38.602435],[-90.377828,38.605301],[-90.380345,38.604898]]]}},{"type":"Feature","properties":{"NAME":"Brownington","state_abbr":"MO","state_name":"Missouri","ALAND":313961},"geometry":{"type":"Polygon","coordinates":[[[-93.726696,38.246774],[-93.72482,38.247674],[-93.726075,38.249066],[-93.723559,38.248493],[-93.722629,38.246428],[-93.720864,38.247102],[-93.721301,38.248923],[-93.719684,38.248873],[-93.720062,38.242564],[-93.724557,38.241738],[-93.72438,38.245375],[-93.726696,38.246774]]]}},{"type":"Feature","properties":{"NAME":"Clinton","state_abbr":"MO","state_name":"Missouri","ALAND":23605122},"geometry":{"type":"Polygon","coordinates":[[[-93.7982,38.389949],[-93.792593,38.390485],[-93.792377,38.396521],[-93.770508,38.395897],[-93.768096,38.399433],[-93.761471,38.399257],[-93.766177,38.395766],[-93.746374,38.395133],[-93.746615,38.386203],[-93.741999,38.386096],[-93.742066,38.384222],[-93.746806,38.382783],[-93.74683,38.380651],[-93.73768,38.380408],[-93.737938,38.373123],[-93.740145,38.373173],[-93.740608,38.358652],[-93.744454,38.358767],[-93.744686,38.351457],[-93.754526,38.351751],[-93.754728,38.3472],[-93.757101,38.344192],[-93.780378,38.345213],[-93.781905,38.351392],[-93.794101,38.351692],[-93.793692,38.360031],[-93.795893,38.360082],[-93.795863,38.364746],[-93.793508,38.365368],[-93.792639,38.389186],[-93.7982,38.389949]]]}},{"type":"Feature","properties":{"NAME":"Montrose","state_abbr":"MO","state_name":"Missouri","ALAND":1476591},"geometry":{"type":"Polygon","coordinates":[[[-93.988966,38.252373],[-93.988436,38.26511],[-93.976528,38.265012],[-93.977012,38.252267],[-93.988966,38.252373]]]}},{"type":"Feature","properties":{"NAME":"Tightwad","state_abbr":"MO","state_name":"Missouri","ALAND":2583842},"geometry":{"type":"Polygon","coordinates":[[[-93.556231,38.302789],[-93.555498,38.317158],[-93.536946,38.316579],[-93.537691,38.302158],[-93.556231,38.302789]]]}},{"type":"Feature","properties":{"NAME":"Urich","state_abbr":"MO","state_name":"Missouri","ALAND":1045726},"geometry":{"type":"Polygon","coordinates":[[[-94.005029,38.458337],[-94.004686,38.465372],[-93.994199,38.464884],[-93.992948,38.45543],[-93.998097,38.455378],[-93.997987,38.454268],[-94.002368,38.456071],[-94.005029,38.458337]]]}},{"type":"Feature","properties":{"NAME":"Stewartsville","state_abbr":"MO","state_name":"Missouri","ALAND":2559217},"geometry":{"type":"Polygon","coordinates":[[[-94.508054,39.76225],[-94.489561,39.762462],[-94.489145,39.747644],[-94.50794,39.747794],[-94.508054,39.76225]]]}},{"type":"Feature","properties":{"NAME":"Keytesville","state_abbr":"MO","state_name":"Missouri","ALAND":1991577},"geometry":{"type":"Polygon","coordinates":[[[-92.945379,39.438116],[-92.930158,39.439828],[-92.931359,39.424442],[-92.933846,39.42448],[-92.932047,39.419083],[-92.93706,39.419128],[-92.938344,39.424708],[-92.944749,39.430568],[-92.945379,39.438116]]]}},{"type":"Feature","properties":{"NAME":"Mendon","state_abbr":"MO","state_name":"Missouri","ALAND":464807},"geometry":{"type":"Polygon","coordinates":[[[-93.139731,39.590718],[-93.134932,39.594203],[-93.131193,39.593785],[-93.128003,39.59114],[-93.132486,39.586764],[-93.134951,39.586752],[-93.139731,39.590718]]]}},{"type":"Feature","properties":{"NAME":"Rothville","state_abbr":"MO","state_name":"Missouri","ALAND":511275},"geometry":{"type":"Polygon","coordinates":[[[-93.069031,39.651793],[-93.070431,39.655931],[-93.057654,39.655936],[-93.055469,39.652111],[-93.069031,39.651793]]]}},{"type":"Feature","properties":{"NAME":"Dardenne Prairie","state_abbr":"MO","state_name":"Missouri","ALAND":13816125},"geometry":{"type":"MultiPolygon","coordinates":[[[[-90.702532,38.733488],[-90.701124,38.734098],[-90.701828,38.732438],[-90.702532,38.733488]]],[[[-90.704121,38.736757],[-90.703215,38.73832],[-90.700521,38.739007],[-90.702505,38.737127],[-90.700562,38.737371],[-90.700605,38.735551],[-90.704121,38.736757]]],[[[-90.706954,38.733971],[-90.7038,38.736157],[-90.702613,38.733609],[-90.703194,38.734497],[-90.706954,38.733971]]],[[[-90.712961,38.757549],[-90.71285,38.7582],[-90.710038,38.757812],[-90.712961,38.757549]]],[[[-90.724418,38.774545],[-90.72112,38.778291],[-90.714168,38.778308],[-90.718289,38.771373],[-90.724418,38.774545]]],[[[-90.738314,38.733527],[-90.735818,38.735717],[-90.722937,38.736505],[-90.722181,38.737953],[-90.7231,38.743295],[-90.728349,38.743841],[-90.72875,38.746347],[-90.735476,38.746867],[-90.736953,38.749137],[-90.733784,38.749305],[-90.734806,38.750965],[-90.726728,38.751463],[-90.726725,38.752754],[-90.716285,38.752715],[-90.7162,38.756062],[-90.713384,38.756035],[-90.714433,38.751168],[-90.711682,38.747219],[-90.704177,38.747059],[-90.703988,38.743782],[-90.709491,38.743912],[-90.705409,38.737779],[-90.70705,38.73403],[-90.709827,38.73334],[-90.709055,38.732136],[-90.710722,38.731467],[-90.711906,38.733362],[-90.711189,38.73128],[-90.712771,38.730647],[-90.709302,38.725441],[-90.711157,38.724685],[-90.710791,38.721092],[-90.713528,38.725106],[-90.723005,38.721465],[-90.728058,38.724642],[-90.722151,38.726962],[-90.72302,38.728323],[-90.720578,38.729806],[-90.725002,38.729688],[-90.726015,38.731258],[-90.72979,38.729754],[-90.731581,38.72706],[-90.738314,38.733527]],[[-90.719292,38.728794],[-90.71776,38.728685],[-90.71814,38.730789],[-90.719048,38.730431],[-90.719292,38.728794]]],[[[-90.770291,38.774023],[-90.765402,38.77346],[-90.76529,38.777668],[-90.756881,38.777601],[-90.756692,38.781816],[-90.750894,38.780847],[-90.75089,38.783357],[-90.749358,38.784173],[-90.742906,38.784007],[-90.741938,38.778761],[-90.737475,38.778717],[-90.73755,38.77317],[-90.731233,38.772811],[-90.731157,38.774038],[-90.724597,38.774537],[-90.727506,38.772986],[-90.723992,38.771494],[-90.723651,38.769884],[-90.720044,38.76848],[-90.718537,38.770961],[-90.708257,38.767563],[-90.711799,38.762413],[-90.709603,38.761334],[-90.710284,38.758464],[-90.704624,38.756519],[-90.731999,38.765557],[-90.732053,38.755421],[-90.728716,38.75542],[-90.728727,38.753174],[-90.732934,38.753176],[-90.732931,38.754272],[-90.73568,38.754275],[-90.735636,38.761794],[-90.741889,38.761882],[-90.74329,38.76585],[-90.754056,38.766011],[-90.753766,38.7642],[-90.756352,38.764211],[-90.757037,38.752661],[-90.762552,38.759489],[-90.760639,38.759473],[-90.761324,38.76022],[-90.762721,38.759703],[-90.76973,38.76614],[-90.770291,38.774023]],[[-90.765612,38.763797],[-90.76368,38.763781],[-90.75966,38.759504],[-90.75722,38.759473],[-90.756482,38.762984],[-90.75858,38.763007],[-90.758557,38.764145],[-90.762264,38.764157],[-90.762265,38.765989],[-90.763835,38.766008],[-90.765612,38.763797]],[[-90.765396,38.770895],[-90.765371,38.767588],[-90.761588,38.767547],[-90.761537,38.770512],[-90.765396,38.770895]],[[-90.762187,38.767106],[-90.761987,38.76608],[-90.761977,38.767104],[-90.762187,38.767106]],[[-90.752942,38.773437],[-90.753781,38.772666],[-90.752966,38.772635],[-90.752942,38.773437]],[[-90.74452,38.765914],[-90.73554,38.7656],[-90.734687,38.766221],[-90.74201,38.770237],[-90.746851,38.769849],[-90.743207,38.767564],[-90.74452,38.765914]]]]}},{"type":"Feature","properties":{"NAME":"Lake St. Louis","state_abbr":"MO","state_name":"Missouri","ALAND":22119189},"geometry":{"type":"Polygon","coordinates":[[[-90.82745,38.788157],[-90.821245,38.787767],[-90.817281,38.79042],[-90.817338,38.792252],[-90.82183,38.792304],[-90.821854,38.79598],[-90.816674,38.795949],[-90.816614,38.803434],[-90.808262,38.803488],[-90.808242,38.805388],[-90.78144,38.804233],[-90.76994,38.80557],[-90.766836,38.804007],[-90.752175,38.803619],[-90.755414,38.803355],[-90.755734,38.793939],[-90.747227,38.793818],[-90.746197,38.784074],[-90.75089,38.783357],[-90.750894,38.780847],[-90.756692,38.781816],[-90.756881,38.777601],[-90.76529,38.777668],[-90.765402,38.77346],[-90.770291,38.774023],[-90.76973,38.76614],[-90.758675,38.754432],[-90.762777,38.758772],[-90.765776,38.758785],[-90.765743,38.760479],[-90.768091,38.761515],[-90.766559,38.762766],[-90.770234,38.765982],[-90.777815,38.765991],[-90.785474,38.763013],[-90.784777,38.760065],[-90.789302,38.759522],[-90.795933,38.759222],[-90.79477,38.76199],[-90.809692,38.759549],[-90.821896,38.760951],[-90.82222,38.76645],[-90.819648,38.764369],[-90.818658,38.766409],[-90.818639,38.763666],[-90.817224,38.763673],[-90.816163,38.766368],[-90.816856,38.775182],[-90.818956,38.775232],[-90.818978,38.776614],[-90.824322,38.775231],[-90.823505,38.777759],[-90.826463,38.778032],[-90.825339,38.779585],[-90.82665,38.779518],[-90.82696,38.78171],[-90.818161,38.780594],[-90.816149,38.785469],[-90.822693,38.785027],[-90.82744,38.786916],[-90.82745,38.788157]],[[-90.821175,38.760925],[-90.819384,38.760683],[-90.819183,38.761962],[-90.820968,38.762143],[-90.821175,38.760925]],[[-90.818686,38.761911],[-90.817991,38.760509],[-90.817993,38.761841],[-90.818686,38.761911]],[[-90.817017,38.760408],[-90.814045,38.760127],[-90.814031,38.761439],[-90.81699,38.761734],[-90.817017,38.760408]],[[-90.814025,38.763168],[-90.810547,38.764723],[-90.810503,38.76634],[-90.814007,38.766352],[-90.814025,38.763168]],[[-90.811405,38.759875],[-90.809811,38.759732],[-90.809798,38.761465],[-90.811404,38.761837],[-90.811405,38.759875]],[[-90.809607,38.766335],[-90.808774,38.759828],[-90.804533,38.761148],[-90.804598,38.763585],[-90.808809,38.763655],[-90.806717,38.766338],[-90.809607,38.766335]],[[-90.80076,38.770043],[-90.796119,38.770019],[-90.796101,38.771823],[-90.80076,38.771865],[-90.80076,38.770043]],[[-90.800733,38.767445],[-90.799683,38.76705],[-90.799685,38.767456],[-90.800733,38.767445]],[[-90.798553,38.766301],[-90.796037,38.76627],[-90.79607,38.767962],[-90.79856,38.767943],[-90.798553,38.766301]],[[-90.797197,38.779587],[-90.793783,38.778981],[-90.791415,38.77421],[-90.786305,38.77392],[-90.786282,38.775815],[-90.79229,38.77946],[-90.797197,38.779587]],[[-90.795298,38.782236],[-90.794381,38.78152],[-90.794454,38.783018],[-90.795298,38.782236]],[[-90.784756,38.776514],[-90.783516,38.775052],[-90.783438,38.777139],[-90.784756,38.776514]],[[-90.779151,38.766689],[-90.778524,38.76628],[-90.778464,38.766477],[-90.779151,38.766689]],[[-90.775246,38.766259],[-90.773952,38.766254],[-90.77322,38.767546],[-90.774964,38.768049],[-90.775246,38.766259]],[[-90.77131,38.78533],[-90.76332,38.786014],[-90.763369,38.788296],[-90.760368,38.788246],[-90.760245,38.792089],[-90.765064,38.792319],[-90.76507,38.790057],[-90.766951,38.790052],[-90.77131,38.78533]]]}},{"type":"Feature","properties":{"NAME":"St. Paul","state_abbr":"MO","state_name":"Missouri","ALAND":18662764},"geometry":{"type":"MultiPolygon","coordinates":[[[[-90.769026,38.82946],[-90.767536,38.846612],[-90.758847,38.846213],[-90.758143,38.843112],[-90.753302,38.843323],[-90.75338,38.84151],[-90.750541,38.841842],[-90.750691,38.844094],[-90.753287,38.844158],[-90.753141,38.846718],[-90.75789,38.846816],[-90.758401,38.853801],[-90.743017,38.853828],[-90.742587,38.857943],[-90.748305,38.858121],[-90.751735,38.86163],[-90.74437,38.862396],[-90.744238,38.865158],[-90.741971,38.865091],[-90.74149,38.86909],[-90.740362,38.869315],[-90.740478,38.863143],[-90.739018,38.863084],[-90.738957,38.865294],[-90.734898,38.865245],[-90.734746,38.869053],[-90.74031,38.86963],[-90.74056,38.87622],[-90.74495,38.876598],[-90.744848,38.884001],[-90.735765,38.883893],[-90.728427,38.886713],[-90.725941,38.882774],[-90.728075,38.881924],[-90.72691,38.87999],[-90.722239,38.880249],[-90.730538,38.876973],[-90.728323,38.873616],[-90.723864,38.875071],[-90.723515,38.869056],[-90.720292,38.869359],[-90.71064,38.85823],[-90.709902,38.856261],[-90.711629,38.856394],[-90.71283,38.853362],[-90.716503,38.852595],[-90.714171,38.851039],[-90.716109,38.850339],[-90.714346,38.847137],[-90.711303,38.847647],[-90.707342,38.841543],[-90.7144,38.844455],[-90.715596,38.836786],[-90.723187,38.836849],[-90.723041,38.840664],[-90.731488,38.840828],[-90.729786,38.842783],[-90.731457,38.844547],[-90.731358,38.842399],[-90.733028,38.842436],[-90.735724,38.838594],[-90.735961,38.835083],[-90.739494,38.835097],[-90.739682,38.832072],[-90.744014,38.831989],[-90.744561,38.821115],[-90.73457,38.821144],[-90.731023,38.819198],[-90.728514,38.820635],[-90.728517,38.81817],[-90.759466,38.817546],[-90.759221,38.82598],[-90.766596,38.82674],[-90.769026,38.82946]],[[-90.74193,38.85432],[-90.735938,38.854262],[-90.736872,38.860467],[-90.739635,38.860272],[-90.739772,38.857101],[-90.741707,38.857158],[-90.74193,38.85432]],[[-90.733672,38.869034],[-90.73265,38.867039],[-90.732595,38.869025],[-90.733672,38.869034]],[[-90.73147,38.863285],[-90.729024,38.863217],[-90.728862,38.867112],[-90.731224,38.867069],[-90.73147,38.863285]],[[-90.727676,38.848199],[-90.727571,38.846276],[-90.723563,38.846188],[-90.723613,38.844432],[-90.722694,38.846296],[-90.71814,38.846216],[-90.71808,38.848024],[-90.727676,38.848199]],[[-90.726494,38.863142],[-90.723856,38.863067],[-90.725516,38.867204],[-90.726353,38.867172],[-90.726494,38.863142]],[[-90.719128,38.850468],[-90.718031,38.849542],[-90.718176,38.850472],[-90.719128,38.850468]],[[-90.71436,38.846261],[-90.713659,38.844715],[-90.713615,38.846238],[-90.71436,38.846261]]],[[[-90.77229,38.84659],[-90.771994,38.860952],[-90.767313,38.860973],[-90.767536,38.846612],[-90.77229,38.84659]]]]}},{"type":"Feature","properties":{"NAME":"St. Peters","state_abbr":"MO","state_name":"Missouri","ALAND":58221559},"geometry":{"type":"Polygon","coordinates":[[[-90.676269,38.802546],[-90.658543,38.802297],[-90.653322,38.799616],[-90.652053,38.80047],[-90.648933,38.810734],[-90.657598,38.821547],[-90.656573,38.821536],[-90.656826,38.825348],[-90.651919,38.825254],[-90.651332,38.81687],[-90.641214,38.816864],[-90.639684,38.810381],[-90.640758,38.810112],[-90.63875,38.807259],[-90.627674,38.804165],[-90.62463,38.806793],[-90.624911,38.809514],[-90.621666,38.808142],[-90.623637,38.810509],[-90.620093,38.810554],[-90.618989,38.811682],[-90.6205,38.81297],[-90.618365,38.814679],[-90.616396,38.813752],[-90.61144,38.818101],[-90.607063,38.811965],[-90.601082,38.80846],[-90.595654,38.813427],[-90.587497,38.825071],[-90.577441,38.823447],[-90.575005,38.825442],[-90.571507,38.825042],[-90.56967,38.827807],[-90.566906,38.82697],[-90.561092,38.830595],[-90.558218,38.830544],[-90.55899,38.809845],[-90.570858,38.806196],[-90.568092,38.80111],[-90.569611,38.800651],[-90.568675,38.795489],[-90.569749,38.795172],[-90.560318,38.791464],[-90.568291,38.790939],[-90.568704,38.779603],[-90.570653,38.778968],[-90.564542,38.778794],[-90.565479,38.778019],[-90.560148,38.780688],[-90.555933,38.779694],[-90.555389,38.776304],[-90.557531,38.77517],[-90.559994,38.778071],[-90.563877,38.776112],[-90.561348,38.773008],[-90.565165,38.770995],[-90.561486,38.766447],[-90.564173,38.765533],[-90.56105,38.76626],[-90.5552,38.758962],[-90.561036,38.756687],[-90.560066,38.753569],[-90.558683,38.752308],[-90.552017,38.754018],[-90.551957,38.75177],[-90.550268,38.753744],[-90.549209,38.751526],[-90.551332,38.748693],[-90.555938,38.749306],[-90.556567,38.741933],[-90.5616,38.74185],[-90.563254,38.742959],[-90.562931,38.746475],[-90.569934,38.747362],[-90.570005,38.745935],[-90.571954,38.745992],[-90.572072,38.743072],[-90.57014,38.743012],[-90.570247,38.740968],[-90.574901,38.741112],[-90.574821,38.742535],[-90.576827,38.742606],[-90.575716,38.744688],[-90.578501,38.744779],[-90.578644,38.743572],[-90.58101,38.74489],[-90.58923,38.74249],[-90.590323,38.740215],[-90.589842,38.74261],[-90.596803,38.744106],[-90.594528,38.7393],[-90.601698,38.738941],[-90.603321,38.740276],[-90.603235,38.735835],[-90.604989,38.737352],[-90.604845,38.741669],[-90.599019,38.742652],[-90.598939,38.744167],[-90.601274,38.744765],[-90.602564,38.742723],[-90.602904,38.74448],[-90.606098,38.742591],[-90.606333,38.737798],[-90.615958,38.739311],[-90.615994,38.738157],[-90.630345,38.73666],[-90.633037,38.730005],[-90.637736,38.728986],[-90.635299,38.724935],[-90.63245,38.726378],[-90.631148,38.725437],[-90.63161,38.726487],[-90.628603,38.728609],[-90.62709,38.723903],[-90.638879,38.721328],[-90.640074,38.725031],[-90.643213,38.724343],[-90.642495,38.727118],[-90.64381,38.728613],[-90.640643,38.732976],[-90.641605,38.735699],[-90.643404,38.735368],[-90.644442,38.740133],[-90.636962,38.741261],[-90.637666,38.744117],[-90.63461,38.7441],[-90.636493,38.756237],[-90.631847,38.757548],[-90.624016,38.763108],[-90.623175,38.761783],[-90.625008,38.758838],[-90.62343,38.756702],[-90.625224,38.75647],[-90.623056,38.753685],[-90.624438,38.751078],[-90.62122,38.751528],[-90.619769,38.749854],[-90.622865,38.749389],[-90.625025,38.750993],[-90.628585,38.750497],[-90.62849,38.748905],[-90.632928,38.748615],[-90.63187,38.742871],[-90.630836,38.743231],[-90.630458,38.741137],[-90.62414,38.742056],[-90.62384,38.74406],[-90.620775,38.74386],[-90.621125,38.742491],[-90.62037,38.743805],[-90.616696,38.742806],[-90.618213,38.747243],[-90.612507,38.741477],[-90.606091,38.743536],[-90.60722,38.744759],[-90.598838,38.748313],[-90.598784,38.750047],[-90.593617,38.749976],[-90.593221,38.757118],[-90.59776,38.7572],[-90.598127,38.752093],[-90.599748,38.752134],[-90.601052,38.75492],[-90.59964,38.75862],[-90.593218,38.757332],[-90.593081,38.761999],[-90.589595,38.761748],[-90.588237,38.764524],[-90.597575,38.764752],[-90.59823,38.767167],[-90.605759,38.76793],[-90.613235,38.766949],[-90.62103,38.76379],[-90.620509,38.765732],[-90.621988,38.766868],[-90.620619,38.768116],[-90.625257,38.769137],[-90.625737,38.765262],[-90.630024,38.769109],[-90.629841,38.774194],[-90.632789,38.77071],[-90.638097,38.773604],[-90.641575,38.768778],[-90.637345,38.765488],[-90.641842,38.768558],[-90.642843,38.767158],[-90.644339,38.767826],[-90.644439,38.764916],[-90.647727,38.767264],[-90.661368,38.764746],[-90.666012,38.768874],[-90.66338,38.771042],[-90.662402,38.769508],[-90.658436,38.770521],[-90.660667,38.77455],[-90.654539,38.781301],[-90.652313,38.781178],[-90.654054,38.781941],[-90.652995,38.786468],[-90.658126,38.787044],[-90.658325,38.78502],[-90.66228,38.785088],[-90.66222,38.78718],[-90.664515,38.787257],[-90.664519,38.784546],[-90.660788,38.784239],[-90.660108,38.782861],[-90.667018,38.782968],[-90.665851,38.785145],[-90.668629,38.786017],[-90.668835,38.787454],[-90.675462,38.788536],[-90.675312,38.791306],[-90.671563,38.790857],[-90.673164,38.795658],[-90.670961,38.79637],[-90.671765,38.797839],[-90.67394,38.797164],[-90.676269,38.802546]],[[-90.663976,38.793444],[-90.659455,38.793778],[-90.65772,38.795965],[-90.663242,38.796768],[-90.663976,38.793444]],[[-90.662569,38.767486],[-90.662013,38.766526],[-90.661325,38.766273],[-90.661274,38.767293],[-90.662569,38.767486]],[[-90.651047,38.773475],[-90.647965,38.7721],[-90.646555,38.773939],[-90.650008,38.775449],[-90.651047,38.773475]],[[-90.644953,38.789031],[-90.643871,38.787682],[-90.640909,38.788599],[-90.64222,38.78974],[-90.644953,38.789031]],[[-90.643847,38.800124],[-90.642328,38.797308],[-90.64187,38.792832],[-90.637863,38.791303],[-90.638734,38.789401],[-90.637094,38.791004],[-90.631888,38.789114],[-90.627892,38.79547],[-90.63487,38.79926],[-90.643847,38.800124]],[[-90.640073,38.78984],[-90.639399,38.789029],[-90.639158,38.789116],[-90.640073,38.78984]],[[-90.62895,38.757601],[-90.628583,38.757374],[-90.628604,38.757649],[-90.62895,38.757601]],[[-90.619695,38.742898],[-90.619528,38.742629],[-90.619461,38.74291],[-90.619695,38.742898]],[[-90.615426,38.774448],[-90.614038,38.774949],[-90.614335,38.775295],[-90.615426,38.774448]],[[-90.6127,38.771768],[-90.610514,38.771722],[-90.61086,38.77268],[-90.6127,38.771768]],[[-90.607538,38.77614],[-90.606239,38.775024],[-90.606208,38.776119],[-90.607538,38.77614]],[[-90.598302,38.768985],[-90.596506,38.768221],[-90.596413,38.768785],[-90.598302,38.768985]],[[-90.578407,38.775225],[-90.577863,38.774607],[-90.577835,38.775216],[-90.578407,38.775225]],[[-90.578621,38.772091],[-90.576113,38.77162],[-90.573095,38.7724],[-90.573126,38.772937],[-90.577464,38.774601],[-90.578621,38.772091]],[[-90.577379,38.775447],[-90.577183,38.774581],[-90.576725,38.774916],[-90.577379,38.775447]],[[-90.576473,38.77552],[-90.575935,38.775211],[-90.575919,38.775514],[-90.576473,38.77552]],[[-90.576365,38.779673],[-90.575883,38.779185],[-90.575867,38.779666],[-90.576365,38.779673]],[[-90.575907,38.775872],[-90.575323,38.775552],[-90.57531,38.775856],[-90.575907,38.775872]],[[-90.575799,38.780256],[-90.575451,38.780167],[-90.575452,38.780251],[-90.575799,38.780256]],[[-90.575762,38.778491],[-90.574339,38.777617],[-90.574282,38.778477],[-90.575762,38.778491]],[[-90.574135,38.780101],[-90.573724,38.779645],[-90.573714,38.780097],[-90.574135,38.780101]],[[-90.574055,38.775281],[-90.573214,38.775262],[-90.573454,38.775564],[-90.574055,38.775281]],[[-90.573327,38.772111],[-90.572494,38.771857],[-90.572497,38.772098],[-90.573327,38.772111]],[[-90.57133,38.77903],[-90.572198,38.777904],[-90.570965,38.778332],[-90.57133,38.77903]],[[-90.572147,38.780288],[-90.571941,38.779939],[-90.571932,38.780285],[-90.572147,38.780288]],[[-90.571741,38.776574],[-90.572858,38.775884],[-90.570885,38.774788],[-90.571741,38.776574]]]}},{"type":"Feature","properties":{"NAME":"Pilot Grove","state_abbr":"MO","state_name":"Missouri","ALAND":1089754},"geometry":{"type":"Polygon","coordinates":[[[-92.921983,38.868795],[-92.91752,38.871827],[-92.91704,38.879004],[-92.906951,38.879017],[-92.906947,38.868814],[-92.921983,38.868795]]]}},{"type":"Feature","properties":{"NAME":"Branson West","state_abbr":"MO","state_name":"Missouri","ALAND":12222736},"geometry":{"type":"Polygon","coordinates":[[[-93.411373,36.690554],[-93.398146,36.705157],[-93.400662,36.705277],[-93.400696,36.703819],[-93.405383,36.705683],[-93.405289,36.713986],[-93.398598,36.714055],[-93.398566,36.716098],[-93.39415,36.716126],[-93.393899,36.708997],[-93.391193,36.707295],[-93.392362,36.706688],[-93.392326,36.702421],[-93.389553,36.702428],[-93.389953,36.70677],[-93.385011,36.7077],[-93.3849,36.716209],[-93.373073,36.716174],[-93.376627,36.727891],[-93.376612,36.730942],[-93.374453,36.73093],[-93.375085,36.72735],[-93.371499,36.716299],[-93.363308,36.718449],[-93.363014,36.724663],[-93.356639,36.724618],[-93.354529,36.721536],[-93.359039,36.722715],[-93.361473,36.720533],[-93.361371,36.715376],[-93.354183,36.713138],[-93.354158,36.709856],[-93.348866,36.709858],[-93.34886,36.705832],[-93.355115,36.702764],[-93.354921,36.69547],[-93.356798,36.695132],[-93.355715,36.695163],[-93.350121,36.692877],[-93.341281,36.688426],[-93.339623,36.685685],[-93.340361,36.680392],[-93.339015,36.678871],[-93.338913,36.678565],[-93.338896,36.676663],[-93.338298,36.675409],[-93.338258,36.674525],[-93.340442,36.68032],[-93.33974,36.685409],[-93.341129,36.687963],[-93.355684,36.695052],[-93.358442,36.695088],[-93.360482,36.69565],[-93.36046,36.691645],[-93.363799,36.691663],[-93.363823,36.683196],[-93.372241,36.683216],[-93.372221,36.687893],[-93.377067,36.687898],[-93.37711,36.686426],[-93.381602,36.68458],[-93.381706,36.682029],[-93.384213,36.682366],[-93.390128,36.676993],[-93.391324,36.679685],[-93.385243,36.682477],[-93.380134,36.691514],[-93.372176,36.691678],[-93.372163,36.694801],[-93.39015,36.695061],[-93.39026,36.689681],[-93.385628,36.687829],[-93.399449,36.688373],[-93.399341,36.692821],[-93.406154,36.692872],[-93.408653,36.688884],[-93.411373,36.690554]],[[-93.381143,36.708512],[-93.381067,36.70221],[-93.370668,36.701982],[-93.372431,36.70473],[-93.379047,36.705598],[-93.378174,36.707865],[-93.379453,36.710086],[-93.381143,36.708512]],[[-93.378612,36.687707],[-93.378855,36.687283],[-93.378457,36.687494],[-93.378612,36.687707]],[[-93.374967,36.713361],[-93.37224,36.713341],[-93.372324,36.714744],[-93.373887,36.714511],[-93.374967,36.713361]],[[-93.372343,36.706297],[-93.36838,36.703729],[-93.366744,36.708762],[-93.371545,36.708757],[-93.372343,36.706297]],[[-93.363835,36.702849],[-93.361392,36.702835],[-93.361428,36.70348],[-93.36347,36.703949],[-93.363835,36.702849]],[[-93.363308,36.718449],[-93.363148,36.717023],[-93.362552,36.717186],[-93.363308,36.718449]]]}},{"type":"Feature","properties":{"NAME":"McCord Bend","state_abbr":"MO","state_name":"Missouri","ALAND":759244},"geometry":{"type":"Polygon","coordinates":[[[-93.509072,36.786853],[-93.508213,36.790876],[-93.496687,36.791333],[-93.496692,36.788166],[-93.503878,36.781757],[-93.507564,36.783659],[-93.509072,36.786853]]]}},{"type":"Feature","properties":{"NAME":"Reeds Spring","state_abbr":"MO","state_name":"Missouri","ALAND":3882643},"geometry":{"type":"Polygon","coordinates":[[[-93.394931,36.733813],[-93.384142,36.733802],[-93.391452,36.736055],[-93.391073,36.737233],[-93.388859,36.736098],[-93.38781,36.737864],[-93.384068,36.737833],[-93.384025,36.739779],[-93.387677,36.73964],[-93.386402,36.741683],[-93.383495,36.741288],[-93.38203,36.743994],[-93.381694,36.745276],[-93.384929,36.745375],[-93.384579,36.747747],[-93.381906,36.747765],[-93.381731,36.752389],[-93.382838,36.750578],[-93.385651,36.751773],[-93.386108,36.753848],[-93.38777,36.753382],[-93.386515,36.751721],[-93.390576,36.752148],[-93.385024,36.755767],[-93.383228,36.754711],[-93.377787,36.755552],[-93.381424,36.753547],[-93.379995,36.752352],[-93.369318,36.752298],[-93.364815,36.758221],[-93.35547,36.761063],[-93.350367,36.766666],[-93.348766,36.766666],[-93.35553,36.760582],[-93.366316,36.75598],[-93.368846,36.752034],[-93.371766,36.744537],[-93.371342,36.737425],[-93.362604,36.737333],[-93.365044,36.734485],[-93.374558,36.734894],[-93.374453,36.73093],[-93.379482,36.730937],[-93.380115,36.732371],[-93.380012,36.730499],[-93.382702,36.730428],[-93.382794,36.726784],[-93.394837,36.726709],[-93.394931,36.733813]],[[-93.384699,36.733236],[-93.384147,36.732714],[-93.384134,36.73324],[-93.384699,36.733236]],[[-93.383926,36.731529],[-93.383012,36.730901],[-93.383132,36.731565],[-93.383926,36.731529]],[[-93.380726,36.736348],[-93.380279,36.735384],[-93.38028,36.736348],[-93.380726,36.736348]],[[-93.379875,36.741074],[-93.378116,36.741084],[-93.378161,36.743297],[-93.379823,36.743302],[-93.379875,36.741074]],[[-93.3778,36.732884],[-93.375495,36.732576],[-93.375681,36.734948],[-93.377333,36.734327],[-93.3778,36.732884]],[[-93.376526,36.737125],[-93.377406,36.736736],[-93.376551,36.736736],[-93.376526,36.737125]],[[-93.376688,36.737182],[-93.374863,36.737165],[-93.374404,36.738646],[-93.376688,36.738646],[-93.376688,36.737182]],[[-93.376294,36.743316],[-93.376387,36.741176],[-93.374923,36.740775],[-93.373944,36.744951],[-93.376294,36.743316]],[[-93.375661,36.747314],[-93.372659,36.744433],[-93.370718,36.748587],[-93.37392,36.748575],[-93.37396,36.750476],[-93.375641,36.750696],[-93.375661,36.747314]],[[-93.37386,36.737223],[-93.371784,36.738626],[-93.373422,36.738626],[-93.37386,36.737223]]]}},{"type":"Feature","properties":{"NAME":"Affton","state_abbr":"MO","state_name":"Missouri","ALAND":11837422},"geometry":{"type":"Polygon","coordinates":[[[-90.359161,38.56485],[-90.340263,38.565845],[-90.340029,38.567275],[-90.336785,38.566924],[-90.337193,38.564625],[-90.333939,38.564294],[-90.333855,38.567001],[-90.309231,38.564425],[-90.302356,38.558956],[-90.31112,38.555996],[-90.310674,38.546032],[-90.304062,38.547094],[-90.300113,38.542648],[-90.30346,38.540492],[-90.318525,38.540139],[-90.318728,38.536158],[-90.315811,38.536041],[-90.311517,38.532846],[-90.319392,38.524855],[-90.32305,38.529354],[-90.335844,38.532071],[-90.341142,38.534889],[-90.333871,38.539461],[-90.332988,38.543341],[-90.33681,38.54402],[-90.344165,38.540596],[-90.347537,38.547156],[-90.342914,38.548672],[-90.341867,38.556119],[-90.351696,38.561654],[-90.357812,38.562882],[-90.359161,38.56485]]]}},{"type":"Feature","properties":{"NAME":"Broseley","state_abbr":"MO","state_name":"Missouri","ALAND":1341958},"geometry":{"type":"Polygon","coordinates":[[[-90.25039,36.678729],[-90.246409,36.682775],[-90.24631,36.686112],[-90.244271,36.684732],[-90.245326,36.682704],[-90.241311,36.682589],[-90.241077,36.676055],[-90.23754,36.674421],[-90.237481,36.668436],[-90.246059,36.668554],[-90.246003,36.671722],[-90.24961,36.671754],[-90.25039,36.678729]]]}},{"type":"Feature","properties":{"NAME":"Buell","state_abbr":"MO","state_name":"Missouri","ALAND":228318},"geometry":{"type":"Polygon","coordinates":[[[-91.443078,39.030252],[-91.443044,39.036004],[-91.436612,39.033644],[-91.439018,39.032664],[-91.4391,39.030132],[-91.443078,39.030252]]]}},{"type":"Feature","properties":{"NAME":"Connelsville","state_abbr":"MO","state_name":"Missouri","ALAND":858151},"geometry":{"type":"Polygon","coordinates":[[[-92.709114,40.279974],[-92.701474,40.282327],[-92.696462,40.281104],[-92.694506,40.274901],[-92.708019,40.274441],[-92.707729,40.278562],[-92.709114,40.279974]]]}},{"type":"Feature","properties":{"NAME":"Fort Leonard Wood","state_abbr":"MO","state_name":"Missouri","ALAND":59648851},"geometry":{"type":"Polygon","coordinates":[[[-92.178564,37.722215],[-92.174296,37.725439],[-92.172659,37.728799],[-92.174997,37.73664],[-92.164966,37.735187],[-92.159575,37.737031],[-92.158404,37.739847],[-92.166975,37.74956],[-92.166467,37.760541],[-92.159986,37.761227],[-92.16317,37.765181],[-92.157582,37.772144],[-92.163698,37.778277],[-92.163696,37.787329],[-92.165603,37.789689],[-92.164393,37.791895],[-92.165916,37.797338],[-92.147112,37.797001],[-92.147209,37.793147],[-92.140464,37.792976],[-92.132465,37.792989],[-92.135327,37.796731],[-92.096066,37.795852],[-92.097112,37.793609],[-92.094965,37.781005],[-92.079305,37.780559],[-92.080703,37.737709],[-92.100042,37.737853],[-92.100233,37.722989],[-92.116634,37.723484],[-92.116493,37.716163],[-92.150692,37.716965],[-92.153563,37.709757],[-92.162591,37.710827],[-92.167458,37.717946],[-92.175129,37.720929],[-92.178267,37.720375],[-92.178564,37.722215]]]}},{"type":"Feature","properties":{"NAME":"Fortuna","state_abbr":"MO","state_name":"Missouri","ALAND":511842},"geometry":{"type":"Polygon","coordinates":[[[-92.802604,38.566759],[-92.801542,38.570551],[-92.791612,38.57025],[-92.792281,38.56567],[-92.797019,38.565757],[-92.797142,38.562635],[-92.802604,38.566759]]]}},{"type":"Feature","properties":{"NAME":"Grayson","state_abbr":"MO","state_name":"Missouri","ALAND":1086386},"geometry":{"type":"Polygon","coordinates":[[[-94.569227,39.531733],[-94.564834,39.538655],[-94.565813,39.540204],[-94.552996,39.539135],[-94.557166,39.535271],[-94.557245,39.529066],[-94.567704,39.529157],[-94.566697,39.529909],[-94.569227,39.531733]]]}},{"type":"Feature","properties":{"NAME":"Grovespring","state_abbr":"MO","state_name":"Missouri","ALAND":3093085},"geometry":{"type":"Polygon","coordinates":[[[-92.6215,37.406399],[-92.596727,37.406936],[-92.59684,37.399688],[-92.594737,37.399649],[-92.594755,37.396041],[-92.592438,37.396008],[-92.592503,37.392354],[-92.61528,37.392745],[-92.615063,37.402286],[-92.620099,37.403938],[-92.6215,37.406399]]]}},{"type":"Feature","properties":{"NAME":"Harviell","state_abbr":"MO","state_name":"Missouri","ALAND":4566800},"geometry":{"type":"Polygon","coordinates":[[[-90.48396,36.649246],[-90.483782,36.674644],[-90.465665,36.674618],[-90.465718,36.649005],[-90.48396,36.649246]]]}},{"type":"Feature","properties":{"NAME":"Ashley","state_abbr":"MO","state_name":"Missouri","ALAND":3414668},"geometry":{"type":"Polygon","coordinates":[[[-91.241249,39.249391],[-91.238416,39.252648],[-91.232731,39.254391],[-91.232946,39.259207],[-91.227552,39.26313],[-91.222006,39.263944],[-91.210837,39.257471],[-91.21263,39.244498],[-91.21546,39.246496],[-91.221931,39.247091],[-91.22612,39.247273],[-91.227953,39.245325],[-91.23616,39.249259],[-91.239086,39.247437],[-91.241249,39.249391]]]}},{"type":"Feature","properties":{"NAME":"Big Spring","state_abbr":"MO","state_name":"Missouri","ALAND":8697537},"geometry":{"type":"Polygon","coordinates":[[[-91.510847,38.791588],[-91.510257,38.799869],[-91.507249,38.803846],[-91.50943,38.806976],[-91.507239,38.806748],[-91.502288,38.810171],[-91.504265,38.812134],[-91.504129,38.814528],[-91.502018,38.813164],[-91.496017,38.814905],[-91.486956,38.81308],[-91.481235,38.810762],[-91.48349,38.8076],[-91.476625,38.810518],[-91.47549,38.81297],[-91.464851,38.813672],[-91.464843,38.808182],[-91.459559,38.80492],[-91.461683,38.795166],[-91.466604,38.795236],[-91.467317,38.791375],[-91.469988,38.789015],[-91.47602,38.79123],[-91.487273,38.786645],[-91.488896,38.791586],[-91.494495,38.796675],[-91.494206,38.799256],[-91.500165,38.800375],[-91.505341,38.798201],[-91.506795,38.790177],[-91.510847,38.791588]]]}},{"type":"Feature","properties":{"NAME":"Danville","state_abbr":"MO","state_name":"Missouri","ALAND":977268},"geometry":{"type":"Polygon","coordinates":[[[-91.539593,38.916063],[-91.530663,38.916777],[-91.526303,38.915543],[-91.525413,38.908659],[-91.538937,38.909184],[-91.539593,38.916063]]]}},{"type":"Feature","properties":{"NAME":"Grayhawk","state_abbr":"MO","state_name":"Missouri","ALAND":11274771},"geometry":{"type":"Polygon","coordinates":[[[-90.271901,37.936936],[-90.271329,37.941356],[-90.269527,37.941437],[-90.267938,37.943951],[-90.254341,37.944823],[-90.250365,37.948132],[-90.245884,37.945541],[-90.235102,37.944908],[-90.22887,37.954419],[-90.220932,37.945671],[-90.223234,37.941174],[-90.222805,37.93578],[-90.224841,37.933832],[-90.225111,37.925856],[-90.215411,37.916023],[-90.216822,37.91198],[-90.215676,37.910652],[-90.237798,37.907806],[-90.239175,37.911118],[-90.237473,37.914301],[-90.240295,37.917357],[-90.244394,37.917522],[-90.247822,37.92112],[-90.25277,37.923174],[-90.250354,37.929585],[-90.26111,37.932989],[-90.266244,37.936697],[-90.271901,37.936936]]]}},{"type":"Feature","properties":{"NAME":"Aurora Springs","state_abbr":"MO","state_name":"Missouri","ALAND":1113397},"geometry":{"type":"Polygon","coordinates":[[[-92.587992,38.318637],[-92.586098,38.331626],[-92.582533,38.331568],[-92.581816,38.329176],[-92.577471,38.326441],[-92.57414,38.321804],[-92.575561,38.319832],[-92.582345,38.320359],[-92.587992,38.318637]]]}},{"type":"Feature","properties":{"NAME":"Avalon","state_abbr":"MO","state_name":"Missouri","ALAND":1945344},"geometry":{"type":"Polygon","coordinates":[[[-93.448901,39.666603],[-93.432422,39.66659],[-93.432175,39.651858],[-93.441513,39.651644],[-93.441595,39.655541],[-93.446278,39.655541],[-93.448901,39.666603]]]}},{"type":"Feature","properties":{"NAME":"Barnhart","state_abbr":"MO","state_name":"Missouri","ALAND":12836681},"geometry":{"type":"MultiPolygon","coordinates":[[[[-90.417613,38.32814],[-90.418018,38.328829],[-90.418017,38.329447],[-90.417613,38.32814]]],[[[-90.419443,38.32829],[-90.418345,38.329558],[-90.418459,38.328131],[-90.419443,38.32829]]],[[[-90.419978,38.32613],[-90.418456,38.326447],[-90.417648,38.325763],[-90.417756,38.325703],[-90.419978,38.32613]]],[[[-90.422066,38.326504],[-90.41867,38.32575],[-90.418714,38.325045],[-90.419571,38.325083],[-90.422066,38.326504]]],[[[-90.420842,38.326625],[-90.422475,38.32773],[-90.420491,38.32702],[-90.420842,38.326625]]],[[[-90.425627,38.327861],[-90.425394,38.328542],[-90.42518,38.328272],[-90.425627,38.327861]]],[[[-90.433403,38.324105],[-90.433224,38.333597],[-90.42788,38.34583],[-90.422297,38.345946],[-90.422597,38.352324],[-90.42027,38.356584],[-90.39322,38.34826],[-90.3862,38.3442],[-90.387933,38.341302],[-90.382622,38.339416],[-90.381633,38.342319],[-90.379697,38.338897],[-90.377196,38.338787],[-90.378934,38.336758],[-90.375988,38.336138],[-90.376523,38.334609],[-90.370819,38.333554],[-90.371405,38.322969],[-90.418591,38.324068],[-90.418603,38.325738],[-90.41744,38.325618],[-90.417409,38.331085],[-90.426591,38.331195],[-90.426128,38.32815],[-90.4254,38.327635],[-90.42219,38.327063],[-90.422773,38.325528],[-90.421065,38.323972],[-90.433403,38.324105]]]]}},{"type":"Feature","properties":{"NAME":"Cedar Hill","state_abbr":"MO","state_name":"Missouri","ALAND":5944385},"geometry":{"type":"Polygon","coordinates":[[[-90.66176,38.357686],[-90.658931,38.365559],[-90.656234,38.367577],[-90.650777,38.369112],[-90.651821,38.361551],[-90.648685,38.357289],[-90.646233,38.357271],[-90.63437,38.37008],[-90.63344,38.36862],[-90.63034,38.370271],[-90.628869,38.367881],[-90.62736,38.36868],[-90.622835,38.364539],[-90.623698,38.361194],[-90.62583,38.36096],[-90.62276,38.35888],[-90.61837,38.3588],[-90.618485,38.351514],[-90.629176,38.353711],[-90.633303,38.347453],[-90.639925,38.349872],[-90.645137,38.349784],[-90.649982,38.348575],[-90.654264,38.345282],[-90.659427,38.35016],[-90.659428,38.355477],[-90.66176,38.357686]]]}},{"type":"Feature","properties":{"NAME":"Bennett Springs","state_abbr":"MO","state_name":"Missouri","ALAND":10801452},"geometry":{"type":"Polygon","coordinates":[[[-92.878315,37.733777],[-92.876884,37.735752],[-92.878414,37.742624],[-92.87462,37.746316],[-92.859239,37.74798],[-92.859294,37.745941],[-92.857319,37.747532],[-92.857414,37.744978],[-92.853309,37.740836],[-92.851701,37.73543],[-92.847224,37.734327],[-92.846592,37.728849],[-92.844281,37.72846],[-92.844365,37.730663],[-92.841602,37.729439],[-92.834372,37.720819],[-92.825622,37.715379],[-92.826099,37.705392],[-92.830148,37.705443],[-92.831768,37.709539],[-92.837687,37.705555],[-92.840937,37.708012],[-92.856149,37.708814],[-92.856573,37.715932],[-92.862713,37.710922],[-92.863757,37.715836],[-92.865065,37.716034],[-92.864882,37.721492],[-92.869049,37.721731],[-92.868703,37.728893],[-92.864296,37.72881],[-92.864127,37.732079],[-92.875118,37.730977],[-92.878315,37.733777]]]}},{"type":"Feature","properties":{"NAME":"Bent Tree Harbor","state_abbr":"MO","state_name":"Missouri","ALAND":5376882},"geometry":{"type":"Polygon","coordinates":[[[-93.510289,38.257062],[-93.477317,38.256802],[-93.476138,38.256171],[-93.477217,38.248946],[-93.475617,38.245047],[-93.480545,38.243236],[-93.480846,38.237306],[-93.498384,38.239161],[-93.502355,38.23635],[-93.508101,38.235484],[-93.509041,38.243915],[-93.507097,38.250465],[-93.510289,38.257062]]]}},{"type":"Feature","properties":{"NAME":"Biehle","state_abbr":"MO","state_name":"Missouri","ALAND":573744},"geometry":{"type":"Polygon","coordinates":[[[-89.843651,37.605433],[-89.837109,37.611296],[-89.835462,37.609292],[-89.833383,37.60943],[-89.83314,37.604927],[-89.836274,37.602047],[-89.843651,37.605433]]]}},{"type":"Feature","properties":{"NAME":"Chesapeake","state_abbr":"MO","state_name":"Missouri","ALAND":1153386},"geometry":{"type":"Polygon","coordinates":[[[-93.686202,37.114184],[-93.686282,37.119384],[-93.674494,37.122098],[-93.674375,37.119089],[-93.668381,37.11394],[-93.676917,37.113937],[-93.676857,37.111508],[-93.679096,37.112151],[-93.680386,37.110138],[-93.684101,37.109965],[-93.68503,37.110995],[-93.683609,37.113786],[-93.686202,37.114184]]]}},{"type":"Feature","properties":{"NAME":"Blanchard","state_abbr":"MO","state_name":"Missouri","ALAND":1371518},"geometry":{"type":"Polygon","coordinates":[[[-95.224761,40.578583],[-95.202265,40.578488],[-95.202395,40.567427],[-95.222224,40.575624],[-95.224761,40.578583]]]}},{"type":"Feature","properties":{"NAME":"Conception","state_abbr":"MO","state_name":"Missouri","ALAND":1941542},"geometry":{"type":"Polygon","coordinates":[[[-94.690022,40.242366],[-94.68968,40.249694],[-94.680251,40.249582],[-94.680315,40.24293],[-94.668779,40.242127],[-94.66894,40.234885],[-94.687648,40.234941],[-94.687456,40.242014],[-94.690022,40.242366]]]}},{"type":"Feature","properties":{"NAME":"Blue Summit","state_abbr":"MO","state_name":"Missouri","ALAND":1262241},"geometry":{"type":"Polygon","coordinates":[[[-94.48731,39.082188],[-94.486948,39.092816],[-94.482344,39.09355],[-94.477447,39.092355],[-94.478247,39.08964],[-94.472123,39.085022],[-94.47121,39.082108],[-94.48731,39.082188]]]}},{"type":"Feature","properties":{"NAME":"Brewer","state_abbr":"MO","state_name":"Missouri","ALAND":6059208},"geometry":{"type":"Polygon","coordinates":[[[-89.937868,37.783923],[-89.928518,37.786019],[-89.932194,37.79178],[-89.928083,37.791984],[-89.918928,37.798872],[-89.909664,37.793638],[-89.908753,37.78982],[-89.903023,37.784629],[-89.896771,37.774177],[-89.931948,37.774071],[-89.937868,37.783923]]]}},{"type":"Feature","properties":{"NAME":"Cherokee Pass","state_abbr":"MO","state_name":"Missouri","ALAND":5393683},"geometry":{"type":"Polygon","coordinates":[[[-90.314461,37.490697],[-90.311969,37.496203],[-90.306759,37.493686],[-90.299355,37.493761],[-90.289067,37.497335],[-90.272227,37.496974],[-90.273151,37.491487],[-90.271419,37.489987],[-90.271541,37.487595],[-90.278614,37.490177],[-90.279278,37.487117],[-90.283627,37.488872],[-90.28714,37.485844],[-90.295739,37.484148],[-90.297273,37.479561],[-90.295992,37.472412],[-90.300129,37.467722],[-90.310913,37.480893],[-90.310229,37.48518],[-90.314461,37.490697]]]}},{"type":"Feature","properties":{"NAME":"Briarwood Estates","state_abbr":"MO","state_name":"Missouri","ALAND":1762204},"geometry":{"type":"Polygon","coordinates":[[[-90.599333,38.150604],[-90.599217,38.15964],[-90.596929,38.159551],[-90.596854,38.163123],[-90.587367,38.162972],[-90.576407,38.155844],[-90.5938,38.14898],[-90.599333,38.150604]]]}},{"type":"Feature","properties":{"NAME":"Burfordville","state_abbr":"MO","state_name":"Missouri","ALAND":868920},"geometry":{"type":"Polygon","coordinates":[[[-89.816922,37.367952],[-89.807655,37.372919],[-89.80089,37.366705],[-89.805357,37.366456],[-89.811445,37.362794],[-89.813633,37.363134],[-89.814968,37.365354],[-89.817059,37.365025],[-89.816922,37.367952]]]}},{"type":"Feature","properties":{"NAME":"Burgess","state_abbr":"MO","state_name":"Missouri","ALAND":288860},"geometry":{"type":"Polygon","coordinates":[[[-94.617173,37.551784],[-94.617108,37.560987],[-94.613652,37.560961],[-94.614525,37.557878],[-94.612595,37.55777],[-94.61275,37.553852],[-94.615709,37.55378],[-94.617173,37.551784]]]}},{"type":"Feature","properties":{"NAME":"Castle Point","state_abbr":"MO","state_name":"Missouri","ALAND":1573931},"geometry":{"type":"Polygon","coordinates":[[[-90.257283,38.759287],[-90.253903,38.759328],[-90.24925,38.763765],[-90.241642,38.763712],[-90.241725,38.751583],[-90.249101,38.751443],[-90.254258,38.749291],[-90.257283,38.759287]]]}},{"type":"Feature","properties":{"NAME":"Concord","state_abbr":"MO","state_name":"Missouri","ALAND":14233767},"geometry":{"type":"Polygon","coordinates":[[[-90.382571,38.491057],[-90.378748,38.506485],[-90.361461,38.521901],[-90.361375,38.542595],[-90.347537,38.547156],[-90.339349,38.53341],[-90.341678,38.531022],[-90.346597,38.53002],[-90.354211,38.523837],[-90.343549,38.520035],[-90.342184,38.514637],[-90.335787,38.511329],[-90.33889,38.50267],[-90.355473,38.485636],[-90.363676,38.48591],[-90.377284,38.493927],[-90.382571,38.491057]]]}},{"type":"Feature","properties":{"NAME":"Glasgow Village","state_abbr":"MO","state_name":"Missouri","ALAND":2481443},"geometry":{"type":"Polygon","coordinates":[[[-90.212178,38.751379],[-90.210719,38.760283],[-90.205568,38.759762],[-90.205201,38.762059],[-90.1989,38.759416],[-90.196538,38.763566],[-90.192913,38.76501],[-90.191686,38.767272],[-90.184602,38.76715],[-90.186402,38.761546],[-90.196877,38.749831],[-90.212178,38.751379]]]}},{"type":"Feature","properties":{"NAME":"Climax Springs","state_abbr":"MO","state_name":"Missouri","ALAND":2088908},"geometry":{"type":"Polygon","coordinates":[[[-93.063494,38.097716],[-93.063056,38.106227],[-93.057844,38.107188],[-93.05435,38.10547],[-93.054637,38.107352],[-93.050473,38.106637],[-93.050211,38.107988],[-93.045969,38.105754],[-93.045674,38.099129],[-93.043023,38.099037],[-93.043075,38.097322],[-93.040737,38.097158],[-93.041576,38.095441],[-93.03998,38.094659],[-93.04641,38.091706],[-93.04613,38.096403],[-93.050754,38.096661],[-93.050894,38.093834],[-93.055614,38.093466],[-93.055494,38.096923],[-93.063494,38.097716]]]}},{"type":"Feature","properties":{"NAME":"Dawn","state_abbr":"MO","state_name":"Missouri","ALAND":3388666},"geometry":{"type":"Polygon","coordinates":[[[-93.647382,39.676206],[-93.6433,39.676224],[-93.640675,39.681108],[-93.636854,39.680307],[-93.635729,39.683008],[-93.634928,39.677996],[-93.619975,39.674935],[-93.619728,39.666411],[-93.62471,39.666646],[-93.631047,39.662961],[-93.643305,39.662112],[-93.641914,39.665248],[-93.643158,39.666804],[-93.639664,39.66772],[-93.646885,39.669021],[-93.647382,39.676206]]]}},{"type":"Feature","properties":{"NAME":"Edinburg","state_abbr":"MO","state_name":"Missouri","ALAND":2777977},"geometry":{"type":"Polygon","coordinates":[[[-93.704112,40.080262],[-93.700748,40.082335],[-93.703782,40.082881],[-93.703338,40.085515],[-93.696436,40.085714],[-93.697325,40.088519],[-93.684128,40.088633],[-93.684112,40.082236],[-93.674631,40.082165],[-93.674442,40.075102],[-93.703999,40.076413],[-93.704112,40.080262]]]}},{"type":"Feature","properties":{"NAME":"Deering","state_abbr":"MO","state_name":"Missouri","ALAND":765081},"geometry":{"type":"Polygon","coordinates":[[[-89.892249,36.193931],[-89.878721,36.193934],[-89.87744,36.190353],[-89.878671,36.190363],[-89.878664,36.187086],[-89.881326,36.187992],[-89.883374,36.186292],[-89.885276,36.189231],[-89.892266,36.190214],[-89.892249,36.193931]]]}},{"type":"Feature","properties":{"NAME":"Denton","state_abbr":"MO","state_name":"Missouri","ALAND":978405},"geometry":{"type":"Polygon","coordinates":[[[-89.895972,36.096009],[-89.886993,36.095933],[-89.886958,36.085023],[-89.895953,36.085053],[-89.895972,36.096009]]]}},{"type":"Feature","properties":{"NAME":"Defiance","state_abbr":"MO","state_name":"Missouri","ALAND":2624207},"geometry":{"type":"Polygon","coordinates":[[[-90.79725,38.62968],[-90.79579,38.63232],[-90.79219,38.63133],[-90.78411,38.64171],[-90.776899,38.641855],[-90.77477,38.6437],[-90.771299,38.640142],[-90.785501,38.621907],[-90.79681,38.62538],[-90.79725,38.62968]]]}},{"type":"Feature","properties":{"NAME":"Doe Run","state_abbr":"MO","state_name":"Missouri","ALAND":6242468},"geometry":{"type":"Polygon","coordinates":[[[-90.516491,37.749807],[-90.515514,37.753294],[-90.510623,37.756131],[-90.494164,37.755365],[-90.490097,37.756675],[-90.484532,37.755498],[-90.487065,37.751806],[-90.480003,37.746056],[-90.483161,37.743704],[-90.482917,37.739893],[-90.486753,37.736438],[-90.495657,37.737102],[-90.494416,37.734949],[-90.505952,37.731102],[-90.51542,37.741791],[-90.514249,37.745245],[-90.516491,37.749807]]]}},{"type":"Feature","properties":{"NAME":"Frankclay","state_abbr":"MO","state_name":"Missouri","ALAND":1637076},"geometry":{"type":"Polygon","coordinates":[[[-90.624271,37.864998],[-90.621918,37.867911],[-90.605406,37.869034],[-90.605647,37.861985],[-90.609492,37.861261],[-90.610427,37.857923],[-90.620656,37.854412],[-90.621413,37.855804],[-90.622901,37.85466],[-90.622462,37.857686],[-90.619832,37.857712],[-90.619874,37.864136],[-90.624271,37.864998]]]}},{"type":"Feature","properties":{"NAME":"Dutchtown","state_abbr":"MO","state_name":"Missouri","ALAND":4608298},"geometry":{"type":"Polygon","coordinates":[[[-89.668199,37.253404],[-89.666134,37.253348],[-89.666166,37.255402],[-89.662597,37.255411],[-89.66218,37.258044],[-89.660668,37.257752],[-89.658806,37.260102],[-89.660115,37.268175],[-89.656842,37.267095],[-89.656802,37.269641],[-89.651197,37.269085],[-89.651865,37.264816],[-89.64834,37.265739],[-89.644974,37.264573],[-89.637264,37.267497],[-89.635415,37.270809],[-89.63203,37.270508],[-89.632224,37.266153],[-89.625978,37.265516],[-89.621352,37.261639],[-89.621509,37.25934],[-89.642435,37.257056],[-89.654522,37.25132],[-89.654675,37.247714],[-89.65669,37.24766],[-89.656705,37.246336],[-89.664718,37.246413],[-89.660769,37.24968],[-89.668199,37.253404]]]}},{"type":"Feature","properties":{"NAME":"Eagle Rock","state_abbr":"MO","state_name":"Missouri","ALAND":6045577},"geometry":{"type":"Polygon","coordinates":[[[-93.765964,36.560143],[-93.761797,36.56014],[-93.761609,36.564896],[-93.75177,36.563828],[-93.749036,36.562064],[-93.748741,36.559005],[-93.73954,36.556498],[-93.729206,36.558205],[-93.724205,36.553775],[-93.724346,36.547598],[-93.719942,36.541325],[-93.721879,36.537446],[-93.724219,36.536528],[-93.729472,36.536782],[-93.72927,36.540398],[-93.726362,36.541214],[-93.726348,36.542106],[-93.734965,36.538303],[-93.736555,36.540208],[-93.738791,36.538448],[-93.747645,36.53895],[-93.757863,36.547191],[-93.758326,36.552612],[-93.762997,36.55338],[-93.763269,36.55657],[-93.765964,36.560143]]]}},{"type":"Feature","properties":{"NAME":"Eugene","state_abbr":"MO","state_name":"Missouri","ALAND":866349},"geometry":{"type":"Polygon","coordinates":[[[-92.407942,38.348945],[-92.407358,38.359073],[-92.399596,38.359026],[-92.398524,38.361608],[-92.396797,38.359416],[-92.399129,38.355187],[-92.398395,38.352364],[-92.402095,38.351711],[-92.403223,38.348087],[-92.407942,38.348945]]]}},{"type":"Feature","properties":{"NAME":"Excello","state_abbr":"MO","state_name":"Missouri","ALAND":882709},"geometry":{"type":"Polygon","coordinates":[[[-92.480413,39.636469],[-92.479248,39.636462],[-92.47954,39.63874],[-92.475709,39.638825],[-92.475463,39.636443],[-92.467297,39.636385],[-92.467496,39.6329],[-92.474022,39.62586],[-92.474608,39.629274],[-92.480382,39.6316],[-92.480413,39.636469]]]}},{"type":"Feature","properties":{"NAME":"Fairdealing","state_abbr":"MO","state_name":"Missouri","ALAND":14766588},"geometry":{"type":"Polygon","coordinates":[[[-90.643244,36.662594],[-90.64209,36.672843],[-90.575529,36.672138],[-90.572437,36.669265],[-90.573885,36.665066],[-90.577141,36.662888],[-90.574757,36.661866],[-90.572728,36.657539],[-90.576984,36.656125],[-90.576494,36.650014],[-90.63252,36.650504],[-90.641783,36.654706],[-90.643244,36.662594]]]}},{"type":"Feature","properties":{"NAME":"Grayridge","state_abbr":"MO","state_name":"Missouri","ALAND":2637036},"geometry":{"type":"Polygon","coordinates":[[[-89.790916,36.81827],[-89.790802,36.831518],[-89.773456,36.833272],[-89.773444,36.816666],[-89.790916,36.81827]]]}},{"type":"Feature","properties":{"NAME":"Faucett","state_abbr":"MO","state_name":"Missouri","ALAND":2556105},"geometry":{"type":"Polygon","coordinates":[[[-94.806901,39.596446],[-94.80687,39.607518],[-94.791186,39.607253],[-94.791169,39.611685],[-94.788538,39.611719],[-94.7889,39.595596],[-94.794046,39.594482],[-94.797404,39.586822],[-94.799711,39.588618],[-94.799376,39.593264],[-94.803578,39.593923],[-94.806901,39.596446]]]}},{"type":"Feature","properties":{"NAME":"Fremont","state_abbr":"MO","state_name":"Missouri","ALAND":511229},"geometry":{"type":"Polygon","coordinates":[[[-91.169399,36.95222],[-91.166201,36.953611],[-91.165838,36.955512],[-91.157521,36.954615],[-91.157632,36.94947],[-91.159661,36.948641],[-91.167572,36.950307],[-91.166753,36.951953],[-91.169399,36.95222]]]}},{"type":"Feature","properties":{"NAME":"Frisbee","state_abbr":"MO","state_name":"Missouri","ALAND":2071679},"geometry":{"type":"Polygon","coordinates":[[[-90.037142,36.357049],[-90.028003,36.357005],[-90.028018,36.360654],[-90.020433,36.3607],[-90.021834,36.354232],[-90.026814,36.347365],[-90.027407,36.342439],[-90.037125,36.342466],[-90.037142,36.357049]]]}},{"type":"Feature","properties":{"NAME":"Golden","state_abbr":"MO","state_name":"Missouri","ALAND":13799204},"geometry":{"type":"Polygon","coordinates":[[[-93.688753,36.550299],[-93.677832,36.554867],[-93.675342,36.552617],[-93.676776,36.550218],[-93.659448,36.549851],[-93.656146,36.544249],[-93.65759,36.538796],[-93.655214,36.535286],[-93.650227,36.534851],[-93.651059,36.524198],[-93.644184,36.524023],[-93.64198,36.52054],[-93.64246,36.513695],[-93.639213,36.513657],[-93.639566,36.502828],[-93.641663,36.501142],[-93.648273,36.502998],[-93.648282,36.499103],[-93.659099,36.499331],[-93.662258,36.504559],[-93.66897,36.510119],[-93.668288,36.511395],[-93.671109,36.516813],[-93.679324,36.525229],[-93.684027,36.526459],[-93.684977,36.532212],[-93.686725,36.534037],[-93.684293,36.537166],[-93.684292,36.540402],[-93.688753,36.550299]]]}},{"type":"Feature","properties":{"NAME":"Goose Creek Lake","state_abbr":"MO","state_name":"Missouri","ALAND":10249884},"geometry":{"type":"Polygon","coordinates":[[[-90.367393,37.984443],[-90.357958,37.984304],[-90.357778,37.991537],[-90.362583,37.991684],[-90.362496,37.995181],[-90.355385,37.998812],[-90.353182,38.003035],[-90.347704,38.00062],[-90.340902,38.000614],[-90.336725,37.995603],[-90.323397,37.9906],[-90.320659,37.987464],[-90.320527,37.984592],[-90.31531,37.979887],[-90.319188,37.978448],[-90.320365,37.97588],[-90.318179,37.977096],[-90.316108,37.975949],[-90.316168,37.96765],[-90.321505,37.967749],[-90.326182,37.970417],[-90.328916,37.968078],[-90.340007,37.968856],[-90.342277,37.967152],[-90.355374,37.968499],[-90.358167,37.969541],[-90.357942,37.980502],[-90.367343,37.98072],[-90.367393,37.984443]]]}},{"type":"Feature","properties":{"NAME":"Gray Summit","state_abbr":"MO","state_name":"Missouri","ALAND":19961255},"geometry":{"type":"Polygon","coordinates":[[[-90.858508,38.482562],[-90.85855,38.503458],[-90.832019,38.509884],[-90.825285,38.513452],[-90.825199,38.510283],[-90.818817,38.509424],[-90.814899,38.505512],[-90.815,38.495656],[-90.81278,38.493684],[-90.810803,38.496414],[-90.796306,38.502592],[-90.793308,38.505848],[-90.785331,38.509545],[-90.768812,38.515028],[-90.768039,38.512661],[-90.765628,38.512072],[-90.765598,38.509464],[-90.77325,38.50832],[-90.772561,38.487199],[-90.790066,38.4887],[-90.790067,38.491609],[-90.791942,38.491643],[-90.792047,38.48797],[-90.786545,38.487195],[-90.793573,38.486339],[-90.79358,38.483682],[-90.79204,38.483653],[-90.79245,38.477705],[-90.80056,38.479101],[-90.80138,38.477476],[-90.801994,38.479692],[-90.823167,38.482883],[-90.829623,38.481],[-90.843041,38.480585],[-90.856424,38.481874],[-90.858508,38.482562]]]}},{"type":"Feature","properties":{"NAME":"Hartwell","state_abbr":"MO","state_name":"Missouri","ALAND":1229967},"geometry":{"type":"Polygon","coordinates":[[[-93.941407,38.437331],[-93.926945,38.437374],[-93.927123,38.428531],[-93.941344,38.428925],[-93.941407,38.437331]]]}},{"type":"Feature","properties":{"NAME":"Hayward","state_abbr":"MO","state_name":"Missouri","ALAND":655157},"geometry":{"type":"Polygon","coordinates":[[[-89.675262,36.393595],[-89.670719,36.393721],[-89.670752,36.399952],[-89.662238,36.399391],[-89.661798,36.392363],[-89.674772,36.392232],[-89.675262,36.393595]]]}},{"type":"Feature","properties":{"NAME":"High Ridge","state_abbr":"MO","state_name":"Missouri","ALAND":9766679},"geometry":{"type":"MultiPolygon","coordinates":[[[[-90.540522,38.468326],[-90.54022,38.46924],[-90.539727,38.468755],[-90.540522,38.468326]]],[[[-90.540814,38.468268],[-90.539338,38.468449],[-90.537119,38.467748],[-90.537883,38.466666],[-90.540814,38.468268]]],[[[-90.541741,38.46484],[-90.540837,38.465729],[-90.540843,38.464774],[-90.541741,38.46484]]],[[[-90.541526,38.46946],[-90.540986,38.47035],[-90.540593,38.46978],[-90.541526,38.46946]]],[[[-90.543644,38.462888],[-90.54249,38.46414],[-90.542256,38.462888],[-90.543644,38.462888]]],[[[-90.56579,38.46536],[-90.5625,38.46888],[-90.55824,38.4662],[-90.55495,38.46604],[-90.55351,38.47371],[-90.55107,38.47367],[-90.547642,38.481013],[-90.541528,38.479359],[-90.53998,38.47652],[-90.5412,38.47066],[-90.542717,38.470122],[-90.543307,38.472358],[-90.545903,38.472358],[-90.546168,38.463823],[-90.543638,38.462175],[-90.541333,38.462176],[-90.541357,38.464116],[-90.538274,38.464801],[-90.538645,38.466083],[-90.536011,38.465297],[-90.53641,38.46918],[-90.53439,38.47201],[-90.52734,38.47686],[-90.522315,38.479398],[-90.51908,38.47885],[-90.524023,38.471354],[-90.52377,38.46776],[-90.51738,38.46479],[-90.51263,38.46472],[-90.512984,38.4389],[-90.51523,38.43906],[-90.51685,38.4413],[-90.52451,38.44065],[-90.52694,38.44656],[-90.53346,38.45026],[-90.53313,38.4551],[-90.5441,38.45676],[-90.55161,38.45511],[-90.56006,38.45722],[-90.56309,38.45964],[-90.56579,38.46536]],[[-90.5474,38.46616],[-90.546142,38.465476],[-90.546966,38.467007],[-90.5474,38.46616]]]]}},{"type":"Feature","properties":{"NAME":"Hollywood","state_abbr":"MO","state_name":"Missouri","ALAND":991571},"geometry":{"type":"Polygon","coordinates":[[[-90.190821,36.057576],[-90.186232,36.057553],[-90.186222,36.056072],[-90.183375,36.056104],[-90.183375,36.054384],[-90.180563,36.054199],[-90.180637,36.046458],[-90.190646,36.046478],[-90.190821,36.057576]]]}},{"type":"Feature","properties":{"NAME":"Hunter","state_abbr":"MO","state_name":"Missouri","ALAND":9417272},"geometry":{"type":"Polygon","coordinates":[[[-90.876045,36.883479],[-90.870392,36.887919],[-90.867874,36.895345],[-90.864601,36.899677],[-90.833568,36.899525],[-90.833829,36.892827],[-90.828219,36.88723],[-90.828218,36.883451],[-90.824579,36.878851],[-90.826139,36.872516],[-90.82366,36.864602],[-90.830976,36.874416],[-90.833488,36.875634],[-90.852173,36.875396],[-90.859257,36.878826],[-90.868614,36.879225],[-90.876045,36.883479]]]}},{"type":"Feature","properties":{"NAME":"Indian Lake","state_abbr":"MO","state_name":"Missouri","ALAND":3719071},"geometry":{"type":"Polygon","coordinates":[[[-91.468178,38.096533],[-91.468058,38.103744],[-91.463305,38.103739],[-91.463208,38.107414],[-91.458686,38.106957],[-91.453966,38.109391],[-91.44943,38.10938],[-91.449655,38.093048],[-91.43836,38.09304],[-91.43635,38.0857],[-91.440438,38.085804],[-91.440673,38.078562],[-91.449792,38.078461],[-91.449752,38.082089],[-91.459082,38.082073],[-91.459146,38.085834],[-91.457967,38.085892],[-91.460412,38.092404],[-91.464539,38.092861],[-91.463739,38.096519],[-91.468178,38.096533]]]}},{"type":"Feature","properties":{"NAME":"Irwin","state_abbr":"MO","state_name":"Missouri","ALAND":767228},"geometry":{"type":"Polygon","coordinates":[[[-94.293516,37.588552],[-94.293422,37.592472],[-94.280767,37.591287],[-94.281946,37.590074],[-94.280532,37.588204],[-94.281623,37.584672],[-94.290429,37.584882],[-94.292483,37.586052],[-94.291566,37.58852],[-94.293516,37.588552]]]}},{"type":"Feature","properties":{"NAME":"Knob Lick","state_abbr":"MO","state_name":"Missouri","ALAND":2574591},"geometry":{"type":"Polygon","coordinates":[[[-90.378645,37.686279],[-90.356871,37.686109],[-90.356739,37.682653],[-90.36092,37.682093],[-90.360196,37.675477],[-90.363676,37.671004],[-90.366515,37.670294],[-90.369911,37.663976],[-90.378645,37.686279]]]}},{"type":"Feature","properties":{"NAME":"Lake Arrowhead","state_abbr":"MO","state_name":"Missouri","ALAND":3326537},"geometry":{"type":"Polygon","coordinates":[[[-94.328069,39.478715],[-94.326982,39.494344],[-94.320772,39.494207],[-94.320709,39.491857],[-94.300847,39.491881],[-94.314328,39.470541],[-94.319393,39.470666],[-94.320113,39.473918],[-94.323704,39.473881],[-94.323683,39.477474],[-94.328069,39.478715]]]}},{"type":"Feature","properties":{"NAME":"Lake Timberline","state_abbr":"MO","state_name":"Missouri","ALAND":6159555},"geometry":{"type":"Polygon","coordinates":[[[-90.566018,37.992826],[-90.565637,38.00189],[-90.56011,38.00148],[-90.559733,38.006466],[-90.555022,38.00627],[-90.554857,38.00859],[-90.550593,38.009228],[-90.550518,38.01127],[-90.545413,38.01248],[-90.545169,38.007056],[-90.540971,38.006696],[-90.540643,38.010336],[-90.531843,38.009707],[-90.531938,38.005975],[-90.536655,38.006239],[-90.535809,38.001973],[-90.537606,37.999868],[-90.531295,37.998988],[-90.530882,37.997007],[-90.535381,37.996195],[-90.537017,37.994396],[-90.535887,37.992723],[-90.531508,37.99246],[-90.532618,37.987921],[-90.537314,37.988049],[-90.537691,37.984408],[-90.546793,37.984802],[-90.547072,37.981735],[-90.560377,37.982652],[-90.560752,37.985901],[-90.555879,37.986212],[-90.555623,37.992993],[-90.562945,37.991458],[-90.566018,37.992826]]]}},{"type":"Feature","properties":{"NAME":"Latham","state_abbr":"MO","state_name":"Missouri","ALAND":998734},"geometry":{"type":"Polygon","coordinates":[[[-92.686207,38.554433],[-92.685892,38.565503],[-92.676671,38.565288],[-92.676797,38.55429],[-92.686207,38.554433]]]}},{"type":"Feature","properties":{"NAME":"La Tour","state_abbr":"MO","state_name":"Missouri","ALAND":283662},"geometry":{"type":"Polygon","coordinates":[[[-94.105414,38.631311],[-94.104405,38.637175],[-94.098487,38.637095],[-94.098815,38.632672],[-94.105414,38.631311]]]}},{"type":"Feature","properties":{"NAME":"Leisure Lake","state_abbr":"MO","state_name":"Missouri","ALAND":3602720},"geometry":{"type":"Polygon","coordinates":[[[-93.7383,40.115766],[-93.734229,40.115165],[-93.735488,40.116993],[-93.733999,40.118376],[-93.71501,40.117691],[-93.708079,40.103551],[-93.707708,40.098837],[-93.711261,40.099894],[-93.715307,40.104122],[-93.736639,40.102405],[-93.73824,40.104713],[-93.736049,40.109016],[-93.7383,40.115766]]]}},{"type":"Feature","properties":{"NAME":"Lemay","state_abbr":"MO","state_name":"Missouri","ALAND":10593766},"geometry":{"type":"Polygon","coordinates":[[[-90.311517,38.532846],[-90.291642,38.55067],[-90.283771,38.553932],[-90.272338,38.548416],[-90.271392,38.539328],[-90.266872,38.534267],[-90.257413,38.531852],[-90.264228,38.520268],[-90.278604,38.520605],[-90.2894,38.509185],[-90.292035,38.510717],[-90.290899,38.514173],[-90.296718,38.518773],[-90.300435,38.527141],[-90.311517,38.532846]],[[-90.290154,38.5422],[-90.287087,38.539875],[-90.283879,38.543305],[-90.282236,38.542326],[-90.279979,38.544573],[-90.284684,38.547185],[-90.290154,38.5422]]]}},{"type":"Feature","properties":{"NAME":"Macks Creek","state_abbr":"MO","state_name":"Missouri","ALAND":4999451},"geometry":{"type":"Polygon","coordinates":[[[-92.984846,37.961052],[-92.988015,37.964879],[-92.980255,37.966291],[-92.980134,37.9689],[-92.974276,37.968756],[-92.974175,37.971969],[-92.969296,37.971965],[-92.969107,37.975604],[-92.963963,37.977748],[-92.963672,37.975501],[-92.966705,37.971964],[-92.953175,37.971462],[-92.952814,37.973443],[-92.941367,37.973139],[-92.941588,37.96775],[-92.959606,37.967901],[-92.959757,37.960799],[-92.966218,37.960893],[-92.969211,37.95131],[-92.971822,37.948303],[-92.974581,37.949983],[-92.982563,37.950312],[-92.979364,37.957412],[-92.984616,37.957504],[-92.984846,37.961052]]]}},{"type":"Feature","properties":{"NAME":"Medill","state_abbr":"MO","state_name":"Missouri","ALAND":2016108},"geometry":{"type":"Polygon","coordinates":[[[-91.785994,40.430634],[-91.775123,40.438202],[-91.769066,40.436812],[-91.766593,40.435599],[-91.766924,40.422683],[-91.768721,40.42134],[-91.774163,40.422009],[-91.785994,40.430634]]]}},{"type":"Feature","properties":{"NAME":"Mehlville","state_abbr":"MO","state_name":"Missouri","ALAND":19365092},"geometry":{"type":"Polygon","coordinates":[[[-90.355473,38.485636],[-90.33889,38.50267],[-90.333556,38.518221],[-90.322779,38.522548],[-90.311517,38.532846],[-90.300435,38.527141],[-90.296718,38.518773],[-90.290899,38.514173],[-90.292035,38.510717],[-90.2894,38.509185],[-90.296007,38.502141],[-90.297817,38.502351],[-90.301914,38.494876],[-90.274711,38.486607],[-90.278754,38.476182],[-90.283589,38.476902],[-90.286131,38.479705],[-90.28883,38.478619],[-90.296744,38.479564],[-90.298366,38.481749],[-90.3172,38.492031],[-90.317124,38.48957],[-90.319759,38.488399],[-90.333961,38.487183],[-90.339632,38.485214],[-90.346817,38.477893],[-90.352528,38.478455],[-90.352572,38.48187],[-90.348827,38.485458],[-90.355473,38.485636]]]}},{"type":"Feature","properties":{"NAME":"Millersville","state_abbr":"MO","state_name":"Missouri","ALAND":2934299},"geometry":{"type":"Polygon","coordinates":[[[-89.806615,37.427715],[-89.803998,37.43186],[-89.804413,37.434061],[-89.801402,37.436641],[-89.795928,37.437003],[-89.789195,37.432603],[-89.784774,37.435667],[-89.778918,37.435828],[-89.780087,37.430155],[-89.77773,37.430155],[-89.77786,37.42435],[-89.775219,37.424155],[-89.775249,37.418304],[-89.77985,37.423395],[-89.779948,37.422172],[-89.782882,37.422198],[-89.78285,37.423698],[-89.79895,37.427047],[-89.803691,37.423148],[-89.806615,37.427715]]]}},{"type":"Feature","properties":{"NAME":"Mine La Motte","state_abbr":"MO","state_name":"Missouri","ALAND":8471940},"geometry":{"type":"Polygon","coordinates":[[[-90.317777,37.615414],[-90.313796,37.614419],[-90.306981,37.6282],[-90.299967,37.626256],[-90.299082,37.627446],[-90.289956,37.626864],[-90.290819,37.630171],[-90.288521,37.631682],[-90.275859,37.629744],[-90.277725,37.626077],[-90.277133,37.622978],[-90.281335,37.620489],[-90.280977,37.612825],[-90.278632,37.608862],[-90.276886,37.608923],[-90.276709,37.606037],[-90.28298,37.604906],[-90.282879,37.597396],[-90.286041,37.598668],[-90.286672,37.595868],[-90.28544,37.594226],[-90.288417,37.593015],[-90.292564,37.597319],[-90.292228,37.603926],[-90.294498,37.606018],[-90.30342,37.599431],[-90.317777,37.615414]]]}},{"type":"Feature","properties":{"NAME":"Montier","state_abbr":"MO","state_name":"Missouri","ALAND":2562803},"geometry":{"type":"Polygon","coordinates":[[[-91.584184,36.988273],[-91.582642,36.989594],[-91.565956,36.988296],[-91.566105,36.974181],[-91.584038,36.974666],[-91.582719,36.987358],[-91.584184,36.988273]]]}},{"type":"Feature","properties":{"NAME":"New Wells","state_abbr":"MO","state_name":"Missouri","ALAND":1508737},"geometry":{"type":"Polygon","coordinates":[[[-89.633911,37.546717],[-89.630894,37.548747],[-89.630936,37.551024],[-89.628604,37.551519],[-89.626839,37.555408],[-89.628324,37.557868],[-89.628053,37.56353],[-89.624619,37.565497],[-89.618662,37.555546],[-89.617749,37.549417],[-89.620836,37.545778],[-89.626486,37.547651],[-89.633911,37.546717]]]}},{"type":"Feature","properties":{"NAME":"Oakville","state_abbr":"MO","state_name":"Missouri","ALAND":41123118},"geometry":{"type":"Polygon","coordinates":[[[-90.360605,38.456721],[-90.356301,38.466692],[-90.355126,38.471373],[-90.356266,38.477148],[-90.353589,38.481162],[-90.352572,38.48187],[-90.352468,38.478383],[-90.346614,38.477942],[-90.339632,38.485214],[-90.333961,38.487183],[-90.319759,38.488399],[-90.317124,38.48957],[-90.3172,38.492031],[-90.298366,38.481749],[-90.296744,38.479564],[-90.28883,38.478619],[-90.286131,38.479705],[-90.283589,38.476902],[-90.278754,38.476182],[-90.285673,38.445663],[-90.291084,38.43089],[-90.29687,38.424808],[-90.31117,38.415679],[-90.325839,38.400963],[-90.341446,38.388298],[-90.344162,38.391491],[-90.344528,38.397594],[-90.347939,38.405357],[-90.346336,38.417076],[-90.348122,38.430592],[-90.347117,38.435953],[-90.340875,38.440875],[-90.335745,38.448195],[-90.336135,38.453491],[-90.347633,38.457648],[-90.360605,38.456721]]]}},{"type":"Feature","properties":{"NAME":"Oxly","state_abbr":"MO","state_name":"Missouri","ALAND":6834252},"geometry":{"type":"Polygon","coordinates":[[[-90.696281,36.605199],[-90.693495,36.609473],[-90.689312,36.609154],[-90.686232,36.612065],[-90.689985,36.614916],[-90.665128,36.614537],[-90.66173,36.599658],[-90.664238,36.594952],[-90.675844,36.591326],[-90.678122,36.588198],[-90.684647,36.591028],[-90.691594,36.591176],[-90.694803,36.593346],[-90.696281,36.605199]]]}},{"type":"Feature","properties":{"NAME":"Ozora","state_abbr":"MO","state_name":"Missouri","ALAND":15878043},"geometry":{"type":"Polygon","coordinates":[[[-90.079118,37.880078],[-90.069572,37.880868],[-90.062468,37.888854],[-90.058839,37.88833],[-90.054579,37.891848],[-90.041343,37.882778],[-90.0338,37.875145],[-90.03132,37.875766],[-90.020063,37.862657],[-90.016511,37.861049],[-90.020309,37.858463],[-90.032066,37.858403],[-90.031858,37.846474],[-90.037573,37.848195],[-90.042893,37.85242],[-90.046215,37.851746],[-90.054753,37.853636],[-90.061634,37.845194],[-90.070678,37.844438],[-90.070793,37.846265],[-90.074616,37.848132],[-90.075305,37.85898],[-90.073478,37.859975],[-90.073219,37.872588],[-90.071456,37.874923],[-90.079118,37.880078]]]}},{"type":"Feature","properties":{"NAME":"Perkins","state_abbr":"MO","state_name":"Missouri","ALAND":427489},"geometry":{"type":"Polygon","coordinates":[[[-89.780267,37.091531],[-89.776514,37.096982],[-89.771151,37.098176],[-89.771051,37.091363],[-89.780267,37.091531]]]}},{"type":"Feature","properties":{"NAME":"Plevna","state_abbr":"MO","state_name":"Missouri","ALAND":3316530},"geometry":{"type":"Polygon","coordinates":[[[-92.098661,39.968653],[-92.096965,39.97022],[-92.098119,39.973936],[-92.090932,39.973706],[-92.091755,39.987368],[-92.076178,39.987731],[-92.07682,39.973213],[-92.07842,39.973271],[-92.072466,39.967779],[-92.076128,39.966811],[-92.080858,39.9693],[-92.086326,39.969514],[-92.08699,39.966643],[-92.094832,39.96639],[-92.096004,39.964491],[-92.098661,39.968653]]]}},{"type":"Feature","properties":{"NAME":"Raintree Plantation","state_abbr":"MO","state_name":"Missouri","ALAND":5058489},"geometry":{"type":"Polygon","coordinates":[[[-90.620565,38.255252],[-90.618599,38.258344],[-90.61846,38.266102],[-90.596234,38.265974],[-90.596289,38.258469],[-90.591501,38.258331],[-90.591603,38.252981],[-90.584356,38.244123],[-90.587336,38.243793],[-90.587316,38.240088],[-90.605844,38.240584],[-90.60592,38.24427],[-90.608105,38.244267],[-90.609011,38.247636],[-90.610451,38.247624],[-90.6104,38.251581],[-90.61714,38.25081],[-90.617377,38.255212],[-90.620565,38.255252]]]}},{"type":"Feature","properties":{"NAME":"Ravanna","state_abbr":"MO","state_name":"Missouri","ALAND":10244505},"geometry":{"type":"Polygon","coordinates":[[[-93.483949,40.468592],[-93.476608,40.469693],[-93.474902,40.472737],[-93.446387,40.472518],[-93.44606,40.470111],[-93.442488,40.467316],[-93.446409,40.460632],[-93.446653,40.448072],[-93.448306,40.444694],[-93.447745,40.44214],[-93.449628,40.440064],[-93.448837,40.436302],[-93.459036,40.437471],[-93.465522,40.441826],[-93.465518,40.436966],[-93.475921,40.436869],[-93.476001,40.455097],[-93.474384,40.455097],[-93.47714,40.457108],[-93.47975,40.463652],[-93.483949,40.468592]]]}},{"type":"Feature","properties":{"NAME":"Rayville","state_abbr":"MO","state_name":"Missouri","ALAND":851252},"geometry":{"type":"Polygon","coordinates":[[[-94.070213,39.347372],[-94.068838,39.351525],[-94.064011,39.351873],[-94.0623,39.351455],[-94.062364,39.349602],[-94.057729,39.34983],[-94.057696,39.347471],[-94.061404,39.347426],[-94.06225,39.340207],[-94.068427,39.340333],[-94.068793,39.347344],[-94.070213,39.347372]]]}},{"type":"Feature","properties":{"NAME":"Rocky Comfort","state_abbr":"MO","state_name":"Missouri","ALAND":1434341},"geometry":{"type":"Polygon","coordinates":[[[-94.098745,36.741624],[-94.096509,36.741576],[-94.096031,36.748832],[-94.086866,36.748588],[-94.087734,36.746109],[-94.080276,36.740363],[-94.083176,36.737378],[-94.098905,36.737973],[-94.098745,36.741624]]]}},{"type":"Feature","properties":{"NAME":"St. Clement","state_abbr":"MO","state_name":"Missouri","ALAND":714618},"geometry":{"type":"Polygon","coordinates":[[[-91.214835,39.281339],[-91.214306,39.286847],[-91.20427,39.28671],[-91.200741,39.284872],[-91.207985,39.284145],[-91.208431,39.27654],[-91.210866,39.277026],[-91.210509,39.278503],[-91.214267,39.278859],[-91.213628,39.281704],[-91.214835,39.281339]]]}},{"type":"Feature","properties":{"NAME":"Sappington","state_abbr":"MO","state_name":"Missouri","ALAND":6199486},"geometry":{"type":"Polygon","coordinates":[[[-90.390181,38.50875],[-90.382738,38.514805],[-90.380292,38.513335],[-90.379914,38.544192],[-90.366308,38.544117],[-90.361375,38.542595],[-90.36244,38.520092],[-90.3772,38.508205],[-90.379886,38.504053],[-90.386386,38.504697],[-90.390181,38.50875]]]}},{"type":"Feature","properties":{"NAME":"Shakertowne","state_abbr":"MO","state_name":"Missouri","ALAND":3419850},"geometry":{"type":"Polygon","coordinates":[[[-89.886129,37.703965],[-89.881586,37.701727],[-89.881249,37.699068],[-89.8751,37.70056],[-89.870933,37.69659],[-89.869919,37.698122],[-89.872349,37.700676],[-89.870662,37.701924],[-89.868047,37.700422],[-89.864958,37.70527],[-89.856307,37.699946],[-89.856176,37.694757],[-89.858081,37.694724],[-89.858348,37.692405],[-89.856951,37.692919],[-89.857892,37.687355],[-89.86393,37.682873],[-89.871316,37.683987],[-89.886129,37.703965]]]}},{"type":"Feature","properties":{"NAME":"Shawneetown","state_abbr":"MO","state_name":"Missouri","ALAND":1528514},"geometry":{"type":"Polygon","coordinates":[[[-89.663414,37.559151],[-89.656076,37.559346],[-89.656049,37.555873],[-89.649254,37.555368],[-89.650109,37.551557],[-89.647536,37.549315],[-89.6487,37.548617],[-89.648439,37.544867],[-89.653412,37.544897],[-89.655307,37.542338],[-89.658797,37.541148],[-89.657632,37.544247],[-89.663414,37.559151]]]}},{"type":"Feature","properties":{"NAME":"Sundown","state_abbr":"MO","state_name":"Missouri","ALAND":3782377},"geometry":{"type":"Polygon","coordinates":[[[-92.654947,36.547225],[-92.654335,36.553283],[-92.648762,36.558875],[-92.652207,36.569569],[-92.650383,36.572049],[-92.647855,36.572038],[-92.647907,36.577805],[-92.63381,36.57718],[-92.625503,36.57517],[-92.625427,36.568564],[-92.634449,36.568495],[-92.633418,36.565046],[-92.637069,36.559985],[-92.633604,36.558479],[-92.633556,36.556592],[-92.642254,36.553448],[-92.644011,36.553959],[-92.643631,36.557967],[-92.644943,36.557978],[-92.646754,36.550971],[-92.639933,36.552014],[-92.635843,36.554634],[-92.640374,36.550089],[-92.652175,36.546878],[-92.654947,36.547225]]]}},{"type":"Feature","properties":{"NAME":"Tarsney Lakes","state_abbr":"MO","state_name":"Missouri","ALAND":791968},"geometry":{"type":"Polygon","coordinates":[[[-94.21044,38.953239],[-94.203998,38.956472],[-94.200849,38.956417],[-94.201038,38.952868],[-94.198698,38.952823],[-94.1989,38.949117],[-94.201114,38.949169],[-94.201159,38.945608],[-94.210405,38.945793],[-94.21044,38.953239]]]}},{"type":"Feature","properties":{"NAME":"Tebbetts","state_abbr":"MO","state_name":"Missouri","ALAND":1684561},"geometry":{"type":"Polygon","coordinates":[[[-91.971048,38.624162],[-91.955548,38.624037],[-91.953638,38.622631],[-91.954893,38.621792],[-91.947893,38.621537],[-91.948063,38.614415],[-91.963417,38.612997],[-91.971048,38.624162]]]}},{"type":"Feature","properties":{"NAME":"Terre du Lac","state_abbr":"MO","state_name":"Missouri","ALAND":18095493},"geometry":{"type":"Polygon","coordinates":[[[-90.651377,37.904674],[-90.642392,37.904719],[-90.641184,37.925588],[-90.625338,37.92551],[-90.623273,37.923482],[-90.623772,37.921367],[-90.618771,37.92358],[-90.62135,37.931827],[-90.609375,37.930458],[-90.609582,37.921478],[-90.614684,37.921468],[-90.615166,37.919145],[-90.618063,37.91888],[-90.615205,37.916489],[-90.586227,37.913791],[-90.586457,37.902395],[-90.588469,37.897379],[-90.586763,37.893173],[-90.592453,37.887864],[-90.595814,37.880505],[-90.596104,37.882273],[-90.600484,37.882563],[-90.603378,37.880662],[-90.61,37.881245],[-90.614707,37.885597],[-90.628364,37.888584],[-90.628203,37.890713],[-90.634375,37.891192],[-90.634992,37.889535],[-90.642572,37.890686],[-90.642477,37.897396],[-90.651457,37.897421],[-90.651377,37.904674]]]}},{"type":"Feature","properties":{"NAME":"Wasola","state_abbr":"MO","state_name":"Missouri","ALAND":13717671},"geometry":{"type":"Polygon","coordinates":[[[-92.58959,36.803109],[-92.548115,36.802481],[-92.549008,36.76781],[-92.587374,36.768355],[-92.58959,36.803109]]]}},{"type":"Feature","properties":{"NAME":"Weingarten","state_abbr":"MO","state_name":"Missouri","ALAND":2720397},"geometry":{"type":"Polygon","coordinates":[[[-90.228149,37.879535],[-90.223724,37.880668],[-90.222665,37.882584],[-90.225037,37.889963],[-90.223737,37.890628],[-90.223444,37.897475],[-90.211503,37.901791],[-90.210379,37.891183],[-90.208757,37.889824],[-90.212008,37.879954],[-90.21531,37.880637],[-90.226172,37.877672],[-90.228149,37.879535]]]}},{"type":"Feature","properties":{"NAME":"White Oak","state_abbr":"MO","state_name":"Missouri","ALAND":326057},"geometry":{"type":"Polygon","coordinates":[[[-90.032548,36.331559],[-90.029191,36.33153],[-90.027569,36.333262],[-90.024923,36.330589],[-90.022021,36.330666],[-90.023701,36.329052],[-90.022895,36.328088],[-90.031195,36.32798],[-90.032548,36.331559]]]}},{"type":"Feature","properties":{"NAME":"Winigan","state_abbr":"MO","state_name":"Missouri","ALAND":1291095},"geometry":{"type":"Polygon","coordinates":[[[-92.912942,40.044923],[-92.908792,40.048393],[-92.908262,40.051132],[-92.894779,40.051203],[-92.892799,40.048764],[-92.892536,40.04563],[-92.900186,40.040392],[-92.903438,40.043897],[-92.912458,40.043855],[-92.912942,40.044923]]]}},{"type":"Feature","properties":{"NAME":"Wortham","state_abbr":"MO","state_name":"Missouri","ALAND":2308365},"geometry":{"type":"Polygon","coordinates":[[[-90.61682,37.839232],[-90.612626,37.849421],[-90.597058,37.844503],[-90.600213,37.835053],[-90.606535,37.832207],[-90.613739,37.832186],[-90.61682,37.839232]]]}},{"type":"Feature","properties":{"NAME":"Zalma","state_abbr":"MO","state_name":"Missouri","ALAND":534802},"geometry":{"type":"Polygon","coordinates":[[[-90.087,37.137021],[-90.086985,37.144166],[-90.084516,37.144007],[-90.084174,37.145454],[-90.080449,37.143896],[-90.078389,37.146817],[-90.075558,37.14662],[-90.082356,37.138678],[-90.087,37.137021]]]}},{"type":"Feature","properties":{"NAME":"Williamstown","state_abbr":"MO","state_name":"Missouri","ALAND":702747},"geometry":{"type":"Polygon","coordinates":[[[-91.803468,40.238449],[-91.802481,40.244488],[-91.791215,40.244204],[-91.791283,40.240447],[-91.795292,40.239019],[-91.794053,40.237863],[-91.796015,40.2379],[-91.796071,40.235007],[-91.799012,40.235023],[-91.79896,40.238273],[-91.803468,40.238449]]]}},{"type":"Feature","properties":{"NAME":"Horine","state_abbr":"MO","state_name":"Missouri","ALAND":1845125},"geometry":{"type":"MultiPolygon","coordinates":[[[[-90.423335,38.269674],[-90.424773,38.270822],[-90.423023,38.270131],[-90.423335,38.269674]]],[[[-90.425772,38.276202],[-90.423208,38.277601],[-90.421645,38.276451],[-90.423112,38.274496],[-90.425772,38.276202]]],[[[-90.44319,38.26578],[-90.43973,38.26773],[-90.43602,38.27342],[-90.43083,38.27542],[-90.42903,38.2755],[-90.430182,38.273294],[-90.424816,38.272694],[-90.42775,38.271124],[-90.425587,38.269996],[-90.424647,38.271288],[-90.426156,38.268224],[-90.42635,38.267355],[-90.424759,38.266873],[-90.422414,38.269961],[-90.424042,38.26631],[-90.428328,38.264063],[-90.431909,38.255838],[-90.437321,38.258594],[-90.437456,38.264397],[-90.44319,38.26578]]]]}},{"type":"Feature","properties":{"NAME":"Imperial","state_abbr":"MO","state_name":"Missouri","ALAND":13577489},"geometry":{"type":"Polygon","coordinates":[[[-90.395867,38.34851],[-90.38039,38.37439],[-90.382268,38.393891],[-90.37969,38.39267],[-90.37549,38.39708],[-90.37281,38.39499],[-90.363429,38.39521],[-90.358172,38.388613],[-90.354353,38.392887],[-90.347332,38.386039],[-90.343601,38.385114],[-90.35062,38.374762],[-90.355942,38.36046],[-90.364361,38.347514],[-90.370819,38.333554],[-90.376523,38.334609],[-90.375988,38.336138],[-90.378934,38.336758],[-90.377196,38.338787],[-90.379697,38.338897],[-90.381633,38.342319],[-90.382622,38.339416],[-90.387933,38.341302],[-90.38645,38.34446],[-90.395867,38.34851]],[[-90.372338,38.368959],[-90.370073,38.365345],[-90.366131,38.363341],[-90.366662,38.36072],[-90.364055,38.361333],[-90.36513,38.362474],[-90.36312,38.364422],[-90.361157,38.360131],[-90.359558,38.360438],[-90.35807,38.367312],[-90.367936,38.368258],[-90.367977,38.369586],[-90.372338,38.368959]]]}},{"type":"Feature","properties":{"NAME":"Murphy","state_abbr":"MO","state_name":"Missouri","ALAND":10006111},"geometry":{"type":"Polygon","coordinates":[[[-90.512414,38.480664],[-90.512523,38.501344],[-90.448677,38.501082],[-90.45228,38.49712],[-90.45128,38.49462],[-90.459546,38.49079],[-90.468577,38.489079],[-90.473549,38.480567],[-90.483666,38.480908],[-90.48374,38.47937],[-90.490676,38.479251],[-90.490643,38.483578],[-90.49964,38.480384],[-90.50218,38.48234],[-90.512414,38.480664]]]}},{"type":"Feature","properties":{"NAME":"Iantha","state_abbr":"MO","state_name":"Missouri","ALAND":700571},"geometry":{"type":"Polygon","coordinates":[[[-94.406492,37.516952],[-94.406406,37.518305],[-94.397598,37.518012],[-94.396997,37.521611],[-94.394628,37.521508],[-94.394817,37.519051],[-94.393629,37.519027],[-94.394188,37.515751],[-94.397349,37.516028],[-94.397896,37.508039],[-94.400291,37.507105],[-94.400918,37.510748],[-94.402273,37.510812],[-94.401993,37.514622],[-94.406492,37.516952]]]}},{"type":"Feature","properties":{"NAME":"Kissee Mills","state_abbr":"MO","state_name":"Missouri","ALAND":22782582},"geometry":{"type":"Polygon","coordinates":[[[-93.071845,36.666924],[-93.064259,36.684375],[-93.069569,36.691551],[-93.063963,36.695072],[-93.054139,36.696988],[-93.049524,36.705025],[-93.037037,36.705082],[-93.028394,36.692254],[-93.030751,36.677099],[-93.023303,36.671559],[-93.028475,36.66721],[-93.023839,36.66333],[-93.015584,36.660818],[-93.015591,36.659059],[-93.021821,36.653066],[-93.02648,36.652121],[-93.029531,36.649132],[-93.042498,36.647358],[-93.039634,36.637103],[-93.059603,36.635783],[-93.065811,36.639183],[-93.067184,36.642739],[-93.065359,36.653672],[-93.071845,36.666924]]]}},{"type":"Feature","properties":{"NAME":"LaBarque Creek","state_abbr":"MO","state_name":"Missouri","ALAND":45495685},"geometry":{"type":"Polygon","coordinates":[[[-90.739641,38.404396],[-90.737599,38.415897],[-90.714215,38.415971],[-90.70829,38.41794],[-90.711131,38.419882],[-90.711601,38.418083],[-90.713362,38.419983],[-90.721414,38.419618],[-90.721154,38.424246],[-90.711479,38.424591],[-90.711405,38.427579],[-90.706461,38.42774],[-90.706348,38.430543],[-90.69605,38.43122],[-90.692203,38.434666],[-90.692305,38.441176],[-90.687814,38.441007],[-90.687742,38.442447],[-90.679576,38.446635],[-90.674537,38.446319],[-90.664219,38.448864],[-90.657054,38.45423],[-90.655217,38.453531],[-90.655924,38.45103],[-90.65153,38.44811],[-90.642864,38.448746],[-90.636459,38.446173],[-90.633047,38.442714],[-90.634211,38.440217],[-90.633227,38.435877],[-90.627319,38.435791],[-90.627653,38.421806],[-90.631481,38.422026],[-90.631489,38.41811],[-90.636203,38.416996],[-90.636238,38.418772],[-90.639423,38.418814],[-90.639474,38.417046],[-90.6279,38.4108],[-90.6383,38.40375],[-90.63897,38.3987],[-90.643723,38.399078],[-90.64864,38.40212],[-90.64971,38.39854],[-90.652245,38.398031],[-90.65149,38.39533],[-90.65626,38.39795],[-90.65721,38.39508],[-90.653966,38.391209],[-90.66138,38.38982],[-90.671221,38.390406],[-90.675353,38.389035],[-90.67459,38.38761],[-90.68404,38.38681],[-90.69066,38.38369],[-90.696733,38.385753],[-90.69928,38.3844],[-90.70469,38.38791],[-90.71268,38.38801],[-90.71255,38.39212],[-90.714221,38.394687],[-90.72105,38.390242],[-90.723548,38.396137],[-90.73064,38.39579],[-90.735,38.40274],[-90.739641,38.404396]]]}},{"type":"Feature","properties":{"NAME":"Lake St. Clair","state_abbr":"MO","state_name":"Missouri","ALAND":1874556},"geometry":{"type":"Polygon","coordinates":[[[-91.006737,38.315541],[-91.006489,38.329781],[-90.991944,38.329594],[-90.992046,38.325855],[-90.989449,38.32586],[-90.989559,38.322185],[-90.987223,38.322126],[-90.987222,38.318512],[-90.996831,38.318674],[-90.996887,38.314906],[-91.006737,38.315541]]]}},{"type":"Feature","properties":{"NAME":"Lake Viking","state_abbr":"MO","state_name":"Missouri","ALAND":20401448},"geometry":{"type":"Polygon","coordinates":[[[-94.092406,39.912639],[-94.091068,39.951959],[-94.06354,39.95214],[-94.053107,39.949299],[-94.053016,39.944938],[-94.043864,39.944962],[-94.04312,39.912454],[-94.071441,39.894836],[-94.075722,39.890515],[-94.081981,39.889388],[-94.081825,39.892314],[-94.08494,39.891815],[-94.085461,39.912646],[-94.092406,39.912639]]]}},{"type":"Feature","properties":{"NAME":"Lithium","state_abbr":"MO","state_name":"Missouri","ALAND":1993739},"geometry":{"type":"Polygon","coordinates":[[[-89.892742,37.827284],[-89.887524,37.83349],[-89.884972,37.843191],[-89.880073,37.844695],[-89.875305,37.826011],[-89.891741,37.823466],[-89.892742,37.827284]]]}},{"type":"Feature","properties":{"NAME":"Middle Grove","state_abbr":"MO","state_name":"Missouri","ALAND":1442732},"geometry":{"type":"Polygon","coordinates":[[[-92.28082,39.3908],[-92.280515,39.398658],[-92.268263,39.40045],[-92.263508,39.397298],[-92.264796,39.391931],[-92.266903,39.390698],[-92.266014,39.389055],[-92.270982,39.390711],[-92.28082,39.3908]]]}},{"type":"Feature","properties":{"NAME":"Montreal","state_abbr":"MO","state_name":"Missouri","ALAND":3523000},"geometry":{"type":"Polygon","coordinates":[[[-92.609359,37.968377],[-92.605286,37.973208],[-92.596835,37.972593],[-92.596777,37.976294],[-92.573496,37.975903],[-92.573385,37.966552],[-92.578499,37.964367],[-92.592451,37.964602],[-92.596715,37.963002],[-92.597982,37.960777],[-92.609359,37.968377]]]}},{"type":"Feature","properties":{"NAME":"New Hamburg","state_abbr":"MO","state_name":"Missouri","ALAND":2299592},"geometry":{"type":"Polygon","coordinates":[[[-89.603916,37.12039],[-89.603899,37.135872],[-89.589324,37.137107],[-89.586812,37.122728],[-89.594567,37.122967],[-89.603916,37.12039]]]}},{"type":"Feature","properties":{"NAME":"New Market","state_abbr":"MO","state_name":"Missouri","ALAND":495472},"geometry":{"type":"Polygon","coordinates":[[[-94.80435,39.497836],[-94.803078,39.498892],[-94.803216,39.50447],[-94.801225,39.50479],[-94.80208,39.5055],[-94.795489,39.505529],[-94.795621,39.498508],[-94.799982,39.49982],[-94.801528,39.497423],[-94.80435,39.497836]]]}},{"type":"Feature","properties":{"NAME":"Old Jamestown","state_abbr":"MO","state_name":"Missouri","ALAND":38710311},"geometry":{"type":"Polygon","coordinates":[[[-90.340829,38.865862],[-90.339044,38.870674],[-90.332342,38.872497],[-90.313663,38.868849],[-90.298608,38.868578],[-90.28119,38.860646],[-90.271999,38.861104],[-90.265228,38.853937],[-90.267362,38.854657],[-90.236218,38.841138],[-90.237854,38.837927],[-90.236795,38.832628],[-90.231597,38.822935],[-90.229581,38.814669],[-90.236482,38.815681],[-90.238094,38.812162],[-90.240748,38.815219],[-90.250439,38.813273],[-90.252134,38.815373],[-90.250825,38.817454],[-90.252967,38.818853],[-90.258987,38.811825],[-90.262866,38.81015],[-90.277807,38.810595],[-90.284261,38.808184],[-90.287614,38.809472],[-90.291635,38.814095],[-90.300875,38.812218],[-90.326442,38.851726],[-90.336655,38.85741],[-90.339914,38.86157],[-90.340829,38.865862]]]}},{"type":"Feature","properties":{"NAME":"Paradise","state_abbr":"MO","state_name":"Missouri","ALAND":1032783},"geometry":{"type":"Polygon","coordinates":[[[-94.520655,39.42918],[-94.515814,39.433068],[-94.50531,39.433039],[-94.505437,39.425916],[-94.513998,39.425969],[-94.514719,39.42416],[-94.519588,39.424256],[-94.520655,39.42918]]]}},{"type":"Feature","properties":{"NAME":"Phelps City","state_abbr":"MO","state_name":"Missouri","ALAND":1276304},"geometry":{"type":"Polygon","coordinates":[[[-95.603247,40.397406],[-95.599436,40.406629],[-95.595983,40.407026],[-95.595997,40.403786],[-95.584794,40.40369],[-95.583914,40.401694],[-95.595998,40.393563],[-95.596359,40.396662],[-95.603247,40.397406]]]}},{"type":"Feature","properties":{"NAME":"St. Francisville","state_abbr":"MO","state_name":"Missouri","ALAND":4814203},"geometry":{"type":"Polygon","coordinates":[[[-91.584164,40.438097],[-91.577682,40.465433],[-91.576013,40.466767],[-91.56057,40.460391],[-91.560672,40.453341],[-91.557571,40.452195],[-91.554619,40.447405],[-91.559636,40.448826],[-91.559285,40.444731],[-91.560679,40.444599],[-91.56308,40.444558],[-91.563114,40.446388],[-91.567249,40.446536],[-91.568281,40.441545],[-91.571045,40.441661],[-91.570468,40.43586],[-91.573594,40.430937],[-91.584164,40.438097]]]}},{"type":"Feature","properties":{"NAME":"Philadelphia","state_abbr":"MO","state_name":"Missouri","ALAND":1961817},"geometry":{"type":"Polygon","coordinates":[[[-91.74622,39.831536],[-91.746259,39.845937],[-91.731854,39.845823],[-91.731933,39.831399],[-91.74622,39.831536]]]}},{"type":"Feature","properties":{"NAME":"Saverton","state_abbr":"MO","state_name":"Missouri","ALAND":2499088},"geometry":{"type":"Polygon","coordinates":[[[-91.28895,39.641828],[-91.280796,39.651803],[-91.277856,39.651552],[-91.267672,39.657899],[-91.256521,39.646157],[-91.261891,39.642933],[-91.262902,39.640231],[-91.265855,39.642037],[-91.27572,39.636447],[-91.28114,39.640614],[-91.28895,39.641828]]]}},{"type":"Feature","properties":{"NAME":"Pomona","state_abbr":"MO","state_name":"Missouri","ALAND":9239121},"geometry":{"type":"Polygon","coordinates":[[[-91.930295,36.889162],[-91.918839,36.88889],[-91.919036,36.890206],[-91.915974,36.891052],[-91.911359,36.877952],[-91.907212,36.877771],[-91.907489,36.866635],[-91.893906,36.866563],[-91.894441,36.84814],[-91.919934,36.848551],[-91.918792,36.858157],[-91.920519,36.860183],[-91.925203,36.859703],[-91.930458,36.882064],[-91.930295,36.889162]]]}},{"type":"Feature","properties":{"NAME":"Thomasville","state_abbr":"MO","state_name":"Missouri","ALAND":967244},"geometry":{"type":"Polygon","coordinates":[[[-91.541463,36.797495],[-91.533067,36.797644],[-91.533237,36.792456],[-91.528035,36.790234],[-91.527202,36.784673],[-91.529256,36.784042],[-91.536364,36.786415],[-91.541463,36.797495]]]}},{"type":"Feature","properties":{"NAME":"Pontiac","state_abbr":"MO","state_name":"Missouri","ALAND":6487699},"geometry":{"type":"Polygon","coordinates":[[[-92.622899,36.516985],[-92.614247,36.528626],[-92.6012,36.52978],[-92.59786,36.53543],[-92.587188,36.534816],[-92.58998,36.53081],[-92.59055,36.52218],[-92.585174,36.515131],[-92.589245,36.514915],[-92.590894,36.509224],[-92.595098,36.503982],[-92.6003,36.502106],[-92.601628,36.498193],[-92.617322,36.49814],[-92.614518,36.503981],[-92.615494,36.509223],[-92.617476,36.512838],[-92.622899,36.516985]]]}},{"type":"Feature","properties":{"NAME":"South Fork","state_abbr":"MO","state_name":"Missouri","ALAND":9087578},"geometry":{"type":"Polygon","coordinates":[[[-91.980918,36.634914],[-91.978751,36.637789],[-91.978235,36.642903],[-91.957116,36.642431],[-91.945465,36.646067],[-91.940297,36.63614],[-91.935584,36.632554],[-91.935596,36.630467],[-91.939545,36.630474],[-91.939648,36.627409],[-91.947285,36.627572],[-91.950028,36.624754],[-91.950803,36.617506],[-91.956621,36.614895],[-91.961683,36.614824],[-91.976556,36.620261],[-91.978849,36.632069],[-91.980918,36.634914]]]}},{"type":"Feature","properties":{"NAME":"Prairie Hill","state_abbr":"MO","state_name":"Missouri","ALAND":1187119},"geometry":{"type":"Polygon","coordinates":[[[-92.743131,39.52627],[-92.732034,39.525967],[-92.731312,39.522347],[-92.728247,39.519469],[-92.732819,39.516282],[-92.732023,39.514068],[-92.737981,39.514102],[-92.73794,39.517521],[-92.742607,39.51798],[-92.741807,39.522569],[-92.743317,39.522654],[-92.743131,39.52627]]]}},{"type":"Feature","properties":{"NAME":"Quitman","state_abbr":"MO","state_name":"Missouri","ALAND":406375},"geometry":{"type":"Polygon","coordinates":[[[-95.081264,40.376596],[-95.073879,40.376636],[-95.073065,40.369342],[-95.07753,40.369319],[-95.081264,40.376596]]]}},{"type":"Feature","properties":{"NAME":"St. Catharine","state_abbr":"MO","state_name":"Missouri","ALAND":1898713},"geometry":{"type":"Polygon","coordinates":[[[-93.007185,39.792327],[-93.000083,39.795038],[-93.001554,39.796606],[-93.000976,39.804407],[-93.002406,39.806327],[-92.987115,39.805344],[-92.987628,39.793252],[-92.997443,39.79137],[-93.007185,39.792327]]]}},{"type":"Feature","properties":{"NAME":"St. George","state_abbr":"MO","state_name":"Missouri","ALAND":624074},"geometry":{"type":"Polygon","coordinates":[[[-90.318684,38.536357],[-90.318525,38.540139],[-90.30346,38.540492],[-90.311517,38.532846],[-90.318684,38.536357]]]}},{"type":"Feature","properties":{"NAME":"Shell Knob","state_abbr":"MO","state_name":"Missouri","ALAND":24548917},"geometry":{"type":"Polygon","coordinates":[[[-93.641317,36.62051],[-93.637904,36.628186],[-93.634227,36.630247],[-93.63422,36.632235],[-93.637073,36.636496],[-93.639607,36.63697],[-93.640512,36.640023],[-93.630375,36.637917],[-93.622633,36.639882],[-93.617158,36.638352],[-93.614054,36.635359],[-93.607219,36.636467],[-93.597661,36.632133],[-93.587002,36.631348],[-93.580682,36.629017],[-93.58107,36.610067],[-93.572026,36.610381],[-93.571951,36.6179],[-93.57032,36.619681],[-93.570291,36.617273],[-93.562258,36.617305],[-93.566614,36.614959],[-93.560632,36.614493],[-93.552959,36.616843],[-93.550748,36.615494],[-93.55758,36.611561],[-93.558844,36.608833],[-93.541212,36.598106],[-93.537478,36.592066],[-93.5415,36.589903],[-93.552003,36.590988],[-93.561298,36.586943],[-93.567114,36.587626],[-93.580416,36.585853],[-93.589062,36.590096],[-93.593194,36.59661],[-93.592722,36.598311],[-93.595387,36.595937],[-93.595648,36.592839],[-93.603112,36.592406],[-93.602426,36.589605],[-93.595885,36.58178],[-93.59941,36.577685],[-93.598303,36.575638],[-93.612381,36.570251],[-93.613941,36.570989],[-93.61445,36.57455],[-93.603957,36.582926],[-93.604451,36.585872],[-93.614514,36.589552],[-93.62162,36.595398],[-93.631718,36.607472],[-93.637544,36.611931],[-93.638298,36.616274],[-93.641317,36.62051]]]}},{"type":"Feature","properties":{"NAME":"Spanish Lake","state_abbr":"MO","state_name":"Missouri","ALAND":19093792},"geometry":{"type":"Polygon","coordinates":[[[-90.23874,38.772352],[-90.227924,38.801853],[-90.228545,38.812908],[-90.231312,38.820041],[-90.226843,38.816068],[-90.216888,38.812269],[-90.20795,38.799651],[-90.201197,38.800823],[-90.199017,38.806685],[-90.195008,38.810638],[-90.182711,38.809354],[-90.181486,38.796065],[-90.183022,38.789136],[-90.181661,38.781086],[-90.182091,38.774058],[-90.184184,38.774288],[-90.184602,38.76715],[-90.204382,38.767162],[-90.23874,38.772352]]]}},{"type":"Feature","properties":{"NAME":"Spokane","state_abbr":"MO","state_name":"Missouri","ALAND":8572480},"geometry":{"type":"Polygon","coordinates":[[[-93.315829,36.852941],[-93.312435,36.85498],[-93.310972,36.871461],[-93.30055,36.871325],[-93.299608,36.873031],[-93.297862,36.871284],[-93.291693,36.876536],[-93.279285,36.879996],[-93.272938,36.879956],[-93.262443,36.873735],[-93.257699,36.868916],[-93.270176,36.863187],[-93.272091,36.860725],[-93.28232,36.855252],[-93.296206,36.857666],[-93.297746,36.859924],[-93.304274,36.858725],[-93.306879,36.853138],[-93.314099,36.851464],[-93.315829,36.852941]]]}},{"type":"Feature","properties":{"NAME":"Stanton","state_abbr":"MO","state_name":"Missouri","ALAND":8465849},"geometry":{"type":"Polygon","coordinates":[[[-91.127635,38.279498],[-91.124789,38.28386],[-91.121035,38.285938],[-91.118281,38.283556],[-91.111982,38.282839],[-91.104135,38.286351],[-91.10582,38.279221],[-91.0871,38.279636],[-91.086862,38.262586],[-91.091401,38.256568],[-91.124315,38.25659],[-91.115131,38.263138],[-91.119889,38.270382],[-91.125966,38.273569],[-91.127635,38.279498]]]}},{"type":"Feature","properties":{"NAME":"Summer Set","state_abbr":"MO","state_name":"Missouri","ALAND":2362075},"geometry":{"type":"Polygon","coordinates":[[[-90.584644,38.08415],[-90.585721,38.091326],[-90.57662,38.09984],[-90.57139,38.09938],[-90.57199,38.09778],[-90.570491,38.096397],[-90.561621,38.095227],[-90.56182,38.09103],[-90.565316,38.091402],[-90.565573,38.087707],[-90.570717,38.088259],[-90.571039,38.0809],[-90.582433,38.082288],[-90.582368,38.084205],[-90.584644,38.08415]]]}},{"type":"Feature","properties":{"NAME":"Vibbard","state_abbr":"MO","state_name":"Missouri","ALAND":3627488},"geometry":{"type":"Polygon","coordinates":[[[-94.154502,39.374205],[-94.154287,39.39585],[-94.135958,39.3957],[-94.13572,39.381248],[-94.13875,39.381282],[-94.138738,39.374168],[-94.154502,39.374205]]]}},{"type":"Feature","properties":{"NAME":"Villa Ridge","state_abbr":"MO","state_name":"Missouri","ALAND":12727154},"geometry":{"type":"Polygon","coordinates":[[[-90.915291,38.470738],[-90.910258,38.481141],[-90.900135,38.479664],[-90.891621,38.483327],[-90.884825,38.483469],[-90.8669,38.476594],[-90.850349,38.474456],[-90.857578,38.46375],[-90.889829,38.451532],[-90.904969,38.44239],[-90.906739,38.443344],[-90.906511,38.4472],[-90.905316,38.449954],[-90.90169,38.451808],[-90.900553,38.457047],[-90.898485,38.458804],[-90.89972,38.460419],[-90.898803,38.463719],[-90.90581,38.465088],[-90.915291,38.470738]]]}},{"type":"Feature","properties":{"NAME":"White Branch","state_abbr":"MO","state_name":"Missouri","ALAND":1287915},"geometry":{"type":"Polygon","coordinates":[[[-93.359825,38.236775],[-93.354483,38.239456],[-93.352733,38.238346],[-93.35365,38.236467],[-93.351951,38.233728],[-93.343969,38.229506],[-93.350714,38.225114],[-93.347762,38.221895],[-93.352555,38.220397],[-93.356201,38.224252],[-93.359825,38.236775]]]}},{"type":"Feature","properties":{"NAME":"Whiteman AFB","state_abbr":"MO","state_name":"Missouri","ALAND":17306316},"geometry":{"type":"Polygon","coordinates":[[[-93.595989,38.730424],[-93.595633,38.733985],[-93.59203,38.733964],[-93.595015,38.741334],[-93.576991,38.742525],[-93.57673,38.744846],[-93.557877,38.743667],[-93.557033,38.749902],[-93.546544,38.75019],[-93.546437,38.751968],[-93.54328,38.751867],[-93.542424,38.755307],[-93.541075,38.75512],[-93.541854,38.75184],[-93.539044,38.75171],[-93.539957,38.73919],[-93.530858,38.737909],[-93.532402,38.713395],[-93.548771,38.713796],[-93.549773,38.705258],[-93.551256,38.704585],[-93.556448,38.706818],[-93.556592,38.714171],[-93.578152,38.714974],[-93.578263,38.726168],[-93.591911,38.726691],[-93.591737,38.730294],[-93.595989,38.730424]]]}},{"type":"Feature","properties":{"NAME":"Whiting","state_abbr":"MO","state_name":"Missouri","ALAND":675781},"geometry":{"type":"Polygon","coordinates":[[[-89.377417,36.786464],[-89.37546,36.789942],[-89.37673,36.790136],[-89.376827,36.793813],[-89.370105,36.793951],[-89.370218,36.797679],[-89.365555,36.797711],[-89.365168,36.795938],[-89.368377,36.79337],[-89.365648,36.790324],[-89.370162,36.790318],[-89.37013,36.78852],[-89.373984,36.788445],[-89.373983,36.786593],[-89.377417,36.786464]]]}}],"metadata":{"state":"MO","state_name":"Missouri","place_count":1082,"created_date":"2025-07-20 23:52:14"}}