{"type":"FeatureCollection","features":[{"type":"Feature","properties":{"NAME":"Pepin","state_abbr":"WI","state_name":"Wisconsin","ALAND":1871782},"geometry":{"type":"Polygon","coordinates":[[[-92.165795,44.445575],[-92.155667,44.445798],[-92.155686,44.447995],[-92.153108,44.447996],[-92.153339,44.445838],[-92.145544,44.446005],[-92.145553,44.447101],[-92.135596,44.446118],[-92.135558,44.436033],[-92.142288,44.437852],[-92.146533,44.436268],[-92.145637,44.437621],[-92.14818,44.438387],[-92.149116,44.437652],[-92.146795,44.436893],[-92.15004,44.436223],[-92.150418,44.438985],[-92.165732,44.442657],[-92.165795,44.445575]]]}},{"type":"Feature","properties":{"NAME":"Edgar","state_abbr":"WI","state_name":"Wisconsin","ALAND":4683312},"geometry":{"type":"Polygon","coordinates":[[[-89.976052,44.919753],[-89.974196,44.919779],[-89.97408,44.93065],[-89.963947,44.931209],[-89.963976,44.937873],[-89.956607,44.93797],[-89.956603,44.934353],[-89.946462,44.934482],[-89.946484,44.930868],[-89.951634,44.930807],[-89.951749,44.927227],[-89.946517,44.92726],[-89.946551,44.924912],[-89.955822,44.921962],[-89.956844,44.909065],[-89.974287,44.909018],[-89.974224,44.917838],[-89.975468,44.917158],[-89.976052,44.919753]]]}},{"type":"Feature","properties":{"NAME":"Fenwood","state_abbr":"WI","state_name":"Wisconsin","ALAND":2549813},"geometry":{"type":"Polygon","coordinates":[[[-90.024685,44.873098],[-90.004552,44.872879],[-90.004477,44.858468],[-90.024624,44.858691],[-90.024685,44.873098]]]}},{"type":"Feature","properties":{"NAME":"Hatley","state_abbr":"WI","state_name":"Wisconsin","ALAND":2528796},"geometry":{"type":"Polygon","coordinates":[[[-89.35175,44.8926],[-89.325334,44.892302],[-89.3254,44.881459],[-89.330377,44.881513],[-89.330413,44.877945],[-89.340536,44.878113],[-89.338205,44.879412],[-89.338166,44.88184],[-89.346661,44.881667],[-89.34664,44.884498],[-89.349202,44.885339],[-89.349158,44.888944],[-89.351725,44.888975],[-89.35175,44.8926]]]}},{"type":"Feature","properties":{"NAME":"Marathon City","state_abbr":"WI","state_name":"Wisconsin","ALAND":8452147},"geometry":{"type":"Polygon","coordinates":[[[-89.88013,44.955131],[-89.864863,44.955172],[-89.864791,44.952655],[-89.860684,44.951541],[-89.859739,44.953097],[-89.854678,44.953211],[-89.854672,44.951527],[-89.84956,44.951514],[-89.85108,44.946205],[-89.849559,44.946292],[-89.84956,44.94427],[-89.844484,44.944249],[-89.84447,44.94834],[-89.838977,44.947976],[-89.83911,44.951499],[-89.828854,44.953307],[-89.828678,44.944236],[-89.818542,44.943651],[-89.81864,44.941303],[-89.823763,44.941319],[-89.824152,44.934294],[-89.822009,44.934805],[-89.8222,44.930623],[-89.829583,44.930529],[-89.825264,44.929695],[-89.825191,44.926918],[-89.822799,44.926708],[-89.821536,44.92335],[-89.826653,44.923355],[-89.826701,44.925121],[-89.828632,44.925126],[-89.828596,44.923355],[-89.839172,44.923276],[-89.839093,44.916009],[-89.841969,44.915994],[-89.841999,44.912391],[-89.844886,44.912359],[-89.844632,44.926852],[-89.854928,44.926954],[-89.856002,44.930474],[-89.854894,44.931994],[-89.857489,44.932587],[-89.855542,44.935658],[-89.859458,44.939726],[-89.858386,44.940627],[-89.859721,44.947918],[-89.864794,44.947922],[-89.867278,44.95035],[-89.871132,44.950142],[-89.871336,44.951544],[-89.880079,44.951534],[-89.88013,44.955131]],[[-89.842036,44.94492],[-89.842035,44.94426],[-89.838841,44.944248],[-89.842036,44.94492]],[[-89.829502,44.928473],[-89.829473,44.926941],[-89.827644,44.926957],[-89.829502,44.928473]],[[-89.826695,44.943162],[-89.830691,44.944235],[-89.831019,44.939587],[-89.833986,44.939544],[-89.834085,44.937705],[-89.829111,44.937712],[-89.828787,44.942641],[-89.826695,44.943162]]]}},{"type":"Feature","properties":{"NAME":"Raymond","state_abbr":"WI","state_name":"Wisconsin","ALAND":92349733},"geometry":{"type":"Polygon","coordinates":[[[-88.071766,42.75713],[-88.069924,42.843323],[-87.951904,42.843546],[-87.953641,42.75699],[-88.071766,42.75713]]]}},{"type":"Feature","properties":{"NAME":"Hartland","state_abbr":"WI","state_name":"Wisconsin","ALAND":14140307},"geometry":{"type":"Polygon","coordinates":[[[-88.362913,43.072524],[-88.362719,43.102676],[-88.359655,43.102634],[-88.358175,43.10754],[-88.363268,43.107163],[-88.362887,43.112878],[-88.357939,43.112814],[-88.355154,43.118584],[-88.353413,43.118545],[-88.353097,43.119999],[-88.352617,43.118509],[-88.352061,43.119994],[-88.352817,43.11639],[-88.354881,43.116351],[-88.357547,43.112806],[-88.345024,43.112624],[-88.343057,43.114404],[-88.343568,43.113458],[-88.341727,43.113248],[-88.343047,43.112593],[-88.340727,43.112569],[-88.335677,43.119348],[-88.340116,43.119826],[-88.33933,43.123669],[-88.342554,43.123721],[-88.34263,43.122032],[-88.351585,43.122135],[-88.351465,43.124651],[-88.344639,43.124554],[-88.342473,43.12522],[-88.342382,43.1271],[-88.332476,43.126946],[-88.332863,43.116952],[-88.334254,43.11465],[-88.332153,43.114119],[-88.330027,43.119726],[-88.325314,43.119654],[-88.325186,43.123254],[-88.322714,43.123214],[-88.32256,43.12742],[-88.31777,43.126826],[-88.317911,43.123204],[-88.307869,43.123067],[-88.306321,43.125685],[-88.30291,43.125855],[-88.303549,43.110442],[-88.308478,43.110469],[-88.308052,43.119545],[-88.313004,43.119574],[-88.313466,43.108679],[-88.318314,43.108711],[-88.318384,43.107143],[-88.328271,43.109953],[-88.323345,43.108402],[-88.323488,43.105313],[-88.328397,43.105872],[-88.324859,43.103342],[-88.326179,43.102147],[-88.32801,43.10323],[-88.328212,43.089998],[-88.333185,43.090111],[-88.33342,43.082793],[-88.337082,43.082869],[-88.337014,43.084637],[-88.33831,43.084665],[-88.338385,43.082896],[-88.343543,43.083011],[-88.343581,43.081488],[-88.348386,43.081003],[-88.348419,43.079462],[-88.353354,43.079574],[-88.353469,43.075936],[-88.3565,43.076006],[-88.362913,43.072524]],[[-88.333075,43.113787],[-88.331838,43.112949],[-88.331819,43.113772],[-88.333075,43.113787]],[[-88.322905,43.118233],[-88.319972,43.118559],[-88.319964,43.119599],[-88.322843,43.119624],[-88.322905,43.118233]]]}},{"type":"Feature","properties":{"NAME":"Kennan","state_abbr":"WI","state_name":"Wisconsin","ALAND":5137714},"geometry":{"type":"Polygon","coordinates":[[[-90.607367,45.537473],[-90.566512,45.537086],[-90.566309,45.522553],[-90.607128,45.522914],[-90.607367,45.537473]]]}},{"type":"Feature","properties":{"NAME":"Park Falls","state_abbr":"WI","state_name":"Wisconsin","ALAND":9754179},"geometry":{"type":"Polygon","coordinates":[[[-90.4682,45.944504],[-90.46814,45.94892],[-90.465654,45.948903],[-90.467234,45.950246],[-90.465592,45.950256],[-90.465565,45.952477],[-90.463005,45.952488],[-90.463036,45.954862],[-90.461224,45.952498],[-90.437239,45.952631],[-90.437295,45.953998],[-90.436452,45.952639],[-90.427272,45.952827],[-90.425802,45.958758],[-90.423278,45.96139],[-90.422056,45.961084],[-90.423043,45.958188],[-90.418625,45.959939],[-90.418759,45.952785],[-90.421263,45.952798],[-90.421601,45.949205],[-90.418725,45.949194],[-90.418693,45.945615],[-90.423858,45.945623],[-90.423825,45.942024],[-90.42691,45.942035],[-90.426803,45.945628],[-90.432053,45.945574],[-90.432154,45.94196],[-90.437556,45.94083],[-90.436206,45.940505],[-90.43757,45.94007],[-90.437664,45.937484],[-90.436251,45.934843],[-90.437664,45.933448],[-90.43601,45.933446],[-90.437544,45.93244],[-90.437611,45.909767],[-90.458996,45.909824],[-90.458235,45.923338],[-90.461146,45.923391],[-90.463336,45.926168],[-90.45826,45.928683],[-90.459423,45.929746],[-90.45809,45.929726],[-90.457954,45.942684],[-90.460948,45.943185],[-90.460945,45.944665],[-90.463076,45.943562],[-90.4682,45.944504]]]}},{"type":"Feature","properties":{"NAME":"Phillips","state_abbr":"WI","state_name":"Wisconsin","ALAND":6886992},"geometry":{"type":"Polygon","coordinates":[[[-90.433585,45.705043],[-90.429871,45.704722],[-90.429805,45.711382],[-90.422629,45.712434],[-90.419581,45.710139],[-90.4227,45.710208],[-90.42268,45.708207],[-90.416262,45.708583],[-90.415371,45.706721],[-90.413544,45.708739],[-90.39377,45.709317],[-90.39105,45.70815],[-90.390736,45.705897],[-90.392781,45.705838],[-90.390106,45.702264],[-90.379822,45.70252],[-90.380515,45.695411],[-90.382872,45.695306],[-90.384375,45.693932],[-90.380556,45.691818],[-90.380677,45.681204],[-90.389858,45.68066],[-90.387455,45.679015],[-90.390915,45.679207],[-90.391556,45.677909],[-90.393124,45.677852],[-90.393052,45.680534],[-90.406127,45.68008],[-90.406253,45.683611],[-90.411385,45.683369],[-90.411619,45.691236],[-90.417566,45.691615],[-90.416942,45.696892],[-90.414467,45.700743],[-90.412926,45.700827],[-90.42977,45.70139],[-90.431078,45.702075],[-90.429849,45.704069],[-90.433585,45.705043]]]}},{"type":"Feature","properties":{"NAME":"Eagle","state_abbr":"WI","state_name":"Wisconsin","ALAND":3602756},"geometry":{"type":"Polygon","coordinates":[[[-88.483351,42.886276],[-88.466053,42.886173],[-88.460126,42.891962],[-88.456238,42.893476],[-88.463433,42.886169],[-88.460173,42.88618],[-88.459471,42.876966],[-88.453862,42.8789],[-88.453744,42.871618],[-88.483294,42.87177],[-88.483351,42.886276]]]}},{"type":"Feature","properties":{"NAME":"Elm Grove","state_abbr":"WI","state_name":"Wisconsin","ALAND":8446287},"geometry":{"type":"Polygon","coordinates":[[[-88.107065,43.036028],[-88.106208,43.059739],[-88.066837,43.059293],[-88.066938,43.036436],[-88.107065,43.036028]]]}},{"type":"Feature","properties":{"NAME":"Oconomowoc Lake","state_abbr":"WI","state_name":"Wisconsin","ALAND":4970556},"geometry":{"type":"Polygon","coordinates":[[[-88.483802,43.10638],[-88.459334,43.106733],[-88.454626,43.107497],[-88.454984,43.109775],[-88.453323,43.107709],[-88.44104,43.108071],[-88.431302,43.106706],[-88.424584,43.104023],[-88.424562,43.098613],[-88.434878,43.097426],[-88.434198,43.091382],[-88.439771,43.090264],[-88.441644,43.08338],[-88.459959,43.083609],[-88.466652,43.087385],[-88.46583,43.091035],[-88.470745,43.091129],[-88.470601,43.095377],[-88.473351,43.095324],[-88.475531,43.097283],[-88.477321,43.104964],[-88.483802,43.10638]]]}},{"type":"Feature","properties":{"NAME":"Sussex","state_abbr":"WI","state_name":"Wisconsin","ALAND":21836565},"geometry":{"type":"Polygon","coordinates":[[[-88.264014,43.130573],[-88.263642,43.141451],[-88.253743,43.14135],[-88.253564,43.146001],[-88.233789,43.141426],[-88.233607,43.148265],[-88.236223,43.148281],[-88.236092,43.15204],[-88.238451,43.152074],[-88.238333,43.155699],[-88.223609,43.155488],[-88.223469,43.159106],[-88.233239,43.159256],[-88.233114,43.162891],[-88.193356,43.162675],[-88.193892,43.148854],[-88.198875,43.148163],[-88.199185,43.140964],[-88.204181,43.14092],[-88.204385,43.136522],[-88.189593,43.133806],[-88.194563,43.133634],[-88.194835,43.1264],[-88.201052,43.127846],[-88.201112,43.126418],[-88.199825,43.126415],[-88.199929,43.12281],[-88.194874,43.122776],[-88.194283,43.126068],[-88.19247,43.126046],[-88.193071,43.12417],[-88.185098,43.120215],[-88.185218,43.117327],[-88.195096,43.119171],[-88.195002,43.121724],[-88.200516,43.122142],[-88.200876,43.124395],[-88.207843,43.124438],[-88.20703,43.119706],[-88.214542,43.120352],[-88.214455,43.122832],[-88.218308,43.122858],[-88.218737,43.115762],[-88.226465,43.117376],[-88.227246,43.115665],[-88.233437,43.115726],[-88.233334,43.112028],[-88.237413,43.112064],[-88.23757,43.108662],[-88.240201,43.108688],[-88.240274,43.106691],[-88.251084,43.106787],[-88.250867,43.112256],[-88.254568,43.112306],[-88.254333,43.118336],[-88.253276,43.118321],[-88.254079,43.130512],[-88.264014,43.130573]]]}},{"type":"Feature","properties":{"NAME":"Wales","state_abbr":"WI","state_name":"Wisconsin","ALAND":8352301},"geometry":{"type":"Polygon","coordinates":[[[-88.402938,43.00115],[-88.399622,43.001061],[-88.398846,43.006513],[-88.391592,43.006419],[-88.391554,43.009438],[-88.393855,43.010607],[-88.384028,43.008782],[-88.389666,43.010592],[-88.378964,43.014686],[-88.378945,43.01741],[-88.359271,43.017373],[-88.359326,43.014752],[-88.354176,43.014568],[-88.35447,43.009875],[-88.339632,43.009786],[-88.339709,43.006157],[-88.344683,43.004356],[-88.344848,42.999813],[-88.346853,42.999528],[-88.349788,42.999554],[-88.349664,43.002607],[-88.358967,43.002733],[-88.358067,43.00414],[-88.359476,43.004161],[-88.360688,43.00275],[-88.361782,43.009058],[-88.362232,43.004467],[-88.364417,43.004534],[-88.364452,43.002063],[-88.36032,42.999527],[-88.35488,42.999155],[-88.354848,42.995411],[-88.35965,42.995477],[-88.359528,42.999104],[-88.377216,42.999097],[-88.375508,42.996255],[-88.377086,42.993899],[-88.379141,42.991903],[-88.384303,42.991864],[-88.384491,42.988181],[-88.391506,42.984688],[-88.39913,42.984759],[-88.399001,42.988367],[-88.389171,42.988291],[-88.389122,42.991919],[-88.39413,42.991989],[-88.394036,42.999186],[-88.402744,42.999332],[-88.402938,43.00115]],[[-88.364392,43.006979],[-88.364283,43.00589],[-88.363043,43.006468],[-88.364392,43.006979]]]}},{"type":"Feature","properties":{"NAME":"New Berlin","state_abbr":"WI","state_name":"Wisconsin","ALAND":94342953},"geometry":{"type":"Polygon","coordinates":[[[-88.188887,42.922858],[-88.186246,43.017295],[-88.067252,43.016399],[-88.069496,42.929955],[-88.158889,42.930013],[-88.159522,42.92696],[-88.161377,42.926976],[-88.161528,42.923357],[-88.171244,42.924793],[-88.173952,42.923276],[-88.188887,42.922858]]]}},{"type":"Feature","properties":{"NAME":"Pewaukee","state_abbr":"WI","state_name":"Wisconsin","ALAND":50617586},"geometry":{"type":"MultiPolygon","coordinates":[[[[-88.277427,43.089278],[-88.277175,43.090174],[-88.276751,43.090169],[-88.277427,43.089278]]],[[[-88.304659,43.031865],[-88.304636,43.072369],[-88.302713,43.086214],[-88.303721,43.104957],[-88.271007,43.106181],[-88.270522,43.105074],[-88.254459,43.105029],[-88.254516,43.101401],[-88.250765,43.10013],[-88.24945,43.101583],[-88.244592,43.10177],[-88.244678,43.09639],[-88.250335,43.095731],[-88.249584,43.099577],[-88.251838,43.099917],[-88.254555,43.09936],[-88.254685,43.094132],[-88.25809,43.094],[-88.258488,43.097605],[-88.259771,43.092459],[-88.254782,43.090501],[-88.28844,43.097986],[-88.288705,43.097453],[-88.287023,43.093804],[-88.284558,43.093849],[-88.284577,43.092339],[-88.282413,43.092577],[-88.279459,43.090219],[-88.27968,43.086624],[-88.276032,43.085856],[-88.27516,43.075711],[-88.265115,43.073747],[-88.265237,43.068204],[-88.255389,43.068418],[-88.255432,43.064814],[-88.252374,43.064869],[-88.251678,43.06864],[-88.251719,43.073399],[-88.253949,43.075481],[-88.250829,43.075682],[-88.250408,43.071792],[-88.245378,43.071056],[-88.245428,43.068615],[-88.240234,43.068631],[-88.240112,43.07237],[-88.242735,43.07294],[-88.243524,43.075943],[-88.233805,43.072125],[-88.233736,43.07417],[-88.231336,43.075185],[-88.234777,43.076713],[-88.229813,43.07534],[-88.229742,43.079642],[-88.224908,43.079551],[-88.226144,43.082298],[-88.224631,43.083362],[-88.224683,43.088668],[-88.227383,43.088717],[-88.234462,43.093253],[-88.234362,43.100514],[-88.235952,43.100586],[-88.236513,43.104559],[-88.185599,43.104658],[-88.185935,43.036476],[-88.195794,43.036372],[-88.195813,43.032036],[-88.2021,43.032128],[-88.20256,43.034375],[-88.204431,43.034383],[-88.205983,43.032238],[-88.215226,43.028962],[-88.215236,43.027566],[-88.220522,43.026916],[-88.219677,43.028507],[-88.221647,43.028672],[-88.22089,43.031134],[-88.223089,43.038008],[-88.220757,43.038548],[-88.224048,43.039512],[-88.222096,43.040476],[-88.22207,43.043119],[-88.225843,43.042615],[-88.229269,43.044201],[-88.23144,43.048404],[-88.245626,43.046197],[-88.248348,43.04701],[-88.251303,43.050352],[-88.251465,43.059607],[-88.265498,43.059423],[-88.265716,43.05386],[-88.26809,43.053871],[-88.268148,43.050225],[-88.270792,43.050243],[-88.270849,43.046911],[-88.282427,43.052073],[-88.282476,43.050271],[-88.285552,43.049907],[-88.285651,43.046667],[-88.290069,43.046551],[-88.289613,43.045494],[-88.2921,43.044839],[-88.292444,43.043217],[-88.29032,43.041922],[-88.286527,43.042262],[-88.286619,43.039374],[-88.289688,43.039767],[-88.291076,43.037381],[-88.285792,43.037258],[-88.285595,43.03206],[-88.304659,43.031865]]]]}},{"type":"Feature","properties":{"NAME":"Endeavor","state_abbr":"WI","state_name":"Wisconsin","ALAND":1633826},"geometry":{"type":"MultiPolygon","coordinates":[[[[-89.476383,43.718525],[-89.475109,43.71862],[-89.47515,43.717686],[-89.475849,43.717154],[-89.476383,43.718525]]],[[[-89.478292,43.725874],[-89.472092,43.72571],[-89.469176,43.722001],[-89.470603,43.721655],[-89.469284,43.718409],[-89.466519,43.718339],[-89.466511,43.720545],[-89.464442,43.716008],[-89.458396,43.715701],[-89.45804,43.714246],[-89.46075,43.71447],[-89.46077,43.707626],[-89.47563,43.707698],[-89.475038,43.71862],[-89.47031,43.71858],[-89.478292,43.725874]]]]}},{"type":"Feature","properties":{"NAME":"Cedarburg","state_abbr":"WI","state_name":"Wisconsin","ALAND":12744290},"geometry":{"type":"MultiPolygon","coordinates":[[[[-87.95936,43.287093],[-87.954405,43.287198],[-87.954504,43.29092],[-87.949861,43.2913],[-87.950568,43.287276],[-87.954339,43.287206],[-87.954213,43.279892],[-87.959186,43.27982],[-87.95936,43.287093]]],[[[-88.014541,43.31157],[-88.004633,43.311652],[-88.004744,43.315273],[-88.000392,43.315353],[-88.003295,43.31893],[-87.99481,43.319096],[-87.994876,43.322827],[-87.989903,43.322922],[-87.989955,43.328226],[-87.984946,43.328312],[-87.984862,43.322868],[-87.980571,43.322988],[-87.979841,43.319361],[-87.977531,43.319399],[-87.98087,43.314776],[-87.980547,43.309869],[-87.97468,43.310125],[-87.974854,43.311941],[-87.979666,43.311849],[-87.978982,43.316651],[-87.974785,43.315829],[-87.973545,43.310389],[-87.969688,43.310457],[-87.969637,43.304082],[-87.974584,43.30344],[-87.974605,43.305403],[-87.975483,43.304826],[-87.975468,43.303548],[-87.974713,43.303341],[-87.97374,43.303348],[-87.974028,43.301156],[-87.969621,43.301031],[-87.969598,43.299055],[-87.974522,43.2965],[-87.974361,43.288806],[-87.971214,43.286605],[-87.97405,43.284026],[-87.974255,43.279578],[-87.979334,43.279478],[-87.97919,43.274289],[-87.984191,43.274291],[-87.98424,43.276106],[-87.990387,43.276152],[-87.991984,43.280259],[-87.995204,43.279201],[-87.993966,43.285103],[-87.99908,43.284561],[-87.999129,43.286369],[-88.011514,43.288097],[-88.011607,43.292552],[-88.002287,43.292578],[-88.001822,43.295383],[-88.009233,43.296803],[-88.009333,43.299763],[-88.007268,43.300731],[-88.014291,43.30064],[-88.014389,43.304308],[-88.005594,43.304387],[-88.005663,43.308013],[-88.014471,43.307945],[-88.014541,43.31157]],[[-87.998605,43.313148],[-87.997647,43.311954],[-87.995052,43.312484],[-87.997064,43.312485],[-87.998605,43.313148]],[[-87.989714,43.313725],[-87.99026,43.312773],[-87.989698,43.312788],[-87.989714,43.313725]],[[-87.989866,43.321751],[-87.989745,43.315537],[-87.984732,43.315627],[-87.985121,43.322284],[-87.989866,43.321751]]]]}},{"type":"Feature","properties":{"NAME":"Grafton","state_abbr":"WI","state_name":"Wisconsin","ALAND":13567627},"geometry":{"type":"MultiPolygon","coordinates":[[[[-87.934756,43.298395],[-87.929771,43.298395],[-87.929704,43.294742],[-87.934625,43.29473],[-87.934756,43.298395]]],[[[-87.979032,43.316928],[-87.977269,43.319408],[-87.97839,43.322087],[-87.97153,43.322711],[-87.974912,43.323095],[-87.975032,43.330326],[-87.970065,43.330426],[-87.969948,43.322029],[-87.967486,43.320971],[-87.965627,43.320459],[-87.96571,43.324932],[-87.960056,43.325105],[-87.96019,43.333495],[-87.970155,43.33404],[-87.97025,43.337643],[-87.963387,43.337845],[-87.963458,43.340656],[-87.96031,43.339412],[-87.96045,43.344946],[-87.956463,43.345409],[-87.957081,43.346972],[-87.955564,43.347112],[-87.95561,43.349084],[-87.958081,43.348986],[-87.958164,43.35264],[-87.960675,43.352531],[-87.960713,43.356152],[-87.954984,43.356405],[-87.955672,43.352744],[-87.949022,43.353024],[-87.950198,43.34566],[-87.956015,43.345445],[-87.955363,43.338158],[-87.951489,43.338292],[-87.9519,43.336062],[-87.949523,43.336663],[-87.946865,43.33233],[-87.949642,43.327827],[-87.951571,43.328751],[-87.952427,43.327327],[-87.943993,43.327731],[-87.940518,43.326033],[-87.935557,43.330656],[-87.933506,43.330489],[-87.933753,43.332392],[-87.931351,43.332379],[-87.931334,43.331159],[-87.925408,43.331143],[-87.925356,43.32749],[-87.920257,43.32753],[-87.919172,43.323936],[-87.915186,43.324],[-87.917807,43.313053],[-87.935086,43.312968],[-87.935046,43.310661],[-87.937457,43.31141],[-87.938645,43.310153],[-87.936901,43.308596],[-87.924936,43.309326],[-87.924914,43.307059],[-87.926328,43.307056],[-87.924891,43.305688],[-87.924824,43.301145],[-87.932321,43.30203],[-87.932365,43.305679],[-87.939867,43.305675],[-87.939793,43.30232],[-87.945476,43.303013],[-87.94485,43.305673],[-87.953355,43.305436],[-87.953026,43.306504],[-87.954167,43.307059],[-87.953989,43.304293],[-87.957108,43.302776],[-87.96023,43.303527],[-87.956039,43.306],[-87.956904,43.307916],[-87.965398,43.301153],[-87.967678,43.302876],[-87.970767,43.301865],[-87.969688,43.310457],[-87.973545,43.310389],[-87.974785,43.315829],[-87.979032,43.316928]],[[-87.94516,43.319868],[-87.939696,43.319156],[-87.939621,43.318544],[-87.93901,43.317066],[-87.938993,43.316631],[-87.935115,43.316613],[-87.938954,43.316659],[-87.939005,43.317191],[-87.939617,43.318659],[-87.936073,43.318228],[-87.93612,43.320222],[-87.94516,43.319868]],[[-87.940144,43.316564],[-87.939932,43.308606],[-87.939189,43.308606],[-87.939915,43.309335],[-87.940144,43.316564]]]]}},{"type":"Feature","properties":{"NAME":"Port Washington","state_abbr":"WI","state_name":"Wisconsin","ALAND":15420217},"geometry":{"type":"MultiPolygon","coordinates":[[[[-87.867833,43.423589],[-87.866058,43.424528],[-87.861066,43.424619],[-87.862087,43.422797],[-87.866057,43.42272],[-87.866216,43.419148],[-87.868229,43.41911],[-87.867833,43.423589]]],[[[-87.916196,43.365126],[-87.907797,43.370304],[-87.910298,43.37026],[-87.910436,43.375719],[-87.906729,43.377837],[-87.906898,43.382741],[-87.903097,43.382789],[-87.901938,43.375857],[-87.900195,43.375882],[-87.900174,43.383199],[-87.910584,43.38302],[-87.910598,43.387],[-87.903368,43.386906],[-87.902218,43.388252],[-87.908796,43.387151],[-87.90881,43.388428],[-87.910691,43.388474],[-87.909496,43.393069],[-87.907145,43.392629],[-87.905779,43.394858],[-87.90574,43.391491],[-87.903243,43.391524],[-87.903114,43.395488],[-87.89084,43.394472],[-87.890905,43.398856],[-87.886044,43.397895],[-87.882729,43.390613],[-87.884192,43.394628],[-87.880887,43.394233],[-87.880954,43.39974],[-87.88582,43.399704],[-87.885961,43.401515],[-87.880968,43.401548],[-87.880986,43.403063],[-87.883105,43.403436],[-87.881033,43.406985],[-87.881075,43.411059],[-87.871117,43.411233],[-87.863795,43.414192],[-87.861139,43.416916],[-87.861154,43.412803],[-87.85618,43.412845],[-87.856811,43.409221],[-87.861116,43.409168],[-87.861096,43.406791],[-87.854831,43.405618],[-87.864123,43.393876],[-87.865251,43.390445],[-87.864006,43.389774],[-87.866861,43.387512],[-87.867694,43.389095],[-87.867009,43.38684],[-87.870377,43.3872],[-87.863971,43.385205],[-87.864753,43.384044],[-87.868555,43.385009],[-87.864244,43.383382],[-87.866393,43.384079],[-87.870177,43.382491],[-87.875564,43.372749],[-87.879472,43.372689],[-87.877674,43.376508],[-87.882995,43.376103],[-87.8823,43.367109],[-87.877192,43.368909],[-87.881936,43.351151],[-87.885785,43.351646],[-87.885813,43.353415],[-87.889876,43.353393],[-87.888977,43.351569],[-87.895801,43.351526],[-87.895866,43.354779],[-87.889043,43.354818],[-87.889078,43.356128],[-87.887157,43.356144],[-87.884037,43.363284],[-87.891192,43.363218],[-87.891133,43.360673],[-87.895999,43.360645],[-87.893816,43.359747],[-87.89449,43.356099],[-87.903432,43.355724],[-87.9035,43.360604],[-87.899081,43.360629],[-87.899202,43.363449],[-87.896079,43.363539],[-87.896121,43.365031],[-87.904694,43.364817],[-87.908064,43.360563],[-87.916062,43.36044],[-87.916196,43.365126]],[[-87.91025,43.368412],[-87.90877,43.367454],[-87.905869,43.367798],[-87.906919,43.370304],[-87.91025,43.368412]],[[-87.903591,43.372189],[-87.900351,43.372246],[-87.900536,43.370413],[-87.898826,43.370439],[-87.901244,43.366358],[-87.889602,43.377853],[-87.891221,43.378483],[-87.892146,43.377512],[-87.890914,43.377015],[-87.895098,43.372833],[-87.900255,43.37223],[-87.900203,43.374083],[-87.903591,43.372189]],[[-87.886966,43.376165],[-87.885117,43.378355],[-87.881293,43.379435],[-87.885553,43.378954],[-87.886966,43.376165]],[[-87.881292,43.37962],[-87.880551,43.378923],[-87.876352,43.379262],[-87.878285,43.37981],[-87.881292,43.37962]],[[-87.87606,43.379878],[-87.875365,43.379705],[-87.875279,43.379887],[-87.87606,43.379878]]]]}},{"type":"Feature","properties":{"NAME":"Bloomfield","state_abbr":"WI","state_name":"Wisconsin","ALAND":32405513},"geometry":{"type":"Polygon","coordinates":[[[-88.413164,42.562918],[-88.404609,42.556725],[-88.398425,42.556672],[-88.398698,42.568461],[-88.393976,42.570248],[-88.394013,42.574768],[-88.347084,42.573823],[-88.340872,42.562551],[-88.305321,42.558041],[-88.304948,42.523785],[-88.314787,42.523839],[-88.314884,42.528745],[-88.316643,42.528582],[-88.318632,42.528013],[-88.318475,42.523803],[-88.341694,42.52368],[-88.346702,42.518147],[-88.349067,42.520203],[-88.349078,42.523641],[-88.354013,42.523613],[-88.365912,42.530861],[-88.369195,42.5307],[-88.373611,42.533464],[-88.373577,42.530901],[-88.380862,42.530938],[-88.380973,42.538184],[-88.377458,42.538168],[-88.390258,42.548335],[-88.401005,42.553508],[-88.413019,42.552964],[-88.413164,42.562918]]]}},{"type":"Feature","properties":{"NAME":"Antigo","state_abbr":"WI","state_name":"Wisconsin","ALAND":16718148},"geometry":{"type":"MultiPolygon","coordinates":[[[[-89.148645,45.098182],[-89.133254,45.098169],[-89.133251,45.094536],[-89.135814,45.094538],[-89.135796,45.090928],[-89.148614,45.090899],[-89.148645,45.098182]]],[[[-89.186022,45.139946],[-89.185928,45.146932],[-89.178354,45.147033],[-89.178772,45.154297],[-89.172492,45.15469],[-89.172561,45.158399],[-89.167622,45.15872],[-89.167672,45.160561],[-89.172555,45.160206],[-89.172554,45.162041],[-89.161757,45.162872],[-89.161448,45.170197],[-89.156604,45.170604],[-89.155993,45.185226],[-89.156096,45.168766],[-89.152251,45.168868],[-89.153596,45.170509],[-89.146938,45.170114],[-89.147256,45.168541],[-89.143885,45.168525],[-89.144182,45.166173],[-89.137429,45.168229],[-89.13885,45.167495],[-89.138824,45.162234],[-89.134226,45.162282],[-89.134602,45.158489],[-89.140932,45.159693],[-89.141348,45.154989],[-89.134962,45.154702],[-89.135101,45.147448],[-89.13213,45.148508],[-89.133188,45.146019],[-89.135601,45.146341],[-89.135314,45.144725],[-89.133275,45.144709],[-89.134218,45.14198],[-89.135508,45.142006],[-89.133585,45.138341],[-89.135765,45.138324],[-89.134781,45.133532],[-89.136023,45.13385],[-89.136341,45.129216],[-89.131097,45.129177],[-89.131298,45.118239],[-89.136475,45.118268],[-89.136604,45.125548],[-89.150674,45.125653],[-89.150954,45.123023],[-89.153549,45.123056],[-89.15328,45.125672],[-89.155419,45.125683],[-89.155874,45.122031],[-89.157811,45.122037],[-89.157668,45.125694],[-89.159332,45.125689],[-89.160408,45.118397],[-89.15928,45.118392],[-89.159207,45.115723],[-89.153983,45.114352],[-89.153945,45.111732],[-89.161403,45.11171],[-89.162651,45.105671],[-89.161656,45.112603],[-89.165658,45.111572],[-89.169456,45.112665],[-89.169487,45.114462],[-89.164485,45.114444],[-89.164521,45.118405],[-89.16091,45.118405],[-89.159301,45.129289],[-89.162014,45.129353],[-89.16084,45.122033],[-89.162134,45.125059],[-89.178345,45.125566],[-89.178381,45.145234],[-89.183448,45.143429],[-89.183498,45.139907],[-89.186022,45.139946]],[[-89.151221,45.155464],[-89.14485,45.156153],[-89.142155,45.155019],[-89.141996,45.157438],[-89.147913,45.159088],[-89.147429,45.156645],[-89.15124,45.156843],[-89.151221,45.155464]]]]}},{"type":"Feature","properties":{"NAME":"Monticello","state_abbr":"WI","state_name":"Wisconsin","ALAND":3088544},"geometry":{"type":"Polygon","coordinates":[[[-89.602874,42.756211],[-89.595694,42.756119],[-89.595728,42.751933],[-89.578775,42.751866],[-89.577483,42.741461],[-89.57901,42.741463],[-89.578775,42.736969],[-89.597932,42.737323],[-89.599307,42.745961],[-89.60268,42.746359],[-89.601233,42.746459],[-89.601246,42.748411],[-89.602695,42.748453],[-89.60274,42.750868],[-89.599454,42.74884],[-89.599477,42.751169],[-89.602775,42.752125],[-89.602874,42.756211]]]}},{"type":"Feature","properties":{"NAME":"Potter","state_abbr":"WI","state_name":"Wisconsin","ALAND":1309228},"geometry":{"type":"Polygon","coordinates":[[[-88.111386,44.124219],[-88.099476,44.124155],[-88.095938,44.122321],[-88.089649,44.123431],[-88.08859,44.120451],[-88.086016,44.120421],[-88.085814,44.116799],[-88.108809,44.11699],[-88.108849,44.12058],[-88.111351,44.120554],[-88.111386,44.124219]]]}},{"type":"Feature","properties":{"NAME":"Tomahawk","state_abbr":"WI","state_name":"Wisconsin","ALAND":20339017},"geometry":{"type":"MultiPolygon","coordinates":[[[[-89.757421,45.467525],[-89.756897,45.46763],[-89.75684,45.467525],[-89.757421,45.467525]]],[[[-89.761925,45.467094],[-89.75493,45.467121],[-89.754364,45.496672],[-89.729317,45.496305],[-89.727329,45.499734],[-89.723933,45.499699],[-89.723923,45.496264],[-89.692711,45.496479],[-89.692696,45.48184],[-89.687564,45.481834],[-89.687628,45.467266],[-89.691311,45.467284],[-89.690796,45.461566],[-89.692619,45.461601],[-89.692708,45.453318],[-89.708112,45.453637],[-89.708224,45.450009],[-89.718458,45.450062],[-89.718451,45.451169],[-89.723208,45.45204],[-89.719302,45.453753],[-89.754453,45.453385],[-89.754787,45.463837],[-89.757887,45.463483],[-89.761925,45.467094]]]]}},{"type":"Feature","properties":{"NAME":"Brillion","state_abbr":"WI","state_name":"Wisconsin","ALAND":8003700},"geometry":{"type":"Polygon","coordinates":[[[-88.099314,44.189919],[-88.096345,44.189885],[-88.097219,44.192107],[-88.094516,44.192088],[-88.094521,44.189865],[-88.096299,44.189866],[-88.092015,44.188044],[-88.091963,44.189826],[-88.08421,44.189663],[-88.0834,44.186056],[-88.074299,44.185991],[-88.074226,44.189648],[-88.069886,44.18964],[-88.070031,44.185998],[-88.069229,44.187807],[-88.066962,44.18598],[-88.056521,44.185965],[-88.056541,44.182449],[-88.059125,44.182216],[-88.048942,44.182194],[-88.048864,44.174649],[-88.043765,44.173483],[-88.048862,44.174338],[-88.048835,44.170822],[-88.053975,44.170258],[-88.053951,44.167907],[-88.050622,44.167919],[-88.0506,44.165104],[-88.053909,44.164517],[-88.053942,44.167463],[-88.059166,44.167447],[-88.063368,44.164253],[-88.064086,44.162506],[-88.062449,44.162494],[-88.063977,44.159126],[-88.065828,44.16072],[-88.067663,44.160727],[-88.065142,44.157111],[-88.055622,44.157067],[-88.055465,44.153534],[-88.04874,44.153453],[-88.048663,44.149801],[-88.053726,44.14976],[-88.053825,44.146186],[-88.058694,44.146173],[-88.058866,44.153435],[-88.073946,44.153529],[-88.074003,44.160779],[-88.084114,44.160839],[-88.084143,44.16265],[-88.074004,44.160857],[-88.074133,44.164095],[-88.076004,44.164352],[-88.074181,44.16434],[-88.074272,44.175024],[-88.071761,44.175106],[-88.071775,44.178748],[-88.094477,44.178994],[-88.094423,44.182592],[-88.099434,44.182678],[-88.099314,44.189919]]]}},{"type":"Feature","properties":{"NAME":"Sherwood","state_abbr":"WI","state_name":"Wisconsin","ALAND":8963111},"geometry":{"type":"MultiPolygon","coordinates":[[[[-88.241835,44.176874],[-88.235769,44.176787],[-88.234341,44.174374],[-88.241907,44.174473],[-88.241835,44.176874]]],[[[-88.307922,44.183511],[-88.305468,44.183421],[-88.303798,44.187031],[-88.293748,44.186748],[-88.295334,44.184982],[-88.288862,44.184828],[-88.288786,44.181207],[-88.283752,44.181089],[-88.282857,44.185763],[-88.279086,44.186317],[-88.264229,44.182849],[-88.27764,44.186733],[-88.274102,44.186103],[-88.274018,44.190872],[-88.268952,44.190772],[-88.269028,44.188067],[-88.254071,44.187868],[-88.254075,44.184347],[-88.246991,44.184167],[-88.249241,44.180803],[-88.246731,44.18053],[-88.246853,44.176947],[-88.24811,44.176965],[-88.248234,44.173376],[-88.254537,44.173505],[-88.254674,44.169951],[-88.26154,44.169149],[-88.264204,44.163512],[-88.261009,44.163513],[-88.26101,44.161696],[-88.265028,44.161454],[-88.261321,44.160529],[-88.26501,44.16088],[-88.264819,44.157297],[-88.267464,44.160216],[-88.264902,44.162654],[-88.264846,44.168187],[-88.274816,44.170094],[-88.274713,44.172761],[-88.283949,44.167956],[-88.284025,44.159304],[-88.295543,44.159497],[-88.294592,44.163603],[-88.297453,44.165176],[-88.295863,44.165489],[-88.294056,44.167272],[-88.297615,44.165609],[-88.296195,44.168613],[-88.30428,44.177789],[-88.304008,44.182002],[-88.307922,44.183511]],[[-88.303846,44.185275],[-88.303979,44.182487],[-88.297239,44.182314],[-88.297176,44.185043],[-88.303846,44.185275]]]]}},{"type":"Feature","properties":{"NAME":"Casco","state_abbr":"WI","state_name":"Wisconsin","ALAND":1724089},"geometry":{"type":"Polygon","coordinates":[[[-87.630518,44.557735],[-87.630393,44.563328],[-87.622768,44.563269],[-87.622851,44.561188],[-87.619487,44.561174],[-87.618827,44.559624],[-87.608037,44.559601],[-87.607988,44.555955],[-87.612988,44.555966],[-87.612878,44.548707],[-87.617858,44.548713],[-87.617837,44.546387],[-87.622838,44.54626],[-87.622898,44.556005],[-87.627981,44.555462],[-87.627965,44.557745],[-87.630518,44.557735]]]}},{"type":"Feature","properties":{"NAME":"Reedsburg","state_abbr":"WI","state_name":"Wisconsin","ALAND":15763783},"geometry":{"type":"Polygon","coordinates":[[[-90.034738,43.534349],[-90.030892,43.534758],[-90.030877,43.532402],[-90.025565,43.532486],[-90.025551,43.533531],[-90.0242,43.532749],[-90.024262,43.537632],[-90.019561,43.535543],[-90.018147,43.536491],[-90.024287,43.540579],[-90.024284,43.541852],[-90.021662,43.541843],[-90.021663,43.546884],[-90.016329,43.546933],[-90.016326,43.543295],[-90.019212,43.543297],[-90.019203,43.539631],[-90.014141,43.539587],[-90.014142,43.543293],[-89.998306,43.544257],[-89.999492,43.553173],[-90.004457,43.55316],[-90.004411,43.550689],[-90.017917,43.550384],[-90.016678,43.550566],[-90.016899,43.554943],[-90.025402,43.558495],[-90.004441,43.559368],[-90.004516,43.555056],[-89.999546,43.55506],[-89.999853,43.558665],[-89.998395,43.55866],[-89.994589,43.557301],[-89.995801,43.553821],[-89.985303,43.555006],[-89.982885,43.551533],[-89.979603,43.551565],[-89.979613,43.547745],[-89.983424,43.547711],[-89.984545,43.546259],[-89.977532,43.547098],[-89.976744,43.54529],[-89.974657,43.545309],[-89.974672,43.542087],[-89.978823,43.539832],[-89.964708,43.539938],[-89.964624,43.534778],[-89.962374,43.534768],[-89.962146,43.53179],[-89.955533,43.532648],[-89.956586,43.529669],[-89.954951,43.529083],[-89.967263,43.528988],[-89.967247,43.527274],[-89.964583,43.527273],[-89.96458,43.525306],[-89.979695,43.524803],[-89.979319,43.518071],[-89.973468,43.518108],[-89.971943,43.512563],[-89.964583,43.508921],[-89.966019,43.509297],[-89.966097,43.506751],[-89.969747,43.505167],[-89.969591,43.507277],[-89.976729,43.507238],[-89.976231,43.509176],[-89.97932,43.509521],[-89.97931,43.510902],[-89.974357,43.510816],[-89.974308,43.513397],[-89.984436,43.518404],[-89.984402,43.516944],[-89.99172,43.516914],[-89.991637,43.52043],[-89.994574,43.520707],[-89.992747,43.522517],[-89.99687,43.522935],[-89.996876,43.519392],[-90.002112,43.523145],[-90.005798,43.523853],[-90.00407,43.52527],[-90.018694,43.524879],[-90.017517,43.52312],[-90.014117,43.523127],[-90.01345,43.52446],[-90.013435,43.522677],[-90.014045,43.513045],[-90.018911,43.512616],[-90.019014,43.518963],[-90.022049,43.518142],[-90.024006,43.521606],[-90.025908,43.521587],[-90.025169,43.524669],[-90.029071,43.52521],[-90.029154,43.529477],[-90.034691,43.529419],[-90.034738,43.534349]]]}},{"type":"Feature","properties":{"NAME":"Lime Ridge","state_abbr":"WI","state_name":"Wisconsin","ALAND":2592017},"geometry":{"type":"Polygon","coordinates":[[[-90.167823,43.474792],[-90.147841,43.4748],[-90.147537,43.460365],[-90.167626,43.460271],[-90.167823,43.474792]]]}},{"type":"Feature","properties":{"NAME":"Loganville","state_abbr":"WI","state_name":"Wisconsin","ALAND":685079},"geometry":{"type":"Polygon","coordinates":[[[-90.043718,43.442053],[-90.038083,43.442076],[-90.033729,43.445717],[-90.034833,43.442087],[-90.031997,43.440756],[-90.032488,43.438463],[-90.033752,43.438464],[-90.033596,43.43122],[-90.036634,43.431645],[-90.035785,43.433566],[-90.038535,43.434399],[-90.038729,43.438459],[-90.04369,43.438443],[-90.043718,43.442053]]]}},{"type":"Feature","properties":{"NAME":"Richland Center","state_abbr":"WI","state_name":"Wisconsin","ALAND":12156028},"geometry":{"type":"MultiPolygon","coordinates":[[[[-90.348629,43.319719],[-90.349038,43.321226],[-90.345499,43.320762],[-90.348629,43.319719]]],[[[-90.38968,43.322008],[-90.389024,43.32315],[-90.389112,43.322013],[-90.38968,43.322008]]],[[[-90.405107,43.344226],[-90.403978,43.344657],[-90.403994,43.343995],[-90.405107,43.344226]]],[[[-90.410036,43.344689],[-90.4091,43.345373],[-90.409101,43.344688],[-90.410036,43.344689]]],[[[-90.414955,43.348315],[-90.414933,43.349872],[-90.395061,43.352125],[-90.400214,43.352304],[-90.400278,43.358813],[-90.395259,43.359162],[-90.395246,43.354989],[-90.384614,43.355818],[-90.385043,43.357817],[-90.390249,43.360692],[-90.390754,43.366344],[-90.392495,43.365572],[-90.392188,43.36714],[-90.396689,43.368396],[-90.393262,43.372742],[-90.386635,43.375866],[-90.382414,43.371769],[-90.379993,43.36244],[-90.375085,43.362677],[-90.375077,43.360098],[-90.376617,43.359413],[-90.385131,43.359465],[-90.38392,43.357632],[-90.385216,43.348364],[-90.377133,43.348024],[-90.377294,43.349249],[-90.380277,43.349283],[-90.377744,43.350229],[-90.37771,43.352135],[-90.360245,43.352286],[-90.360381,43.348509],[-90.370213,43.348387],[-90.370202,43.34654],[-90.375231,43.346539],[-90.375235,43.34457],[-90.370189,43.344671],[-90.370257,43.341028],[-90.375286,43.340914],[-90.375308,43.334255],[-90.370319,43.336789],[-90.370322,43.334849],[-90.368474,43.333866],[-90.370314,43.333352],[-90.370314,43.330579],[-90.375347,43.329992],[-90.375325,43.328607],[-90.36527,43.330053],[-90.365443,43.322618],[-90.359214,43.320867],[-90.360463,43.318511],[-90.357206,43.317171],[-90.357982,43.315423],[-90.350638,43.31246],[-90.352551,43.316493],[-90.345541,43.31534],[-90.347025,43.313825],[-90.341928,43.311644],[-90.344401,43.311617],[-90.345582,43.309591],[-90.363616,43.317694],[-90.363305,43.318581],[-90.367604,43.319374],[-90.369889,43.318692],[-90.369872,43.316206],[-90.372236,43.317308],[-90.375955,43.315311],[-90.389083,43.315337],[-90.387621,43.318855],[-90.388771,43.324121],[-90.389682,43.324583],[-90.388224,43.326302],[-90.400184,43.326314],[-90.40018,43.333051],[-90.405118,43.334464],[-90.405112,43.336297],[-90.402167,43.337198],[-90.396942,43.334632],[-90.395416,43.335563],[-90.396911,43.336012],[-90.395424,43.336195],[-90.395953,43.339662],[-90.405115,43.340191],[-90.405086,43.343854],[-90.403342,43.34387],[-90.402834,43.344586],[-90.405468,43.347619],[-90.410029,43.346731],[-90.414955,43.348315]],[[-90.379998,43.361875],[-90.376929,43.360954],[-90.376918,43.360974],[-90.379998,43.361875]],[[-90.395061,43.352125],[-90.395169,43.349348],[-90.393471,43.349313],[-90.39343,43.352185],[-90.395061,43.352125]]]]}},{"type":"Feature","properties":{"NAME":"Tigerton","state_abbr":"WI","state_name":"Wisconsin","ALAND":4724371},"geometry":{"type":"Polygon","coordinates":[[[-89.072955,44.734631],[-89.072989,44.745652],[-89.06266,44.745596],[-89.062308,44.747099],[-89.0579,44.745414],[-89.055598,44.74783],[-89.055273,44.745318],[-89.043075,44.744519],[-89.040325,44.745674],[-89.035415,44.744193],[-89.032696,44.74534],[-89.032375,44.748554],[-89.022196,44.748462],[-89.022146,44.744844],[-89.017127,44.74485],[-89.017183,44.737716],[-89.019728,44.737701],[-89.020065,44.734385],[-89.027406,44.734416],[-89.026339,44.737484],[-89.032531,44.735868],[-89.032484,44.741391],[-89.037614,44.741409],[-89.037586,44.737852],[-89.047794,44.738088],[-89.04775,44.73438],[-89.072955,44.734631]]]}},{"type":"Feature","properties":{"NAME":"Wittenberg","state_abbr":"WI","state_name":"Wisconsin","ALAND":4692249},"geometry":{"type":"Polygon","coordinates":[[[-89.183514,44.823302],[-89.183757,44.834095],[-89.180855,44.834087],[-89.178771,44.832069],[-89.178766,44.834088],[-89.173749,44.834059],[-89.173651,44.841316],[-89.168919,44.841239],[-89.169034,44.837319],[-89.172786,44.837356],[-89.172657,44.835363],[-89.169026,44.835322],[-89.169256,44.834044],[-89.148391,44.833686],[-89.148352,44.835542],[-89.143391,44.834623],[-89.143485,44.831484],[-89.145694,44.830604],[-89.143379,44.829255],[-89.143455,44.826618],[-89.153557,44.826768],[-89.153512,44.829394],[-89.148464,44.83011],[-89.15857,44.83025],[-89.158606,44.821251],[-89.153557,44.821171],[-89.153578,44.819576],[-89.14919,44.81954],[-89.147334,44.821019],[-89.143646,44.820686],[-89.147757,44.820503],[-89.148503,44.817452],[-89.158568,44.817573],[-89.158576,44.81932],[-89.173695,44.818882],[-89.17366,44.816653],[-89.171151,44.816678],[-89.173647,44.815376],[-89.173604,44.812343],[-89.178793,44.812406],[-89.178838,44.823244],[-89.183514,44.823302]]]}},{"type":"Feature","properties":{"NAME":"Fall Creek","state_abbr":"WI","state_name":"Wisconsin","ALAND":5307558},"geometry":{"type":"MultiPolygon","coordinates":[[[[-91.266845,44.778256],[-91.258597,44.77833],[-91.258606,44.775358],[-91.261703,44.775354],[-91.261694,44.778244],[-91.266845,44.778256]]],[[[-91.301181,44.766933],[-91.301258,44.776325],[-91.291057,44.776717],[-91.289757,44.77557],[-91.291054,44.774458],[-91.291047,44.768515],[-91.286,44.768537],[-91.286013,44.771057],[-91.261844,44.771107],[-91.259528,44.763866],[-91.261857,44.763799],[-91.261852,44.752758],[-91.282811,44.75246],[-91.284062,44.750242],[-91.285945,44.750324],[-91.285987,44.763374],[-91.296056,44.763604],[-91.296125,44.766956],[-91.301181,44.766933]]]]}},{"type":"Feature","properties":{"NAME":"Hillsboro","state_abbr":"WI","state_name":"Wisconsin","ALAND":3651668},"geometry":{"type":"MultiPolygon","coordinates":[[[[-90.332755,43.666739],[-90.33265,43.673191],[-90.327616,43.673282],[-90.327669,43.66969],[-90.322622,43.669782],[-90.322635,43.666243],[-90.332755,43.666739]]],[[[-90.35253,43.658386],[-90.342587,43.658555],[-90.342601,43.661157],[-90.345978,43.660611],[-90.345404,43.662139],[-90.33276,43.662344],[-90.333002,43.658522],[-90.322653,43.66023],[-90.323882,43.658892],[-90.322608,43.65892],[-90.322614,43.648087],[-90.352481,43.647512],[-90.35253,43.658386]]]]}},{"type":"Feature","properties":{"NAME":"Ridgeway","state_abbr":"WI","state_name":"Wisconsin","ALAND":3322080},"geometry":{"type":"Polygon","coordinates":[[[-90.005399,42.991608],[-90.005231,43.005863],[-89.980633,43.005596],[-89.980659,42.994874],[-89.975776,42.994823],[-89.97575,42.993339],[-89.978437,42.992451],[-89.980245,42.992448],[-89.98066,42.994482],[-89.980674,42.991234],[-90.005399,42.991608]]]}},{"type":"Feature","properties":{"NAME":"Mount Hope","state_abbr":"WI","state_name":"Wisconsin","ALAND":715957},"geometry":{"type":"Polygon","coordinates":[[[-90.863971,42.974159],[-90.855199,42.974155],[-90.855254,42.964995],[-90.863885,42.965268],[-90.863971,42.974159]]]}},{"type":"Feature","properties":{"NAME":"Cornell","state_abbr":"WI","state_name":"Wisconsin","ALAND":9807878},"geometry":{"type":"MultiPolygon","coordinates":[[[[-91.110432,45.163396],[-91.110818,45.170466],[-91.100647,45.170402],[-91.100641,45.163805],[-91.110432,45.163396]]],[[[-91.174747,45.15567],[-91.173074,45.155645],[-91.173103,45.177173],[-91.131248,45.177628],[-91.131638,45.148633],[-91.172794,45.148702],[-91.174747,45.15567]]]]}},{"type":"Feature","properties":{"NAME":"Lannon","state_abbr":"WI","state_name":"Wisconsin","ALAND":6403041},"geometry":{"type":"Polygon","coordinates":[[[-88.184263,43.139657],[-88.183695,43.155427],[-88.158716,43.155524],[-88.158244,43.168244],[-88.143651,43.168166],[-88.144664,43.140939],[-88.16239,43.140989],[-88.164109,43.144622],[-88.170441,43.145452],[-88.184263,43.139657]]]}},{"type":"Feature","properties":{"NAME":"Merton","state_abbr":"WI","state_name":"Wisconsin","ALAND":8589048},"geometry":{"type":"Polygon","coordinates":[[[-88.327427,43.130568],[-88.326412,43.15585],[-88.303747,43.15577],[-88.301482,43.157656],[-88.296739,43.157766],[-88.296987,43.155757],[-88.292985,43.15584],[-88.293727,43.141618],[-88.30225,43.141316],[-88.299631,43.14132],[-88.289316,43.135611],[-88.282174,43.126809],[-88.293895,43.126786],[-88.293845,43.129136],[-88.29689,43.129105],[-88.295818,43.126778],[-88.307746,43.126807],[-88.307665,43.129766],[-88.327427,43.130568]]]}},{"type":"Feature","properties":{"NAME":"Prentice","state_abbr":"WI","state_name":"Wisconsin","ALAND":5229738},"geometry":{"type":"Polygon","coordinates":[[[-90.31004,45.53462],[-90.30997,45.53714],[-90.306088,45.540213],[-90.304893,45.538135],[-90.30095,45.53826],[-90.30111,45.544072],[-90.305174,45.542887],[-90.301094,45.544797],[-90.301153,45.553155],[-90.279854,45.553483],[-90.279648,45.545714],[-90.2745,45.54566],[-90.274233,45.538662],[-90.269068,45.538699],[-90.268975,45.53651],[-90.279356,45.537402],[-90.279228,45.531465],[-90.284471,45.531444],[-90.284371,45.524251],[-90.290706,45.525166],[-90.290779,45.531414],[-90.300786,45.531124],[-90.300868,45.534696],[-90.31004,45.53462]]]}},{"type":"Feature","properties":{"NAME":"Mosinee","state_abbr":"WI","state_name":"Wisconsin","ALAND":20343578},"geometry":{"type":"Polygon","coordinates":[[[-89.732388,44.788457],[-89.72743,44.791193],[-89.727426,44.798681],[-89.719424,44.797838],[-89.71577,44.79902],[-89.715775,44.800357],[-89.690224,44.800718],[-89.690262,44.798712],[-89.685905,44.800745],[-89.685453,44.803807],[-89.694682,44.804416],[-89.698022,44.809537],[-89.706597,44.811952],[-89.706093,44.814745],[-89.702785,44.815153],[-89.697942,44.811345],[-89.693982,44.810575],[-89.691186,44.812657],[-89.691794,44.81501],[-89.674784,44.815496],[-89.676621,44.815005],[-89.675008,44.812824],[-89.677696,44.808777],[-89.675378,44.807827],[-89.679112,44.798994],[-89.669928,44.798965],[-89.669983,44.804144],[-89.66486,44.804128],[-89.664871,44.807754],[-89.659775,44.807738],[-89.659748,44.800492],[-89.654654,44.800473],[-89.654679,44.789625],[-89.659743,44.789648],[-89.659744,44.786022],[-89.64962,44.786021],[-89.649626,44.787325],[-89.654366,44.786578],[-89.654387,44.788555],[-89.649614,44.788561],[-89.649602,44.789603],[-89.634304,44.789596],[-89.634355,44.782425],[-89.644535,44.782411],[-89.644521,44.778822],[-89.652882,44.778807],[-89.654664,44.77721],[-89.654688,44.771605],[-89.66087,44.771594],[-89.664624,44.768151],[-89.659679,44.768203],[-89.65961,44.764513],[-89.666331,44.76449],[-89.667991,44.757214],[-89.664644,44.757234],[-89.664626,44.755414],[-89.669701,44.75493],[-89.669771,44.757196],[-89.673031,44.757251],[-89.673885,44.760903],[-89.679855,44.760997],[-89.679901,44.764631],[-89.674855,44.764568],[-89.675671,44.768188],[-89.677499,44.768231],[-89.677556,44.771657],[-89.714727,44.771869],[-89.714844,44.778076],[-89.710653,44.78261],[-89.72934,44.782606],[-89.729353,44.783886],[-89.72743,44.783864],[-89.727443,44.786616],[-89.728872,44.786626],[-89.727448,44.788588],[-89.732388,44.788457]],[[-89.72744,44.790165],[-89.728356,44.78965],[-89.727436,44.789661],[-89.72744,44.790165]]]}},{"type":"Feature","properties":{"NAME":"Rothschild","state_abbr":"WI","state_name":"Wisconsin","ALAND":16908780},"geometry":{"type":"Polygon","coordinates":[[[-89.659172,44.858406],[-89.65316,44.864657],[-89.641312,44.869961],[-89.638112,44.878398],[-89.639359,44.883387],[-89.636462,44.889868],[-89.630948,44.89192],[-89.62896,44.894538],[-89.629024,44.898177],[-89.624078,44.89814],[-89.623989,44.901707],[-89.607869,44.901777],[-89.609232,44.894514],[-89.587738,44.894428],[-89.587747,44.89106],[-89.582573,44.891058],[-89.582477,44.887308],[-89.592951,44.887434],[-89.592303,44.865756],[-89.589774,44.865708],[-89.589786,44.862078],[-89.592322,44.862088],[-89.592327,44.858462],[-89.608992,44.858294],[-89.608873,44.854671],[-89.614183,44.854688],[-89.61418,44.858307],[-89.634403,44.858313],[-89.634401,44.854805],[-89.630686,44.854718],[-89.630568,44.851096],[-89.63893,44.851133],[-89.63712,44.854434],[-89.637352,44.858322],[-89.659172,44.858406]]]}},{"type":"Feature","properties":{"NAME":"Schofield","state_abbr":"WI","state_name":"Wisconsin","ALAND":5478115},"geometry":{"type":"Polygon","coordinates":[[[-89.641938,44.908797],[-89.637558,44.914883],[-89.620078,44.916208],[-89.62108,44.918127],[-89.619136,44.91905],[-89.619402,44.924996],[-89.614205,44.929181],[-89.617446,44.93071],[-89.601158,44.930791],[-89.601158,44.929513],[-89.59469,44.929407],[-89.593215,44.925593],[-89.595216,44.924084],[-89.590704,44.923742],[-89.589779,44.921339],[-89.589715,44.920203],[-89.59277,44.920159],[-89.59261,44.912854],[-89.599573,44.91277],[-89.599567,44.910956],[-89.602555,44.910895],[-89.602558,44.909011],[-89.608745,44.908983],[-89.607869,44.901777],[-89.629088,44.901759],[-89.629043,44.903374],[-89.640038,44.904099],[-89.641938,44.908797]]]}},{"type":"Feature","properties":{"NAME":"Stratford","state_abbr":"WI","state_name":"Wisconsin","ALAND":13740893},"geometry":{"type":"Polygon","coordinates":[[[-90.099576,44.787026],[-90.099331,44.815253],[-90.045202,44.815535],[-90.044896,44.786522],[-90.099576,44.787026]]]}},{"type":"Feature","properties":{"NAME":"Elderon","state_abbr":"WI","state_name":"Wisconsin","ALAND":2911336},"geometry":{"type":"Polygon","coordinates":[[[-89.259866,44.776581],[-89.259848,44.790989],[-89.245893,44.790964],[-89.244542,44.792183],[-89.244551,44.790962],[-89.234473,44.790931],[-89.234528,44.780086],[-89.241093,44.781669],[-89.244226,44.776513],[-89.259866,44.776581]]]}},{"type":"Feature","properties":{"NAME":"Hancock","state_abbr":"WI","state_name":"Wisconsin","ALAND":2711787},"geometry":{"type":"MultiPolygon","coordinates":[[[[-89.502035,44.126707],[-89.501921,44.13003],[-89.494516,44.130023],[-89.494696,44.127921],[-89.496932,44.128455],[-89.497682,44.127173],[-89.498009,44.128703],[-89.498037,44.12721],[-89.502035,44.126707]]],[[[-89.532287,44.126484],[-89.532252,44.140995],[-89.512124,44.140922],[-89.512193,44.133678],[-89.507071,44.133323],[-89.516839,44.131456],[-89.519417,44.132357],[-89.51542,44.128308],[-89.512291,44.12781],[-89.512274,44.126483],[-89.514678,44.126443],[-89.514784,44.122784],[-89.517323,44.122774],[-89.517317,44.126423],[-89.532287,44.126484]]]]}},{"type":"Feature","properties":{"NAME":"Fox Crossing","state_abbr":"WI","state_name":"Wisconsin","ALAND":32740880},"geometry":{"type":"MultiPolygon","coordinates":[[[[-88.414467,44.243577],[-88.404202,44.2441],[-88.404201,44.240478],[-88.409105,44.240442],[-88.409098,44.239131],[-88.410362,44.240415],[-88.410368,44.237408],[-88.414083,44.236135],[-88.412744,44.237334],[-88.412699,44.243172],[-88.414467,44.243577]]],[[[-88.415668,44.21657],[-88.414153,44.216406],[-88.414021,44.230543],[-88.410938,44.229692],[-88.40996,44.233258],[-88.403926,44.234849],[-88.404007,44.229578],[-88.405393,44.229604],[-88.404184,44.218487],[-88.406556,44.217455],[-88.406392,44.222349],[-88.407629,44.22289],[-88.407817,44.216957],[-88.410933,44.215128],[-88.415668,44.21657]]],[[[-88.417677,44.207971],[-88.414389,44.20862],[-88.41442,44.211198],[-88.404359,44.21022],[-88.404537,44.193699],[-88.414451,44.193755],[-88.414166,44.208306],[-88.417677,44.207971]]],[[[-88.4183,44.229033],[-88.418509,44.229197],[-88.418322,44.22921],[-88.4183,44.229033]]],[[[-88.419203,44.228765],[-88.418513,44.228979],[-88.418516,44.22876],[-88.419203,44.228765]]],[[[-88.420406,44.232994],[-88.418892,44.232977],[-88.418878,44.229789],[-88.420388,44.229801],[-88.420406,44.232994]]],[[[-88.420607,44.235359],[-88.418897,44.237391],[-88.419715,44.24003],[-88.417999,44.240049],[-88.418898,44.235339],[-88.420607,44.235359]]],[[[-88.423986,44.228468],[-88.422464,44.228783],[-88.422469,44.22846],[-88.423986,44.228468]]],[[[-88.423993,44.232765],[-88.421366,44.231786],[-88.421363,44.231314],[-88.423991,44.231259],[-88.423993,44.232765]]],[[[-88.423997,44.234771],[-88.41887,44.234234],[-88.416576,44.233046],[-88.423993,44.233069],[-88.423997,44.234771]]],[[[-88.423057,44.21172],[-88.42424,44.214263],[-88.416061,44.215187],[-88.416402,44.212642],[-88.405019,44.212628],[-88.404342,44.21108],[-88.416884,44.211893],[-88.418031,44.210671],[-88.419214,44.214065],[-88.423057,44.21172]]],[[[-88.425041,44.225285],[-88.426704,44.227393],[-88.422898,44.227547],[-88.425041,44.225285]]],[[[-88.43922,44.21996],[-88.439148,44.225324],[-88.437988,44.225314],[-88.439136,44.226282],[-88.436867,44.227822],[-88.436841,44.229916],[-88.434044,44.229905],[-88.434039,44.227442],[-88.428911,44.227408],[-88.431213,44.225944],[-88.428518,44.22593],[-88.428535,44.223421],[-88.432834,44.222629],[-88.427445,44.222453],[-88.43243,44.215369],[-88.437715,44.215399],[-88.437694,44.217457],[-88.439241,44.21815],[-88.434891,44.218143],[-88.434872,44.21996],[-88.43922,44.21996]]],[[[-88.534571,44.228749],[-88.529423,44.228837],[-88.529387,44.22738],[-88.524479,44.228909],[-88.524791,44.244028],[-88.417769,44.244037],[-88.418998,44.240956],[-88.421012,44.241771],[-88.421822,44.239649],[-88.425503,44.238817],[-88.423871,44.238421],[-88.424965,44.237087],[-88.423999,44.236299],[-88.440573,44.237166],[-88.440779,44.235656],[-88.440774,44.237167],[-88.444097,44.236338],[-88.442601,44.237896],[-88.445667,44.237776],[-88.447347,44.235588],[-88.44712,44.229964],[-88.444143,44.229935],[-88.444117,44.234461],[-88.441601,44.234454],[-88.441533,44.227088],[-88.444178,44.226303],[-88.444213,44.22267],[-88.441682,44.221839],[-88.444224,44.220803],[-88.443062,44.218696],[-88.444258,44.218685],[-88.444411,44.216173],[-88.451645,44.215505],[-88.451646,44.21709],[-88.449051,44.217675],[-88.450721,44.21961],[-88.453097,44.219151],[-88.453098,44.215867],[-88.465264,44.215719],[-88.465269,44.214405],[-88.467332,44.214409],[-88.467403,44.211309],[-88.469967,44.209465],[-88.469841,44.205072],[-88.474609,44.202114],[-88.474905,44.200833],[-88.471944,44.198994],[-88.474498,44.1927],[-88.485147,44.192625],[-88.48515,44.194424],[-88.4865,44.192617],[-88.495208,44.192651],[-88.495251,44.19986],[-88.515301,44.199823],[-88.515264,44.192562],[-88.507618,44.19253],[-88.506902,44.190182],[-88.513899,44.188934],[-88.51391,44.186513],[-88.516083,44.186516],[-88.516076,44.185305],[-88.520418,44.185304],[-88.52045,44.192585],[-88.523067,44.192596],[-88.521447,44.195427],[-88.523106,44.197649],[-88.520264,44.19775],[-88.520276,44.199284],[-88.518685,44.199564],[-88.523833,44.199846],[-88.524396,44.226135],[-88.534394,44.225113],[-88.534571,44.228749]],[[-88.446775,44.217933],[-88.445041,44.216867],[-88.444421,44.217892],[-88.446775,44.217933]],[[-88.446119,44.216652],[-88.445516,44.216427],[-88.445311,44.216636],[-88.446119,44.216652]]]]}},{"type":"Feature","properties":{"NAME":"Yorkville","state_abbr":"WI","state_name":"Wisconsin","ALAND":86753758},"geometry":{"type":"MultiPolygon","coordinates":[[[[-88.070971,42.684216],[-88.069082,42.684222],[-88.068416,42.68155],[-88.065973,42.684227],[-88.064856,42.679721],[-88.066689,42.679722],[-88.067497,42.682218],[-88.068111,42.679425],[-88.070924,42.679381],[-88.070971,42.684216]]],[[[-88.071766,42.757113],[-87.953984,42.756994],[-87.953284,42.669566],[-88.070915,42.669756],[-88.070975,42.676985],[-88.061552,42.677014],[-88.061653,42.681542],[-88.053919,42.680402],[-88.055347,42.674374],[-88.041758,42.673932],[-88.041737,42.672419],[-88.038289,42.672421],[-88.038204,42.674029],[-88.031989,42.673612],[-88.03202,42.676826],[-88.032097,42.68079],[-88.036944,42.680877],[-88.038218,42.680873],[-88.036941,42.676927],[-88.041812,42.676964],[-88.041889,42.680786],[-88.037031,42.68097],[-88.037097,42.684186],[-88.035714,42.684178],[-88.03564,42.680955],[-88.032101,42.680878],[-88.032205,42.691477],[-88.036231,42.691439],[-88.036258,42.698708],[-88.039536,42.698721],[-88.042001,42.695858],[-88.042012,42.698732],[-88.051967,42.69878],[-88.051972,42.700564],[-88.056802,42.700558],[-88.056797,42.698749],[-88.06171,42.698735],[-88.06163,42.687096],[-88.063142,42.687222],[-88.06316,42.695796],[-88.064433,42.695802],[-88.06439,42.6929],[-88.066442,42.692864],[-88.066319,42.687512],[-88.061713,42.686761],[-88.070993,42.685924],[-88.071766,42.757113]]]]}},{"type":"Feature","properties":{"NAME":"Birchwood","state_abbr":"WI","state_name":"Wisconsin","ALAND":2793692},"geometry":{"type":"Polygon","coordinates":[[[-91.561138,45.66706],[-91.543046,45.666402],[-91.540559,45.668857],[-91.540472,45.648434],[-91.560852,45.648748],[-91.561138,45.66706]]]}},{"type":"Feature","properties":{"NAME":"Arena","state_abbr":"WI","state_name":"Wisconsin","ALAND":2989635},"geometry":{"type":"Polygon","coordinates":[[[-89.930134,43.168251],[-89.912638,43.168823],[-89.912624,43.171666],[-89.907701,43.171657],[-89.907676,43.169685],[-89.909887,43.168853],[-89.897728,43.168072],[-89.897696,43.165541],[-89.895185,43.165371],[-89.89517,43.163355],[-89.898569,43.163408],[-89.898559,43.161666],[-89.892691,43.161648],[-89.892663,43.15809],[-89.901764,43.156425],[-89.902586,43.158048],[-89.922282,43.157791],[-89.922446,43.165132],[-89.92949,43.165128],[-89.930134,43.168251]]]}},{"type":"Feature","properties":{"NAME":"Waukesha","state_abbr":"WI","state_name":"Wisconsin","ALAND":66105202},"geometry":{"type":"MultiPolygon","coordinates":[[[[-88.287789,42.941582],[-88.279006,42.942844],[-88.278138,42.940021],[-88.282116,42.937877],[-88.279092,42.940025],[-88.280042,42.942337],[-88.287789,42.941582]]],[[[-88.304981,43.01017],[-88.304659,43.031865],[-88.285595,43.03206],[-88.285792,43.037258],[-88.291076,43.037381],[-88.289688,43.039767],[-88.286619,43.039374],[-88.286527,43.042262],[-88.29032,43.041922],[-88.292444,43.043217],[-88.2921,43.044839],[-88.289613,43.045494],[-88.290069,43.046551],[-88.285651,43.046667],[-88.285552,43.049907],[-88.282476,43.050271],[-88.282427,43.052073],[-88.270849,43.046911],[-88.270792,43.050243],[-88.268148,43.050225],[-88.26809,43.053871],[-88.265716,43.05386],[-88.265498,43.059423],[-88.251465,43.059607],[-88.251303,43.050352],[-88.248348,43.04701],[-88.245626,43.046197],[-88.23144,43.048404],[-88.229269,43.044201],[-88.225843,43.042615],[-88.22207,43.043119],[-88.222096,43.040476],[-88.224048,43.039512],[-88.220757,43.038548],[-88.223089,43.038008],[-88.22089,43.031134],[-88.221647,43.028672],[-88.219677,43.028507],[-88.220522,43.026916],[-88.215236,43.027566],[-88.215226,43.028962],[-88.205983,43.032238],[-88.204431,43.034383],[-88.20256,43.034375],[-88.2021,43.032128],[-88.195813,43.032036],[-88.195794,43.036372],[-88.183096,43.036442],[-88.183782,43.03906],[-88.181658,43.039096],[-88.181631,43.040369],[-88.176383,43.037494],[-88.175474,43.036479],[-88.176732,43.035284],[-88.173897,43.034455],[-88.179385,43.030929],[-88.177596,43.029669],[-88.180253,43.030499],[-88.184565,43.028507],[-88.184759,43.024437],[-88.188825,43.024505],[-88.188864,43.022616],[-88.191142,43.022662],[-88.191219,43.017399],[-88.200585,43.017257],[-88.200387,43.015732],[-88.197762,43.015288],[-88.197827,43.014018],[-88.200342,43.013988],[-88.200766,43.015731],[-88.199734,43.009501],[-88.194044,43.009514],[-88.192953,43.006624],[-88.186702,43.005815],[-88.187918,43.002947],[-88.196807,43.003115],[-88.187814,43.000181],[-88.189609,42.998158],[-88.187109,42.997003],[-88.198392,42.99708],[-88.199112,42.99985],[-88.200671,42.99709],[-88.198341,42.995552],[-88.187108,42.996935],[-88.187421,42.988373],[-88.193996,42.9884],[-88.199601,42.995007],[-88.200664,42.994193],[-88.196501,42.991095],[-88.197203,42.987313],[-88.196787,42.988682],[-88.194972,42.987585],[-88.194721,42.989044],[-88.193186,42.987222],[-88.18961,42.984897],[-88.189782,42.983292],[-88.199596,42.984142],[-88.197417,42.980354],[-88.199003,42.977676],[-88.197553,42.977358],[-88.197682,42.973833],[-88.20758,42.973814],[-88.205439,42.974],[-88.207657,42.975549],[-88.2076,42.977494],[-88.212502,42.976853],[-88.212355,42.980938],[-88.207463,42.981173],[-88.207233,42.98547],[-88.205867,42.986248],[-88.207564,42.985867],[-88.212343,42.981257],[-88.211415,42.987294],[-88.213289,42.98835],[-88.212028,42.988832],[-88.217086,42.988964],[-88.217227,42.984737],[-88.214712,42.984753],[-88.214851,42.981116],[-88.223583,42.978512],[-88.224739,42.975912],[-88.227127,42.976037],[-88.227361,42.973388],[-88.232661,42.972708],[-88.233617,42.966522],[-88.240379,42.966416],[-88.240575,42.959244],[-88.246229,42.959188],[-88.246232,42.957909],[-88.242886,42.957936],[-88.242959,42.954699],[-88.248438,42.955727],[-88.2484,42.958029],[-88.247051,42.958037],[-88.247732,42.961915],[-88.246547,42.961899],[-88.24772,42.96236],[-88.24661,42.964312],[-88.247666,42.964303],[-88.247764,42.967745],[-88.246579,42.980146],[-88.249841,42.980944],[-88.249826,42.979139],[-88.247497,42.979124],[-88.247647,42.976288],[-88.250028,42.976047],[-88.252461,42.972755],[-88.247782,42.972713],[-88.247869,42.9677],[-88.254857,42.96742],[-88.257511,42.970061],[-88.258876,42.966461],[-88.275862,42.966501],[-88.279655,42.964916],[-88.275929,42.96247],[-88.276036,42.959362],[-88.265209,42.959283],[-88.265295,42.951935],[-88.279391,42.951881],[-88.277595,42.953532],[-88.277129,42.955822],[-88.27974,42.953712],[-88.287602,42.953672],[-88.287629,42.957129],[-88.291654,42.958226],[-88.28896,42.959571],[-88.29536,42.961415],[-88.291896,42.964277],[-88.287683,42.961973],[-88.287583,42.966519],[-88.282843,42.970047],[-88.288393,42.972333],[-88.287388,42.973817],[-88.280127,42.973354],[-88.278784,42.975024],[-88.277403,42.975018],[-88.277893,42.973115],[-88.27333,42.9738],[-88.273314,42.975892],[-88.276197,42.975904],[-88.275861,42.978916],[-88.27792,42.978676],[-88.278045,42.98112],[-88.282222,42.981215],[-88.276077,42.984727],[-88.273631,42.982335],[-88.27584,42.980372],[-88.273099,42.981982],[-88.267294,42.98055],[-88.265618,42.983397],[-88.267817,42.985174],[-88.264754,42.987806],[-88.267151,42.988375],[-88.268999,42.986617],[-88.269273,42.988392],[-88.280659,42.988456],[-88.279906,42.984728],[-88.287085,42.984759],[-88.284495,42.986005],[-88.286949,42.987043],[-88.280655,42.988638],[-88.279676,42.991913],[-88.281282,42.993623],[-88.275778,42.99426],[-88.26681,42.996726],[-88.266769,42.998191],[-88.268918,42.996628],[-88.268869,42.998006],[-88.272418,42.997678],[-88.270379,43.001165],[-88.269145,43.000173],[-88.269051,43.002955],[-88.273981,43.003003],[-88.272821,43.001819],[-88.274757,42.998269],[-88.274247,42.995134],[-88.280875,42.994124],[-88.27924,42.997826],[-88.281593,42.996749],[-88.28165,42.994054],[-88.288805,42.993382],[-88.289126,42.995526],[-88.295107,42.99565],[-88.295237,42.993056],[-88.301562,42.992787],[-88.301296,42.999189],[-88.291892,42.999401],[-88.289722,42.996107],[-88.282417,42.996746],[-88.28096,43.000186],[-88.282286,43.000062],[-88.281362,43.000858],[-88.283833,43.003118],[-88.28621,43.003142],[-88.286045,43.010412],[-88.304981,43.01017]],[[-88.265423,42.993178],[-88.26347,42.992505],[-88.26211,42.99408],[-88.258778,42.993497],[-88.253681,42.995552],[-88.257067,42.996316],[-88.257119,42.994672],[-88.260895,42.997392],[-88.263535,42.996321],[-88.261336,42.995007],[-88.263087,42.993243],[-88.265423,42.993178]],[[-88.25888,43.004419],[-88.255006,43.004456],[-88.253954,43.002881],[-88.253045,43.003615],[-88.254683,43.00512],[-88.25888,43.004419]],[[-88.249729,42.983519],[-88.242843,42.986833],[-88.242212,42.985092],[-88.239482,42.985098],[-88.237861,42.990854],[-88.24344,42.990045],[-88.243533,42.98836],[-88.24653,42.990029],[-88.246569,42.988229],[-88.249674,42.988121],[-88.249729,42.983519]],[[-88.222976,42.984522],[-88.22395,42.983451],[-88.22295,42.983449],[-88.222976,42.984522]],[[-88.223949,42.983183],[-88.222864,42.982688],[-88.22294,42.983174],[-88.223949,42.983183]],[[-88.211973,42.999575],[-88.211475,42.997615],[-88.208302,42.999876],[-88.199843,42.999846],[-88.200063,43.00543],[-88.196708,43.006257],[-88.208055,43.005961],[-88.208343,43.004924],[-88.204118,43.004578],[-88.204137,43.003098],[-88.208853,43.004374],[-88.211973,42.999575]],[[-88.203782,43.014007],[-88.201954,43.014],[-88.201266,43.015737],[-88.203747,43.015745],[-88.203782,43.014007]]]]}},{"type":"Feature","properties":{"NAME":"Minong","state_abbr":"WI","state_name":"Wisconsin","ALAND":3949922},"geometry":{"type":"Polygon","coordinates":[[[-91.840558,46.092682],[-91.84052,46.103592],[-91.835199,46.103543],[-91.835159,46.107183],[-91.819234,46.107067],[-91.819353,46.108895],[-91.814064,46.1089],[-91.814022,46.092595],[-91.819197,46.092526],[-91.819182,46.085264],[-91.824532,46.086665],[-91.824524,46.085303],[-91.829867,46.085337],[-91.829893,46.089519],[-91.832064,46.088871],[-91.834229,46.092644],[-91.840558,46.092682]]]}},{"type":"Feature","properties":{"NAME":"Shell Lake","state_abbr":"WI","state_name":"Wisconsin","ALAND":15141097},"geometry":{"type":"Polygon","coordinates":[[[-91.93953,45.711067],[-91.939342,45.75368],[-91.867209,45.753366],[-91.867219,45.710891],[-91.93953,45.711067]]]}},{"type":"Feature","properties":{"NAME":"Forestville","state_abbr":"WI","state_name":"Wisconsin","ALAND":1359022},"geometry":{"type":"Polygon","coordinates":[[[-87.487541,44.691627],[-87.484526,44.69102],[-87.484596,44.695339],[-87.479705,44.695318],[-87.479725,44.697084],[-87.470966,44.697178],[-87.470941,44.690193],[-87.47554,44.689514],[-87.476135,44.686847],[-87.472102,44.682801],[-87.475237,44.684215],[-87.481964,44.68267],[-87.483522,44.686317],[-87.485867,44.686321],[-87.487541,44.691627]]]}},{"type":"Feature","properties":{"NAME":"Sturgeon Bay","state_abbr":"WI","state_name":"Wisconsin","ALAND":25621522},"geometry":{"type":"Polygon","coordinates":[[[-87.417735,44.82833],[-87.412651,44.828258],[-87.412679,44.824614],[-87.407607,44.824556],[-87.407562,44.828146],[-87.405899,44.8281],[-87.405033,44.824498],[-87.398689,44.824333],[-87.398162,44.822711],[-87.401875,44.82272],[-87.397386,44.822112],[-87.398529,44.826526],[-87.397389,44.827937],[-87.404728,44.828083],[-87.407546,44.830021],[-87.405877,44.830033],[-87.405788,44.831734],[-87.397381,44.830111],[-87.398636,44.834461],[-87.397358,44.835184],[-87.397224,44.842128],[-87.392054,44.843299],[-87.39314,44.852127],[-87.380983,44.852061],[-87.381475,44.850428],[-87.376823,44.849809],[-87.376772,44.854944],[-87.366646,44.854211],[-87.366686,44.860637],[-87.361592,44.860571],[-87.361532,44.856952],[-87.360254,44.856945],[-87.361513,44.854871],[-87.357645,44.855121],[-87.357614,44.8503],[-87.352905,44.850643],[-87.352929,44.852116],[-87.346487,44.853633],[-87.346604,44.849736],[-87.351228,44.849737],[-87.35135,44.844133],[-87.346043,44.844102],[-87.346394,44.835009],[-87.344954,44.834994],[-87.344894,44.836807],[-87.341026,44.836769],[-87.341155,44.834951],[-87.335867,44.834891],[-87.336122,44.824967],[-87.332572,44.824028],[-87.336157,44.824059],[-87.336169,44.822258],[-87.330954,44.822194],[-87.330982,44.820444],[-87.33619,44.820476],[-87.33657,44.806221],[-87.33346,44.806184],[-87.310803,44.791725],[-87.313533,44.792761],[-87.336398,44.791861],[-87.3365,44.798935],[-87.387278,44.798908],[-87.387226,44.813394],[-87.389788,44.813667],[-87.389757,44.81704],[-87.387195,44.817811],[-87.397415,44.817954],[-87.397444,44.810707],[-87.407623,44.810051],[-87.407653,44.813682],[-87.412666,44.813755],[-87.412681,44.817401],[-87.417699,44.81748],[-87.417735,44.82833]]]}},{"type":"Feature","properties":{"NAME":"Montello","state_abbr":"WI","state_name":"Wisconsin","ALAND":5093231},"geometry":{"type":"MultiPolygon","coordinates":[[[[-89.327151,43.802816],[-89.327061,43.806443],[-89.322111,43.806522],[-89.322268,43.80285],[-89.327151,43.802816]]],[[[-89.356674,43.801552],[-89.350638,43.803326],[-89.351537,43.813602],[-89.344391,43.81393],[-89.345108,43.812738],[-89.342716,43.808754],[-89.346073,43.804174],[-89.344373,43.803413],[-89.347134,43.79969],[-89.346165,43.797786],[-89.342985,43.795907],[-89.341112,43.797656],[-89.339561,43.795874],[-89.337487,43.796552],[-89.33905,43.795007],[-89.336849,43.794815],[-89.336886,43.799181],[-89.329469,43.799783],[-89.330728,43.802842],[-89.327232,43.802816],[-89.325711,43.79926],[-89.317132,43.799369],[-89.3162,43.795745],[-89.313649,43.795772],[-89.314707,43.793849],[-89.31702,43.79381],[-89.316954,43.791596],[-89.31543,43.791473],[-89.316935,43.790936],[-89.316815,43.781218],[-89.311852,43.781239],[-89.311829,43.779419],[-89.32566,43.78007],[-89.331793,43.778597],[-89.33072,43.78112],[-89.337008,43.781054],[-89.336942,43.791316],[-89.34673,43.790671],[-89.346698,43.795487],[-89.356652,43.795454],[-89.356674,43.801552]]]]}},{"type":"Feature","properties":{"NAME":"Oxford","state_abbr":"WI","state_name":"Wisconsin","ALAND":2173387},"geometry":{"type":"Polygon","coordinates":[[[-89.582807,43.783437],[-89.580431,43.782221],[-89.576738,43.78562],[-89.569215,43.785378],[-89.568179,43.783292],[-89.558281,43.783265],[-89.558286,43.785052],[-89.553539,43.785002],[-89.55344,43.78154],[-89.5435,43.78156],[-89.543521,43.776918],[-89.545755,43.777439],[-89.545765,43.779643],[-89.548031,43.779646],[-89.547932,43.777934],[-89.558354,43.779863],[-89.558387,43.778564],[-89.561029,43.779055],[-89.561061,43.776364],[-89.563152,43.776625],[-89.563252,43.774178],[-89.578218,43.774131],[-89.578124,43.780144],[-89.580861,43.78145],[-89.579975,43.77948],[-89.582287,43.779489],[-89.582807,43.783437]]]}},{"type":"Feature","properties":{"NAME":"West Bend","state_abbr":"WI","state_name":"Wisconsin","ALAND":40335252},"geometry":{"type":"MultiPolygon","coordinates":[[[[-88.116267,43.427117],[-88.116226,43.430049],[-88.111198,43.429968],[-88.111249,43.426275],[-88.116267,43.427117]]],[[[-88.246484,43.430701],[-88.241278,43.431115],[-88.24124,43.429294],[-88.236177,43.429258],[-88.236214,43.431078],[-88.233682,43.431059],[-88.234873,43.438745],[-88.231505,43.438736],[-88.231505,43.440753],[-88.229359,43.440448],[-88.228524,43.441839],[-88.226537,43.439798],[-88.226313,43.441894],[-88.221225,43.441379],[-88.221248,43.443207],[-88.216789,43.443188],[-88.216457,43.452677],[-88.211224,43.452602],[-88.208464,43.45553],[-88.21078,43.452581],[-88.209222,43.452578],[-88.211261,43.438031],[-88.206265,43.438016],[-88.206352,43.441647],[-88.203863,43.441626],[-88.203821,43.442776],[-88.206358,43.443198],[-88.206384,43.445277],[-88.196489,43.445137],[-88.191076,43.447301],[-88.194429,43.451288],[-88.193672,43.452358],[-88.188749,43.451956],[-88.187303,43.447545],[-88.188665,43.447537],[-88.186498,43.447207],[-88.186766,43.449416],[-88.181563,43.448734],[-88.181672,43.45395],[-88.17758,43.455186],[-88.177605,43.454089],[-88.17166,43.454012],[-88.171644,43.452146],[-88.176639,43.452141],[-88.176545,43.445851],[-88.17311,43.448396],[-88.166644,43.448529],[-88.166525,43.441115],[-88.161562,43.441119],[-88.161519,43.437657],[-88.146055,43.437647],[-88.146929,43.432223],[-88.143392,43.434001],[-88.141133,43.430364],[-88.136155,43.430244],[-88.135275,43.426578],[-88.121844,43.427455],[-88.121871,43.426358],[-88.118761,43.426321],[-88.121299,43.424013],[-88.121328,43.419931],[-88.119233,43.418787],[-88.121223,43.416407],[-88.116869,43.414799],[-88.123426,43.414155],[-88.126755,43.419307],[-88.125803,43.404748],[-88.130785,43.404802],[-88.129721,43.419958],[-88.13291,43.41851],[-88.133825,43.415451],[-88.136592,43.420028],[-88.146363,43.420351],[-88.146143,43.427576],[-88.149885,43.428881],[-88.150447,43.425684],[-88.147746,43.425687],[-88.147583,43.419206],[-88.144706,43.419553],[-88.144634,43.413444],[-88.145936,43.412174],[-88.155931,43.412208],[-88.155914,43.410393],[-88.150875,43.410377],[-88.150828,43.408558],[-88.160821,43.408583],[-88.161227,43.411361],[-88.16106,43.4004],[-88.159491,43.401324],[-88.159773,43.40312],[-88.15597,43.403799],[-88.155505,43.397749],[-88.161028,43.397673],[-88.160945,43.388735],[-88.158564,43.388748],[-88.158577,43.390396],[-88.150365,43.390397],[-88.150302,43.386761],[-88.160746,43.386794],[-88.160737,43.377706],[-88.150181,43.379495],[-88.150078,43.368552],[-88.157278,43.368607],[-88.15802,43.370799],[-88.160706,43.370817],[-88.160696,43.36863],[-88.161519,43.368635],[-88.160993,43.374011],[-88.164089,43.374105],[-88.164319,43.372284],[-88.168914,43.371432],[-88.167639,43.368671],[-88.169773,43.368682],[-88.172042,43.370298],[-88.170779,43.375896],[-88.164232,43.375968],[-88.163725,43.383178],[-88.170812,43.383183],[-88.170795,43.379549],[-88.180703,43.379557],[-88.178814,43.381018],[-88.180719,43.381008],[-88.18081,43.386817],[-88.186148,43.386881],[-88.18622,43.388781],[-88.187694,43.388923],[-88.187769,43.386907],[-88.191787,43.386946],[-88.19218,43.383322],[-88.200948,43.383414],[-88.201042,43.390696],[-88.210837,43.390816],[-88.21092,43.398092],[-88.200941,43.397972],[-88.201025,43.404937],[-88.206066,43.405656],[-88.206074,43.408989],[-88.203781,43.40896],[-88.206293,43.41233],[-88.224712,43.412792],[-88.226056,43.413617],[-88.226043,43.423713],[-88.240893,43.423844],[-88.240456,43.427469],[-88.245176,43.427499],[-88.246484,43.430701]],[[-88.23016,43.428097],[-88.227933,43.427367],[-88.227914,43.428074],[-88.23016,43.428097]],[[-88.202243,43.406234],[-88.201037,43.405944],[-88.201039,43.406213],[-88.202243,43.406234]],[[-88.160888,43.426426],[-88.161355,43.423129],[-88.155521,43.423116],[-88.151048,43.418766],[-88.151149,43.426731],[-88.160888,43.426426]],[[-88.155126,43.434613],[-88.151738,43.434005],[-88.151739,43.434603],[-88.155126,43.434613]],[[-88.226289,43.440906],[-88.22611,43.430972],[-88.221069,43.43092],[-88.221126,43.434544],[-88.217316,43.434499],[-88.2172,43.43559],[-88.21399,43.434475],[-88.213265,43.438092],[-88.220354,43.438176],[-88.220305,43.439597],[-88.22272,43.439053],[-88.226289,43.440906]]]]}},{"type":"Feature","properties":{"NAME":"Slinger","state_abbr":"WI","state_name":"Wisconsin","ALAND":14223561},"geometry":{"type":"MultiPolygon","coordinates":[[[[-88.282558,43.323221],[-88.280457,43.323651],[-88.280508,43.321035],[-88.275554,43.320987],[-88.275557,43.319235],[-88.280502,43.318676],[-88.282558,43.323221]]],[[[-88.314231,43.329619],[-88.29934,43.332321],[-88.301722,43.332353],[-88.301655,43.335685],[-88.299163,43.335717],[-88.299054,43.342647],[-88.293981,43.340036],[-88.292896,43.340652],[-88.294518,43.341735],[-88.291461,43.342578],[-88.290345,43.334157],[-88.291352,43.346479],[-88.295537,43.346527],[-88.295507,43.348861],[-88.293752,43.349486],[-88.2955,43.350152],[-88.290573,43.34909],[-88.295214,43.362537],[-88.291208,43.35757],[-88.29085,43.353696],[-88.289116,43.352198],[-88.287366,43.352861],[-88.284266,43.348789],[-88.28439,43.346364],[-88.281162,43.345984],[-88.27316,43.339061],[-88.270043,43.339044],[-88.261294,43.332564],[-88.260864,43.335366],[-88.25591,43.335335],[-88.255881,43.331737],[-88.245968,43.329847],[-88.245949,43.327164],[-88.240991,43.327985],[-88.241013,43.329733],[-88.237198,43.331719],[-88.229862,43.331609],[-88.230066,43.324259],[-88.243468,43.324374],[-88.243477,43.319606],[-88.23601,43.314342],[-88.236009,43.311869],[-88.240828,43.311764],[-88.236011,43.311731],[-88.233825,43.308428],[-88.231087,43.308411],[-88.231117,43.306292],[-88.227111,43.307347],[-88.224716,43.30562],[-88.226189,43.305367],[-88.226213,43.302668],[-88.228962,43.302675],[-88.228965,43.301114],[-88.236054,43.303914],[-88.240943,43.303865],[-88.24095,43.307109],[-88.236182,43.308728],[-88.236175,43.30992],[-88.240946,43.309945],[-88.240953,43.31356],[-88.245902,43.313927],[-88.245906,43.317194],[-88.255819,43.317251],[-88.255828,43.32025],[-88.254054,43.320253],[-88.253874,43.322315],[-88.255994,43.324142],[-88.252831,43.325326],[-88.260485,43.330907],[-88.260829,43.325589],[-88.259473,43.324451],[-88.263275,43.323543],[-88.26327,43.321004],[-88.26078,43.320985],[-88.263269,43.320914],[-88.263257,43.317267],[-88.265805,43.317269],[-88.26572,43.321018],[-88.268128,43.321059],[-88.268763,43.323309],[-88.277049,43.322183],[-88.278601,43.324617],[-88.289422,43.324824],[-88.290292,43.324087],[-88.283401,43.323441],[-88.28048,43.317423],[-88.289493,43.317563],[-88.290361,43.320536],[-88.290334,43.317581],[-88.299577,43.317641],[-88.299316,43.328553],[-88.304273,43.326893],[-88.304382,43.324794],[-88.309364,43.32471],[-88.309288,43.328225],[-88.314266,43.328172],[-88.314231,43.329619]],[[-88.290339,43.322232],[-88.289546,43.321189],[-88.28953,43.322297],[-88.290339,43.322232]]],[[[-88.326114,43.352688],[-88.318723,43.35358],[-88.318648,43.357669],[-88.316555,43.357566],[-88.318451,43.356269],[-88.318506,43.35358],[-88.306251,43.353723],[-88.306356,43.348295],[-88.303882,43.348326],[-88.303786,43.351853],[-88.29921,43.351916],[-88.298775,43.353813],[-88.299054,43.342647],[-88.304582,43.343741],[-88.304523,43.346505],[-88.309988,43.346445],[-88.308911,43.342837],[-88.303994,43.342897],[-88.304056,43.339281],[-88.315989,43.339133],[-88.317739,43.34252],[-88.310625,43.346631],[-88.314582,43.350734],[-88.318712,43.349964],[-88.318773,43.346333],[-88.32622,43.346396],[-88.326114,43.352688]]]]}},{"type":"Feature","properties":{"NAME":"Germantown","state_abbr":"WI","state_name":"Wisconsin","ALAND":89046452},"geometry":{"type":"Polygon","coordinates":[[[-88.182228,43.192571],[-88.181964,43.268888],[-88.177468,43.268766],[-88.177444,43.272438],[-88.174929,43.27239],[-88.175126,43.278905],[-88.167423,43.276659],[-88.168501,43.280684],[-88.162342,43.280623],[-88.162558,43.263009],[-88.155247,43.262925],[-88.155255,43.26474],[-88.152819,43.264713],[-88.152603,43.275559],[-88.150783,43.275526],[-88.150697,43.280468],[-88.135247,43.28019],[-88.135339,43.275537],[-88.127928,43.275694],[-88.127966,43.273897],[-88.123042,43.273999],[-88.123088,43.272164],[-88.118144,43.27214],[-88.117964,43.279863],[-88.063292,43.278881],[-88.063383,43.194766],[-88.067129,43.19475],[-88.06452,43.192118],[-88.182228,43.192571]],[[-88.147917,43.264621],[-88.147864,43.253743],[-88.140506,43.253685],[-88.140496,43.250056],[-88.128195,43.250064],[-88.128194,43.256824],[-88.130615,43.256984],[-88.129897,43.258172],[-88.142421,43.257276],[-88.143024,43.26453],[-88.147917,43.264621]],[[-88.12927,43.25786],[-88.128945,43.257411],[-88.128939,43.257866],[-88.12927,43.25786]]]}},{"type":"Feature","properties":{"NAME":"Milwaukee","state_abbr":"WI","state_name":"Wisconsin","ALAND":249086156},"geometry":{"type":"MultiPolygon","coordinates":[[[[-88.066476,43.194754],[-88.063383,43.194766],[-88.063353,43.192117],[-88.06452,43.192118],[-88.066476,43.194754]]],[[[-88.071009,43.121536],[-88.070235,43.125477],[-88.06527,43.125411],[-88.063353,43.192117],[-87.994171,43.19255],[-87.994758,43.163188],[-87.97486,43.163132],[-87.975289,43.148593],[-87.965482,43.148584],[-87.965198,43.155868],[-87.957507,43.155815],[-87.96031,43.162278],[-87.958116,43.163087],[-87.950791,43.163034],[-87.945139,43.158692],[-87.945433,43.148371],[-87.954758,43.148488],[-87.946001,43.128233],[-87.946209,43.120892],[-87.943803,43.118547],[-87.94598,43.117138],[-87.94603,43.115508],[-87.943893,43.115459],[-87.943958,43.113205],[-87.945783,43.112256],[-87.943982,43.112358],[-87.943404,43.115437],[-87.938497,43.115381],[-87.94005,43.119029],[-87.934145,43.118927],[-87.933089,43.115263],[-87.927326,43.115173],[-87.927712,43.118812],[-87.920835,43.118704],[-87.923891,43.11478],[-87.923948,43.11137],[-87.930952,43.107993],[-87.926177,43.105217],[-87.925051,43.10031],[-87.928591,43.100419],[-87.925413,43.097117],[-87.926647,43.097112],[-87.925061,43.094568],[-87.917069,43.095253],[-87.919044,43.094795],[-87.916559,43.089804],[-87.907883,43.089746],[-87.907701,43.098955],[-87.916875,43.103348],[-87.916949,43.104629],[-87.907082,43.104008],[-87.907054,43.098544],[-87.900969,43.095661],[-87.89967,43.090197],[-87.89348,43.086012],[-87.891684,43.081968],[-87.870825,43.081938],[-87.866766,43.074584],[-87.863852,43.074209],[-87.863846,43.070716],[-87.868674,43.064571],[-87.871761,43.063455],[-87.875547,43.058028],[-87.881967,43.053258],[-87.879546,43.047495],[-87.880227,43.044682],[-87.881501,43.045214],[-87.87968,43.047525],[-87.881977,43.051184],[-87.882939,43.050202],[-87.887127,43.052876],[-87.889895,43.04586],[-87.88797,43.044822],[-87.886299,43.046469],[-87.881792,43.046122],[-87.888778,43.042936],[-87.895,43.042535],[-87.896719,43.037818],[-87.893482,43.037594],[-87.893773,43.035189],[-87.893965,43.037434],[-87.896979,43.036587],[-87.898263,43.030327],[-87.89574,43.029659],[-87.897197,43.032418],[-87.894871,43.035287],[-87.894013,43.030391],[-87.895973,43.028513],[-87.895254,43.025887],[-87.898829,43.025773],[-87.898483,43.024486],[-87.894688,43.024928],[-87.894195,43.022895],[-87.897289,43.0201],[-87.894676,43.021362],[-87.896181,43.017464],[-87.893891,43.019534],[-87.893034,43.018104],[-87.895418,43.015882],[-87.893847,43.012289],[-87.891221,43.014479],[-87.893777,43.012129],[-87.8916,43.007151],[-87.887603,43.008143],[-87.884388,43.004861],[-87.887915,43.002304],[-87.886681,43.001386],[-87.887795,43.000588],[-87.868929,42.986666],[-87.874501,42.985021],[-87.874663,42.980515],[-87.888807,42.980584],[-87.886459,42.976614],[-87.886517,42.971903],[-87.889289,42.973274],[-87.889303,42.971775],[-87.89073,42.971785],[-87.889552,42.970749],[-87.892913,42.970822],[-87.891809,42.973277],[-87.893997,42.973279],[-87.894059,42.96619],[-87.889615,42.964304],[-87.889681,42.959241],[-87.88325,42.959128],[-87.889132,42.922688],[-87.890677,42.922695],[-87.890327,42.930036],[-87.929952,42.930277],[-87.930598,42.920823],[-87.940497,42.920896],[-87.940149,42.930309],[-87.949381,42.930372],[-87.949242,42.937617],[-87.964071,42.937638],[-87.964507,42.944885],[-87.962276,42.943097],[-87.960219,42.943279],[-87.960169,42.944875],[-87.949089,42.943681],[-87.948513,42.973936],[-87.956053,42.975005],[-87.953204,42.977156],[-87.953264,42.980698],[-87.956335,42.980763],[-87.958293,42.976392],[-87.964801,42.975182],[-87.964835,42.973908],[-87.96825,42.9727],[-87.968213,42.974414],[-87.969966,42.974485],[-87.969945,42.975079],[-87.97057,42.975079],[-87.970616,42.978626],[-87.968101,42.978624],[-87.967942,42.985733],[-87.971435,42.98557],[-87.970398,42.987877],[-87.972243,42.987883],[-87.971416,42.9869],[-87.981087,42.980674],[-87.980546,42.976473],[-87.978043,42.977547],[-87.978074,42.975731],[-87.9756,42.975736],[-87.975561,42.978633],[-87.973482,42.978613],[-87.97358,42.976022],[-87.970646,42.975977],[-87.97067,42.974981],[-87.970161,42.974982],[-87.973215,42.972951],[-87.974833,42.973908],[-87.974072,42.970834],[-87.977565,42.970831],[-87.977692,42.966653],[-87.988258,42.96663],[-87.98812,42.970264],[-87.983165,42.970348],[-87.983576,42.979536],[-87.981866,42.980554],[-87.982248,42.98095],[-87.986023,42.978886],[-87.983829,42.970707],[-87.988149,42.970483],[-87.988273,42.969592],[-87.992764,42.97024],[-87.992695,42.972076],[-87.990107,42.972096],[-87.990056,42.973881],[-87.99285,42.973858],[-87.998756,42.970047],[-88.014768,42.969859],[-88.014762,42.973737],[-88.037684,42.97363],[-88.037687,42.988103],[-88.002094,42.988317],[-88.001894,42.999016],[-87.989534,42.998876],[-87.98702,42.997487],[-87.984522,42.999295],[-87.977645,42.999278],[-87.977576,43.002917],[-87.975703,43.002892],[-87.977567,43.003849],[-87.968509,43.000788],[-87.968505,43.002902],[-87.961118,43.002991],[-87.960976,43.009814],[-87.966328,43.010163],[-87.966413,43.012261],[-87.962692,43.013254],[-87.967511,43.014312],[-87.967499,43.016849],[-87.961855,43.01688],[-87.961698,43.021367],[-87.962351,43.024165],[-87.969384,43.024157],[-87.969505,43.0207],[-87.982393,43.018384],[-87.982464,43.024126],[-88.024292,43.023838],[-88.044894,43.026651],[-88.045872,43.03101],[-88.047173,43.030987],[-88.047041,43.035081],[-88.031383,43.035465],[-88.031488,43.038781],[-88.0219,43.038918],[-88.021859,43.035934],[-88.02363,43.035921],[-88.023573,43.031175],[-88.016231,43.031334],[-88.017243,43.032192],[-88.016078,43.036005],[-88.001673,43.035726],[-88.001292,43.034129],[-87.996767,43.034073],[-87.995189,43.036521],[-87.984983,43.037154],[-87.984099,43.040184],[-87.987483,43.040208],[-87.987504,43.064376],[-87.989201,43.064355],[-87.989178,43.067612],[-87.993536,43.066188],[-87.993526,43.068035],[-88.002432,43.068039],[-88.002397,43.069465],[-88.007426,43.06947],[-88.007441,43.067619],[-88.038412,43.067588],[-88.035224,43.071877],[-88.035613,43.074793],[-88.038387,43.075152],[-88.033868,43.076138],[-88.03479,43.078703],[-88.038739,43.078913],[-88.038229,43.08916],[-88.047702,43.090213],[-88.0427,43.090666],[-88.04266,43.098056],[-88.03764,43.098062],[-88.03066,43.096945],[-88.034843,43.094669],[-88.03698,43.096908],[-88.037101,43.090845],[-88.032705,43.091404],[-88.033025,43.089846],[-88.031595,43.089843],[-88.03085,43.091542],[-88.02771,43.090194],[-88.027519,43.104448],[-88.066025,43.104221],[-88.065589,43.120677],[-88.071009,43.121536]]]]}},{"type":"Feature","properties":{"NAME":"Spooner","state_abbr":"WI","state_name":"Wisconsin","ALAND":10448217},"geometry":{"type":"Polygon","coordinates":[[[-91.923792,45.818067],[-91.915523,45.818187],[-91.915652,45.819619],[-91.907791,45.820898],[-91.907604,45.836211],[-91.897992,45.836224],[-91.897927,45.839827],[-91.900182,45.839807],[-91.900135,45.843397],[-91.892691,45.843472],[-91.892837,45.839869],[-91.887724,45.839911],[-91.886799,45.836298],[-91.880889,45.837599],[-91.881721,45.83628],[-91.879815,45.836277],[-91.877421,45.84118],[-91.871297,45.843449],[-91.872591,45.84402],[-91.860688,45.850819],[-91.861688,45.839778],[-91.866956,45.839849],[-91.867665,45.829002],[-91.87261,45.829018],[-91.872589,45.830969],[-91.875568,45.830994],[-91.875569,45.832622],[-91.877126,45.832641],[-91.877143,45.828922],[-91.851284,45.828721],[-91.851456,45.825139],[-91.855387,45.825191],[-91.855529,45.819998],[-91.853582,45.817299],[-91.855886,45.814349],[-91.860258,45.818633],[-91.869646,45.821431],[-91.877542,45.821689],[-91.877789,45.81451],[-91.893238,45.814541],[-91.893001,45.809098],[-91.897757,45.809318],[-91.896918,45.814513],[-91.908259,45.814396],[-91.908279,45.809339],[-91.912164,45.809419],[-91.912109,45.812742],[-91.92397,45.814744],[-91.923792,45.818067]]]}},{"type":"Feature","properties":{"NAME":"Oostburg","state_abbr":"WI","state_name":"Wisconsin","ALAND":5246208},"geometry":{"type":"Polygon","coordinates":[[[-87.809338,43.619688],[-87.807933,43.628864],[-87.804161,43.629213],[-87.805196,43.630341],[-87.803264,43.630347],[-87.803283,43.631718],[-87.795962,43.631728],[-87.796161,43.630391],[-87.792451,43.639168],[-87.787685,43.637865],[-87.793904,43.634384],[-87.795447,43.630391],[-87.789151,43.630355],[-87.78921,43.633993],[-87.784116,43.633982],[-87.784613,43.630335],[-87.769431,43.630291],[-87.770305,43.615727],[-87.800383,43.615101],[-87.802599,43.615843],[-87.801273,43.618589],[-87.809338,43.619688]]]}},{"type":"Feature","properties":{"NAME":"Marquette","state_abbr":"WI","state_name":"Wisconsin","ALAND":973839},"geometry":{"type":"Polygon","coordinates":[[[-89.146604,43.748709],[-89.14251,43.749911],[-89.12801,43.749235],[-89.127931,43.7454],[-89.13662,43.745342],[-89.136636,43.741686],[-89.14414,43.742898],[-89.144801,43.741583],[-89.146584,43.741569],[-89.145031,43.741746],[-89.14659,43.742977],[-89.146604,43.748709]]]}},{"type":"Feature","properties":{"NAME":"Salem Lakes","state_abbr":"WI","state_name":"Wisconsin","ALAND":78626368},"geometry":{"type":"MultiPolygon","coordinates":[[[[-88.115852,42.567204],[-88.115048,42.567894],[-88.115047,42.567436],[-88.115852,42.567204]]],[[[-88.120606,42.567475],[-88.118871,42.567488],[-88.118857,42.565589],[-88.120592,42.565995],[-88.118991,42.567057],[-88.120606,42.567475]]],[[[-88.187101,42.49525],[-88.188045,42.582501],[-88.138819,42.582661],[-88.138595,42.575471],[-88.133742,42.575479],[-88.135096,42.582689],[-88.114275,42.582781],[-88.11422,42.57974],[-88.11568,42.57974],[-88.115712,42.58147],[-88.119255,42.581703],[-88.119129,42.575505],[-88.116551,42.575505],[-88.115877,42.57265],[-88.118281,42.572261],[-88.116872,42.569159],[-88.119909,42.568616],[-88.118873,42.567812],[-88.124466,42.568237],[-88.124062,42.56401],[-88.126256,42.564006],[-88.126278,42.566091],[-88.128735,42.566086],[-88.128774,42.568314],[-88.131813,42.568303],[-88.132129,42.566939],[-88.132445,42.568298],[-88.133538,42.566536],[-88.133499,42.560952],[-88.123759,42.560981],[-88.123558,42.550079],[-88.118643,42.5501],[-88.118825,42.561012],[-88.120577,42.561001],[-88.118856,42.565539],[-88.116775,42.565598],[-88.118847,42.564204],[-88.118826,42.56117],[-88.113177,42.561015],[-88.101901,42.561005],[-88.0996,42.563387],[-88.096138,42.562272],[-88.086673,42.564704],[-88.086645,42.563318],[-88.08935,42.5624],[-88.089247,42.556878],[-88.085902,42.556985],[-88.085952,42.559589],[-88.084405,42.559608],[-88.084565,42.568167],[-88.079626,42.568168],[-88.079773,42.575495],[-88.089485,42.57548],[-88.089845,42.582865],[-88.070176,42.582882],[-88.068936,42.495552],[-88.187101,42.49525]]]]}},{"type":"Feature","properties":{"NAME":"Random Lake","state_abbr":"WI","state_name":"Wisconsin","ALAND":3887036},"geometry":{"type":"Polygon","coordinates":[[[-87.978431,43.552735],[-87.975944,43.552749],[-87.976003,43.557317],[-87.964905,43.557411],[-87.96486,43.558832],[-87.96187,43.559372],[-87.962702,43.557776],[-87.949751,43.564761],[-87.940943,43.564821],[-87.941005,43.55764],[-87.935956,43.557693],[-87.935988,43.554091],[-87.941044,43.554015],[-87.94136,43.544206],[-87.948464,43.544972],[-87.950582,43.542977],[-87.952684,43.544043],[-87.954361,43.542927],[-87.95723,43.546513],[-87.965942,43.546434],[-87.965955,43.550072],[-87.972961,43.548513],[-87.973836,43.550033],[-87.978405,43.549999],[-87.978431,43.552735]]]}},{"type":"Feature","properties":{"NAME":"Hustler","state_abbr":"WI","state_name":"Wisconsin","ALAND":1807113},"geometry":{"type":"Polygon","coordinates":[[[-90.279527,43.876524],[-90.27946,43.88193],[-90.256345,43.881772],[-90.253847,43.872723],[-90.256798,43.872738],[-90.256716,43.869119],[-90.261701,43.869137],[-90.261868,43.874579],[-90.276933,43.874688],[-90.276989,43.876497],[-90.279527,43.876524]]]}},{"type":"Feature","properties":{"NAME":"Shullsburg","state_abbr":"WI","state_name":"Wisconsin","ALAND":3449808},"geometry":{"type":"Polygon","coordinates":[[[-90.252957,42.576895],[-90.239131,42.577022],[-90.240896,42.577358],[-90.240882,42.580655],[-90.221183,42.580734],[-90.221174,42.566182],[-90.240946,42.566081],[-90.240939,42.568919],[-90.250324,42.568222],[-90.249687,42.571711],[-90.252965,42.572563],[-90.252957,42.576895]],[[-90.24142,42.573349],[-90.240921,42.572569],[-90.240926,42.57335],[-90.24142,42.573349]]]}},{"type":"Feature","properties":{"NAME":"Alma","state_abbr":"WI","state_name":"Wisconsin","ALAND":13752483},"geometry":{"type":"Polygon","coordinates":[[[-91.965833,44.363416],[-91.946043,44.364115],[-91.954399,44.370346],[-91.961654,44.378373],[-91.953405,44.37832],[-91.953385,44.374681],[-91.948286,44.374634],[-91.948233,44.36756],[-91.943234,44.367545],[-91.943185,44.364125],[-91.933195,44.364145],[-91.932991,44.374494],[-91.923041,44.374479],[-91.922998,44.378076],[-91.913058,44.378054],[-91.913181,44.370871],[-91.918141,44.367403],[-91.91815,44.363931],[-91.903419,44.363836],[-91.903913,44.36177],[-91.907934,44.360219],[-91.906156,44.358473],[-91.907707,44.356592],[-91.913179,44.354758],[-91.913177,44.352883],[-91.911062,44.353448],[-91.910067,44.351872],[-91.910916,44.350479],[-91.910822,44.35156],[-91.913178,44.352087],[-91.911694,44.351167],[-91.913189,44.349387],[-91.913379,44.319811],[-91.903292,44.319879],[-91.913066,44.324185],[-91.910526,44.324473],[-91.903137,44.320002],[-91.893134,44.319885],[-91.893327,44.287455],[-91.896949,44.287426],[-91.895265,44.286129],[-91.896674,44.286123],[-91.902014,44.291019],[-91.924258,44.291112],[-91.924879,44.29573],[-91.913574,44.310392],[-91.918625,44.322671],[-91.92559,44.333548],[-91.941311,44.340978],[-91.959523,44.359404],[-91.965833,44.363416]]]}},{"type":"Feature","properties":{"NAME":"Buffalo City","state_abbr":"WI","state_name":"Wisconsin","ALAND":4906252},"geometry":{"type":"MultiPolygon","coordinates":[[[[-91.84327,44.222084],[-91.843252,44.223242],[-91.838273,44.223266],[-91.8383,44.221837],[-91.84327,44.222084]]],[[[-91.892849,44.233418],[-91.88751,44.247939],[-91.872897,44.247749],[-91.871708,44.244876],[-91.847998,44.244907],[-91.848166,44.237653],[-91.858243,44.237693],[-91.858339,44.2305],[-91.848325,44.230485],[-91.848488,44.220489],[-91.843319,44.220496],[-91.843537,44.212329],[-91.83846,44.212309],[-91.838498,44.208705],[-91.833422,44.2087],[-91.833634,44.201493],[-91.872421,44.201387],[-91.872531,44.233253],[-91.892849,44.233418]]]]}},{"type":"Feature","properties":{"NAME":"Mondovi","state_abbr":"WI","state_name":"Wisconsin","ALAND":10091336},"geometry":{"type":"Polygon","coordinates":[[[-91.690855,44.557083],[-91.691079,44.578756],[-91.680917,44.578728],[-91.680963,44.582354],[-91.665674,44.582297],[-91.665667,44.589568],[-91.655401,44.589493],[-91.655467,44.578546],[-91.652328,44.578555],[-91.645532,44.584392],[-91.640277,44.586484],[-91.630061,44.585804],[-91.63015,44.578531],[-91.640334,44.578587],[-91.647956,44.581205],[-91.65049,44.579921],[-91.650465,44.556864],[-91.673427,44.557051],[-91.675996,44.556629],[-91.675938,44.555275],[-91.680875,44.55525],[-91.680898,44.55703],[-91.690855,44.557083]]]}},{"type":"Feature","properties":{"NAME":"Fort Atkinson","state_abbr":"WI","state_name":"Wisconsin","ALAND":15142986},"geometry":{"type":"MultiPolygon","coordinates":[[[[-88.821459,42.969473],[-88.820983,42.969508],[-88.82149,42.968344],[-88.821459,42.969473]]],[[[-88.823147,42.957886],[-88.818459,42.96446],[-88.821531,42.965417],[-88.820011,42.969814],[-88.809306,42.969196],[-88.820481,42.956871],[-88.823147,42.957886]]],[[[-88.873703,42.934639],[-88.866655,42.941797],[-88.871001,42.941854],[-88.871082,42.946159],[-88.86468,42.943056],[-88.862724,42.946336],[-88.859253,42.947904],[-88.849196,42.948773],[-88.849097,42.945125],[-88.826465,42.944647],[-88.826009,42.938071],[-88.823284,42.936752],[-88.824182,42.934029],[-88.822209,42.931878],[-88.825791,42.929104],[-88.826901,42.923159],[-88.8245,42.922371],[-88.820299,42.924098],[-88.822913,42.921129],[-88.822194,42.913073],[-88.827105,42.913214],[-88.827138,42.910366],[-88.834564,42.910475],[-88.831742,42.909948],[-88.831758,42.908238],[-88.83366,42.907609],[-88.827314,42.906436],[-88.82944,42.904806],[-88.83537,42.905019],[-88.835401,42.903634],[-88.837124,42.90366],[-88.838503,42.908468],[-88.837042,42.908756],[-88.837013,42.91078],[-88.84101,42.910913],[-88.839732,42.908392],[-88.840497,42.90329],[-88.855862,42.90287],[-88.859373,42.89929],[-88.856723,42.899289],[-88.856787,42.895605],[-88.85181,42.895456],[-88.851847,42.89378],[-88.85496,42.892655],[-88.852031,42.892542],[-88.851668,42.888168],[-88.861798,42.888483],[-88.861751,42.892117],[-88.866811,42.892296],[-88.866616,42.893654],[-88.860505,42.898341],[-88.862516,42.899326],[-88.858581,42.904194],[-88.860122,42.904867],[-88.857856,42.90767],[-88.864066,42.907809],[-88.864211,42.911664],[-88.867676,42.914214],[-88.861683,42.914018],[-88.861683,42.917604],[-88.85063,42.917281],[-88.848941,42.920669],[-88.846926,42.919805],[-88.846988,42.924313],[-88.849217,42.924294],[-88.849386,42.926026],[-88.855007,42.924715],[-88.855975,42.926386],[-88.85594,42.924252],[-88.858716,42.923756],[-88.860672,42.925461],[-88.86208,42.934481],[-88.857155,42.934415],[-88.857053,42.928932],[-88.854551,42.928464],[-88.853361,42.928472],[-88.852949,42.929736],[-88.857017,42.928959],[-88.853756,42.929743],[-88.857056,42.930492],[-88.857112,42.934393],[-88.853764,42.934334],[-88.853755,42.934364],[-88.862118,42.93451],[-88.861985,42.928953],[-88.866927,42.930982],[-88.866998,42.934548],[-88.873703,42.934639]],[[-88.855343,42.942962],[-88.854884,42.941997],[-88.854578,42.942945],[-88.855343,42.942962]],[[-88.855059,42.941005],[-88.852857,42.941572],[-88.852669,42.943381],[-88.854091,42.943425],[-88.855059,42.941005]],[[-88.853851,42.933045],[-88.852561,42.932645],[-88.852226,42.935159],[-88.852899,42.935486],[-88.853851,42.933045]],[[-88.829623,42.913274],[-88.827084,42.91406],[-88.829608,42.914112],[-88.829623,42.913274]],[[-88.837051,42.908225],[-88.837898,42.907987],[-88.837055,42.907971],[-88.837051,42.908225]]]]}},{"type":"Feature","properties":{"NAME":"Johnson Creek","state_abbr":"WI","state_name":"Wisconsin","ALAND":7842212},"geometry":{"type":"Polygon","coordinates":[[[-88.79283,43.085926],[-88.790431,43.086938],[-88.78982,43.089388],[-88.78336,43.090681],[-88.775568,43.090552],[-88.775817,43.086556],[-88.772376,43.086745],[-88.771586,43.088784],[-88.775528,43.088927],[-88.774128,43.094124],[-88.775249,43.094134],[-88.7751,43.096929],[-88.768501,43.097195],[-88.769707,43.093957],[-88.768105,43.097189],[-88.765787,43.097247],[-88.766,43.093969],[-88.76347,43.094027],[-88.767915,43.086451],[-88.764183,43.086611],[-88.766078,43.088514],[-88.763685,43.0904],[-88.763231,43.094029],[-88.758711,43.094213],[-88.758635,43.096064],[-88.76063,43.096013],[-88.759897,43.098845],[-88.755817,43.099812],[-88.758393,43.095988],[-88.756375,43.089658],[-88.758668,43.08989],[-88.759716,43.086],[-88.751553,43.086559],[-88.751628,43.085184],[-88.746638,43.08516],[-88.747034,43.079922],[-88.748814,43.078904],[-88.747055,43.078894],[-88.747121,43.076995],[-88.749541,43.077381],[-88.757108,43.076258],[-88.756975,43.079971],[-88.761847,43.079441],[-88.761959,43.07522],[-88.764985,43.075309],[-88.761839,43.074552],[-88.751506,43.076985],[-88.752059,43.074099],[-88.757147,43.074156],[-88.757286,43.065012],[-88.762224,43.064949],[-88.762199,43.068574],[-88.771708,43.068684],[-88.769404,43.072019],[-88.774676,43.067122],[-88.776613,43.068193],[-88.77656,43.071361],[-88.778203,43.070145],[-88.777538,43.071858],[-88.781496,43.071935],[-88.781627,43.070085],[-88.784086,43.070131],[-88.784182,43.068283],[-88.78666,43.068311],[-88.786761,43.066455],[-88.790748,43.066543],[-88.790563,43.071526],[-88.786486,43.072077],[-88.786346,43.075054],[-88.787553,43.075071],[-88.786349,43.079303],[-88.791096,43.079434],[-88.78925,43.079561],[-88.789078,43.083064],[-88.792926,43.083156],[-88.79283,43.085926]]]}},{"type":"Feature","properties":{"NAME":"Nelson","state_abbr":"WI","state_name":"Wisconsin","ALAND":3505252},"geometry":{"type":"Polygon","coordinates":[[[-92.024378,44.423215],[-92.023985,44.430434],[-92.00356,44.430253],[-92.003551,44.426637],[-91.993455,44.426574],[-91.993448,44.421584],[-91.988394,44.421596],[-91.988522,44.407459],[-91.993561,44.409562],[-91.993573,44.408279],[-91.994781,44.408717],[-92.008628,44.419203],[-92.024378,44.423215]]]}},{"type":"Feature","properties":{"NAME":"Gillett","state_abbr":"WI","state_name":"Wisconsin","ALAND":3495314},"geometry":{"type":"Polygon","coordinates":[[[-88.322849,44.893598],[-88.322624,44.896854],[-88.292059,44.896607],[-88.292679,44.882163],[-88.318073,44.881405],[-88.317991,44.883541],[-88.322169,44.882444],[-88.322106,44.884835],[-88.317982,44.883746],[-88.317789,44.889911],[-88.320063,44.889922],[-88.319989,44.892289],[-88.31772,44.891928],[-88.322849,44.893598]]]}},{"type":"Feature","properties":{"NAME":"Big Bend","state_abbr":"WI","state_name":"Wisconsin","ALAND":8419839},"geometry":{"type":"MultiPolygon","coordinates":[[[[-88.220484,42.873955],[-88.218697,42.873582],[-88.21769,42.871699],[-88.219628,42.870878],[-88.220484,42.873955]]],[[[-88.237996,42.929304],[-88.218788,42.930256],[-88.219833,42.926427],[-88.218963,42.92359],[-88.216783,42.923582],[-88.215843,42.92626],[-88.217178,42.926264],[-88.217117,42.929021],[-88.208938,42.930239],[-88.209041,42.923516],[-88.213912,42.923496],[-88.21898,42.921033],[-88.219028,42.916743],[-88.215496,42.917106],[-88.219036,42.91552],[-88.219003,42.913873],[-88.209258,42.917821],[-88.209089,42.915483],[-88.206211,42.915499],[-88.199018,42.91958],[-88.199038,42.917911],[-88.204083,42.915511],[-88.199069,42.915547],[-88.199077,42.911878],[-88.193985,42.911905],[-88.194008,42.908252],[-88.199076,42.90823],[-88.199064,42.906129],[-88.204723,42.905828],[-88.204937,42.90367],[-88.209012,42.902996],[-88.211091,42.902993],[-88.214462,42.906804],[-88.213817,42.90338],[-88.209805,42.900929],[-88.208945,42.896707],[-88.208918,42.895373],[-88.213814,42.895359],[-88.213803,42.89179],[-88.210271,42.891801],[-88.210289,42.893643],[-88.207044,42.894989],[-88.206659,42.893027],[-88.209933,42.892894],[-88.20904,42.888297],[-88.211311,42.888285],[-88.212126,42.886358],[-88.206359,42.886482],[-88.208846,42.887817],[-88.206378,42.888204],[-88.206699,42.890087],[-88.203939,42.890119],[-88.203994,42.89366],[-88.195896,42.893738],[-88.195368,42.886232],[-88.198898,42.885794],[-88.198792,42.879169],[-88.196365,42.879178],[-88.196312,42.875521],[-88.193757,42.875539],[-88.19369,42.871886],[-88.199605,42.871821],[-88.205038,42.875421],[-88.209122,42.875158],[-88.213679,42.877746],[-88.21842,42.874755],[-88.218474,42.879062],[-88.214635,42.879077],[-88.214681,42.882175],[-88.218504,42.881282],[-88.21855,42.884934],[-88.214804,42.884593],[-88.214827,42.886362],[-88.21278,42.886356],[-88.212807,42.890001],[-88.218697,42.89],[-88.219955,42.894717],[-88.223558,42.893615],[-88.223575,42.895524],[-88.227358,42.895523],[-88.227465,42.897446],[-88.218682,42.897262],[-88.218701,42.899067],[-88.213789,42.89907],[-88.213815,42.900907],[-88.218719,42.9009],[-88.218821,42.908163],[-88.215364,42.90829],[-88.216979,42.910143],[-88.21941,42.910059],[-88.236029,42.905268],[-88.228794,42.908268],[-88.227426,42.912601],[-88.228838,42.912593],[-88.228857,42.917247],[-88.222488,42.916241],[-88.220539,42.91786],[-88.221724,42.920828],[-88.219213,42.92156],[-88.219597,42.922756],[-88.227815,42.922702],[-88.228778,42.926332],[-88.238073,42.926276],[-88.237996,42.929304]],[[-88.218965,42.923398],[-88.217931,42.922624],[-88.217919,42.923391],[-88.218965,42.923398]],[[-88.199822,42.875178],[-88.198245,42.874128],[-88.197025,42.875512],[-88.198671,42.876069],[-88.199822,42.875178]]]]}},{"type":"Feature","properties":{"NAME":"Brookfield","state_abbr":"WI","state_name":"Wisconsin","ALAND":70763455},"geometry":{"type":"Polygon","coordinates":[[[-88.185884,43.06429],[-88.182082,43.064432],[-88.18013,43.066127],[-88.180309,43.071834],[-88.185879,43.071535],[-88.185848,43.082386],[-88.180921,43.084312],[-88.180919,43.084759],[-88.180907,43.089802],[-88.184044,43.089672],[-88.18333,43.083465],[-88.185827,43.082992],[-88.1858,43.093236],[-88.180761,43.093438],[-88.180628,43.097064],[-88.175519,43.096993],[-88.175729,43.093642],[-88.170654,43.093849],[-88.170857,43.090212],[-88.175103,43.09004],[-88.175135,43.085564],[-88.170914,43.085911],[-88.177718,43.0836],[-88.178467,43.085025],[-88.17847,43.082663],[-88.161572,43.083194],[-88.165836,43.086247],[-88.165872,43.084809],[-88.170947,43.083625],[-88.170927,43.085089],[-88.160402,43.089934],[-88.160716,43.094113],[-88.155932,43.09413],[-88.155859,43.097774],[-88.165403,43.097713],[-88.16403,43.10627],[-88.156467,43.104595],[-88.076101,43.104639],[-88.076295,43.096627],[-88.071246,43.096426],[-88.071227,43.098398],[-88.066144,43.098289],[-88.066837,43.059293],[-88.106208,43.059739],[-88.107067,43.035932],[-88.066938,43.036436],[-88.067252,43.016399],[-88.146768,43.017169],[-88.147162,43.019709],[-88.149399,43.019705],[-88.148882,43.017118],[-88.166622,43.017894],[-88.166731,43.020894],[-88.161677,43.020826],[-88.161753,43.024648],[-88.156715,43.02454],[-88.156744,43.027271],[-88.154259,43.027195],[-88.154287,43.028865],[-88.146828,43.028624],[-88.146811,43.032038],[-88.141829,43.031951],[-88.14178,43.034977],[-88.14009,43.035082],[-88.140089,43.036271],[-88.133212,43.036745],[-88.133122,43.039141],[-88.128386,43.039514],[-88.127798,43.042115],[-88.135153,43.040421],[-88.136595,43.042868],[-88.136722,43.039223],[-88.141991,43.039422],[-88.140222,43.035253],[-88.144645,43.034647],[-88.144852,43.036275],[-88.146753,43.036155],[-88.146648,43.040034],[-88.14479,43.039986],[-88.144701,43.043053],[-88.146565,43.043098],[-88.146523,43.044895],[-88.156488,43.044902],[-88.156441,43.0468],[-88.17158,43.046662],[-88.171499,43.051312],[-88.185837,43.051026],[-88.185884,43.06429]],[[-88.136595,43.042868],[-88.136515,43.046528],[-88.139007,43.046585],[-88.139125,43.04292],[-88.136595,43.042868]]]}},{"type":"Feature","properties":{"NAME":"Menomonee Falls","state_abbr":"WI","state_name":"Wisconsin","ALAND":85196370},"geometry":{"type":"Polygon","coordinates":[[[-88.185653,43.104719],[-88.184195,43.139184],[-88.170441,43.145452],[-88.164109,43.144622],[-88.16239,43.140989],[-88.144664,43.140939],[-88.143651,43.168166],[-88.158244,43.168244],[-88.158716,43.155524],[-88.183695,43.155427],[-88.182228,43.192571],[-88.063353,43.192117],[-88.06527,43.125411],[-88.070235,43.125477],[-88.071009,43.121536],[-88.065589,43.120677],[-88.065576,43.119095],[-88.0771,43.119184],[-88.07723,43.115594],[-88.075525,43.115595],[-88.077217,43.104747],[-88.156467,43.104595],[-88.16403,43.10627],[-88.164067,43.104625],[-88.185653,43.104719]]]}},{"type":"Feature","properties":{"NAME":"Delafield","state_abbr":"WI","state_name":"Wisconsin","ALAND":24373437},"geometry":{"type":"Polygon","coordinates":[[[-88.43136,43.079339],[-88.426594,43.080539],[-88.427303,43.082915],[-88.424798,43.087591],[-88.426476,43.090438],[-88.422175,43.090474],[-88.421943,43.097703],[-88.426813,43.098602],[-88.424562,43.098613],[-88.424585,43.104159],[-88.421935,43.103071],[-88.421838,43.106061],[-88.41274,43.105989],[-88.413448,43.079837],[-88.397731,43.080011],[-88.399496,43.083729],[-88.397589,43.089174],[-88.395764,43.088508],[-88.394695,43.090944],[-88.391949,43.09094],[-88.390364,43.091886],[-88.392107,43.095517],[-88.390612,43.096832],[-88.395439,43.096544],[-88.394591,43.09788],[-88.398105,43.098272],[-88.398056,43.099401],[-88.381233,43.102368],[-88.371534,43.100696],[-88.371484,43.105694],[-88.359549,43.105554],[-88.359655,43.102634],[-88.362719,43.102676],[-88.363662,43.072542],[-88.360295,43.071645],[-88.363967,43.065133],[-88.364221,43.050393],[-88.35005,43.048767],[-88.349539,43.045606],[-88.352651,43.045601],[-88.352646,43.043642],[-88.349553,43.043161],[-88.359341,43.043186],[-88.35934,43.039546],[-88.364256,43.039561],[-88.364245,43.046851],[-88.404371,43.04698],[-88.404352,43.045145],[-88.414168,43.047208],[-88.414213,43.043484],[-88.422903,43.043412],[-88.422428,43.076027],[-88.43136,43.079339]]]}},{"type":"Feature","properties":{"NAME":"Pewaukee","state_abbr":"WI","state_name":"Wisconsin","ALAND":10667756},"geometry":{"type":"Polygon","coordinates":[[[-88.287023,43.093804],[-88.28844,43.097986],[-88.254782,43.090501],[-88.259771,43.092459],[-88.258488,43.097605],[-88.25809,43.094],[-88.254685,43.094132],[-88.254555,43.09936],[-88.249584,43.099577],[-88.250335,43.095731],[-88.249025,43.095559],[-88.244678,43.09639],[-88.244539,43.100397],[-88.244592,43.10177],[-88.24945,43.101583],[-88.250765,43.10013],[-88.254516,43.101401],[-88.254459,43.105029],[-88.235019,43.104854],[-88.236513,43.104559],[-88.235952,43.100586],[-88.234362,43.100514],[-88.234462,43.093253],[-88.227383,43.088717],[-88.224683,43.088668],[-88.224631,43.083362],[-88.226144,43.082298],[-88.224908,43.079551],[-88.229742,43.079642],[-88.229813,43.07534],[-88.234777,43.076713],[-88.231336,43.075185],[-88.233736,43.07417],[-88.233805,43.072125],[-88.243524,43.075943],[-88.242735,43.07294],[-88.240112,43.07237],[-88.240234,43.068631],[-88.245428,43.068615],[-88.245378,43.071056],[-88.250408,43.071792],[-88.250829,43.075682],[-88.253949,43.075481],[-88.251719,43.073399],[-88.251678,43.06864],[-88.252374,43.064869],[-88.255432,43.064814],[-88.255389,43.068418],[-88.265237,43.068204],[-88.265115,43.073747],[-88.27516,43.075711],[-88.276032,43.085856],[-88.27968,43.086624],[-88.279459,43.090219],[-88.282413,43.092577],[-88.284577,43.092339],[-88.284558,43.093849],[-88.287023,43.093804]],[[-88.277175,43.090174],[-88.277427,43.089278],[-88.276751,43.090169],[-88.277175,43.090174]]]}},{"type":"Feature","properties":{"NAME":"Oconomowoc","state_abbr":"WI","state_name":"Wisconsin","ALAND":30462916},"geometry":{"type":"Polygon","coordinates":[[[-88.540041,43.080541],[-88.539619,43.107605],[-88.524224,43.107416],[-88.525319,43.112827],[-88.530461,43.114139],[-88.522503,43.114616],[-88.539312,43.119888],[-88.539268,43.122072],[-88.495859,43.121541],[-88.495009,43.128737],[-88.498365,43.128779],[-88.498091,43.130443],[-88.499573,43.13111],[-88.493833,43.130328],[-88.490063,43.13286],[-88.48997,43.135928],[-88.480284,43.137621],[-88.481362,43.12857],[-88.478849,43.12853],[-88.478599,43.132137],[-88.47555,43.132086],[-88.475404,43.141326],[-88.473227,43.141548],[-88.473171,43.142995],[-88.465555,43.142814],[-88.465635,43.139463],[-88.460752,43.139344],[-88.460934,43.133634],[-88.462057,43.133657],[-88.460948,43.132538],[-88.461215,43.121014],[-88.47092,43.121191],[-88.470957,43.118494],[-88.472685,43.11851],[-88.476455,43.121136],[-88.474336,43.121244],[-88.474291,43.12264],[-88.477417,43.123463],[-88.479381,43.122103],[-88.479253,43.124928],[-88.480587,43.12495],[-88.480691,43.121345],[-88.48555,43.121043],[-88.48554,43.114292],[-88.480781,43.11595],[-88.48165,43.107023],[-88.483802,43.10638],[-88.477321,43.104964],[-88.475531,43.097283],[-88.473351,43.095324],[-88.470601,43.095377],[-88.470745,43.091129],[-88.46583,43.091035],[-88.466652,43.087385],[-88.459959,43.083609],[-88.452089,43.083526],[-88.45174,43.069789],[-88.446331,43.069753],[-88.447242,43.062548],[-88.47134,43.069346],[-88.471628,43.057501],[-88.481604,43.057679],[-88.480826,43.0815],[-88.488128,43.081703],[-88.48863,43.078952],[-88.490548,43.07968],[-88.489605,43.08069],[-88.490737,43.081977],[-88.499971,43.084787],[-88.505614,43.084752],[-88.505612,43.077116],[-88.520566,43.077403],[-88.520661,43.084618],[-88.540041,43.080541]],[[-88.484383,43.107485],[-88.484268,43.106952],[-88.484263,43.107484],[-88.484383,43.107485]],[[-88.473371,43.121955],[-88.471019,43.121193],[-88.470996,43.121919],[-88.473371,43.121955]]]}},{"type":"Feature","properties":{"NAME":"Chenequa","state_abbr":"WI","state_name":"Wisconsin","ALAND":8963167},"geometry":{"type":"Polygon","coordinates":[[[-88.403253,43.105957],[-88.402808,43.13139],[-88.39855,43.13179],[-88.399022,43.133355],[-88.394956,43.134979],[-88.394344,43.139432],[-88.388996,43.140141],[-88.385418,43.143246],[-88.384722,43.147028],[-88.383461,43.145432],[-88.38268,43.143823],[-88.383377,43.144547],[-88.383225,43.142875],[-88.384137,43.142163],[-88.384306,43.140686],[-88.378284,43.14204],[-88.375223,43.151038],[-88.371122,43.150985],[-88.371477,43.142038],[-88.366567,43.141955],[-88.366817,43.138338],[-88.368565,43.138362],[-88.369304,43.13474],[-88.367627,43.134136],[-88.369801,43.131582],[-88.369815,43.128594],[-88.368327,43.125345],[-88.364097,43.127433],[-88.362388,43.121929],[-88.362559,43.11956],[-88.367519,43.119298],[-88.367858,43.11293],[-88.371123,43.112612],[-88.37006,43.111872],[-88.371534,43.100696],[-88.379867,43.102379],[-88.392857,43.101558],[-88.392784,43.10589],[-88.403253,43.105957]]]}},{"type":"Feature","properties":{"NAME":"Mukwonago","state_abbr":"WI","state_name":"Wisconsin","ALAND":20806166},"geometry":{"type":"MultiPolygon","coordinates":[[[[-88.308091,42.839279],[-88.306466,42.839863],[-88.307433,42.838576],[-88.308091,42.839279]]],[[[-88.365199,42.864804],[-88.36518,42.871821],[-88.360251,42.8718],[-88.360222,42.875706],[-88.358602,42.875666],[-88.358538,42.871794],[-88.355328,42.871781],[-88.355345,42.882884],[-88.345366,42.88281],[-88.345363,42.881583],[-88.342258,42.881204],[-88.335567,42.882569],[-88.335554,42.878907],[-88.331078,42.87887],[-88.331117,42.875261],[-88.327329,42.875223],[-88.326515,42.877587],[-88.314731,42.885791],[-88.310999,42.882292],[-88.310071,42.874572],[-88.301929,42.875632],[-88.301231,42.877643],[-88.297196,42.879355],[-88.300764,42.87692],[-88.301506,42.873577],[-88.297647,42.877129],[-88.294343,42.876001],[-88.294303,42.873079],[-88.297234,42.872577],[-88.297737,42.868382],[-88.302218,42.866579],[-88.302091,42.856667],[-88.299275,42.857629],[-88.297937,42.856019],[-88.297334,42.846524],[-88.306326,42.845686],[-88.306435,42.840675],[-88.309357,42.840002],[-88.309582,42.836985],[-88.311745,42.836551],[-88.311781,42.834553],[-88.316345,42.83461],[-88.316497,42.826038],[-88.321443,42.824362],[-88.321799,42.821614],[-88.324052,42.824254],[-88.324846,42.821727],[-88.322794,42.821014],[-88.32793,42.818468],[-88.328895,42.82084],[-88.331373,42.820865],[-88.331291,42.824466],[-88.326354,42.824429],[-88.326333,42.835289],[-88.336051,42.836266],[-88.33734,42.831723],[-88.336088,42.831278],[-88.33776,42.830105],[-88.336104,42.830095],[-88.336138,42.828094],[-88.353221,42.828299],[-88.353204,42.831189],[-88.349702,42.83545],[-88.345853,42.835397],[-88.34551,42.840827],[-88.337549,42.850309],[-88.340663,42.850836],[-88.340591,42.856244],[-88.335624,42.856176],[-88.337637,42.856275],[-88.336878,42.859587],[-88.338234,42.862262],[-88.341954,42.864675],[-88.344475,42.865232],[-88.343333,42.864696],[-88.345316,42.86472],[-88.345492,42.862735],[-88.3554,42.862732],[-88.355412,42.860934],[-88.35786,42.860936],[-88.357977,42.865748],[-88.36035,42.864693],[-88.360446,42.859502],[-88.362927,42.860808],[-88.362944,42.863602],[-88.360591,42.864575],[-88.365199,42.864804]],[[-88.345346,42.878452],[-88.345341,42.877141],[-88.34252,42.877128],[-88.342437,42.874353],[-88.340694,42.874276],[-88.340701,42.876369],[-88.342351,42.876382],[-88.339349,42.877121],[-88.340804,42.879815],[-88.345346,42.878452]],[[-88.338322,42.846579],[-88.335899,42.845908],[-88.335888,42.848817],[-88.336441,42.848309],[-88.338322,42.846579]],[[-88.316786,42.848511],[-88.316153,42.846485],[-88.315166,42.848215],[-88.316786,42.848511]],[[-88.306326,42.845686],[-88.306302,42.846889],[-88.307715,42.847018],[-88.307718,42.846061],[-88.306326,42.845686]]]]}},{"type":"Feature","properties":{"NAME":"Lac La Belle","state_abbr":"WI","state_name":"Wisconsin","ALAND":2866128},"geometry":{"type":"Polygon","coordinates":[[[-88.548476,43.136115],[-88.546815,43.136832],[-88.548444,43.136873],[-88.54826,43.142912],[-88.546737,43.142887],[-88.548171,43.145857],[-88.53846,43.145613],[-88.538315,43.150274],[-88.536875,43.151115],[-88.527126,43.151008],[-88.521712,43.149118],[-88.525384,43.147386],[-88.519641,43.14733],[-88.519334,43.149989],[-88.512118,43.149749],[-88.511569,43.143518],[-88.515259,43.143602],[-88.515241,43.139914],[-88.508299,43.138123],[-88.508056,43.136053],[-88.5143,43.137346],[-88.528508,43.144184],[-88.535679,43.14065],[-88.535804,43.133521],[-88.538875,43.133516],[-88.538775,43.137554],[-88.543567,43.137639],[-88.543636,43.13545],[-88.548476,43.136115]],[[-88.533548,43.147755],[-88.530244,43.147742],[-88.530234,43.149215],[-88.532398,43.149058],[-88.533548,43.147755]]]}},{"type":"Feature","properties":{"NAME":"Camp Douglas","state_abbr":"WI","state_name":"Wisconsin","ALAND":2604012},"geometry":{"type":"Polygon","coordinates":[[[-90.286702,43.92352],[-90.286622,43.925301],[-90.281708,43.924359],[-90.281621,43.92639],[-90.286492,43.929169],[-90.271616,43.926861],[-90.27023,43.92507],[-90.261726,43.923271],[-90.261518,43.919731],[-90.251831,43.91975],[-90.251947,43.912569],[-90.26176,43.916929],[-90.261776,43.912653],[-90.271817,43.912501],[-90.271828,43.915988],[-90.281913,43.916015],[-90.281756,43.923223],[-90.286702,43.92352]]]}},{"type":"Feature","properties":{"NAME":"Elroy","state_abbr":"WI","state_name":"Wisconsin","ALAND":5200979},"geometry":{"type":"Polygon","coordinates":[[[-90.281609,43.753418],[-90.278092,43.753926],[-90.27668,43.755699],[-90.277971,43.758211],[-90.276733,43.758272],[-90.276689,43.764171],[-90.272629,43.76411],[-90.271689,43.755113],[-90.266556,43.755127],[-90.266341,43.746212],[-90.261573,43.746081],[-90.261524,43.741569],[-90.256522,43.741468],[-90.255783,43.73715],[-90.252895,43.738069],[-90.253526,43.735303],[-90.256446,43.734726],[-90.25639,43.731541],[-90.261373,43.731521],[-90.261377,43.729913],[-90.263031,43.731031],[-90.263072,43.729077],[-90.266059,43.72923],[-90.263072,43.729057],[-90.26314,43.725466],[-90.26139,43.725481],[-90.261375,43.728557],[-90.25963,43.728777],[-90.257351,43.726753],[-90.258969,43.724316],[-90.2658,43.724398],[-90.26577,43.723169],[-90.267956,43.723019],[-90.268221,43.726233],[-90.270541,43.726817],[-90.268382,43.731306],[-90.281319,43.73158],[-90.281609,43.753418]],[[-90.255783,43.73715],[-90.258949,43.736173],[-90.258943,43.735197],[-90.256452,43.735197],[-90.255783,43.73715]]]}},{"type":"Feature","properties":{"NAME":"Merrill","state_abbr":"WI","state_name":"Wisconsin","ALAND":19385521},"geometry":{"type":"Polygon","coordinates":[[[-89.759137,45.187945],[-89.755501,45.188766],[-89.74411,45.179134],[-89.734688,45.178521],[-89.734274,45.193381],[-89.729135,45.192418],[-89.729332,45.196918],[-89.713788,45.199667],[-89.71258,45.200623],[-89.713819,45.201376],[-89.713203,45.206605],[-89.709132,45.206656],[-89.706914,45.203048],[-89.703765,45.203897],[-89.703591,45.19349],[-89.713766,45.192462],[-89.693377,45.19237],[-89.69337,45.195994],[-89.688896,45.195929],[-89.692134,45.192321],[-89.653749,45.192379],[-89.654169,45.199573],[-89.653148,45.199582],[-89.647214,45.192737],[-89.652184,45.193186],[-89.652055,45.182887],[-89.651937,45.18152],[-89.647293,45.181506],[-89.648836,45.177602],[-89.646226,45.170602],[-89.649926,45.170789],[-89.64902,45.1714],[-89.650617,45.173167],[-89.655328,45.175981],[-89.654898,45.170598],[-89.655338,45.174077],[-89.662134,45.176337],[-89.662191,45.170564],[-89.683097,45.170563],[-89.683056,45.166962],[-89.690401,45.166989],[-89.692288,45.164914],[-89.693308,45.157852],[-89.694941,45.157824],[-89.694908,45.156132],[-89.703612,45.15615],[-89.703719,45.159784],[-89.698396,45.159868],[-89.69844,45.162844],[-89.693437,45.163428],[-89.693397,45.170591],[-89.707275,45.170667],[-89.707237,45.168874],[-89.703636,45.168853],[-89.703584,45.16345],[-89.706943,45.163441],[-89.708638,45.164051],[-89.709855,45.170702],[-89.754577,45.170701],[-89.754637,45.185128],[-89.759114,45.185146],[-89.759137,45.187945]]]}},{"type":"Feature","properties":{"NAME":"Mauston","state_abbr":"WI","state_name":"Wisconsin","ALAND":11577102},"geometry":{"type":"MultiPolygon","coordinates":[[[[-90.094747,43.810828],[-90.093404,43.81083],[-90.09417,43.810173],[-90.094747,43.810828]]],[[[-90.111956,43.807232],[-90.107014,43.807271],[-90.107108,43.810808],[-90.097086,43.810824],[-90.097023,43.807311],[-90.094002,43.806355],[-90.092082,43.810056],[-90.092146,43.814488],[-90.097156,43.814483],[-90.097187,43.818553],[-90.077212,43.818543],[-90.077117,43.814436],[-90.072118,43.81442],[-90.072079,43.811251],[-90.066577,43.807231],[-90.065084,43.814441],[-90.062565,43.814401],[-90.062592,43.810791],[-90.057589,43.810787],[-90.058374,43.803535],[-90.04555,43.8035],[-90.045106,43.796953],[-90.051221,43.796666],[-90.049862,43.796028],[-90.049976,43.79265],[-90.052434,43.792657],[-90.049938,43.78978],[-90.05491,43.789007],[-90.054988,43.78507],[-90.064888,43.789081],[-90.073395,43.789101],[-90.074739,43.785477],[-90.072145,43.785447],[-90.071608,43.779794],[-90.081894,43.780094],[-90.081946,43.778233],[-90.086888,43.77825],[-90.08695,43.774614],[-90.091878,43.774637],[-90.091791,43.781867],[-90.086823,43.781892],[-90.086789,43.785485],[-90.091777,43.785487],[-90.091936,43.800898],[-90.099268,43.799972],[-90.099288,43.8013],[-90.101928,43.801792],[-90.111949,43.801731],[-90.111956,43.807232]]]]}},{"type":"Feature","properties":{"NAME":"Necedah","state_abbr":"WI","state_name":"Wisconsin","ALAND":7147618},"geometry":{"type":"Polygon","coordinates":[[[-90.087378,44.024489],[-90.087348,44.038907],[-90.055262,44.03915],[-90.054821,44.024621],[-90.060226,44.02458],[-90.060548,44.010002],[-90.067486,44.009895],[-90.070175,44.002705],[-90.072405,44.00272],[-90.071375,44.0009],[-90.072431,43.996771],[-90.07534,43.996738],[-90.075325,43.995531],[-90.077359,43.995528],[-90.077353,43.999086],[-90.080121,43.99908],[-90.077351,44.002698],[-90.077271,44.009866],[-90.082192,44.009864],[-90.082334,44.020776],[-90.086515,44.020774],[-90.086552,44.022586],[-90.082355,44.022588],[-90.082378,44.024452],[-90.087378,44.024489]]]}},{"type":"Feature","properties":{"NAME":"Suring","state_abbr":"WI","state_name":"Wisconsin","ALAND":2655221},"geometry":{"type":"MultiPolygon","coordinates":[[[[-88.385295,45.000063],[-88.374456,45.003562],[-88.374709,45.004992],[-88.371963,45.006207],[-88.365532,45.00626],[-88.365409,45.00988],[-88.355961,45.009635],[-88.356269,44.998533],[-88.365716,44.998886],[-88.365685,44.991679],[-88.376571,44.991792],[-88.376608,44.995403],[-88.379515,44.995414],[-88.380704,44.998025],[-88.385295,45.000063]]],[[[-88.392393,44.999153],[-88.392291,45.001813],[-88.38733,45.001706],[-88.388465,44.999107],[-88.392393,44.999153]]]]}},{"type":"Feature","properties":{"NAME":"Bell Center","state_abbr":"WI","state_name":"Wisconsin","ALAND":14330050},"geometry":{"type":"Polygon","coordinates":[[[-90.854819,43.306588],[-90.803626,43.306704],[-90.80359,43.295901],[-90.798635,43.295921],[-90.798615,43.292239],[-90.793577,43.291881],[-90.793915,43.277623],[-90.853456,43.277647],[-90.852914,43.303134],[-90.849673,43.303133],[-90.854819,43.306588]]]}},{"type":"Feature","properties":{"NAME":"Ferryville","state_abbr":"WI","state_name":"Wisconsin","ALAND":5510159},"geometry":{"type":"Polygon","coordinates":[[[-91.116213,43.35757],[-91.115686,43.360702],[-91.110425,43.360681],[-91.110818,43.364262],[-91.090313,43.364397],[-91.090026,43.357073],[-91.084978,43.357034],[-91.084882,43.353437],[-91.079869,43.353402],[-91.080051,43.342581],[-91.075078,43.342599],[-91.074614,43.335649],[-91.080021,43.338016],[-91.080004,43.335369],[-91.086757,43.335324],[-91.116213,43.35757]]]}},{"type":"Feature","properties":{"NAME":"New Lisbon","state_abbr":"WI","state_name":"Wisconsin","ALAND":7079350},"geometry":{"type":"Polygon","coordinates":[[[-90.187443,43.888922],[-90.183241,43.887297],[-90.18444,43.885912],[-90.182753,43.885147],[-90.182425,43.887476],[-90.152408,43.887253],[-90.151205,43.885568],[-90.142442,43.88735],[-90.142335,43.882681],[-90.127257,43.883847],[-90.127178,43.876597],[-90.129785,43.876573],[-90.129656,43.87432],[-90.140267,43.880114],[-90.142319,43.880066],[-90.140415,43.878051],[-90.152304,43.877902],[-90.152268,43.87284],[-90.154394,43.872861],[-90.155537,43.870459],[-90.157275,43.870983],[-90.157268,43.869273],[-90.153146,43.869224],[-90.15359,43.867252],[-90.152022,43.866646],[-90.153049,43.863843],[-90.158582,43.867295],[-90.162279,43.865671],[-90.182297,43.865711],[-90.18238,43.880243],[-90.187407,43.882344],[-90.187443,43.888922]],[[-90.161868,43.869329],[-90.157572,43.867924],[-90.158812,43.869292],[-90.161868,43.869329]]]}},{"type":"Feature","properties":{"NAME":"Union Center","state_abbr":"WI","state_name":"Wisconsin","ALAND":2135096},"geometry":{"type":"Polygon","coordinates":[[[-90.27089,43.688242],[-90.266182,43.688297],[-90.266296,43.691858],[-90.256226,43.692033],[-90.256135,43.674032],[-90.26104,43.673988],[-90.260971,43.677524],[-90.265896,43.677515],[-90.265926,43.672187],[-90.270792,43.671759],[-90.27089,43.688242]]]}},{"type":"Feature","properties":{"NAME":"Wonewoc","state_abbr":"WI","state_name":"Wisconsin","ALAND":2891840},"geometry":{"type":"Polygon","coordinates":[[[-90.231514,43.659972],[-90.224995,43.660005],[-90.227537,43.663422],[-90.226452,43.670382],[-90.222218,43.668098],[-90.221543,43.665492],[-90.219063,43.665496],[-90.219078,43.663849],[-90.220573,43.663849],[-90.220417,43.66002],[-90.216667,43.660022],[-90.216812,43.647987],[-90.213005,43.647182],[-90.216795,43.646324],[-90.216802,43.641949],[-90.231238,43.6417],[-90.231514,43.659972]]]}},{"type":"Feature","properties":{"NAME":"Gays Mills","state_abbr":"WI","state_name":"Wisconsin","ALAND":12673694},"geometry":{"type":"Polygon","coordinates":[[[-90.87271,43.303176],[-90.872697,43.32132],[-90.867733,43.321321],[-90.867428,43.332134],[-90.869882,43.332292],[-90.869762,43.33597],[-90.845267,43.335942],[-90.845864,43.33715],[-90.849196,43.336477],[-90.844307,43.339312],[-90.848005,43.340092],[-90.848439,43.343356],[-90.843485,43.34599],[-90.843466,43.344863],[-90.838548,43.344691],[-90.838377,43.335966],[-90.823721,43.335872],[-90.823359,43.321494],[-90.828338,43.321368],[-90.828264,43.31407],[-90.833241,43.314063],[-90.833158,43.306651],[-90.854819,43.306588],[-90.849673,43.303133],[-90.87271,43.303176]]]}},{"type":"Feature","properties":{"NAME":"Lynxville","state_abbr":"WI","state_name":"Wisconsin","ALAND":3598849},"geometry":{"type":"Polygon","coordinates":[[[-91.064271,43.241439],[-91.05791,43.253968],[-91.060104,43.25959],[-91.036649,43.259683],[-91.036666,43.248687],[-91.034342,43.248689],[-91.034524,43.24501],[-91.032083,43.245037],[-91.03236,43.241379],[-91.064271,43.241439]]]}},{"type":"Feature","properties":{"NAME":"Steuben","state_abbr":"WI","state_name":"Wisconsin","ALAND":16060684},"geometry":{"type":"Polygon","coordinates":[[[-90.887415,43.180335],[-90.884996,43.18171],[-90.884537,43.187694],[-90.880959,43.18998],[-90.881424,43.19187],[-90.873999,43.191238],[-90.874005,43.205379],[-90.834614,43.205362],[-90.834963,43.203082],[-90.837758,43.202492],[-90.835912,43.200316],[-90.839071,43.199178],[-90.837627,43.197373],[-90.840221,43.19703],[-90.845857,43.191361],[-90.834494,43.191295],[-90.834612,43.162405],[-90.874138,43.162267],[-90.874221,43.176839],[-90.879142,43.176833],[-90.879148,43.173104],[-90.887415,43.180335]],[[-90.879013,43.185964],[-90.874058,43.186917],[-90.874005,43.190835],[-90.878981,43.188782],[-90.877274,43.187571],[-90.879013,43.185964]],[[-90.878446,43.183963],[-90.874098,43.183977],[-90.874062,43.186601],[-90.877908,43.185688],[-90.878446,43.183963]]]}},{"type":"Feature","properties":{"NAME":"Hammond","state_abbr":"WI","state_name":"Wisconsin","ALAND":5593634},"geometry":{"type":"Polygon","coordinates":[[[-92.451541,44.960464],[-92.450077,44.960448],[-92.451196,44.970855],[-92.446289,44.970815],[-92.44996,44.972585],[-92.449014,44.97561],[-92.446141,44.974824],[-92.446124,44.978103],[-92.44795,44.978122],[-92.44796,44.97938],[-92.451201,44.978159],[-92.451281,44.985313],[-92.446216,44.985235],[-92.446187,44.981666],[-92.425947,44.981497],[-92.425909,44.974271],[-92.42082,44.974269],[-92.420817,44.971169],[-92.425961,44.972669],[-92.425903,44.963473],[-92.430999,44.963493],[-92.430998,44.967085],[-92.436068,44.967109],[-92.436049,44.963511],[-92.425892,44.962328],[-92.425826,44.95625],[-92.430934,44.956281],[-92.430915,44.9527],[-92.43593,44.952707],[-92.436013,44.956315],[-92.451202,44.956408],[-92.451541,44.960464]]]}},{"type":"Feature","properties":{"NAME":"New Richmond","state_abbr":"WI","state_name":"Wisconsin","ALAND":28347357},"geometry":{"type":"MultiPolygon","coordinates":[[[[-92.557056,45.119568],[-92.557248,45.120504],[-92.556644,45.119818],[-92.557056,45.119568]]],[[[-92.58484,45.129763],[-92.579691,45.129869],[-92.57991,45.151362],[-92.567184,45.15151],[-92.567032,45.144141],[-92.569503,45.144142],[-92.569578,45.140561],[-92.564508,45.140632],[-92.564471,45.144198],[-92.559417,45.14424],[-92.559428,45.137146],[-92.549037,45.13716],[-92.54902,45.135138],[-92.547195,45.135128],[-92.547187,45.137573],[-92.549042,45.137594],[-92.549098,45.14382],[-92.540565,45.144345],[-92.5406,45.147682],[-92.548295,45.151601],[-92.549209,45.155534],[-92.554339,45.155126],[-92.55435,45.156944],[-92.549224,45.15698],[-92.549279,45.162395],[-92.539117,45.162328],[-92.539038,45.156549],[-92.528809,45.156088],[-92.528772,45.154057],[-92.53388,45.153214],[-92.533855,45.151547],[-92.53128,45.151536],[-92.531213,45.147876],[-92.528694,45.147864],[-92.531421,45.143865],[-92.528687,45.142506],[-92.528629,45.140664],[-92.517855,45.140685],[-92.517803,45.137136],[-92.52731,45.137692],[-92.526916,45.13441],[-92.515202,45.133492],[-92.5152,45.137142],[-92.507614,45.137161],[-92.507561,45.132649],[-92.499264,45.13257],[-92.499319,45.135115],[-92.493709,45.135098],[-92.493753,45.137186],[-92.47698,45.13714],[-92.476885,45.133456],[-92.466617,45.133402],[-92.46655,45.129705],[-92.468532,45.129688],[-92.468472,45.125566],[-92.471246,45.12261],[-92.480603,45.122606],[-92.480527,45.129848],[-92.481929,45.129855],[-92.481766,45.123662],[-92.483022,45.122633],[-92.489565,45.122615],[-92.489601,45.124618],[-92.491951,45.124621],[-92.492115,45.129847],[-92.497269,45.129879],[-92.497044,45.12268],[-92.512474,45.12358],[-92.512519,45.126277],[-92.509914,45.12634],[-92.512646,45.127183],[-92.512788,45.128279],[-92.510873,45.128279],[-92.512596,45.129908],[-92.521538,45.12989],[-92.522967,45.126291],[-92.528535,45.126302],[-92.528476,45.122699],[-92.527516,45.12351],[-92.51031,45.121957],[-92.507143,45.119368],[-92.516316,45.118801],[-92.518679,45.111634],[-92.524838,45.11167],[-92.524849,45.107954],[-92.514979,45.107893],[-92.517269,45.108744],[-92.517293,45.110994],[-92.512804,45.111602],[-92.511315,45.109965],[-92.510492,45.111581],[-92.507124,45.111482],[-92.507094,45.106435],[-92.505187,45.104704],[-92.522272,45.105469],[-92.522289,45.104337],[-92.517135,45.103599],[-92.517013,45.100713],[-92.522243,45.100505],[-92.522141,45.089946],[-92.52597,45.089994],[-92.526,45.097119],[-92.534277,45.097177],[-92.534337,45.099144],[-92.53751,45.099166],[-92.53752,45.091425],[-92.543267,45.09144],[-92.543268,45.089923],[-92.552953,45.089952],[-92.552987,45.096628],[-92.558166,45.096611],[-92.558173,45.107948],[-92.568323,45.107886],[-92.567136,45.111533],[-92.558236,45.112243],[-92.558237,45.115222],[-92.566774,45.115167],[-92.561955,45.113865],[-92.568508,45.112347],[-92.568565,45.115166],[-92.578718,45.115195],[-92.578953,45.122645],[-92.57658,45.122657],[-92.576553,45.124421],[-92.573049,45.125695],[-92.560648,45.128008],[-92.560597,45.129926],[-92.569009,45.128271],[-92.568117,45.129913],[-92.569668,45.129889],[-92.569899,45.127594],[-92.584721,45.123123],[-92.58484,45.129763]],[[-92.570701,45.122694],[-92.571825,45.121831],[-92.570701,45.121832],[-92.570701,45.122694]],[[-92.571492,45.119652],[-92.570672,45.118809],[-92.570675,45.119653],[-92.571492,45.119652]],[[-92.567685,45.120007],[-92.568619,45.117577],[-92.567566,45.117578],[-92.567685,45.120007]],[[-92.564727,45.118154],[-92.563914,45.11694],[-92.560833,45.115419],[-92.560864,45.118861],[-92.564727,45.118154]],[[-92.56315,45.123159],[-92.562586,45.123605],[-92.562859,45.123717],[-92.56315,45.123159]],[[-92.559782,45.110923],[-92.550714,45.110761],[-92.549084,45.10996],[-92.550758,45.107982],[-92.549169,45.107985],[-92.54773,45.109951],[-92.547762,45.115148],[-92.542835,45.115208],[-92.549694,45.115208],[-92.549985,45.111604],[-92.559782,45.110923]],[[-92.559773,45.123198],[-92.558784,45.123188],[-92.559011,45.123635],[-92.559773,45.123198]],[[-92.559227,45.109727],[-92.558194,45.109162],[-92.558203,45.109732],[-92.559227,45.109727]],[[-92.553285,45.119646],[-92.554495,45.118831],[-92.553251,45.118838],[-92.553285,45.119646]],[[-92.533957,45.140684],[-92.53377,45.140964],[-92.534444,45.140691],[-92.533957,45.140684]],[[-92.530656,45.138856],[-92.530711,45.137951],[-92.530218,45.137945],[-92.530656,45.138856]],[[-92.53073,45.141037],[-92.530331,45.140658],[-92.530192,45.141513],[-92.53073,45.141037]],[[-92.528637,45.13774],[-92.527585,45.137088],[-92.527583,45.137691],[-92.528637,45.13774]],[[-92.518827,45.122347],[-92.518481,45.122573],[-92.519934,45.122559],[-92.518827,45.122347]],[[-92.560864,45.118861],[-92.555561,45.118827],[-92.556371,45.120961],[-92.552998,45.120616],[-92.552989,45.122703],[-92.55582,45.122679],[-92.555035,45.122043],[-92.557193,45.120845],[-92.558439,45.11967],[-92.55953,45.119691],[-92.557144,45.122687],[-92.560894,45.12268],[-92.560864,45.118861]]]]}},{"type":"Feature","properties":{"NAME":"Birnamwood","state_abbr":"WI","state_name":"Wisconsin","ALAND":5704746},"geometry":{"type":"Polygon","coordinates":[[[-89.228706,44.924781],[-89.228692,44.928449],[-89.223674,44.928422],[-89.22345,44.942853],[-89.19396,44.942962],[-89.194814,44.921308],[-89.223739,44.921109],[-89.223679,44.924775],[-89.228706,44.924781]]]}},{"type":"Feature","properties":{"NAME":"Mattoon","state_abbr":"WI","state_name":"Wisconsin","ALAND":4245017},"geometry":{"type":"Polygon","coordinates":[[[-89.053093,44.993611],[-89.052185,45.015274],[-89.031638,45.014748],[-89.031617,45.008082],[-89.021707,45.007866],[-89.0218,45.004119],[-89.031937,45.004087],[-89.032755,44.993464],[-89.053093,44.993611]]]}},{"type":"Feature","properties":{"NAME":"Cascade","state_abbr":"WI","state_name":"Wisconsin","ALAND":2132528},"geometry":{"type":"Polygon","coordinates":[[[-88.015332,43.652581],[-88.015198,43.667173],[-88.001839,43.667859],[-88.000389,43.667299],[-88.000081,43.661943],[-87.996265,43.663991],[-87.995292,43.658253],[-87.997605,43.658231],[-87.997594,43.656386],[-87.99936,43.65637],[-87.997784,43.656557],[-87.997786,43.660021],[-88.000318,43.660014],[-88.000296,43.652723],[-88.010188,43.651217],[-88.010185,43.652642],[-88.015332,43.652581]]]}},{"type":"Feature","properties":{"NAME":"Somers","state_abbr":"WI","state_name":"Wisconsin","ALAND":66766285},"geometry":{"type":"Polygon","coordinates":[[[-87.963043,42.651401],[-87.958134,42.651335],[-87.958161,42.654977],[-87.956565,42.654957],[-87.956535,42.651969],[-87.955813,42.65399],[-87.95324,42.653958],[-87.95342,42.669567],[-87.805598,42.6679],[-87.815862,42.642813],[-87.818648,42.626696],[-87.822957,42.626711],[-87.821506,42.629729],[-87.824983,42.63042],[-87.822712,42.628674],[-87.824886,42.626872],[-87.823614,42.625515],[-87.826598,42.623321],[-87.826862,42.620638],[-87.822358,42.616999],[-87.826467,42.616979],[-87.827667,42.622147],[-87.822744,42.638618],[-87.856636,42.63935],[-87.857111,42.635844],[-87.858274,42.635855],[-87.857075,42.623814],[-87.876738,42.624262],[-87.877097,42.607988],[-87.881724,42.590672],[-87.886986,42.591954],[-87.885366,42.595525],[-87.885407,42.603205],[-87.926346,42.603979],[-87.937738,42.610249],[-87.952909,42.614135],[-87.953072,42.633105],[-87.962946,42.633214],[-87.961759,42.64048],[-87.958032,42.640429],[-87.958067,42.647693],[-87.959878,42.649808],[-87.961179,42.649823],[-87.961162,42.647732],[-87.963022,42.647754],[-87.963043,42.651401]],[[-87.957207,42.641547],[-87.956142,42.640405],[-87.956042,42.641529],[-87.957207,42.641547]],[[-87.954633,42.640384],[-87.953119,42.63833],[-87.953189,42.645864],[-87.954633,42.640384]]]}},{"type":"Feature","properties":{"NAME":"Windsor","state_abbr":"WI","state_name":"Wisconsin","ALAND":71262354},"geometry":{"type":"Polygon","coordinates":[[[-89.363085,43.281305],[-89.245405,43.282093],[-89.24419,43.205991],[-89.249115,43.20597],[-89.250085,43.209573],[-89.256549,43.203717],[-89.260047,43.204596],[-89.26186,43.202289],[-89.263818,43.202296],[-89.26406,43.195042],[-89.312337,43.19467],[-89.310271,43.196266],[-89.310011,43.199688],[-89.308404,43.199685],[-89.308354,43.20449],[-89.318272,43.205552],[-89.318329,43.216416],[-89.322877,43.21641],[-89.322948,43.209188],[-89.328182,43.209172],[-89.328224,43.205568],[-89.338154,43.205539],[-89.338148,43.20378],[-89.34122,43.203775],[-89.339876,43.199837],[-89.338128,43.201857],[-89.334299,43.200057],[-89.341754,43.199755],[-89.342119,43.194541],[-89.345007,43.19453],[-89.357631,43.208057],[-89.361236,43.215412],[-89.348254,43.216368],[-89.348466,43.223634],[-89.343496,43.22365],[-89.343622,43.230983],[-89.348492,43.230903],[-89.348644,43.239652],[-89.343683,43.23816],[-89.342863,43.230936],[-89.333694,43.230921],[-89.333595,43.227297],[-89.328598,43.227311],[-89.328518,43.22365],[-89.323541,43.223662],[-89.324559,43.266497],[-89.327953,43.265153],[-89.327951,43.263603],[-89.339324,43.263028],[-89.339405,43.259938],[-89.342745,43.259925],[-89.345743,43.267129],[-89.34789,43.267057],[-89.34791,43.264396],[-89.351445,43.262766],[-89.362887,43.262611],[-89.363085,43.281305]]]}},{"type":"Feature","properties":{"NAME":"Maine","state_abbr":"WI","state_name":"Wisconsin","ALAND":111564070},"geometry":{"type":"Polygon","coordinates":[[[-89.727057,44.973032],[-89.726836,45.119966],[-89.632581,45.119896],[-89.627602,45.111984],[-89.626457,45.102478],[-89.637466,45.091404],[-89.638702,45.08765],[-89.632355,45.083527],[-89.622627,45.083214],[-89.62097,45.078853],[-89.622498,45.076801],[-89.630381,45.074364],[-89.637558,45.069298],[-89.638779,45.06229],[-89.643997,45.057392],[-89.644119,45.052616],[-89.651021,45.039481],[-89.646349,45.039489],[-89.646596,45.025986],[-89.641521,45.024529],[-89.641501,45.021103],[-89.637639,45.021463],[-89.63276,45.018003],[-89.625374,45.006043],[-89.623183,45.006101],[-89.621471,45.003013],[-89.61979,45.003282],[-89.622228,45.006346],[-89.613408,45.006333],[-89.613488,45.003865],[-89.61084,45.006424],[-89.610913,45.003389],[-89.626848,45.002736],[-89.62729,45.000396],[-89.621263,44.988608],[-89.623598,44.988291],[-89.633668,44.988189],[-89.633842,44.993586],[-89.631231,44.993641],[-89.636297,44.993621],[-89.63648,44.990855],[-89.641321,44.991718],[-89.641212,44.988703],[-89.646113,44.988665],[-89.647772,44.993555],[-89.650331,44.993545],[-89.649222,44.999025],[-89.655717,44.99902],[-89.655559,44.995348],[-89.658402,44.995368],[-89.658551,44.998992],[-89.666137,45.000008],[-89.66214,44.995364],[-89.665162,44.994312],[-89.664258,44.993329],[-89.662448,44.994696],[-89.657462,44.988709],[-89.661506,44.98847],[-89.662125,44.990845],[-89.665579,44.990163],[-89.663481,44.988484],[-89.664239,44.987651],[-89.666594,44.988112],[-89.666217,44.980794],[-89.662712,44.980806],[-89.662651,44.978995],[-89.666138,44.978983],[-89.666095,44.977158],[-89.660845,44.977161],[-89.660906,44.973501],[-89.672032,44.975336],[-89.671995,44.973529],[-89.727057,44.973032]]]}},{"type":"Feature","properties":{"NAME":"Wauzeka","state_abbr":"WI","state_name":"Wisconsin","ALAND":12411363},"geometry":{"type":"Polygon","coordinates":[[[-90.927549,43.082828],[-90.92708,43.085173],[-90.923919,43.086528],[-90.922387,43.084823],[-90.922263,43.097289],[-90.899948,43.097403],[-90.898442,43.094976],[-90.897578,43.097347],[-90.891493,43.097706],[-90.888442,43.101039],[-90.868533,43.101211],[-90.868314,43.088859],[-90.87123,43.085763],[-90.873507,43.085391],[-90.8724,43.087308],[-90.873745,43.087257],[-90.87562,43.085146],[-90.880561,43.083874],[-90.880095,43.079175],[-90.884217,43.076801],[-90.890702,43.07621],[-90.906583,43.065597],[-90.914048,43.063764],[-90.92249,43.066556],[-90.922307,43.081314],[-90.924759,43.080697],[-90.927549,43.082828]]]}},{"type":"Feature","properties":{"NAME":"Mount Sterling","state_abbr":"WI","state_name":"Wisconsin","ALAND":3701726},"geometry":{"type":"Polygon","coordinates":[[[-90.946356,43.321126],[-90.941439,43.321179],[-90.941489,43.3248],[-90.921461,43.324692],[-90.921411,43.321258],[-90.916593,43.321268],[-90.916525,43.306708],[-90.936968,43.306678],[-90.933504,43.311052],[-90.936135,43.311042],[-90.936424,43.315763],[-90.946309,43.315655],[-90.946356,43.321126]]]}},{"type":"Feature","properties":{"NAME":"Bayside","state_abbr":"WI","state_name":"Wisconsin","ALAND":6180521},"geometry":{"type":"Polygon","coordinates":[[[-87.924662,43.192145],[-87.898931,43.192019],[-87.898509,43.194397],[-87.900343,43.196663],[-87.896016,43.197088],[-87.88639,43.184922],[-87.881226,43.169723],[-87.898968,43.16988],[-87.900552,43.170265],[-87.901765,43.176119],[-87.917359,43.17633],[-87.924662,43.192145]]]}},{"type":"Feature","properties":{"NAME":"Newburg","state_abbr":"WI","state_name":"Wisconsin","ALAND":2492225},"geometry":{"type":"Polygon","coordinates":[[[-88.060842,43.439877],[-88.050836,43.43981],[-88.050813,43.441589],[-88.045849,43.441562],[-88.045879,43.439733],[-88.040869,43.439665],[-88.040992,43.432421],[-88.028717,43.432677],[-88.039531,43.429344],[-88.032506,43.424702],[-88.040966,43.427895],[-88.040953,43.425176],[-88.05602,43.423489],[-88.055992,43.426474],[-88.059479,43.423939],[-88.05894,43.425894],[-88.055977,43.42735],[-88.055887,43.437251],[-88.060842,43.439877]],[[-88.056481,43.438747],[-88.056343,43.437746],[-88.055736,43.438373],[-88.056481,43.438747]]]}},{"type":"Feature","properties":{"NAME":"Saukville","state_abbr":"WI","state_name":"Wisconsin","ALAND":9167890},"geometry":{"type":"Polygon","coordinates":[[[-87.968021,43.38966],[-87.964542,43.388591],[-87.965591,43.393182],[-87.95872,43.392033],[-87.95883,43.396854],[-87.953246,43.396906],[-87.953294,43.402361],[-87.955778,43.402341],[-87.955792,43.404159],[-87.944984,43.404235],[-87.944762,43.396963],[-87.940913,43.396966],[-87.943275,43.394313],[-87.940274,43.394059],[-87.940551,43.391721],[-87.930713,43.392485],[-87.9308,43.396379],[-87.929667,43.391742],[-87.92796,43.391793],[-87.926141,43.398532],[-87.92263,43.398607],[-87.922612,43.396247],[-87.920714,43.396289],[-87.920583,43.387027],[-87.915704,43.386894],[-87.915564,43.382927],[-87.920554,43.384985],[-87.919227,43.384224],[-87.919139,43.383363],[-87.920539,43.383786],[-87.920449,43.378855],[-87.925448,43.378815],[-87.925394,43.375459],[-87.930388,43.37537],[-87.931446,43.379082],[-87.94036,43.378616],[-87.941171,43.376864],[-87.934945,43.3769],[-87.93535,43.372554],[-87.944352,43.371514],[-87.946556,43.367883],[-87.94875,43.367857],[-87.947725,43.360387],[-87.952907,43.360142],[-87.951079,43.36783],[-87.955191,43.367797],[-87.955247,43.370651],[-87.960222,43.370609],[-87.960317,43.378605],[-87.957861,43.378628],[-87.957931,43.38232],[-87.9604,43.382299],[-87.960439,43.384121],[-87.95837,43.38415],[-87.957737,43.385996],[-87.959516,43.38551],[-87.95885,43.384279],[-87.965405,43.384028],[-87.965384,43.382281],[-87.967882,43.382272],[-87.968021,43.38966]],[[-87.920569,43.386348],[-87.9227,43.387022],[-87.922689,43.386309],[-87.920569,43.386348]]]}},{"type":"Feature","properties":{"NAME":"Lake Mills","state_abbr":"WI","state_name":"Wisconsin","ALAND":10822002},"geometry":{"type":"MultiPolygon","coordinates":[[[[-88.922211,43.096063],[-88.920583,43.096251],[-88.921267,43.095618],[-88.918951,43.092319],[-88.917732,43.091993],[-88.917961,43.091525],[-88.921266,43.092189],[-88.922211,43.096063]]],[[[-88.932894,43.06725],[-88.924262,43.064439],[-88.916055,43.064169],[-88.923881,43.064621],[-88.926763,43.066375],[-88.921405,43.068627],[-88.919056,43.07303],[-88.924252,43.073053],[-88.923917,43.089055],[-88.916522,43.088044],[-88.915937,43.091422],[-88.910495,43.089364],[-88.915225,43.091447],[-88.914499,43.094507],[-88.91769,43.095353],[-88.919302,43.09296],[-88.920872,43.095403],[-88.920047,43.096626],[-88.917501,43.095777],[-88.917486,43.096909],[-88.915055,43.096037],[-88.914738,43.100704],[-88.91244,43.100664],[-88.912382,43.102599],[-88.905609,43.102575],[-88.907604,43.098923],[-88.892997,43.098848],[-88.89319,43.095129],[-88.899755,43.09516],[-88.899175,43.088616],[-88.893565,43.087852],[-88.893126,43.085695],[-88.892381,43.087427],[-88.88517,43.087049],[-88.885553,43.082293],[-88.886819,43.081293],[-88.885732,43.077005],[-88.893821,43.077562],[-88.89334,43.07666],[-88.875801,43.074539],[-88.875866,43.068087],[-88.89065,43.068315],[-88.890694,43.065911],[-88.894001,43.065983],[-88.894057,43.062323],[-88.903977,43.062404],[-88.904059,43.058767],[-88.907501,43.05881],[-88.910193,43.061948],[-88.911701,43.061637],[-88.911762,43.058857],[-88.926747,43.058825],[-88.928609,43.063769],[-88.931934,43.065151],[-88.932894,43.06725]],[[-88.915085,43.094932],[-88.909707,43.092111],[-88.909406,43.090642],[-88.908208,43.091954],[-88.901528,43.091086],[-88.907895,43.09484],[-88.908199,43.098375],[-88.910232,43.098347],[-88.909757,43.095205],[-88.915085,43.094932]],[[-88.913892,43.063717],[-88.913574,43.063034],[-88.91304,43.063514],[-88.913892,43.063717]],[[-88.912423,43.088992],[-88.911824,43.087903],[-88.911748,43.088875],[-88.912423,43.088992]],[[-88.892184,43.08617],[-88.891926,43.084872],[-88.890555,43.084957],[-88.892184,43.08617]],[[-88.889749,43.083284],[-88.886982,43.081401],[-88.886499,43.081781],[-88.888688,43.0833],[-88.887818,43.084894],[-88.889749,43.083284]],[[-88.901909,43.089414],[-88.903089,43.090412],[-88.903103,43.089556],[-88.901909,43.089414]]]]}},{"type":"Feature","properties":{"NAME":"Adell","state_abbr":"WI","state_name":"Wisconsin","ALAND":1444832},"geometry":{"type":"Polygon","coordinates":[[[-87.955928,43.615844],[-87.955887,43.621068],[-87.954442,43.621093],[-87.955482,43.626428],[-87.948319,43.627833],[-87.948471,43.626615],[-87.945865,43.626646],[-87.945784,43.630185],[-87.941733,43.630711],[-87.942333,43.626065],[-87.945932,43.625252],[-87.945939,43.623048],[-87.94135,43.623127],[-87.941377,43.613109],[-87.943331,43.61308],[-87.943361,43.615809],[-87.952673,43.615656],[-87.953075,43.614235],[-87.953145,43.615654],[-87.955928,43.615844]]]}},{"type":"Feature","properties":{"NAME":"Cedar Grove","state_abbr":"WI","state_name":"Wisconsin","ALAND":5657428},"geometry":{"type":"Polygon","coordinates":[[[-87.840703,43.558291],[-87.840571,43.572229],[-87.830984,43.572164],[-87.830422,43.57363],[-87.830403,43.575807],[-87.837987,43.575847],[-87.837947,43.579489],[-87.805272,43.5802],[-87.806557,43.577554],[-87.81033,43.576343],[-87.810622,43.557561],[-87.820612,43.557562],[-87.821424,43.554358],[-87.824228,43.557593],[-87.840703,43.558291]]]}},{"type":"Feature","properties":{"NAME":"Glenbeulah","state_abbr":"WI","state_name":"Wisconsin","ALAND":1799564},"geometry":{"type":"Polygon","coordinates":[[[-88.056121,43.79324],[-88.056092,43.804593],[-88.041052,43.804515],[-88.041105,43.797356],[-88.038579,43.797507],[-88.037242,43.797486],[-88.035766,43.79721],[-88.034871,43.796889],[-88.034661,43.7971],[-88.034328,43.797186],[-88.031254,43.796639],[-88.03129,43.800161],[-88.026286,43.800281],[-88.026239,43.795066],[-88.041105,43.797296],[-88.041131,43.793721],[-88.045699,43.793329],[-88.046173,43.789898],[-88.051188,43.789632],[-88.05114,43.79331],[-88.056121,43.79324]]]}},{"type":"Feature","properties":{"NAME":"Howards Grove","state_abbr":"WI","state_name":"Wisconsin","ALAND":5762774},"geometry":{"type":"Polygon","coordinates":[[[-87.839267,43.826504],[-87.830965,43.826522],[-87.831089,43.841043],[-87.826304,43.841506],[-87.82631,43.844715],[-87.816125,43.844699],[-87.815976,43.8338],[-87.812534,43.833803],[-87.812891,43.831379],[-87.814412,43.831073],[-87.813385,43.826536],[-87.815879,43.826534],[-87.815872,43.824544],[-87.813364,43.824542],[-87.813357,43.822887],[-87.802338,43.822086],[-87.802963,43.819279],[-87.813001,43.817757],[-87.812996,43.815618],[-87.815837,43.815614],[-87.815829,43.811991],[-87.830869,43.812017],[-87.830853,43.810207],[-87.832194,43.810202],[-87.832218,43.812912],[-87.836629,43.812902],[-87.83669,43.819248],[-87.834438,43.819238],[-87.834446,43.821431],[-87.839231,43.821439],[-87.839267,43.826504]]]}},{"type":"Feature","properties":{"NAME":"Kohler","state_abbr":"WI","state_name":"Wisconsin","ALAND":13772817},"geometry":{"type":"Polygon","coordinates":[[[-87.804563,43.720553],[-87.802523,43.721494],[-87.803045,43.723984],[-87.800193,43.726117],[-87.800142,43.744954],[-87.794984,43.744913],[-87.795007,43.760263],[-87.779689,43.760199],[-87.778724,43.75851],[-87.77872,43.76032],[-87.774687,43.760295],[-87.774721,43.75381],[-87.764031,43.753745],[-87.757348,43.735678],[-87.749861,43.735588],[-87.749883,43.732041],[-87.759956,43.73195],[-87.760432,43.721344],[-87.762896,43.717644],[-87.761609,43.712128],[-87.764286,43.71217],[-87.764292,43.713991],[-87.768066,43.713984],[-87.768079,43.717673],[-87.800209,43.71774],[-87.804563,43.720553]]]}},{"type":"Feature","properties":{"NAME":"Bonduel","state_abbr":"WI","state_name":"Wisconsin","ALAND":5842385},"geometry":{"type":"Polygon","coordinates":[[[-88.46222,44.756314],[-88.457104,44.75638],[-88.456741,44.752887],[-88.451809,44.752811],[-88.451599,44.749331],[-88.431063,44.748577],[-88.430795,44.741277],[-88.435915,44.741501],[-88.435372,44.730631],[-88.440542,44.730809],[-88.440379,44.727039],[-88.437749,44.726971],[-88.437646,44.723428],[-88.440165,44.723507],[-88.439986,44.72004],[-88.44497,44.720144],[-88.445179,44.724192],[-88.446844,44.72123],[-88.455384,44.720496],[-88.455706,44.727479],[-88.453148,44.727443],[-88.452901,44.732673],[-88.458249,44.73273],[-88.460814,44.73482],[-88.456148,44.73567],[-88.456238,44.733532],[-88.452971,44.733496],[-88.451033,44.734709],[-88.451098,44.736518],[-88.45618,44.736576],[-88.456253,44.738566],[-88.461352,44.738548],[-88.46222,44.756314]]]}},{"type":"Feature","properties":{"NAME":"Bowler","state_abbr":"WI","state_name":"Wisconsin","ALAND":2685318},"geometry":{"type":"Polygon","coordinates":[[[-88.993332,44.870343],[-88.991947,44.870368],[-88.991514,44.868089],[-88.99149,44.870358],[-88.971355,44.870138],[-88.971236,44.855694],[-88.972971,44.855698],[-88.973913,44.853706],[-88.977428,44.85372],[-88.977439,44.855689],[-88.980048,44.854407],[-88.980055,44.855686],[-88.98252,44.855685],[-88.983203,44.853877],[-88.983213,44.855689],[-88.991651,44.855784],[-88.991529,44.866716],[-88.993332,44.870343]]]}},{"type":"Feature","properties":{"NAME":"Algoma","state_abbr":"WI","state_name":"Wisconsin","ALAND":6362282},"geometry":{"type":"Polygon","coordinates":[[[-87.464871,44.603082],[-87.459731,44.603072],[-87.458929,44.617666],[-87.454626,44.617648],[-87.456008,44.620076],[-87.454967,44.620488],[-87.45176,44.617675],[-87.445242,44.618965],[-87.442648,44.617721],[-87.442692,44.619644],[-87.439045,44.61775],[-87.419023,44.618499],[-87.420982,44.614959],[-87.437494,44.605067],[-87.440258,44.595894],[-87.445785,44.588469],[-87.459951,44.58848],[-87.459743,44.601251],[-87.464875,44.60065],[-87.464871,44.603082]]]}},{"type":"Feature","properties":{"NAME":"Kewaunee","state_abbr":"WI","state_name":"Wisconsin","ALAND":9146206},"geometry":{"type":"Polygon","coordinates":[[[-87.531948,44.443642],[-87.531715,44.47278],[-87.51299,44.472948],[-87.510746,44.476476],[-87.496557,44.476472],[-87.496088,44.477489],[-87.501553,44.477495],[-87.501512,44.479605],[-87.496398,44.480107],[-87.496369,44.481997],[-87.493844,44.482002],[-87.495087,44.479502],[-87.489686,44.479531],[-87.494647,44.469081],[-87.492419,44.465165],[-87.494481,44.463565],[-87.496531,44.464327],[-87.499019,44.46079],[-87.497724,44.458652],[-87.500505,44.454878],[-87.502332,44.442735],[-87.531948,44.443642]]]}},{"type":"Feature","properties":{"NAME":"Luxemburg","state_abbr":"WI","state_name":"Wisconsin","ALAND":6505134},"geometry":{"type":"Polygon","coordinates":[[[-87.723681,44.556918],[-87.72258,44.559788],[-87.7031,44.560639],[-87.703149,44.563345],[-87.698048,44.563361],[-87.698012,44.55974],[-87.699759,44.559718],[-87.699803,44.558113],[-87.698133,44.55794],[-87.690923,44.56079],[-87.688613,44.564067],[-87.682552,44.563419],[-87.685941,44.561661],[-87.682539,44.560616],[-87.690978,44.559762],[-87.691005,44.557331],[-87.692935,44.557343],[-87.692949,44.556131],[-87.698067,44.556115],[-87.698105,44.552491],[-87.695603,44.552499],[-87.695723,44.545229],[-87.694574,44.54521],[-87.695909,44.541599],[-87.697616,44.541489],[-87.696164,44.534337],[-87.698672,44.534339],[-87.698757,44.532062],[-87.701554,44.532103],[-87.699489,44.530244],[-87.703868,44.530024],[-87.702724,44.529324],[-87.703058,44.524782],[-87.700953,44.524778],[-87.703969,44.523454],[-87.719196,44.523478],[-87.719081,44.528754],[-87.717877,44.528701],[-87.717833,44.530712],[-87.714845,44.530705],[-87.714676,44.538208],[-87.711212,44.538447],[-87.718844,44.538461],[-87.718712,44.544195],[-87.71618,44.545223],[-87.716079,44.549817],[-87.707725,44.55251],[-87.718603,44.552496],[-87.718571,44.556133],[-87.723681,44.556918]],[[-87.714601,44.530704],[-87.707228,44.530702],[-87.707236,44.532049],[-87.708914,44.532052],[-87.708832,44.534328],[-87.713917,44.53436],[-87.714449,44.537034],[-87.714601,44.530704]]]}},{"type":"Feature","properties":{"NAME":"Albany","state_abbr":"WI","state_name":"Wisconsin","ALAND":3290424},"geometry":{"type":"Polygon","coordinates":[[[-89.446865,42.71547],[-89.432787,42.71569],[-89.427259,42.719275],[-89.427054,42.697556],[-89.446634,42.697478],[-89.446865,42.71547]]]}},{"type":"Feature","properties":{"NAME":"Belleville","state_abbr":"WI","state_name":"Wisconsin","ALAND":4114808},"geometry":{"type":"Polygon","coordinates":[[[-89.560968,42.861165],[-89.560425,42.867203],[-89.55729,42.867105],[-89.556058,42.870494],[-89.551182,42.870696],[-89.549614,42.869244],[-89.550294,42.871316],[-89.547876,42.870174],[-89.547859,42.871315],[-89.542966,42.871298],[-89.543016,42.868278],[-89.53854,42.868647],[-89.540344,42.86897],[-89.541005,42.871838],[-89.542963,42.871479],[-89.542902,42.875726],[-89.538931,42.875728],[-89.539043,42.877775],[-89.536584,42.878564],[-89.53288,42.877999],[-89.53287,42.872118],[-89.529744,42.872082],[-89.530431,42.863964],[-89.523276,42.863879],[-89.523452,42.856632],[-89.525601,42.856674],[-89.525594,42.853192],[-89.53216,42.852328],[-89.533176,42.854119],[-89.539776,42.854196],[-89.538249,42.856647],[-89.548076,42.856751],[-89.548101,42.860572],[-89.560968,42.861165]]]}},{"type":"Feature","properties":{"NAME":"Monroe","state_abbr":"WI","state_name":"Wisconsin","ALAND":14491221},"geometry":{"type":"MultiPolygon","coordinates":[[[[-89.57652,42.609643],[-89.574053,42.608931],[-89.574077,42.606669],[-89.576543,42.608157],[-89.57652,42.609643]]],[[[-89.602255,42.617996],[-89.598225,42.618168],[-89.598193,42.620776],[-89.590729,42.620847],[-89.589781,42.617199],[-89.576824,42.617567],[-89.576751,42.613958],[-89.573148,42.613908],[-89.573004,42.610286],[-89.582772,42.610387],[-89.583019,42.606765],[-89.58451,42.612036],[-89.592661,42.613145],[-89.59262,42.609494],[-89.595652,42.6095],[-89.595244,42.614803],[-89.598924,42.614826],[-89.598975,42.61778],[-89.602255,42.617996]]],[[[-89.671667,42.596262],[-89.668743,42.596799],[-89.668684,42.603544],[-89.671226,42.603574],[-89.671172,42.609735],[-89.661301,42.610803],[-89.661317,42.608655],[-89.658022,42.61079],[-89.661113,42.610809],[-89.660375,42.620632],[-89.65531,42.617982],[-89.656031,42.614063],[-89.652218,42.610756],[-89.645836,42.610692],[-89.64996,42.613679],[-89.644624,42.61668],[-89.641528,42.616003],[-89.642633,42.615825],[-89.641575,42.613599],[-89.636663,42.612544],[-89.637325,42.618719],[-89.64137,42.620386],[-89.641315,42.624423],[-89.639971,42.62514],[-89.63652,42.625139],[-89.636229,42.618162],[-89.631295,42.617907],[-89.629846,42.614634],[-89.629805,42.617886],[-89.627541,42.617872],[-89.628725,42.615971],[-89.625848,42.615931],[-89.625837,42.617865],[-89.618568,42.617845],[-89.618632,42.610544],[-89.62054,42.609643],[-89.617909,42.608715],[-89.621675,42.606609],[-89.620562,42.606219],[-89.621583,42.598922],[-89.620115,42.597306],[-89.622025,42.596964],[-89.620107,42.596203],[-89.620148,42.594735],[-89.622235,42.594745],[-89.621961,42.589953],[-89.624283,42.588992],[-89.626404,42.589488],[-89.626424,42.591621],[-89.631845,42.591833],[-89.631891,42.583314],[-89.643776,42.584771],[-89.643761,42.583427],[-89.650341,42.581875],[-89.649371,42.584779],[-89.652466,42.582879],[-89.657451,42.586903],[-89.659416,42.595096],[-89.661657,42.592053],[-89.65993,42.592043],[-89.658745,42.587836],[-89.661619,42.587127],[-89.661617,42.584796],[-89.664089,42.584823],[-89.664204,42.591929],[-89.671628,42.593149],[-89.671667,42.596262]]]]}},{"type":"Feature","properties":{"NAME":"Menasha","state_abbr":"WI","state_name":"Wisconsin","ALAND":15654055},"geometry":{"type":"MultiPolygon","coordinates":[[[[-88.404142,44.212837],[-88.404018,44.214212],[-88.397822,44.213876],[-88.39787,44.212246],[-88.404142,44.212837]]],[[[-88.405136,44.211432],[-88.404323,44.211997],[-88.404335,44.211424],[-88.405136,44.211432]]],[[[-88.408022,44.211798],[-88.406325,44.211981],[-88.404359,44.21022],[-88.406847,44.210045],[-88.408022,44.211798]]],[[[-88.418901,44.237009],[-88.414089,44.236941],[-88.414067,44.23467],[-88.418802,44.234633],[-88.418901,44.237009]]],[[[-88.445516,44.216427],[-88.445534,44.216644],[-88.445311,44.216636],[-88.445516,44.216427]]],[[[-88.445041,44.216867],[-88.446775,44.217933],[-88.444421,44.217892],[-88.445041,44.216867]]],[[[-88.474909,44.200875],[-88.474226,44.203181],[-88.469841,44.205072],[-88.469908,44.209663],[-88.465264,44.215719],[-88.453098,44.215867],[-88.453097,44.219151],[-88.450721,44.21961],[-88.449051,44.217675],[-88.451646,44.21709],[-88.451645,44.215505],[-88.444411,44.216173],[-88.444258,44.218685],[-88.443062,44.218696],[-88.444224,44.220803],[-88.441682,44.221839],[-88.444213,44.22267],[-88.444178,44.226303],[-88.441533,44.227088],[-88.441601,44.234454],[-88.444117,44.234461],[-88.444143,44.229935],[-88.44712,44.229964],[-88.447347,44.235588],[-88.445667,44.237776],[-88.442601,44.237896],[-88.444097,44.236338],[-88.440774,44.237167],[-88.440779,44.235656],[-88.440573,44.237166],[-88.423999,44.236299],[-88.423993,44.233069],[-88.409971,44.234278],[-88.410938,44.229692],[-88.414021,44.230543],[-88.414153,44.216406],[-88.415668,44.21657],[-88.414165,44.215163],[-88.407817,44.216957],[-88.407629,44.22289],[-88.406392,44.222349],[-88.406556,44.217455],[-88.404184,44.218487],[-88.404085,44.22375],[-88.402826,44.224064],[-88.405441,44.226377],[-88.405393,44.229604],[-88.390534,44.226826],[-88.39048,44.225117],[-88.392521,44.224907],[-88.393484,44.22301],[-88.388916,44.224973],[-88.389332,44.225474],[-88.389324,44.227043],[-88.388418,44.227005],[-88.388536,44.224938],[-88.393472,44.22281],[-88.393466,44.221547],[-88.388426,44.221519],[-88.388044,44.225353],[-88.383332,44.22522],[-88.384695,44.221626],[-88.38283,44.221494],[-88.38553,44.22147],[-88.383402,44.220081],[-88.381796,44.220157],[-88.382578,44.221592],[-88.368268,44.221607],[-88.367723,44.219581],[-88.367679,44.221696],[-88.363209,44.221727],[-88.363458,44.207762],[-88.373462,44.208956],[-88.373384,44.214473],[-88.370885,44.214469],[-88.370838,44.218085],[-88.368326,44.218094],[-88.368306,44.21955],[-88.370822,44.219532],[-88.370801,44.221595],[-88.378876,44.221529],[-88.378389,44.214454],[-88.374616,44.214468],[-88.374651,44.210857],[-88.37794,44.210088],[-88.383411,44.210907],[-88.383403,44.212386],[-88.384366,44.211027],[-88.387786,44.211435],[-88.387787,44.213245],[-88.389968,44.213246],[-88.389972,44.211604],[-88.390774,44.212926],[-88.396251,44.212134],[-88.397843,44.214695],[-88.404255,44.214848],[-88.404714,44.212242],[-88.416402,44.212642],[-88.416061,44.215187],[-88.42424,44.214263],[-88.423057,44.21172],[-88.419214,44.214065],[-88.418031,44.210671],[-88.416884,44.211893],[-88.408028,44.211472],[-88.41442,44.211198],[-88.414389,44.20862],[-88.417677,44.207971],[-88.414166,44.208306],[-88.414451,44.193755],[-88.464314,44.193883],[-88.465114,44.192758],[-88.474498,44.1927],[-88.471944,44.198994],[-88.474909,44.200875]],[[-88.439148,44.225324],[-88.43922,44.21996],[-88.434872,44.21996],[-88.434891,44.218143],[-88.439241,44.21815],[-88.437694,44.217457],[-88.437715,44.215399],[-88.43243,44.215369],[-88.427445,44.222453],[-88.432834,44.222629],[-88.428535,44.223421],[-88.428518,44.22593],[-88.431213,44.225944],[-88.428911,44.227408],[-88.434039,44.227442],[-88.434044,44.229905],[-88.436841,44.229916],[-88.436867,44.227822],[-88.439136,44.226282],[-88.437988,44.225314],[-88.439148,44.225324]],[[-88.426704,44.227393],[-88.425041,44.225285],[-88.422898,44.227547],[-88.426704,44.227393]],[[-88.423491,44.232762],[-88.423991,44.231259],[-88.421363,44.231314],[-88.423491,44.232762]],[[-88.422464,44.228783],[-88.423986,44.228468],[-88.422469,44.22846],[-88.422464,44.228783]],[[-88.418892,44.232977],[-88.420388,44.229801],[-88.418878,44.229789],[-88.418892,44.232977]],[[-88.4192,44.228984],[-88.418516,44.22876],[-88.418513,44.228979],[-88.4192,44.228984]],[[-88.418509,44.229197],[-88.4183,44.229033],[-88.418322,44.22921],[-88.418509,44.229197]],[[-88.404211,44.217235],[-88.40412,44.216864],[-88.402932,44.217211],[-88.404211,44.217235]],[[-88.364078,44.219259],[-88.363493,44.218113],[-88.363405,44.219264],[-88.364078,44.219259]]]]}},{"type":"Feature","properties":{"NAME":"Bay City","state_abbr":"WI","state_name":"Wisconsin","ALAND":1530766},"geometry":{"type":"MultiPolygon","coordinates":[[[[-92.461746,44.583125],[-92.461746,44.590678],[-92.451468,44.590734],[-92.451392,44.593456],[-92.446565,44.590764],[-92.446553,44.587198],[-92.444311,44.58719],[-92.443048,44.585326],[-92.450804,44.582763],[-92.456391,44.578082],[-92.458197,44.581734],[-92.461746,44.583125]]],[[[-92.476925,44.594155],[-92.476908,44.59782],[-92.471835,44.597848],[-92.471806,44.593891],[-92.476925,44.594155]]],[[[-92.476951,44.587038],[-92.47116,44.587078],[-92.46945,44.586824],[-92.471876,44.586807],[-92.471862,44.584887],[-92.476942,44.584872],[-92.476951,44.587038]]]]}},{"type":"Feature","properties":{"NAME":"Ellsworth","state_abbr":"WI","state_name":"Wisconsin","ALAND":9834475},"geometry":{"type":"Polygon","coordinates":[[[-92.497109,44.724792],[-92.497152,44.757246],[-92.486867,44.758147],[-92.482,44.757375],[-92.481964,44.752612],[-92.484497,44.751913],[-92.4845,44.750119],[-92.466775,44.750374],[-92.466605,44.742611],[-92.464177,44.741706],[-92.464172,44.739564],[-92.466604,44.738589],[-92.461596,44.736001],[-92.459773,44.733103],[-92.456512,44.734509],[-92.456547,44.725254],[-92.466702,44.725025],[-92.466663,44.728687],[-92.467938,44.728629],[-92.467968,44.725011],[-92.471742,44.724898],[-92.471773,44.721257],[-92.476811,44.721164],[-92.476852,44.717531],[-92.47181,44.717549],[-92.471838,44.713993],[-92.479389,44.713934],[-92.479363,44.717545],[-92.486909,44.717487],[-92.484404,44.71937],[-92.49151,44.721187],[-92.491502,44.724826],[-92.497109,44.724792]]]}},{"type":"Feature","properties":{"NAME":"Cleveland","state_abbr":"WI","state_name":"Wisconsin","ALAND":5115767},"geometry":{"type":"Polygon","coordinates":[[[-87.766597,43.915729],[-87.761594,43.915777],[-87.763104,43.916819],[-87.763207,43.921222],[-87.764469,43.921397],[-87.762169,43.924309],[-87.758351,43.924257],[-87.758364,43.92576],[-87.760452,43.925741],[-87.761463,43.927447],[-87.746551,43.928587],[-87.745258,43.917705],[-87.741425,43.917748],[-87.741409,43.915401],[-87.73139,43.915524],[-87.729916,43.920588],[-87.731448,43.921472],[-87.729405,43.921492],[-87.73144,43.922632],[-87.72444,43.921543],[-87.723791,43.925153],[-87.72646,43.925141],[-87.726167,43.934245],[-87.721478,43.934288],[-87.721462,43.932451],[-87.720261,43.932448],[-87.723711,43.915739],[-87.726263,43.911777],[-87.731334,43.912823],[-87.731339,43.910627],[-87.733832,43.910593],[-87.73385,43.912802],[-87.735955,43.91278],[-87.736374,43.910558],[-87.746488,43.910443],[-87.746455,43.906815],[-87.756446,43.908102],[-87.756427,43.906759],[-87.766474,43.906701],[-87.766597,43.915729]],[[-87.752792,43.91039],[-87.751431,43.909985],[-87.751437,43.910286],[-87.752792,43.91039]]]}},{"type":"Feature","properties":{"NAME":"Francis Creek","state_abbr":"WI","state_name":"Wisconsin","ALAND":2943302},"geometry":{"type":"Polygon","coordinates":[[[-87.735765,44.207849],[-87.735763,44.211394],[-87.72637,44.21139],[-87.71965,44.204219],[-87.711247,44.204248],[-87.711203,44.200936],[-87.709287,44.200926],[-87.709281,44.199487],[-87.701156,44.199453],[-87.701119,44.197037],[-87.706156,44.197067],[-87.706111,44.194756],[-87.715012,44.193394],[-87.716659,44.191271],[-87.721232,44.19334],[-87.729932,44.191684],[-87.728946,44.196499],[-87.726286,44.197669],[-87.729012,44.197636],[-87.731396,44.200624],[-87.731432,44.207011],[-87.735765,44.207849]]]}},{"type":"Feature","properties":{"NAME":"Manitowoc","state_abbr":"WI","state_name":"Wisconsin","ALAND":46487513},"geometry":{"type":"MultiPolygon","coordinates":[[[[-87.62586,44.155809],[-87.623125,44.1558],[-87.623153,44.15358],[-87.625884,44.154357],[-87.62586,44.155809]]],[[[-87.66103,44.048762],[-87.660906,44.051856],[-87.65611,44.051874],[-87.659379,44.048766],[-87.66103,44.048762]]],[[[-87.668297,44.055754],[-87.668297,44.057093],[-87.665789,44.057084],[-87.665791,44.055727],[-87.668297,44.055754]]],[[[-87.720919,44.08768],[-87.718418,44.087981],[-87.718421,44.087087],[-87.719507,44.086969],[-87.720919,44.08768]]],[[[-87.761446,44.066311],[-87.76001,44.066724],[-87.761071,44.073482],[-87.756059,44.073496],[-87.754241,44.071546],[-87.748597,44.070842],[-87.748585,44.073509],[-87.740965,44.073508],[-87.740921,44.083809],[-87.750946,44.083431],[-87.750982,44.087924],[-87.733952,44.087981],[-87.733943,44.085208],[-87.738632,44.08491],[-87.738457,44.082577],[-87.736065,44.084731],[-87.732938,44.083802],[-87.732948,44.085271],[-87.726144,44.085986],[-87.724101,44.084433],[-87.725654,44.083853],[-87.71831,44.084432],[-87.71594,44.082951],[-87.716309,44.085618],[-87.713587,44.083713],[-87.713078,44.085166],[-87.710944,44.084398],[-87.710928,44.086778],[-87.710949,44.087999],[-87.715917,44.087986],[-87.716017,44.094178],[-87.720883,44.095093],[-87.716019,44.094321],[-87.716023,44.095523],[-87.711264,44.094256],[-87.708899,44.091656],[-87.711052,44.09162],[-87.710943,44.088548],[-87.709111,44.09065],[-87.706137,44.090074],[-87.707297,44.088558],[-87.702142,44.089387],[-87.70107,44.094142],[-87.702072,44.096671],[-87.707543,44.093655],[-87.707548,44.09602],[-87.712603,44.098832],[-87.711625,44.100884],[-87.715085,44.102398],[-87.711487,44.102423],[-87.71542,44.106682],[-87.712477,44.109652],[-87.703339,44.110031],[-87.703846,44.112254],[-87.701484,44.113382],[-87.703619,44.115617],[-87.70655,44.114202],[-87.713496,44.117463],[-87.71602,44.115557],[-87.716015,44.127121],[-87.711535,44.1263],[-87.711548,44.128335],[-87.707157,44.129393],[-87.707315,44.131967],[-87.700728,44.132367],[-87.700699,44.129558],[-87.695707,44.129624],[-87.695703,44.131432],[-87.688043,44.131564],[-87.690091,44.138727],[-87.682313,44.138983],[-87.682309,44.13677],[-87.680654,44.136824],[-87.680653,44.132902],[-87.67051,44.133499],[-87.670515,44.128008],[-87.680636,44.128133],[-87.68062,44.124495],[-87.677081,44.124438],[-87.677488,44.121849],[-87.67558,44.120409],[-87.675603,44.124414],[-87.672113,44.124353],[-87.67053,44.122783],[-87.670521,44.126604],[-87.665533,44.127987],[-87.665506,44.131636],[-87.637016,44.131646],[-87.637988,44.138849],[-87.625568,44.138892],[-87.625515,44.131695],[-87.620911,44.131718],[-87.62023,44.122672],[-87.638965,44.111122],[-87.647839,44.103504],[-87.64861,44.099983],[-87.644532,44.098801],[-87.64546,44.094088],[-87.643657,44.092624],[-87.648319,44.094839],[-87.647143,44.099046],[-87.648587,44.0997],[-87.648936,44.09492],[-87.65092,44.095207],[-87.651859,44.092356],[-87.657775,44.092603],[-87.651226,44.091601],[-87.650526,44.089129],[-87.643667,44.091368],[-87.648988,44.089237],[-87.654238,44.081856],[-87.655467,44.073673],[-87.653447,44.058003],[-87.660751,44.057718],[-87.659251,44.057805],[-87.660749,44.058716],[-87.660732,44.062936],[-87.665778,44.062424],[-87.660732,44.063185],[-87.662384,44.066491],[-87.662766,44.065191],[-87.665769,44.066495],[-87.665773,44.06449],[-87.668292,44.064491],[-87.668369,44.066071],[-87.671483,44.066498],[-87.670804,44.062858],[-87.672059,44.062856],[-87.672307,44.066498],[-87.675849,44.066497],[-87.675844,44.062851],[-87.68342,44.065119],[-87.683438,44.059295],[-87.686037,44.059352],[-87.686005,44.062934],[-87.695859,44.061428],[-87.695792,44.06463],[-87.694132,44.064626],[-87.694031,44.066462],[-87.697663,44.066453],[-87.696169,44.065357],[-87.696237,44.062074],[-87.699365,44.062162],[-87.699327,44.066481],[-87.706862,44.066537],[-87.705934,44.061414],[-87.715847,44.062906],[-87.715841,44.060837],[-87.711455,44.060953],[-87.711479,44.059476],[-87.721496,44.05917],[-87.721474,44.062792],[-87.716446,44.062893],[-87.716404,44.066404],[-87.712496,44.066437],[-87.711002,44.070374],[-87.717889,44.069988],[-87.717782,44.072943],[-87.719149,44.072939],[-87.723046,44.070019],[-87.726045,44.069953],[-87.728517,44.073408],[-87.735578,44.073226],[-87.735567,44.074318],[-87.741086,44.07234],[-87.742063,44.069903],[-87.748625,44.0699],[-87.748731,44.066291],[-87.761446,44.066311]]]]}},{"type":"Feature","properties":{"NAME":"Maribel","state_abbr":"WI","state_name":"Wisconsin","ALAND":2959920},"geometry":{"type":"Polygon","coordinates":[[[-87.816972,44.272832],[-87.817018,44.280058],[-87.812066,44.279954],[-87.812104,44.287218],[-87.802034,44.287175],[-87.802073,44.279883],[-87.783278,44.280003],[-87.783483,44.274579],[-87.78703,44.274572],[-87.787029,44.27276],[-87.802063,44.272683],[-87.802041,44.269112],[-87.809498,44.26915],[-87.809583,44.272716],[-87.816972,44.272832]]]}},{"type":"Feature","properties":{"NAME":"Mishicot","state_abbr":"WI","state_name":"Wisconsin","ALAND":6605776},"geometry":{"type":"Polygon","coordinates":[[[-87.670586,44.227302],[-87.655483,44.227763],[-87.655488,44.229592],[-87.658003,44.229612],[-87.658014,44.233095],[-87.652146,44.233115],[-87.652097,44.240456],[-87.65474,44.241712],[-87.654719,44.245968],[-87.650347,44.244033],[-87.644649,44.244982],[-87.641948,44.244072],[-87.641914,44.242247],[-87.62609,44.240507],[-87.625327,44.233279],[-87.627232,44.233265],[-87.624646,44.231528],[-87.625282,44.227901],[-87.623423,44.225817],[-87.625288,44.224924],[-87.623171,44.223829],[-87.623777,44.222572],[-87.621516,44.219749],[-87.625388,44.218807],[-87.624471,44.216653],[-87.625682,44.216133],[-87.627147,44.218832],[-87.630294,44.218765],[-87.630289,44.222369],[-87.635309,44.22237],[-87.635297,44.218763],[-87.645438,44.218738],[-87.645439,44.225939],[-87.650451,44.225884],[-87.650608,44.21875],[-87.66056,44.218771],[-87.660552,44.222388],[-87.665587,44.222423],[-87.665546,44.225879],[-87.67063,44.225737],[-87.670586,44.227302]]]}},{"type":"Feature","properties":{"NAME":"Reedsville","state_abbr":"WI","state_name":"Wisconsin","ALAND":3140300},"geometry":{"type":"Polygon","coordinates":[[[-87.96446,44.160622],[-87.943766,44.160532],[-87.943621,44.152158],[-87.933585,44.149777],[-87.93353,44.145851],[-87.963612,44.145802],[-87.96446,44.160622]]]}},{"type":"Feature","properties":{"NAME":"St. Nazianz","state_abbr":"WI","state_name":"Wisconsin","ALAND":2055498},"geometry":{"type":"Polygon","coordinates":[[[-87.932728,44.015276],[-87.922398,44.01526],[-87.922386,44.012303],[-87.917064,44.011736],[-87.915659,44.008061],[-87.91201,44.008084],[-87.912025,44.004416],[-87.920969,44.004387],[-87.921587,43.996476],[-87.929099,43.996398],[-87.929115,44.002615],[-87.932551,44.00264],[-87.932728,44.015276]]]}},{"type":"Feature","properties":{"NAME":"Valders","state_abbr":"WI","state_name":"Wisconsin","ALAND":3726700},"geometry":{"type":"Polygon","coordinates":[[[-87.89707,44.063379],[-87.89453,44.063379],[-87.895317,44.067597],[-87.896619,44.067646],[-87.892079,44.069267],[-87.892521,44.073292],[-87.896985,44.073375],[-87.896615,44.080674],[-87.886551,44.080642],[-87.886569,44.083074],[-87.881549,44.084444],[-87.881489,44.073299],[-87.876574,44.073332],[-87.876767,44.070938],[-87.871831,44.071176],[-87.871971,44.062335],[-87.881298,44.062057],[-87.881932,44.057756],[-87.882927,44.058884],[-87.897057,44.058863],[-87.89707,44.063379]]]}},{"type":"Feature","properties":{"NAME":"New Glarus","state_abbr":"WI","state_name":"Wisconsin","ALAND":4674682},"geometry":{"type":"MultiPolygon","coordinates":[[[[-89.624528,42.803873],[-89.622553,42.804704],[-89.622547,42.803364],[-89.624528,42.803873]]],[[[-89.657333,42.816012],[-89.657197,42.817889],[-89.651542,42.817177],[-89.65152,42.818317],[-89.650069,42.817991],[-89.650097,42.816283],[-89.647372,42.816221],[-89.646218,42.821937],[-89.622147,42.821758],[-89.622536,42.817721],[-89.617479,42.825082],[-89.617526,42.810641],[-89.622513,42.810973],[-89.622472,42.807179],[-89.629229,42.807178],[-89.629225,42.805521],[-89.630758,42.805536],[-89.630934,42.796595],[-89.628629,42.79547],[-89.628659,42.791676],[-89.632213,42.796912],[-89.631287,42.807178],[-89.632861,42.800475],[-89.639188,42.800456],[-89.635128,42.804395],[-89.638149,42.8044],[-89.640621,42.807199],[-89.647361,42.807157],[-89.647373,42.816138],[-89.649325,42.816138],[-89.649711,42.814336],[-89.657333,42.816012]]]]}},{"type":"Feature","properties":{"NAME":"Maiden Rock","state_abbr":"WI","state_name":"Wisconsin","ALAND":3120710},"geometry":{"type":"Polygon","coordinates":[[[-92.327309,44.57067],[-92.327317,44.574675],[-92.324483,44.574593],[-92.324882,44.572403],[-92.322458,44.570346],[-92.312192,44.57059],[-92.312191,44.574235],[-92.297147,44.573757],[-92.297136,44.555442],[-92.30438,44.555569],[-92.308271,44.558614],[-92.312495,44.558467],[-92.312275,44.561781],[-92.318492,44.562105],[-92.320871,44.564249],[-92.322174,44.5689],[-92.327309,44.57067]]]}},{"type":"Feature","properties":{"NAME":"Prescott","state_abbr":"WI","state_name":"Wisconsin","ALAND":7341110},"geometry":{"type":"Polygon","coordinates":[[[-92.808415,44.75186],[-92.806401,44.764567],[-92.800269,44.764637],[-92.800128,44.768446],[-92.792083,44.768421],[-92.79206,44.764731],[-92.776726,44.764833],[-92.776782,44.768476],[-92.766614,44.768547],[-92.766561,44.762824],[-92.769563,44.762795],[-92.769548,44.761237],[-92.776667,44.761177],[-92.776597,44.753968],[-92.766522,44.754037],[-92.766511,44.750417],[-92.761457,44.750442],[-92.761447,44.746813],[-92.774314,44.746445],[-92.776539,44.744319],[-92.776471,44.733732],[-92.792336,44.739362],[-92.808415,44.75186]]]}},{"type":"Feature","properties":{"NAME":"Spring Valley","state_abbr":"WI","state_name":"Wisconsin","ALAND":10269546},"geometry":{"type":"Polygon","coordinates":[[[-92.273089,44.837393],[-92.268076,44.837309],[-92.26822,44.844465],[-92.25251,44.845884],[-92.253059,44.854683],[-92.250871,44.854658],[-92.249762,44.861673],[-92.253282,44.861676],[-92.253271,44.86451],[-92.256279,44.867662],[-92.253772,44.868048],[-92.257511,44.8689],[-92.253298,44.868913],[-92.25333,44.872506],[-92.248176,44.872494],[-92.248174,44.876121],[-92.245633,44.876112],[-92.245616,44.87973],[-92.237468,44.879674],[-92.238777,44.872471],[-92.232851,44.872472],[-92.232846,44.868879],[-92.235421,44.868884],[-92.235992,44.865301],[-92.23572,44.860524],[-92.232993,44.861017],[-92.235038,44.857808],[-92.233176,44.857849],[-92.232774,44.854124],[-92.217553,44.853943],[-92.217,44.839501],[-92.242277,44.840019],[-92.242286,44.832849],[-92.247344,44.833066],[-92.247344,44.829472],[-92.252376,44.829686],[-92.252301,44.826071],[-92.257823,44.826301],[-92.257958,44.833548],[-92.264789,44.83041],[-92.272975,44.830139],[-92.273089,44.837393]]]}},{"type":"Feature","properties":{"NAME":"Neenah","state_abbr":"WI","state_name":"Wisconsin","ALAND":24635193},"geometry":{"type":"MultiPolygon","coordinates":[[[[-88.443351,44.155419],[-88.442705,44.156668],[-88.44267,44.155472],[-88.443351,44.155419]]],[[[-88.508429,44.194716],[-88.505196,44.19576],[-88.502708,44.194787],[-88.504653,44.192522],[-88.507161,44.192528],[-88.508429,44.194716]]],[[[-88.514761,44.165031],[-88.514404,44.166135],[-88.513756,44.165267],[-88.514761,44.165031]]],[[[-88.51806,44.163999],[-88.518455,44.170782],[-88.515217,44.170775],[-88.515208,44.167598],[-88.51806,44.163999]]],[[[-88.520589,44.14846],[-88.517594,44.148501],[-88.518711,44.151187],[-88.513735,44.15214],[-88.513771,44.15431],[-88.514599,44.154307],[-88.514622,44.15632],[-88.513775,44.154585],[-88.513805,44.156324],[-88.510716,44.155014],[-88.501672,44.156455],[-88.504528,44.157522],[-88.50513,44.163593],[-88.507662,44.163587],[-88.507227,44.167201],[-88.510168,44.16719],[-88.51017,44.168608],[-88.505008,44.171577],[-88.502798,44.170974],[-88.498463,44.174461],[-88.496273,44.173344],[-88.493565,44.178086],[-88.487993,44.178138],[-88.487761,44.181754],[-88.483921,44.181785],[-88.485122,44.182711],[-88.48264,44.182739],[-88.48392,44.183188],[-88.484039,44.184116],[-88.480884,44.1836],[-88.481638,44.185415],[-88.48513,44.185383],[-88.484607,44.183645],[-88.492672,44.182605],[-88.495169,44.185315],[-88.491569,44.185339],[-88.491576,44.18848],[-88.495172,44.185999],[-88.494084,44.187217],[-88.495199,44.191122],[-88.490964,44.19056],[-88.490986,44.192601],[-88.4865,44.192617],[-88.486296,44.194418],[-88.485147,44.192625],[-88.43407,44.193581],[-88.446201,44.178637],[-88.445548,44.171518],[-88.441846,44.169644],[-88.445358,44.169304],[-88.444732,44.167483],[-88.439444,44.16601],[-88.440854,44.163847],[-88.438264,44.163868],[-88.439163,44.159956],[-88.451912,44.160224],[-88.453868,44.156085],[-88.456488,44.156485],[-88.459013,44.153039],[-88.459142,44.148913],[-88.46426,44.149281],[-88.463395,44.145853],[-88.468416,44.145838],[-88.468385,44.142232],[-88.473353,44.142209],[-88.473419,44.145737],[-88.478471,44.14556],[-88.478275,44.142697],[-88.480177,44.141923],[-88.478441,44.142],[-88.4782,44.138376],[-88.479822,44.138291],[-88.480624,44.141902],[-88.484388,44.142196],[-88.485693,44.140003],[-88.483228,44.140064],[-88.483194,44.136976],[-88.48513,44.136923],[-88.485777,44.134472],[-88.490876,44.1344],[-88.488125,44.136849],[-88.489574,44.136814],[-88.486409,44.141769],[-88.486277,44.144472],[-88.487643,44.145372],[-88.485703,44.148974],[-88.490217,44.141853],[-88.495937,44.141521],[-88.502194,44.14148],[-88.502228,44.143261],[-88.504532,44.143226],[-88.504507,44.141456],[-88.512933,44.141332],[-88.512993,44.144946],[-88.518642,44.144866],[-88.518669,44.14733],[-88.520589,44.14846]],[[-88.508435,44.146702],[-88.502285,44.146057],[-88.502338,44.148718],[-88.498567,44.148776],[-88.498662,44.151611],[-88.507759,44.149305],[-88.508435,44.146702]],[[-88.501209,44.15629],[-88.503756,44.154058],[-88.501256,44.154059],[-88.501209,44.15629]],[[-88.498243,44.156385],[-88.497568,44.155582],[-88.497598,44.156387],[-88.498243,44.156385]],[[-88.495128,44.172086],[-88.493869,44.17165],[-88.49387,44.172089],[-88.495128,44.172086]],[[-88.491351,44.188596],[-88.490244,44.188255],[-88.488519,44.188263],[-88.489463,44.189553],[-88.491351,44.188596]],[[-88.489289,44.173192],[-88.491103,44.171538],[-88.489286,44.171547],[-88.489289,44.173192]],[[-88.446972,44.165569],[-88.445845,44.165432],[-88.444713,44.166072],[-88.445947,44.166071],[-88.446972,44.165569]],[[-88.444696,44.164619],[-88.44407,44.164346],[-88.444073,44.164621],[-88.444696,44.164619]]],[[[-88.528729,44.144174],[-88.526471,44.147444],[-88.523656,44.14688],[-88.52363,44.144795],[-88.526192,44.144748],[-88.52613,44.139314],[-88.523586,44.139358],[-88.523616,44.141158],[-88.513593,44.141322],[-88.513648,44.136349],[-88.528393,44.137481],[-88.528729,44.144174]]]]}},{"type":"Feature","properties":{"NAME":"Oshkosh","state_abbr":"WI","state_name":"Wisconsin","ALAND":70113187},"geometry":{"type":"MultiPolygon","coordinates":[[[[-88.623478,44.007507],[-88.620465,44.011125],[-88.618381,44.010531],[-88.618369,44.00745],[-88.623478,44.007507]]],[[[-88.628645,43.982017],[-88.628639,43.989283],[-88.622614,43.988193],[-88.62351,43.992901],[-88.619967,43.992872],[-88.619908,43.996526],[-88.622022,43.996546],[-88.622013,43.997746],[-88.619155,43.999491],[-88.619146,44.003477],[-88.613233,44.00375],[-88.613254,44.008631],[-88.615172,44.008647],[-88.618411,44.011898],[-88.622192,44.011146],[-88.622154,44.014786],[-88.617157,44.014728],[-88.617167,44.011088],[-88.615871,44.011164],[-88.615862,44.014713],[-88.608021,44.014602],[-88.608025,44.017416],[-88.605518,44.01738],[-88.605532,44.014568],[-88.600482,44.014523],[-88.602944,44.025246],[-88.597765,44.025239],[-88.597751,44.028681],[-88.594816,44.029672],[-88.594823,44.032745],[-88.583346,44.032743],[-88.584082,44.041334],[-88.582772,44.045156],[-88.580828,44.044378],[-88.572594,44.049944],[-88.575107,44.053525],[-88.57333,44.051609],[-88.57066,44.053575],[-88.571458,44.055008],[-88.567897,44.055048],[-88.574439,44.056175],[-88.574716,44.060797],[-88.579475,44.06031],[-88.583255,44.065643],[-88.583329,44.067958],[-88.576066,44.066937],[-88.576084,44.068105],[-88.594463,44.069246],[-88.594481,44.070659],[-88.605624,44.073732],[-88.605662,44.075208],[-88.596297,44.075265],[-88.597007,44.07867],[-88.593008,44.078866],[-88.590516,44.075308],[-88.5835,44.073884],[-88.583504,44.079002],[-88.566573,44.079136],[-88.568397,44.077637],[-88.568357,44.07018],[-88.573136,44.058548],[-88.568598,44.058229],[-88.56858,44.059321],[-88.571338,44.059292],[-88.571302,44.060832],[-88.569191,44.060847],[-88.569252,44.06519],[-88.55795,44.065308],[-88.557902,44.060963],[-88.553658,44.06101],[-88.553611,44.055621],[-88.562843,44.054963],[-88.563156,44.046436],[-88.561754,44.045778],[-88.56284,44.051596],[-88.559013,44.051628],[-88.559009,44.048623],[-88.552774,44.047348],[-88.551679,44.049255],[-88.552886,44.053778],[-88.542882,44.052974],[-88.545731,44.054582],[-88.541232,44.054637],[-88.542947,44.057055],[-88.540441,44.057543],[-88.542952,44.057513],[-88.541836,44.059793],[-88.544018,44.060259],[-88.540476,44.060718],[-88.540282,44.063805],[-88.543004,44.062959],[-88.54299,44.061138],[-88.552053,44.061027],[-88.553742,44.062156],[-88.552226,44.06789],[-88.568822,44.068138],[-88.560566,44.082731],[-88.553436,44.082746],[-88.553354,44.075488],[-88.548364,44.075521],[-88.548241,44.068479],[-88.551647,44.068289],[-88.547293,44.067801],[-88.548231,44.073327],[-88.543316,44.072908],[-88.543388,44.075619],[-88.55326,44.075557],[-88.553343,44.082999],[-88.560437,44.082956],[-88.558369,44.085853],[-88.552883,44.090165],[-88.543544,44.090216],[-88.54353,44.078842],[-88.541917,44.078392],[-88.543284,44.078843],[-88.543263,44.082935],[-88.536717,44.083011],[-88.536722,44.084498],[-88.538263,44.084481],[-88.538264,44.090261],[-88.528139,44.090344],[-88.528123,44.083082],[-88.521097,44.083144],[-88.527816,44.070617],[-88.52818,44.068545],[-88.529624,44.068531],[-88.528697,44.070256],[-88.530492,44.070249],[-88.533076,44.070221],[-88.533061,44.068506],[-88.529212,44.06782],[-88.529751,44.064874],[-88.525045,44.063571],[-88.52494,44.059735],[-88.522257,44.058792],[-88.528974,44.057728],[-88.52799,44.06128],[-88.532964,44.061273],[-88.53285,44.05397],[-88.530847,44.051775],[-88.530237,44.054036],[-88.525217,44.054042],[-88.52584,44.052077],[-88.524035,44.052831],[-88.524071,44.051514],[-88.521332,44.051262],[-88.522731,44.050285],[-88.52102,44.04918],[-88.523013,44.04963],[-88.524186,44.046626],[-88.522916,44.045004],[-88.524412,44.043516],[-88.521705,44.045281],[-88.511991,44.043649],[-88.512482,44.045765],[-88.510812,44.047325],[-88.508336,44.045764],[-88.510127,44.043419],[-88.50785,44.043342],[-88.512102,44.042986],[-88.511841,44.040093],[-88.508407,44.039279],[-88.512527,44.031955],[-88.511188,44.035652],[-88.513554,44.036411],[-88.520661,44.032132],[-88.520337,44.024872],[-88.514561,44.023036],[-88.516861,44.020003],[-88.514948,44.017117],[-88.518635,44.008139],[-88.519735,44.006928],[-88.524471,44.008212],[-88.530296,44.011415],[-88.533575,44.00375],[-88.535648,44.004052],[-88.536268,44.002732],[-88.534866,43.994228],[-88.536154,43.992064],[-88.534661,43.991869],[-88.535696,43.990931],[-88.532812,43.988457],[-88.530318,43.990045],[-88.527661,43.989282],[-88.528764,43.984662],[-88.528006,43.982882],[-88.525626,43.982539],[-88.527438,43.980161],[-88.526691,43.978557],[-88.528026,43.978486],[-88.527048,43.977242],[-88.530014,43.977237],[-88.526639,43.976016],[-88.529737,43.975643],[-88.529226,43.972854],[-88.533408,43.972892],[-88.533682,43.974757],[-88.530559,43.975303],[-88.534025,43.977079],[-88.533872,43.973449],[-88.544641,43.973724],[-88.542944,43.973402],[-88.543098,43.970774],[-88.544364,43.970507],[-88.543151,43.969863],[-88.543353,43.966231],[-88.548328,43.966267],[-88.547964,43.959023],[-88.553354,43.959074],[-88.553303,43.966299],[-88.551495,43.966286],[-88.551309,43.970832],[-88.553106,43.97083],[-88.552833,43.976882],[-88.557423,43.976952],[-88.553217,43.981241],[-88.559718,43.981319],[-88.559666,43.977966],[-88.562887,43.978629],[-88.56408,43.976176],[-88.567012,43.976243],[-88.567329,43.98142],[-88.58293,43.981661],[-88.583072,43.96684],[-88.573165,43.966638],[-88.573258,43.959349],[-88.583135,43.960614],[-88.583184,43.95591],[-88.578319,43.955797],[-88.583211,43.953291],[-88.583318,43.945058],[-88.58758,43.946448],[-88.593436,43.945097],[-88.593406,43.948722],[-88.588425,43.948689],[-88.588408,43.950862],[-88.585912,43.951585],[-88.588396,43.95232],[-88.588164,43.970525],[-88.59068,43.970544],[-88.590619,43.974442],[-88.593176,43.974455],[-88.593122,43.978933],[-88.598232,43.977987],[-88.598201,43.981784],[-88.601714,43.980233],[-88.601706,43.981815],[-88.603316,43.981827],[-88.603322,43.979384],[-88.605844,43.978057],[-88.605834,43.981841],[-88.616382,43.981911],[-88.616357,43.98312],[-88.618497,43.98314],[-88.618472,43.985568],[-88.623343,43.985588],[-88.62351,43.981978],[-88.628645,43.982017]],[[-88.619303,43.997095],[-88.618321,43.996511],[-88.618322,43.997085],[-88.619303,43.997095]],[[-88.615251,43.996481],[-88.614992,43.995157],[-88.613158,43.995142],[-88.613129,43.996464],[-88.615251,43.996481]],[[-88.609747,43.994833],[-88.608227,43.99482],[-88.608243,43.992781],[-88.606956,43.99277],[-88.606902,43.996412],[-88.609739,43.996437],[-88.609747,43.994833]],[[-88.574679,44.062086],[-88.573395,44.061479],[-88.572138,44.06335],[-88.574679,44.062086]],[[-88.546448,44.068337],[-88.545705,44.067817],[-88.545727,44.068344],[-88.546448,44.068337]],[[-88.545365,44.068347],[-88.543076,44.067461],[-88.543101,44.068371],[-88.545365,44.068347]],[[-88.544244,44.04678],[-88.542712,44.046886],[-88.542729,44.047543],[-88.541395,44.047557],[-88.540917,44.049376],[-88.544162,44.050251],[-88.542893,44.047088],[-88.544244,44.04678]],[[-88.543683,43.976448],[-88.542775,43.976241],[-88.542762,43.976435],[-88.543683,43.976448]],[[-88.543393,44.078025],[-88.541919,44.078035],[-88.541315,44.077493],[-88.541314,44.078042],[-88.543393,44.078025]],[[-88.542835,44.051283],[-88.537808,44.050318],[-88.537868,44.053037],[-88.54094,44.053001],[-88.542835,44.051283]],[[-88.542679,43.977697],[-88.542041,43.977174],[-88.53829,43.977127],[-88.542679,43.977697]],[[-88.542643,43.978229],[-88.53869,43.97819],[-88.539299,43.97873],[-88.542643,43.978229]],[[-88.542552,43.979666],[-88.540877,43.979648],[-88.540791,43.981152],[-88.542489,43.981169],[-88.542552,43.979666]],[[-88.540339,43.981148],[-88.539226,43.979633],[-88.53979,43.981143],[-88.540339,43.981148]],[[-88.617818,43.996506],[-88.618334,43.995609],[-88.617833,43.995604],[-88.617818,43.996506]]],[[[-88.643872,43.988875],[-88.640315,43.9894],[-88.640401,43.983465],[-88.638857,43.983372],[-88.641894,43.983394],[-88.643964,43.984333],[-88.643872,43.988875]]],[[[-88.517907,44.025625],[-88.516281,44.029726],[-88.513351,44.02892],[-88.514919,44.024311],[-88.517907,44.025625]]],[[[-88.521344,44.051409],[-88.521945,44.051976],[-88.521133,44.051788],[-88.521344,44.051409]]],[[[-88.527934,44.068957],[-88.525453,44.074537],[-88.52339,44.074998],[-88.524122,44.072203],[-88.523006,44.072214],[-88.523033,44.076732],[-88.524274,44.076718],[-88.522295,44.080441],[-88.514646,44.080525],[-88.514269,44.081859],[-88.520955,44.083145],[-88.519382,44.085603],[-88.510183,44.086946],[-88.513808,44.080803],[-88.512679,44.080819],[-88.513559,44.073856],[-88.508406,44.066102],[-88.509143,44.064851],[-88.514416,44.067012],[-88.51436,44.068565],[-88.526868,44.067907],[-88.527934,44.068957]],[[-88.51815,44.083823],[-88.517646,44.083201],[-88.517646,44.083828],[-88.51815,44.083823]],[[-88.516909,44.083205],[-88.515477,44.082642],[-88.515461,44.083849],[-88.516909,44.083205]],[[-88.514674,44.083954],[-88.51399,44.08323],[-88.513978,44.083961],[-88.514674,44.083954]]],[[[-88.543357,43.96592],[-88.538364,43.96623],[-88.538426,43.962608],[-88.542624,43.962964],[-88.543357,43.96592]]]]}},{"type":"Feature","properties":{"NAME":"Kiel","state_abbr":"WI","state_name":"Wisconsin","ALAND":6547376},"geometry":{"type":"Polygon","coordinates":[[[-88.05192,43.925655],[-88.050933,43.927907],[-88.045593,43.927907],[-88.044061,43.922679],[-88.04202,43.921306],[-88.042542,43.923587],[-88.040018,43.922271],[-88.039429,43.923841],[-88.037604,43.923822],[-88.037586,43.926452],[-88.022453,43.92433],[-88.021072,43.927961],[-88.007318,43.927935],[-88.007319,43.923938],[-88.010617,43.923949],[-88.007326,43.922128],[-88.007209,43.91775],[-88.004412,43.917703],[-88.005073,43.920085],[-88.002235,43.919553],[-88.003562,43.918745],[-88.00222,43.913422],[-87.997196,43.913429],[-87.99719,43.907279],[-88.002205,43.906162],[-88.00221,43.909207],[-88.005347,43.909201],[-88.005353,43.910711],[-88.012379,43.910741],[-88.012427,43.918845],[-88.014265,43.919285],[-88.022266,43.914454],[-88.021723,43.913215],[-88.017473,43.913201],[-88.017466,43.910323],[-88.01915,43.910306],[-88.017451,43.909421],[-88.017437,43.906204],[-88.021675,43.906217],[-88.020248,43.910566],[-88.022521,43.91055],[-88.022511,43.905069],[-88.024374,43.906205],[-88.04679,43.906515],[-88.04679,43.910744],[-88.049205,43.911858],[-88.046794,43.91225],[-88.046848,43.919625],[-88.05192,43.925655]],[[-88.029329,43.922115],[-88.028881,43.920876],[-88.028827,43.922103],[-88.029329,43.922115]]]}},{"type":"Feature","properties":{"NAME":"Appleton","state_abbr":"WI","state_name":"Wisconsin","ALAND":65601085},"geometry":{"type":"MultiPolygon","coordinates":[[[[-88.370942,44.224789],[-88.368245,44.225301],[-88.368268,44.221607],[-88.370698,44.221595],[-88.370942,44.224789]]],[[[-88.373301,44.221662],[-88.374553,44.223648],[-88.373297,44.223659],[-88.373301,44.221662]]],[[[-88.377793,44.31642],[-88.37821,44.317413],[-88.377794,44.317417],[-88.377793,44.31642]]],[[[-88.379832,44.313949],[-88.379252,44.314533],[-88.379252,44.313947],[-88.379832,44.313949]]],[[[-88.40433,44.208712],[-88.403651,44.209462],[-88.403666,44.208676],[-88.40433,44.208712]]],[[[-88.440659,44.329982],[-88.440428,44.340657],[-88.435581,44.340684],[-88.435676,44.329392],[-88.440659,44.329982]]],[[[-88.451094,44.248032],[-88.447903,44.251061],[-88.450871,44.251059],[-88.450896,44.255017],[-88.449074,44.255013],[-88.449077,44.25748],[-88.447297,44.257485],[-88.44669,44.255007],[-88.44586,44.258667],[-88.443833,44.258663],[-88.440847,44.254511],[-88.435859,44.256832],[-88.435873,44.258651],[-88.443063,44.261865],[-88.450893,44.261865],[-88.450945,44.266047],[-88.445929,44.266011],[-88.444164,44.262867],[-88.444158,44.264523],[-88.439705,44.263025],[-88.439708,44.265006],[-88.435879,44.265002],[-88.436073,44.287645],[-88.42999,44.287542],[-88.429978,44.291285],[-88.423527,44.290689],[-88.423584,44.294774],[-88.418079,44.294661],[-88.418025,44.296208],[-88.420059,44.295136],[-88.420129,44.298805],[-88.416241,44.29873],[-88.416418,44.297092],[-88.415566,44.297069],[-88.415237,44.308213],[-88.405204,44.308177],[-88.406015,44.316301],[-88.408694,44.316331],[-88.408298,44.32061],[-88.414682,44.321453],[-88.405133,44.323232],[-88.405083,44.329083],[-88.401867,44.328311],[-88.401898,44.324548],[-88.400261,44.325014],[-88.394038,44.323569],[-88.395172,44.3338],[-88.387565,44.333751],[-88.38755,44.336163],[-88.384939,44.336209],[-88.384965,44.343372],[-88.378001,44.343358],[-88.378128,44.34108],[-88.376361,44.341135],[-88.376368,44.339725],[-88.379988,44.339741],[-88.379989,44.336133],[-88.374965,44.336092],[-88.374876,44.353592],[-88.368504,44.352403],[-88.367361,44.35395],[-88.363417,44.353558],[-88.363891,44.350511],[-88.361319,44.350495],[-88.36085,44.348723],[-88.357792,44.348708],[-88.35451,44.352354],[-88.352438,44.352363],[-88.35253,44.340338],[-88.359395,44.334765],[-88.352964,44.334193],[-88.353222,44.328765],[-88.360018,44.328305],[-88.358295,44.328875],[-88.358109,44.332403],[-88.362151,44.332417],[-88.365921,44.331543],[-88.365556,44.330108],[-88.367492,44.328915],[-88.368672,44.329937],[-88.371495,44.328824],[-88.370797,44.327297],[-88.372341,44.3265],[-88.366407,44.326214],[-88.364481,44.320572],[-88.365473,44.319068],[-88.36798,44.317755],[-88.362187,44.316433],[-88.363515,44.317187],[-88.363429,44.323597],[-88.344787,44.323352],[-88.342988,44.328672],[-88.343063,44.324736],[-88.34452,44.323348],[-88.343159,44.323322],[-88.343195,44.31969],[-88.348334,44.319782],[-88.348356,44.316169],[-88.34323,44.316098],[-88.343197,44.307039],[-88.353485,44.307165],[-88.353344,44.293524],[-88.355256,44.29349],[-88.354844,44.28726],[-88.361884,44.288469],[-88.363579,44.287385],[-88.363052,44.285912],[-88.357165,44.286091],[-88.355724,44.278769],[-88.358714,44.279552],[-88.374941,44.276662],[-88.369901,44.277504],[-88.373757,44.27242],[-88.371221,44.272422],[-88.369958,44.268621],[-88.368999,44.270593],[-88.368599,44.268713],[-88.366339,44.269928],[-88.358939,44.277021],[-88.354864,44.276762],[-88.354035,44.243854],[-88.34293,44.243683],[-88.346737,44.242208],[-88.346747,44.241],[-88.342982,44.240973],[-88.343129,44.228696],[-88.371976,44.22881],[-88.372,44.22629],[-88.388404,44.225199],[-88.389324,44.227043],[-88.38974,44.224606],[-88.390534,44.226826],[-88.404007,44.229578],[-88.403926,44.234849],[-88.40996,44.233258],[-88.409971,44.234278],[-88.41887,44.234234],[-88.423986,44.235267],[-88.424965,44.237087],[-88.423871,44.238421],[-88.425503,44.238817],[-88.421822,44.239649],[-88.421012,44.241771],[-88.418998,44.240956],[-88.417769,44.244037],[-88.435907,44.244581],[-88.437117,44.247754],[-88.443408,44.244375],[-88.450119,44.244117],[-88.451094,44.248032]],[[-88.420614,44.236371],[-88.418745,44.234615],[-88.414067,44.23467],[-88.413335,44.236872],[-88.410368,44.237408],[-88.410362,44.240415],[-88.409098,44.239131],[-88.409105,44.240442],[-88.404201,44.240478],[-88.404202,44.2441],[-88.414053,44.244035],[-88.412699,44.243172],[-88.412754,44.237296],[-88.418018,44.237008],[-88.417999,44.240049],[-88.419351,44.240371],[-88.418897,44.237391],[-88.420614,44.236371]],[[-88.415738,44.28852],[-88.414567,44.287274],[-88.403222,44.287257],[-88.402943,44.294587],[-88.404528,44.294592],[-88.405514,44.298599],[-88.415182,44.297519],[-88.415738,44.28852]],[[-88.415143,44.302511],[-88.413077,44.301233],[-88.408305,44.301239],[-88.412743,44.30274],[-88.415143,44.302511]],[[-88.415022,44.303196],[-88.413232,44.303192],[-88.413214,44.303882],[-88.415088,44.304617],[-88.415022,44.303196]],[[-88.41504,44.300048],[-88.413398,44.299242],[-88.4134,44.299929],[-88.41504,44.300048]],[[-88.415022,44.304804],[-88.413191,44.304797],[-88.413117,44.307376],[-88.41496,44.30738],[-88.415022,44.304804]],[[-88.408038,44.31997],[-88.405175,44.319953],[-88.405171,44.320956],[-88.406645,44.321686],[-88.408038,44.31997]],[[-88.407539,44.301829],[-88.405379,44.30071],[-88.405327,44.301822],[-88.407539,44.301829]],[[-88.405188,44.31715],[-88.404025,44.316298],[-88.404005,44.317131],[-88.405188,44.31715]],[[-88.401908,44.323594],[-88.39931,44.323591],[-88.400428,44.324833],[-88.401908,44.323594]],[[-88.400159,44.321156],[-88.400162,44.319036],[-88.395145,44.319647],[-88.395163,44.321745],[-88.400159,44.321156]],[[-88.398371,44.316892],[-88.398414,44.315707],[-88.397648,44.316867],[-88.398371,44.316892]],[[-88.397663,44.314933],[-88.396861,44.313814],[-88.396958,44.314933],[-88.397663,44.314933]],[[-88.396939,44.316876],[-88.395123,44.316308],[-88.395127,44.316901],[-88.396939,44.316876]],[[-88.395221,44.311366],[-88.393145,44.310896],[-88.391625,44.312436],[-88.392929,44.313675],[-88.392261,44.31268],[-88.395221,44.311366]],[[-88.392053,44.314515],[-88.387687,44.313634],[-88.388965,44.315577],[-88.385029,44.316369],[-88.385076,44.312724],[-88.375163,44.312774],[-88.375163,44.315234],[-88.376485,44.315223],[-88.375166,44.318616],[-88.380003,44.318578],[-88.379796,44.321221],[-88.387589,44.323609],[-88.387663,44.319979],[-88.385429,44.319992],[-88.385417,44.317971],[-88.391797,44.316327],[-88.392053,44.314515]],[[-88.39184,44.328963],[-88.390738,44.328115],[-88.390723,44.328954],[-88.39184,44.328963]],[[-88.390177,44.32895],[-88.386718,44.328029],[-88.386718,44.328919],[-88.390177,44.32895]],[[-88.385822,44.330102],[-88.385065,44.328906],[-88.385057,44.330095],[-88.385822,44.330102]],[[-88.380195,44.327047],[-88.379622,44.321879],[-88.377618,44.321283],[-88.37766,44.319453],[-88.375588,44.319569],[-88.376321,44.327045],[-88.380195,44.327047]],[[-88.380031,44.328874],[-88.375005,44.33066],[-88.374971,44.335044],[-88.377536,44.335143],[-88.377497,44.330679],[-88.380016,44.330694],[-88.380031,44.328874]],[[-88.376977,44.228839],[-88.377391,44.228117],[-88.376963,44.22812],[-88.376977,44.228839]],[[-88.374982,44.310857],[-88.374052,44.309923],[-88.374021,44.310836],[-88.374982,44.310857]],[[-88.374981,44.316453],[-88.373986,44.315937],[-88.373986,44.31645],[-88.374981,44.316453]],[[-88.374974,44.302849],[-88.373305,44.301879],[-88.373295,44.302824],[-88.374974,44.302849]],[[-88.37479,44.323687],[-88.373441,44.322609],[-88.373444,44.323677],[-88.37479,44.323687]],[[-88.374788,44.321488],[-88.373439,44.32055],[-88.374788,44.320878],[-88.374785,44.318198],[-88.367837,44.318094],[-88.36495,44.320036],[-88.371947,44.320057],[-88.370563,44.32145],[-88.371913,44.322401],[-88.374788,44.321488]],[[-88.374186,44.325806],[-88.373799,44.325379],[-88.373798,44.325947],[-88.374186,44.325806]],[[-88.369583,44.300875],[-88.368574,44.300562],[-88.368578,44.300836],[-88.369583,44.300875]],[[-88.368214,44.228984],[-88.363178,44.228919],[-88.363038,44.235865],[-88.36815,44.233746],[-88.368214,44.228984]],[[-88.362993,44.229732],[-88.36206,44.228944],[-88.362044,44.229723],[-88.362993,44.229732]],[[-88.354927,44.24009],[-88.354115,44.239829],[-88.354105,44.240451],[-88.354927,44.24009]],[[-88.354821,44.318675],[-88.353441,44.316786],[-88.353441,44.31866],[-88.354821,44.318675]],[[-88.354208,44.319892],[-88.350771,44.319828],[-88.350767,44.321269],[-88.353438,44.321324],[-88.354208,44.319892]],[[-88.353479,44.307904],[-88.349304,44.307842],[-88.349293,44.308926],[-88.35347,44.308983],[-88.353479,44.307904]]]]}},{"type":"Feature","properties":{"NAME":"Chilton","state_abbr":"WI","state_name":"Wisconsin","ALAND":10462386},"geometry":{"type":"Polygon","coordinates":[[[-88.1831,44.044176],[-88.162955,44.044037],[-88.162968,44.04531],[-88.160747,44.045319],[-88.160902,44.04407],[-88.150596,44.044153],[-88.15076,44.038473],[-88.146994,44.037115],[-88.141636,44.037687],[-88.141175,44.03509],[-88.142937,44.034203],[-88.14078,44.034196],[-88.135906,44.029243],[-88.13289,44.028928],[-88.132809,44.025811],[-88.142748,44.029354],[-88.134457,44.026106],[-88.137821,44.026132],[-88.137779,44.022658],[-88.136391,44.022516],[-88.137788,44.022383],[-88.137775,44.018905],[-88.150468,44.017947],[-88.147357,44.01478],[-88.152293,44.015233],[-88.152307,44.013428],[-88.153562,44.0134],[-88.153545,44.015219],[-88.182938,44.015175],[-88.1831,44.044176]]]}},{"type":"Feature","properties":{"NAME":"Hilbert","state_abbr":"WI","state_name":"Wisconsin","ALAND":3817007},"geometry":{"type":"Polygon","coordinates":[[[-88.176616,44.143593],[-88.169018,44.143642],[-88.169002,44.149866],[-88.161878,44.147114],[-88.169009,44.150185],[-88.169023,44.154488],[-88.166388,44.154472],[-88.16638,44.152571],[-88.163989,44.15256],[-88.16399,44.154466],[-88.159911,44.154399],[-88.159883,44.147006],[-88.159514,44.154393],[-88.159404,44.15252],[-88.154829,44.152389],[-88.154651,44.146734],[-88.149554,44.146456],[-88.148977,44.131411],[-88.165461,44.132703],[-88.164111,44.13089],[-88.174287,44.131421],[-88.174258,44.133935],[-88.169177,44.133897],[-88.16912,44.13855],[-88.170376,44.14005],[-88.176703,44.140104],[-88.176616,44.143593]]]}},{"type":"Feature","properties":{"NAME":"New Holstein","state_abbr":"WI","state_name":"Wisconsin","ALAND":6499490},"geometry":{"type":"Polygon","coordinates":[[[-88.122802,43.939593],[-88.117663,43.943987],[-88.117621,43.946891],[-88.120879,43.949837],[-88.107522,43.949747],[-88.10749,43.953382],[-88.112501,43.953427],[-88.112456,43.957625],[-88.109291,43.957836],[-88.111727,43.960686],[-88.103947,43.960605],[-88.10248,43.956961],[-88.092701,43.95699],[-88.093988,43.960654],[-88.099944,43.96061],[-88.099902,43.964249],[-88.095636,43.9643],[-88.092915,43.960699],[-88.087432,43.960647],[-88.087496,43.957009],[-88.077318,43.957088],[-88.077336,43.953452],[-88.072241,43.953508],[-88.072252,43.95031],[-88.077368,43.948752],[-88.077373,43.94605],[-88.073034,43.944163],[-88.073015,43.939035],[-88.087544,43.938798],[-88.087569,43.935281],[-88.089837,43.935266],[-88.089393,43.93809],[-88.091432,43.938081],[-88.091035,43.93527],[-88.092595,43.935258],[-88.092573,43.938883],[-88.096591,43.938857],[-88.095968,43.940368],[-88.093894,43.940372],[-88.094831,43.942014],[-88.107576,43.942483],[-88.107558,43.94612],[-88.112546,43.94616],[-88.107591,43.93889],[-88.112812,43.942542],[-88.116815,43.942556],[-88.121071,43.938958],[-88.122802,43.939593]]]}},{"type":"Feature","properties":{"NAME":"Brodhead","state_abbr":"WI","state_name":"Wisconsin","ALAND":4648598},"geometry":{"type":"Polygon","coordinates":[[[-89.392604,42.617854],[-89.380723,42.620197],[-89.382139,42.626845],[-89.379293,42.626838],[-89.37931,42.63176],[-89.376866,42.631747],[-89.376877,42.633585],[-89.374458,42.633583],[-89.373183,42.629006],[-89.359563,42.628371],[-89.359546,42.624454],[-89.367015,42.62631],[-89.366912,42.609804],[-89.36122,42.609798],[-89.36115,42.607702],[-89.366888,42.607722],[-89.366852,42.60468],[-89.386538,42.604499],[-89.386628,42.613582],[-89.391531,42.613469],[-89.392604,42.617854]]]}},{"type":"Feature","properties":{"NAME":"Clinton","state_abbr":"WI","state_name":"Wisconsin","ALAND":3708856},"geometry":{"type":"Polygon","coordinates":[[[-88.879963,42.555786],[-88.87115,42.55708],[-88.871862,42.558634],[-88.874951,42.557852],[-88.879855,42.560193],[-88.879824,42.566603],[-88.874902,42.566546],[-88.874863,42.568464],[-88.874474,42.566535],[-88.869979,42.566416],[-88.869994,42.564594],[-88.865102,42.564475],[-88.865058,42.568034],[-88.855244,42.566016],[-88.85607,42.558732],[-88.853388,42.558198],[-88.855349,42.557912],[-88.855409,42.551426],[-88.864861,42.55169],[-88.868938,42.550179],[-88.865201,42.550079],[-88.865199,42.548983],[-88.870119,42.549114],[-88.870135,42.544549],[-88.87504,42.544684],[-88.875023,42.548303],[-88.879938,42.546541],[-88.879963,42.555786]]]}},{"type":"Feature","properties":{"NAME":"Edgerton","state_abbr":"WI","state_name":"Wisconsin","ALAND":10772168},"geometry":{"type":"Polygon","coordinates":[[[-89.102179,42.839973],[-89.097133,42.840003],[-89.097322,42.844234],[-89.092293,42.842141],[-89.092533,42.84735],[-89.055536,42.84752],[-89.056808,42.84847],[-89.055577,42.850283],[-89.063031,42.85115],[-89.065569,42.854012],[-89.065592,42.8566],[-89.06744,42.856022],[-89.065902,42.858447],[-89.063023,42.85844],[-89.063041,42.860282],[-89.058351,42.860263],[-89.059047,42.854593],[-89.058319,42.857608],[-89.053143,42.858466],[-89.053153,42.86023],[-89.04574,42.859521],[-89.040478,42.854794],[-89.054486,42.854805],[-89.053115,42.853961],[-89.053057,42.847534],[-89.051838,42.847462],[-89.052762,42.84007],[-89.047893,42.840069],[-89.047807,42.83646],[-89.043117,42.836462],[-89.042644,42.829344],[-89.047519,42.829307],[-89.047781,42.835389],[-89.052574,42.833988],[-89.052528,42.832491],[-89.050665,42.83285],[-89.052558,42.829828],[-89.05237,42.825624],[-89.061703,42.825624],[-89.061471,42.823169],[-89.06464,42.825627],[-89.064883,42.819407],[-89.071324,42.819424],[-89.071537,42.825637],[-89.076778,42.825599],[-89.076738,42.823349],[-89.071758,42.822928],[-89.080477,42.823202],[-89.083403,42.824256],[-89.082101,42.826734],[-89.085602,42.829183],[-89.094325,42.829112],[-89.094425,42.832725],[-89.096877,42.832705],[-89.097019,42.836425],[-89.101971,42.836401],[-89.102179,42.839973]],[[-89.093269,42.837511],[-89.092114,42.836934],[-89.092128,42.837528],[-89.093269,42.837511]],[[-89.092699,42.836616],[-89.092101,42.836415],[-89.092106,42.836621],[-89.092699,42.836616]]]}},{"type":"Feature","properties":{"NAME":"Milton","state_abbr":"WI","state_name":"Wisconsin","ALAND":12033709},"geometry":{"type":"Polygon","coordinates":[[[-88.978968,42.786284],[-88.979061,42.792015],[-88.970398,42.791838],[-88.970446,42.788264],[-88.959842,42.788467],[-88.960739,42.786393],[-88.959672,42.787987],[-88.955645,42.787876],[-88.955579,42.784355],[-88.954446,42.78318],[-88.950796,42.783077],[-88.950809,42.785342],[-88.955203,42.785463],[-88.954155,42.787113],[-88.934925,42.787206],[-88.934879,42.790893],[-88.931223,42.790798],[-88.931145,42.794425],[-88.92617,42.794276],[-88.926324,42.787011],[-88.928233,42.787054],[-88.928333,42.784844],[-88.926278,42.784793],[-88.926191,42.779753],[-88.931109,42.779883],[-88.931031,42.776313],[-88.921138,42.776055],[-88.920863,42.772466],[-88.914832,42.772106],[-88.914823,42.77026],[-88.917104,42.770218],[-88.917235,42.772125],[-88.917206,42.769242],[-88.913622,42.769193],[-88.913641,42.772104],[-88.911177,42.772032],[-88.911156,42.769404],[-88.903624,42.771892],[-88.896423,42.771965],[-88.896328,42.764742],[-88.901243,42.764799],[-88.901197,42.761156],[-88.906123,42.761199],[-88.906081,42.757544],[-88.910995,42.757592],[-88.911057,42.761262],[-88.916013,42.761325],[-88.915963,42.758922],[-88.923603,42.765149],[-88.922848,42.767829],[-88.931195,42.767756],[-88.93124,42.770805],[-88.935877,42.770929],[-88.935787,42.765455],[-88.937205,42.765497],[-88.938343,42.762324],[-88.937062,42.761658],[-88.943622,42.758423],[-88.949587,42.758549],[-88.95004,42.760015],[-88.955334,42.758835],[-88.955433,42.769574],[-88.960335,42.769799],[-88.961161,42.773432],[-88.963788,42.77352],[-88.966143,42.770854],[-88.965189,42.770346],[-88.968357,42.771509],[-88.972588,42.781775],[-88.970337,42.781396],[-88.970404,42.785506],[-88.972132,42.786858],[-88.978968,42.786284]],[[-88.931245,42.786163],[-88.931161,42.7822],[-88.928236,42.782198],[-88.929677,42.78616],[-88.931245,42.786163]]]}},{"type":"Feature","properties":{"NAME":"Orfordville","state_abbr":"WI","state_name":"Wisconsin","ALAND":3073890},"geometry":{"type":"Polygon","coordinates":[[[-89.27208,42.633165],[-89.268433,42.633197],[-89.268536,42.636611],[-89.243848,42.635904],[-89.243562,42.627748],[-89.248578,42.627344],[-89.248421,42.621447],[-89.258207,42.621763],[-89.258168,42.619373],[-89.259204,42.619405],[-89.258474,42.621771],[-89.268172,42.622083],[-89.268415,42.630967],[-89.272044,42.630643],[-89.27208,42.633165]]]}},{"type":"Feature","properties":{"NAME":"Beloit","state_abbr":"WI","state_name":"Wisconsin","ALAND":44908606},"geometry":{"type":"MultiPolygon","coordinates":[[[[-89.006903,42.515944],[-89.00622,42.515721],[-89.006139,42.515646],[-89.006903,42.515944]]],[[[-89.009002,42.528434],[-89.008611,42.528127],[-89.009133,42.528338],[-89.009002,42.528434]]],[[[-89.009594,42.528002],[-89.009198,42.527705],[-89.009791,42.527858],[-89.009594,42.528002]]],[[[-89.011237,42.526374],[-89.011702,42.526857],[-89.011233,42.526858],[-89.011237,42.526374]]],[[[-89.060889,42.557224],[-89.054318,42.558096],[-89.05421,42.561728],[-89.047628,42.563062],[-89.043502,42.554353],[-89.059525,42.554516],[-89.060889,42.557224]]],[[[-89.080843,42.525735],[-89.080816,42.528936],[-89.075935,42.526395],[-89.075873,42.532796],[-89.07956,42.532836],[-89.079452,42.540179],[-89.075793,42.540149],[-89.07582,42.536501],[-89.070914,42.53647],[-89.070776,42.554691],[-89.060203,42.55448],[-89.055774,42.547221],[-89.045067,42.547146],[-89.045938,42.540213],[-89.043955,42.539341],[-89.045819,42.538345],[-89.04544,42.539348],[-89.04705,42.539359],[-89.050454,42.536872],[-89.051346,42.538603],[-89.049914,42.539949],[-89.052032,42.539944],[-89.051507,42.532542],[-89.043995,42.53271],[-89.050771,42.531743],[-89.051518,42.530103],[-89.046741,42.529651],[-89.051519,42.529691],[-89.051392,42.528128],[-89.049479,42.528109],[-89.050309,42.527333],[-89.056414,42.528643],[-89.055797,42.526374],[-89.047995,42.527212],[-89.047095,42.525463],[-89.029017,42.525049],[-89.029005,42.527774],[-89.027895,42.527768],[-89.027925,42.525043],[-89.017026,42.524987],[-89.017673,42.52771],[-89.021854,42.528779],[-89.018035,42.529233],[-89.018764,42.532244],[-89.020419,42.530359],[-89.02351,42.530499],[-89.022407,42.533041],[-89.020354,42.532407],[-89.020343,42.538694],[-89.021414,42.54312],[-89.026389,42.543161],[-89.02642,42.546823],[-89.011622,42.54671],[-89.011337,42.562246],[-89.013485,42.562237],[-89.011343,42.562683],[-89.011242,42.568529],[-89.007505,42.56853],[-89.007515,42.564936],[-89.002558,42.564976],[-89.002609,42.554079],[-89.003804,42.554067],[-89.003854,42.550282],[-89.006619,42.550259],[-89.005437,42.548969],[-89.006506,42.54675],[-89.002619,42.54678],[-89.002633,42.539332],[-88.994805,42.539363],[-88.992804,42.541167],[-88.993556,42.546845],[-88.989114,42.546963],[-88.987444,42.546805],[-88.985498,42.535851],[-88.978177,42.535825],[-88.978129,42.53946],[-88.963385,42.539256],[-88.961513,42.54037],[-88.953527,42.539071],[-88.953555,42.536128],[-88.947874,42.538345],[-88.945007,42.535858],[-88.953549,42.531454],[-88.953535,42.528137],[-88.948627,42.528048],[-88.949063,42.524422],[-88.951145,42.525502],[-88.953532,42.524475],[-88.953418,42.516659],[-88.948532,42.51659],[-88.948469,42.509839],[-88.959462,42.511229],[-88.959563,42.517359],[-88.963555,42.517412],[-88.963465,42.510739],[-88.96782,42.510173],[-88.967224,42.505297],[-88.973037,42.505393],[-88.973008,42.502969],[-88.977929,42.503017],[-88.977833,42.495739],[-88.978559,42.503024],[-88.9927,42.503163],[-88.992559,42.496009],[-89.00138,42.496037],[-89.001525,42.5032],[-89.00613,42.504135],[-89.000862,42.506886],[-88.996336,42.505955],[-88.99633,42.50689],[-88.99773,42.508651],[-89.004524,42.506883],[-89.004392,42.510496],[-89.007142,42.515111],[-89.003993,42.514969],[-89.005866,42.515808],[-89.003249,42.516738],[-89.002828,42.52179],[-89.003217,42.51851],[-89.009271,42.516755],[-89.008084,42.513662],[-89.011958,42.511441],[-89.010188,42.509283],[-89.011303,42.509295],[-89.012057,42.504613],[-89.010392,42.505716],[-89.009032,42.503308],[-89.012069,42.504113],[-89.011666,42.496093],[-89.067444,42.496248],[-89.067424,42.499907],[-89.073553,42.501309],[-89.071074,42.503109],[-89.071086,42.507203],[-89.07354,42.507237],[-89.073536,42.509511],[-89.075948,42.509517],[-89.07595,42.510863],[-89.078375,42.510879],[-89.078492,42.513949],[-89.075943,42.513947],[-89.075842,42.518234],[-89.073493,42.518217],[-89.073464,42.52187],[-89.075925,42.521906],[-89.075933,42.52555],[-89.080843,42.525735]],[[-89.011841,42.524959],[-89.003038,42.531048],[-89.003716,42.532231],[-89.004831,42.531052],[-89.011775,42.531128],[-89.01008,42.530287],[-89.010065,42.527084],[-89.011808,42.528096],[-89.011841,42.524959]],[[-89.073535,42.509967],[-89.071089,42.509489],[-89.07109,42.509947],[-89.073535,42.509967]]]]}},{"type":"Feature","properties":{"NAME":"Stockbridge","state_abbr":"WI","state_name":"Wisconsin","ALAND":8496446},"geometry":{"type":"Polygon","coordinates":[[[-88.330339,44.069379],[-88.328901,44.069605],[-88.328722,44.07028],[-88.330086,44.070174],[-88.329883,44.075068],[-88.326016,44.083527],[-88.325605,44.09031],[-88.311882,44.090297],[-88.311849,44.07874],[-88.297663,44.078783],[-88.299007,44.078193],[-88.298432,44.076501],[-88.286515,44.076528],[-88.286443,44.060395],[-88.311853,44.060395],[-88.311822,44.058115],[-88.325594,44.056423],[-88.330339,44.069379]]]}},{"type":"Feature","properties":{"NAME":"Ashland","state_abbr":"WI","state_name":"Wisconsin","ALAND":34609822},"geometry":{"type":"Polygon","coordinates":[[[-90.929195,46.536209],[-90.927303,46.540522],[-90.927261,46.549319],[-90.92219,46.549291],[-90.922156,46.553369],[-90.923398,46.554082],[-90.922139,46.556513],[-90.918329,46.556403],[-90.916905,46.558638],[-90.91687,46.559909],[-90.927313,46.560284],[-90.927057,46.585415],[-90.918373,46.583087],[-90.907166,46.583043],[-90.907315,46.588646],[-90.895327,46.588375],[-90.893038,46.589906],[-90.895471,46.592528],[-90.89086,46.590524],[-90.885655,46.59305],[-90.889326,46.595114],[-90.887383,46.596024],[-90.885532,46.59457],[-90.885436,46.602537],[-90.875733,46.602467],[-90.876189,46.60394],[-90.874712,46.602451],[-90.863411,46.603045],[-90.849908,46.60805],[-90.847629,46.610497],[-90.8353,46.613371],[-90.822205,46.619375],[-90.82278,46.57381],[-90.843603,46.57391],[-90.843627,46.570287],[-90.838684,46.570263],[-90.838613,46.566641],[-90.843646,46.566651],[-90.84369,46.55943],[-90.911666,46.559825],[-90.911748,46.556272],[-90.913677,46.556307],[-90.914427,46.552834],[-90.90661,46.55257],[-90.90665,46.551166],[-90.908776,46.551189],[-90.908822,46.549021],[-90.906711,46.54897],[-90.906736,46.545369],[-90.918656,46.545635],[-90.924636,46.534772],[-90.929195,46.536209]]]}},{"type":"Feature","properties":{"NAME":"Belgium","state_abbr":"WI","state_name":"Wisconsin","ALAND":5566615},"geometry":{"type":"Polygon","coordinates":[[[-87.864693,43.493268],[-87.860589,43.492317],[-87.860613,43.495848],[-87.863132,43.495851],[-87.863173,43.503134],[-87.860658,43.50313],[-87.860732,43.516143],[-87.856411,43.516821],[-87.856427,43.520411],[-87.846661,43.521288],[-87.850737,43.512557],[-87.85073,43.506764],[-87.833247,43.506781],[-87.832188,43.506656],[-87.832882,43.504741],[-87.830773,43.504626],[-87.832358,43.499163],[-87.831456,43.487692],[-87.845648,43.486748],[-87.845688,43.493111],[-87.85067,43.49311],[-87.850689,43.495838],[-87.856042,43.495842],[-87.856979,43.492202],[-87.864737,43.492202],[-87.864693,43.493268]]]}},{"type":"Feature","properties":{"NAME":"Thiensville","state_abbr":"WI","state_name":"Wisconsin","ALAND":2687780},"geometry":{"type":"Polygon","coordinates":[[[-87.988969,43.225902],[-87.98877,43.243453],[-87.968932,43.243348],[-87.968818,43.239431],[-87.963828,43.238901],[-87.964754,43.232895],[-87.982121,43.230357],[-87.98368,43.228428],[-87.982787,43.225268],[-87.988969,43.225902]]]}},{"type":"Feature","properties":{"NAME":"Neshkoro","state_abbr":"WI","state_name":"Wisconsin","ALAND":5209915},"geometry":{"type":"Polygon","coordinates":[[[-89.22889,43.952872],[-89.228849,43.974493],[-89.217576,43.974532],[-89.218794,43.982709],[-89.2088,43.982794],[-89.20866,43.979851],[-89.204007,43.978375],[-89.216253,43.978161],[-89.217345,43.974536],[-89.203607,43.974479],[-89.203623,43.952882],[-89.213673,43.951022],[-89.213703,43.952862],[-89.22889,43.952872]]]}},{"type":"Feature","properties":{"NAME":"Westfield","state_abbr":"WI","state_name":"Wisconsin","ALAND":4070756},"geometry":{"type":"Polygon","coordinates":[[[-89.509172,43.879319],[-89.507323,43.886637],[-89.502343,43.886654],[-89.502142,43.894098],[-89.491652,43.894145],[-89.491379,43.897773],[-89.48274,43.897765],[-89.48234,43.89018],[-89.479763,43.891612],[-89.479794,43.888673],[-89.48236,43.888673],[-89.48279,43.87206],[-89.487165,43.872048],[-89.487175,43.87567],[-89.502212,43.875665],[-89.502237,43.87936],[-89.507302,43.87932],[-89.507292,43.881707],[-89.508515,43.8817],[-89.509172,43.879319]]]}},{"type":"Feature","properties":{"NAME":"Webster","state_abbr":"WI","state_name":"Wisconsin","ALAND":4540458},"geometry":{"type":"Polygon","coordinates":[[[-92.380183,45.877497],[-92.380125,45.880065],[-92.377068,45.88001],[-92.377035,45.881646],[-92.374869,45.881928],[-92.374681,45.888525],[-92.366971,45.888445],[-92.366759,45.895582],[-92.354548,45.895496],[-92.354585,45.866938],[-92.349249,45.866795],[-92.349144,45.859571],[-92.354346,45.859752],[-92.354467,45.863364],[-92.359622,45.863533],[-92.359722,45.8706],[-92.369945,45.870771],[-92.369899,45.874315],[-92.375075,45.874416],[-92.375018,45.87643],[-92.380183,45.877497]]]}},{"type":"Feature","properties":{"NAME":"Shawano","state_abbr":"WI","state_name":"Wisconsin","ALAND":17341705},"geometry":{"type":"Polygon","coordinates":[[[-88.621688,44.791156],[-88.60966,44.791044],[-88.609708,44.792825],[-88.596629,44.793032],[-88.596514,44.78753],[-88.591605,44.78657],[-88.583763,44.789556],[-88.568741,44.79141],[-88.568633,44.785351],[-88.553413,44.785433],[-88.553303,44.781739],[-88.546118,44.778948],[-88.547075,44.777664],[-88.545082,44.777465],[-88.546404,44.774434],[-88.542992,44.774412],[-88.542783,44.77082],[-88.547935,44.770865],[-88.547619,44.767242],[-88.542505,44.767227],[-88.54224,44.76128],[-88.555977,44.76134],[-88.557671,44.762704],[-88.557885,44.767283],[-88.562769,44.767261],[-88.562576,44.758406],[-88.572717,44.755878],[-88.572709,44.761405],[-88.575004,44.761421],[-88.572997,44.760615],[-88.572869,44.756841],[-88.577857,44.756887],[-88.57853,44.763254],[-88.580324,44.763268],[-88.580266,44.761479],[-88.586865,44.761509],[-88.588145,44.763186],[-88.588097,44.761534],[-88.595899,44.761597],[-88.595776,44.757843],[-88.603532,44.757947],[-88.603573,44.759707],[-88.612142,44.761734],[-88.608767,44.762497],[-88.611085,44.762809],[-88.608782,44.763151],[-88.610519,44.763359],[-88.610492,44.765655],[-88.618278,44.767457],[-88.621032,44.769699],[-88.618337,44.780591],[-88.621143,44.785637],[-88.621688,44.791156]],[[-88.603525,44.761491],[-88.603221,44.761065],[-88.603218,44.761487],[-88.603525,44.761491]],[[-88.570077,44.761251],[-88.571462,44.76065],[-88.570056,44.76063],[-88.570077,44.761251]]]}},{"type":"Feature","properties":{"NAME":"Montfort","state_abbr":"WI","state_name":"Wisconsin","ALAND":1448176},"geometry":{"type":"Polygon","coordinates":[[[-90.440916,42.976956],[-90.428554,42.976957],[-90.428504,42.971954],[-90.424931,42.970559],[-90.424923,42.969027],[-90.428499,42.968675],[-90.426857,42.968398],[-90.428472,42.962418],[-90.438345,42.962417],[-90.438402,42.973324],[-90.440916,42.976956]]]}},{"type":"Feature","properties":{"NAME":"Cobb","state_abbr":"WI","state_name":"Wisconsin","ALAND":2661299},"geometry":{"type":"Polygon","coordinates":[[[-90.342215,42.96719],[-90.33985,42.967223],[-90.339883,42.97084],[-90.334737,42.97093],[-90.334733,42.972747],[-90.329777,42.972811],[-90.32823,42.974672],[-90.319853,42.974797],[-90.319879,42.971133],[-90.317403,42.971169],[-90.317405,42.967534],[-90.314944,42.967569],[-90.314945,42.963949],[-90.319894,42.963876],[-90.319913,42.960251],[-90.334867,42.959956],[-90.337751,42.957703],[-90.339727,42.959966],[-90.339725,42.965408],[-90.34221,42.965386],[-90.342215,42.96719]],[[-90.331345,42.96365],[-90.331333,42.96197],[-90.329752,42.962009],[-90.32974,42.963731],[-90.331345,42.96365]],[[-90.330532,42.965363],[-90.329811,42.965143],[-90.329809,42.965371],[-90.330532,42.965363]]]}},{"type":"Feature","properties":{"NAME":"Dodgeville","state_abbr":"WI","state_name":"Wisconsin","ALAND":10522491},"geometry":{"type":"MultiPolygon","coordinates":[[[[-90.112861,42.970008],[-90.111844,42.970706],[-90.112253,42.969576],[-90.112861,42.970008]]],[[[-90.15272,42.967373],[-90.142742,42.967314],[-90.14276,42.974468],[-90.147755,42.974697],[-90.147769,42.981925],[-90.150268,42.982023],[-90.142796,42.981982],[-90.142777,42.985544],[-90.139405,42.985508],[-90.138609,42.981408],[-90.132012,42.979598],[-90.132796,42.978891],[-90.122841,42.980146],[-90.122802,42.985204],[-90.127768,42.98541],[-90.12774,42.989047],[-90.117825,42.989002],[-90.117846,42.981274],[-90.112848,42.981654],[-90.112957,42.96707],[-90.112691,42.969006],[-90.109578,42.967382],[-90.112907,42.960907],[-90.109121,42.959891],[-90.108356,42.957596],[-90.109437,42.956187],[-90.112881,42.959887],[-90.112901,42.952625],[-90.127759,42.952702],[-90.127769,42.949019],[-90.122849,42.949007],[-90.122838,42.945401],[-90.142749,42.945455],[-90.142696,42.961103],[-90.152626,42.960107],[-90.15272,42.967373]]]]}},{"type":"Feature","properties":{"NAME":"Highland","state_abbr":"WI","state_name":"Wisconsin","ALAND":2947370},"geometry":{"type":"Polygon","coordinates":[[[-90.394407,43.051006],[-90.394363,43.053774],[-90.379482,43.053985],[-90.379492,43.056421],[-90.374699,43.059024],[-90.374536,43.054057],[-90.369574,43.054126],[-90.369656,43.039579],[-90.389435,43.039341],[-90.389412,43.046615],[-90.39081,43.046548],[-90.389403,43.050215],[-90.394407,43.051006]]]}},{"type":"Feature","properties":{"NAME":"Ripon","state_abbr":"WI","state_name":"Wisconsin","ALAND":12883843},"geometry":{"type":"Polygon","coordinates":[[[-88.871146,43.856797],[-88.869897,43.858455],[-88.867676,43.857093],[-88.865674,43.858746],[-88.830837,43.858875],[-88.830826,43.860369],[-88.821003,43.860483],[-88.821023,43.858917],[-88.815996,43.858897],[-88.816077,43.852093],[-88.818505,43.85159],[-88.818499,43.853038],[-88.821118,43.85155],[-88.821104,43.849789],[-88.818615,43.849789],[-88.818601,43.848339],[-88.821097,43.848694],[-88.821088,43.84754],[-88.818586,43.847541],[-88.818556,43.844668],[-88.821076,43.846003],[-88.821058,43.843519],[-88.816048,43.843366],[-88.816034,43.841034],[-88.82104,43.841037],[-88.821,43.836152],[-88.816014,43.836723],[-88.80923,43.834535],[-88.809265,43.829645],[-88.815987,43.829685],[-88.815908,43.822314],[-88.830873,43.822344],[-88.830837,43.820514],[-88.835854,43.8205],[-88.835948,43.824755],[-88.832428,43.824769],[-88.830973,43.827826],[-88.84106,43.826914],[-88.841119,43.829688],[-88.848341,43.828416],[-88.846164,43.829659],[-88.846747,43.83607],[-88.866058,43.836903],[-88.865853,43.852884],[-88.869477,43.854274],[-88.871146,43.856797]],[[-88.820928,43.829684],[-88.815958,43.830617],[-88.826908,43.829681],[-88.825106,43.826005],[-88.819707,43.825013],[-88.820928,43.829684]]]}},{"type":"Feature","properties":{"NAME":"Rosendale","state_abbr":"WI","state_name":"Wisconsin","ALAND":3225057},"geometry":{"type":"Polygon","coordinates":[[[-88.685336,43.800202],[-88.685008,43.815132],[-88.677881,43.81506],[-88.677907,43.816935],[-88.675343,43.81692],[-88.675707,43.815067],[-88.67367,43.815062],[-88.675082,43.816872],[-88.673437,43.816863],[-88.673417,43.815059],[-88.664622,43.816054],[-88.664606,43.814985],[-88.660052,43.814975],[-88.660621,43.803292],[-88.664986,43.803634],[-88.664965,43.800012],[-88.685336,43.800202]]]}},{"type":"Feature","properties":{"NAME":"Fairwater","state_abbr":"WI","state_name":"Wisconsin","ALAND":1903395},"geometry":{"type":"Polygon","coordinates":[[[-88.875564,43.749678],[-88.860547,43.749601],[-88.860501,43.735096],[-88.875506,43.735156],[-88.875564,43.749678]]]}},{"type":"Feature","properties":{"NAME":"Lake Delton","state_abbr":"WI","state_name":"Wisconsin","ALAND":19714504},"geometry":{"type":"Polygon","coordinates":[[[-89.828412,43.601385],[-89.828406,43.605],[-89.818421,43.604972],[-89.818318,43.612291],[-89.807079,43.61199],[-89.808457,43.608484],[-89.803641,43.608387],[-89.803656,43.605851],[-89.798734,43.60578],[-89.79874,43.611922],[-89.793774,43.611872],[-89.79373,43.615526],[-89.774765,43.615518],[-89.774454,43.612329],[-89.761378,43.602748],[-89.753925,43.60348],[-89.756111,43.600961],[-89.753018,43.600955],[-89.752705,43.602374],[-89.749906,43.59906],[-89.747124,43.599983],[-89.738501,43.597769],[-89.738576,43.590381],[-89.743534,43.590018],[-89.742953,43.586521],[-89.749724,43.582782],[-89.750894,43.584641],[-89.753374,43.584676],[-89.7534,43.586485],[-89.760841,43.586546],[-89.761792,43.582954],[-89.768351,43.582983],[-89.768363,43.586554],[-89.773418,43.5866],[-89.773392,43.579399],[-89.768333,43.579375],[-89.76833,43.575766],[-89.758266,43.575714],[-89.758352,43.568522],[-89.77183,43.569392],[-89.778374,43.57221],[-89.778317,43.564976],[-89.780754,43.564979],[-89.784837,43.56908],[-89.790105,43.56858],[-89.787592,43.564972],[-89.788317,43.561367],[-89.793359,43.561372],[-89.793338,43.570915],[-89.788406,43.570375],[-89.786877,43.575704],[-89.783603,43.577324],[-89.783457,43.579413],[-89.793561,43.579399],[-89.793625,43.583007],[-89.798654,43.582991],[-89.79693,43.584327],[-89.79738,43.584832],[-89.800395,43.583821],[-89.800388,43.586845],[-89.809857,43.586676],[-89.804937,43.581099],[-89.80436,43.57941],[-89.806132,43.578578],[-89.812446,43.577572],[-89.813398,43.579475],[-89.82315,43.579562],[-89.822015,43.583232],[-89.818375,43.583185],[-89.818393,43.586485],[-89.814184,43.587804],[-89.818553,43.590374],[-89.818473,43.601347],[-89.828412,43.601385]]]}},{"type":"Feature","properties":{"NAME":"Sullivan","state_abbr":"WI","state_name":"Wisconsin","ALAND":2934275},"geometry":{"type":"Polygon","coordinates":[[[-88.60038,43.003652],[-88.600392,43.019454],[-88.592929,43.019418],[-88.592902,43.020699],[-88.591214,43.020704],[-88.591187,43.019409],[-88.586146,43.019407],[-88.58613,43.021012],[-88.581195,43.022028],[-88.580566,43.003606],[-88.60038,43.003652]]]}},{"type":"Feature","properties":{"NAME":"Waterloo","state_abbr":"WI","state_name":"Wisconsin","ALAND":9826992},"geometry":{"type":"Polygon","coordinates":[[[-89.009648,43.168722],[-89.008832,43.197724],[-88.970436,43.197966],[-88.970679,43.16947],[-89.009648,43.168722]]]}},{"type":"Feature","properties":{"NAME":"Mason","state_abbr":"WI","state_name":"Wisconsin","ALAND":1991047},"geometry":{"type":"Polygon","coordinates":[[[-91.071797,46.432512],[-91.071714,46.43889],[-91.061292,46.438847],[-91.060279,46.449604],[-91.056033,46.449592],[-91.056051,46.446803],[-91.060428,46.444937],[-91.060592,46.442419],[-91.050768,46.441954],[-91.050673,46.430559],[-91.052745,46.429372],[-91.055993,46.431634],[-91.055964,46.428037],[-91.061248,46.428081],[-91.063579,46.431686],[-91.071797,46.432512]]]}},{"type":"Feature","properties":{"NAME":"Eagle River","state_abbr":"WI","state_name":"Wisconsin","ALAND":8433563},"geometry":{"type":"MultiPolygon","coordinates":[[[[-89.24472,45.901907],[-89.24455,45.905321],[-89.239314,45.905212],[-89.239522,45.901648],[-89.24472,45.901907]]],[[[-89.264459,45.918026],[-89.264622,45.918465],[-89.264457,45.918464],[-89.264459,45.918026]]],[[[-89.290044,45.923299],[-89.282095,45.926845],[-89.28201,45.925782],[-89.275987,45.92982],[-89.275937,45.931053],[-89.279503,45.931069],[-89.274502,45.937385],[-89.271775,45.937551],[-89.272938,45.937819],[-89.272086,45.938708],[-89.264926,45.938194],[-89.260621,45.941372],[-89.258686,45.940069],[-89.252877,45.952618],[-89.250348,45.952503],[-89.247907,45.94558],[-89.251836,45.942703],[-89.251541,45.941956],[-89.253508,45.938768],[-89.245005,45.938673],[-89.244723,45.937537],[-89.24645,45.937536],[-89.246062,45.934968],[-89.244156,45.934788],[-89.246035,45.934787],[-89.246176,45.931031],[-89.244255,45.931036],[-89.243956,45.927405],[-89.239922,45.926638],[-89.238971,45.923118],[-89.236369,45.923922],[-89.233568,45.921129],[-89.233177,45.916301],[-89.228937,45.916034],[-89.229236,45.914816],[-89.223071,45.914879],[-89.223545,45.912924],[-89.226473,45.913029],[-89.224063,45.912071],[-89.224349,45.910889],[-89.226291,45.910955],[-89.227824,45.913688],[-89.232304,45.916141],[-89.233587,45.914092],[-89.234627,45.914949],[-89.234813,45.912368],[-89.228976,45.912019],[-89.238797,45.912483],[-89.239107,45.908777],[-89.244357,45.909018],[-89.244303,45.912761],[-89.250758,45.91203],[-89.241927,45.892541],[-89.249979,45.909259],[-89.258407,45.910179],[-89.258271,45.912681],[-89.259469,45.91296],[-89.264751,45.911354],[-89.264858,45.912998],[-89.271607,45.912967],[-89.2719,45.916648],[-89.270542,45.916756],[-89.270367,45.914711],[-89.268303,45.914622],[-89.26851,45.916428],[-89.265215,45.91449],[-89.264012,45.916488],[-89.259762,45.917212],[-89.25999,45.921112],[-89.263829,45.92166],[-89.265309,45.920307],[-89.265387,45.923817],[-89.276218,45.923848],[-89.276208,45.920296],[-89.281599,45.920262],[-89.281674,45.921429],[-89.286514,45.919991],[-89.28724,45.923444],[-89.290044,45.923299]],[[-89.254671,45.927483],[-89.252938,45.927938],[-89.252922,45.928954],[-89.254645,45.929206],[-89.254671,45.927483]],[[-89.256898,45.93109],[-89.256577,45.929638],[-89.253842,45.930168],[-89.25384,45.931039],[-89.256898,45.93109]],[[-89.257011,45.941922],[-89.258907,45.938342],[-89.258278,45.935216],[-89.259894,45.935235],[-89.258671,45.93358],[-89.259846,45.931847],[-89.257444,45.93106],[-89.256076,45.931915],[-89.257338,45.93571],[-89.254991,45.935303],[-89.253884,45.940523],[-89.2517,45.942219],[-89.252587,45.943352],[-89.253822,45.941126],[-89.257011,45.941922]]]]}},{"type":"Feature","properties":{"NAME":"Platteville","state_abbr":"WI","state_name":"Wisconsin","ALAND":16015600},"geometry":{"type":"MultiPolygon","coordinates":[[[[-90.455557,42.70383],[-90.445786,42.703887],[-90.44588,42.700721],[-90.447961,42.700789],[-90.44797,42.69904],[-90.445671,42.698915],[-90.445623,42.696309],[-90.44146,42.692016],[-90.435764,42.692766],[-90.435711,42.685454],[-90.440612,42.68413],[-90.442805,42.686206],[-90.447754,42.685957],[-90.454299,42.684057],[-90.455286,42.685538],[-90.450463,42.686938],[-90.450487,42.689263],[-90.455396,42.689248],[-90.455557,42.70383]]],[[[-90.5054,42.737826],[-90.495529,42.740359],[-90.495595,42.747645],[-90.479046,42.747544],[-90.479777,42.749794],[-90.475747,42.750907],[-90.475596,42.747609],[-90.465822,42.747652],[-90.465826,42.754901],[-90.460895,42.754893],[-90.461663,42.747598],[-90.455888,42.747615],[-90.455871,42.733702],[-90.454485,42.733034],[-90.445932,42.735321],[-90.445977,42.740302],[-90.445709,42.738548],[-90.436383,42.738685],[-90.436111,42.740226],[-90.43612,42.738649],[-90.429621,42.737713],[-90.453344,42.716732],[-90.458122,42.714567],[-90.459229,42.715261],[-90.458398,42.716736],[-90.460596,42.716072],[-90.462969,42.717606],[-90.462978,42.714579],[-90.460574,42.714156],[-90.465095,42.713777],[-90.465654,42.725658],[-90.472299,42.725405],[-90.47228,42.724233],[-90.473818,42.724613],[-90.471939,42.723415],[-90.475883,42.722044],[-90.480432,42.722063],[-90.480481,42.724445],[-90.485163,42.724468],[-90.486451,42.723353],[-90.485304,42.719436],[-90.487514,42.718537],[-90.495174,42.718475],[-90.495249,42.722135],[-90.502594,42.722094],[-90.499968,42.724722],[-90.495332,42.725188],[-90.495392,42.72943],[-90.505298,42.729456],[-90.5054,42.737826]]]]}},{"type":"Feature","properties":{"NAME":"Haugen","state_abbr":"WI","state_name":"Wisconsin","ALAND":1305540},"geometry":{"type":"Polygon","coordinates":[[[-91.786138,45.603205],[-91.786053,45.613542],[-91.775327,45.613682],[-91.775421,45.610073],[-91.770288,45.610127],[-91.770336,45.602918],[-91.786138,45.603205]]]}},{"type":"Feature","properties":{"NAME":"Rice Lake","state_abbr":"WI","state_name":"Wisconsin","ALAND":22931724},"geometry":{"type":"MultiPolygon","coordinates":[[[[-91.770772,45.47697],[-91.758038,45.476725],[-91.758141,45.480153],[-91.751816,45.478948],[-91.750661,45.4762],[-91.747675,45.476864],[-91.750483,45.480549],[-91.746286,45.48734],[-91.765694,45.487735],[-91.765236,45.505772],[-91.769226,45.505871],[-91.769128,45.508928],[-91.765094,45.509357],[-91.764802,45.523713],[-91.758904,45.523618],[-91.758888,45.53085],[-91.754645,45.529291],[-91.754517,45.530801],[-91.745743,45.530628],[-91.743643,45.523372],[-91.739525,45.523291],[-91.739408,45.525943],[-91.733664,45.526741],[-91.733792,45.523173],[-91.724709,45.523019],[-91.724545,45.512885],[-91.721725,45.508646],[-91.723013,45.505372],[-91.721319,45.503193],[-91.719054,45.503748],[-91.718956,45.4989],[-91.721612,45.502801],[-91.723572,45.499066],[-91.718895,45.49674],[-91.720484,45.496509],[-91.7206,45.494689],[-91.709343,45.494453],[-91.709531,45.48437],[-91.707523,45.484095],[-91.707862,45.481769],[-91.711937,45.483154],[-91.714782,45.481502],[-91.714837,45.479906],[-91.718599,45.47989],[-91.71628,45.476405],[-91.717581,45.476402],[-91.717544,45.474638],[-91.720108,45.475626],[-91.719867,45.469458],[-91.724941,45.469462],[-91.724838,45.466006],[-91.735763,45.46613],[-91.735743,45.458998],[-91.744006,45.458931],[-91.744175,45.460474],[-91.741361,45.461779],[-91.743169,45.464198],[-91.742468,45.46618],[-91.744695,45.467288],[-91.745685,45.472607],[-91.747511,45.472644],[-91.747307,45.471127],[-91.750258,45.472117],[-91.750172,45.469656],[-91.755275,45.469727],[-91.75537,45.472818],[-91.765578,45.473099],[-91.765507,45.469861],[-91.770608,45.469904],[-91.770772,45.47697]]],[[[-91.782815,45.418165],[-91.782149,45.420808],[-91.777486,45.422236],[-91.779021,45.424507],[-91.778007,45.426786],[-91.780208,45.428473],[-91.775784,45.431313],[-91.777044,45.434935],[-91.765627,45.437369],[-91.765642,45.433667],[-91.767385,45.433643],[-91.767366,45.431759],[-91.76565,45.431748],[-91.765734,45.4245],[-91.768899,45.422791],[-91.765757,45.422833],[-91.765897,45.415635],[-91.768528,45.415612],[-91.765968,45.413782],[-91.76608,45.410807],[-91.764271,45.410772],[-91.763696,45.408558],[-91.775155,45.406861],[-91.778095,45.408458],[-91.779805,45.411076],[-91.778823,45.41345],[-91.782815,45.418165]]]]}},{"type":"Feature","properties":{"NAME":"Bloomer","state_abbr":"WI","state_name":"Wisconsin","ALAND":7630185},"geometry":{"type":"Polygon","coordinates":[[[-91.514474,45.099676],[-91.509651,45.099681],[-91.509385,45.103818],[-91.512426,45.106043],[-91.5093,45.107157],[-91.511147,45.117461],[-91.508221,45.117197],[-91.507489,45.115305],[-91.505329,45.115803],[-91.507054,45.116802],[-91.506572,45.120329],[-91.497873,45.120313],[-91.495093,45.116758],[-91.488902,45.116208],[-91.488896,45.114425],[-91.493562,45.114452],[-91.488884,45.110374],[-91.487178,45.110352],[-91.487188,45.111593],[-91.473603,45.110546],[-91.473593,45.106914],[-91.468505,45.106915],[-91.468541,45.09786],[-91.471215,45.098616],[-91.469207,45.096666],[-91.472514,45.096163],[-91.472513,45.099832],[-91.473198,45.099828],[-91.473595,45.092527],[-91.476984,45.09253],[-91.47361,45.088976],[-91.483761,45.091301],[-91.483689,45.088954],[-91.478687,45.088941],[-91.478752,45.085489],[-91.482343,45.087691],[-91.486108,45.087695],[-91.491428,45.092536],[-91.499038,45.092516],[-91.49905,45.088902],[-91.504135,45.088886],[-91.504148,45.091691],[-91.499192,45.091703],[-91.499203,45.093511],[-91.504167,45.093501],[-91.504207,45.09769],[-91.51379,45.096122],[-91.514474,45.099676]]]}},{"type":"Feature","properties":{"NAME":"Chippewa Falls","state_abbr":"WI","state_name":"Wisconsin","ALAND":29436384},"geometry":{"type":"MultiPolygon","coordinates":[[[[-91.433264,44.940505],[-91.432973,44.947954],[-91.427207,44.94795],[-91.428774,44.944717],[-91.428164,44.940503],[-91.433264,44.940505]]],[[[-91.448281,44.922949],[-91.441014,44.92092],[-91.433124,44.92125],[-91.433151,44.924796],[-91.436497,44.924772],[-91.436444,44.926401],[-91.428935,44.926632],[-91.429075,44.929625],[-91.423065,44.929661],[-91.423046,44.931468],[-91.4196,44.931493],[-91.423899,44.933267],[-91.423057,44.936885],[-91.425461,44.936749],[-91.423616,44.934964],[-91.425478,44.934897],[-91.425605,44.932434],[-91.427513,44.932434],[-91.426357,44.944335],[-91.420446,44.944385],[-91.420889,44.947984],[-91.417923,44.951624],[-91.417875,44.955241],[-91.412763,44.955262],[-91.412792,44.953462],[-91.403899,44.9517],[-91.403772,44.958933],[-91.407588,44.958923],[-91.407547,44.966128],[-91.398547,44.966224],[-91.398834,44.958881],[-91.393673,44.959025],[-91.393696,44.955385],[-91.388641,44.955418],[-91.388701,44.951759],[-91.386773,44.952336],[-91.387367,44.955414],[-91.382114,44.953576],[-91.378403,44.955372],[-91.378277,44.966224],[-91.374594,44.965079],[-91.371941,44.956566],[-91.367792,44.958903],[-91.368031,44.965923],[-91.361667,44.965987],[-91.360233,44.965995],[-91.360254,44.964187],[-91.357887,44.966017],[-91.357932,44.962598],[-91.349609,44.962635],[-91.349665,44.960578],[-91.347829,44.960589],[-91.347903,44.957774],[-91.346309,44.95682],[-91.347802,44.955361],[-91.348041,44.948046],[-91.352166,44.948039],[-91.35178,44.951623],[-91.352979,44.95163],[-91.354097,44.946378],[-91.35818,44.946169],[-91.356047,44.947245],[-91.356263,44.948502],[-91.358786,44.947633],[-91.358823,44.945461],[-91.363267,44.947043],[-91.368345,44.941692],[-91.368269,44.938954],[-91.362416,44.94325],[-91.359202,44.943612],[-91.342929,44.938577],[-91.342848,44.933397],[-91.346503,44.933412],[-91.347786,44.929703],[-91.34756,44.922548],[-91.357832,44.922591],[-91.357812,44.920231],[-91.368015,44.920232],[-91.368014,44.915391],[-91.378273,44.9154],[-91.378357,44.91177],[-91.380762,44.91177],[-91.38079,44.910564],[-91.390114,44.912895],[-91.400314,44.911163],[-91.398102,44.912811],[-91.40094,44.912079],[-91.400094,44.914004],[-91.395672,44.915352],[-91.421672,44.91519],[-91.421657,44.911585],[-91.417854,44.911603],[-91.417831,44.907988],[-91.430533,44.907961],[-91.430542,44.915104],[-91.448255,44.915301],[-91.448281,44.922949]],[[-91.423561,44.937839],[-91.418003,44.936913],[-91.419201,44.938228],[-91.418498,44.94054],[-91.421875,44.940514],[-91.422595,44.93913],[-91.419786,44.939141],[-91.419521,44.938226],[-91.423561,44.937839]],[[-91.368285,44.933914],[-91.366532,44.932302],[-91.366717,44.93469],[-91.36275,44.935211],[-91.362828,44.937233],[-91.368258,44.937211],[-91.368285,44.933914]],[[-91.366915,44.929866],[-91.368017,44.926239],[-91.366909,44.926235],[-91.366915,44.929866]],[[-91.363884,44.930355],[-91.362707,44.929812],[-91.362686,44.930367],[-91.363884,44.930355]],[[-91.383621,44.912133],[-91.380905,44.91177],[-91.380882,44.912133],[-91.383621,44.912133]]]]}},{"type":"Feature","properties":{"NAME":"Brownsville","state_abbr":"WI","state_name":"Wisconsin","ALAND":1588250},"geometry":{"type":"Polygon","coordinates":[[[-88.506254,43.619874],[-88.498159,43.619621],[-88.49609,43.617561],[-88.496143,43.619757],[-88.493883,43.620854],[-88.492536,43.620123],[-88.4929,43.618114],[-88.482039,43.618235],[-88.481984,43.616447],[-88.485369,43.616391],[-88.486067,43.611452],[-88.490008,43.610894],[-88.48995,43.609086],[-88.49966,43.608997],[-88.499694,43.610322],[-88.505254,43.610213],[-88.504867,43.614376],[-88.499836,43.613875],[-88.499913,43.616231],[-88.506154,43.616227],[-88.506254,43.619874]]]}},{"type":"Feature","properties":{"NAME":"Clyman","state_abbr":"WI","state_name":"Wisconsin","ALAND":971713},"geometry":{"type":"MultiPolygon","coordinates":[[[[-88.711573,43.313905],[-88.71004,43.315512],[-88.710087,43.313892],[-88.711573,43.313905]]],[[[-88.734943,43.310158],[-88.7336,43.314014],[-88.723531,43.314014],[-88.723496,43.315888],[-88.720108,43.315863],[-88.720076,43.317592],[-88.718907,43.317581],[-88.719481,43.313974],[-88.715057,43.313936],[-88.715302,43.306674],[-88.721627,43.306695],[-88.721042,43.310342],[-88.734943,43.310158]]]]}},{"type":"Feature","properties":{"NAME":"Hustisford","state_abbr":"WI","state_name":"Wisconsin","ALAND":2887860},"geometry":{"type":"Polygon","coordinates":[[[-88.619098,43.345357],[-88.619553,43.351454],[-88.616309,43.351452],[-88.619472,43.352913],[-88.618936,43.35546],[-88.616367,43.353453],[-88.616371,43.356943],[-88.611291,43.356737],[-88.611526,43.34937],[-88.606213,43.349189],[-88.606212,43.352858],[-88.599248,43.352598],[-88.599508,43.348859],[-88.594353,43.348915],[-88.595917,43.347765],[-88.594629,43.347436],[-88.596037,43.344813],[-88.594087,43.342988],[-88.592288,43.342985],[-88.592994,43.345155],[-88.591123,43.34884],[-88.58876,43.348836],[-88.588941,43.341569],[-88.592705,43.340763],[-88.589068,43.330832],[-88.596327,43.331038],[-88.596277,43.332803],[-88.598811,43.332876],[-88.600461,43.335872],[-88.606346,43.336366],[-88.606297,43.338446],[-88.60802,43.338487],[-88.606573,43.342025],[-88.613853,43.342244],[-88.613837,43.346157],[-88.619098,43.345357]]]}},{"type":"Feature","properties":{"NAME":"Iron Ridge","state_abbr":"WI","state_name":"Wisconsin","ALAND":1737226},"geometry":{"type":"Polygon","coordinates":[[[-88.542,43.403122],[-88.537018,43.403078],[-88.537042,43.404882],[-88.527151,43.404787],[-88.527102,43.399383],[-88.522239,43.39935],[-88.522206,43.39215],[-88.536855,43.392253],[-88.536901,43.395862],[-88.541694,43.395901],[-88.542,43.403122]]]}},{"type":"Feature","properties":{"NAME":"Juneau","state_abbr":"WI","state_name":"Wisconsin","ALAND":4271560},"geometry":{"type":"MultiPolygon","coordinates":[[[[-88.702613,43.378717],[-88.704175,43.380125],[-88.702934,43.385786],[-88.702613,43.378717]]],[[[-88.71129,43.382569],[-88.704047,43.382402],[-88.704894,43.378731],[-88.707654,43.378721],[-88.707826,43.382394],[-88.71129,43.382569]]],[[[-88.722098,43.400515],[-88.717477,43.403888],[-88.713738,43.404316],[-88.714169,43.41547],[-88.701096,43.41551],[-88.696178,43.422812],[-88.696828,43.415461],[-88.688909,43.415369],[-88.688787,43.411695],[-88.695659,43.411779],[-88.696109,43.409727],[-88.68885,43.409635],[-88.688516,43.407445],[-88.692199,43.406976],[-88.692113,43.40431],[-88.689305,43.403439],[-88.698292,43.402346],[-88.698251,43.394876],[-88.70094,43.394915],[-88.699662,43.400759],[-88.701386,43.394622],[-88.703859,43.394653],[-88.703309,43.397042],[-88.708388,43.397025],[-88.708479,43.393424],[-88.713296,43.393418],[-88.713418,43.399587],[-88.722098,43.400515]]]]}},{"type":"Feature","properties":{"NAME":"Kekoskee","state_abbr":"WI","state_name":"Wisconsin","ALAND":81406876},"geometry":{"type":"MultiPolygon","coordinates":[[[[-88.562069,43.503365],[-88.561196,43.505144],[-88.561171,43.502408],[-88.562069,43.503365]]],[[[-88.644333,43.545009],[-88.521286,43.543939],[-88.521804,43.457221],[-88.554341,43.45777],[-88.553709,43.463228],[-88.554838,43.463243],[-88.554459,43.45777],[-88.613716,43.458406],[-88.613911,43.459996],[-88.624542,43.458493],[-88.621212,43.467264],[-88.623998,43.460953],[-88.628561,43.459638],[-88.627882,43.458494],[-88.629039,43.459602],[-88.644027,43.458581],[-88.644333,43.545009]],[[-88.57599,43.494253],[-88.575682,43.489265],[-88.572512,43.489231],[-88.573839,43.490512],[-88.570472,43.492367],[-88.571026,43.486923],[-88.567767,43.486888],[-88.566112,43.492137],[-88.568333,43.49216],[-88.568338,43.493861],[-88.562656,43.494818],[-88.560049,43.491205],[-88.556287,43.489995],[-88.557299,43.483617],[-88.556156,43.479574],[-88.549832,43.486486],[-88.54457,43.486664],[-88.541286,43.486369],[-88.542995,43.479371],[-88.540448,43.479318],[-88.539751,43.480913],[-88.538583,43.480886],[-88.538882,43.479284],[-88.536348,43.480093],[-88.536275,43.486463],[-88.527563,43.486234],[-88.527532,43.493353],[-88.533778,43.493875],[-88.533815,43.500928],[-88.527932,43.50075],[-88.527897,43.505813],[-88.532087,43.507298],[-88.534351,43.506292],[-88.533764,43.502737],[-88.536336,43.502815],[-88.536213,43.511358],[-88.531267,43.511235],[-88.531244,43.515385],[-88.543733,43.515667],[-88.543747,43.513621],[-88.541195,43.513615],[-88.541085,43.511881],[-88.539155,43.511833],[-88.541824,43.510465],[-88.541594,43.513474],[-88.543936,43.513485],[-88.54392,43.515669],[-88.552141,43.515703],[-88.552434,43.514059],[-88.558371,43.510621],[-88.557331,43.508504],[-88.566227,43.510371],[-88.566198,43.508605],[-88.571177,43.508679],[-88.571114,43.505057],[-88.562278,43.505161],[-88.567538,43.503235],[-88.566122,43.499563],[-88.571079,43.499627],[-88.571068,43.497822],[-88.572981,43.497841],[-88.573259,43.494225],[-88.57599,43.494253]]]]}},{"type":"Feature","properties":{"NAME":"Lomira","state_abbr":"WI","state_name":"Wisconsin","ALAND":5688218},"geometry":{"type":"Polygon","coordinates":[[[-88.455484,43.597073],[-88.448656,43.597989],[-88.450249,43.598939],[-88.450299,43.604048],[-88.44894,43.604036],[-88.450321,43.605739],[-88.441173,43.605682],[-88.441296,43.61621],[-88.450471,43.616998],[-88.450684,43.626587],[-88.448655,43.626567],[-88.446571,43.621281],[-88.443793,43.621253],[-88.443778,43.62354],[-88.441625,43.623522],[-88.441204,43.616413],[-88.441116,43.608895],[-88.436189,43.608871],[-88.431903,43.602464],[-88.433169,43.601536],[-88.430338,43.597939],[-88.430172,43.584067],[-88.429166,43.586873],[-88.427726,43.586971],[-88.427724,43.583516],[-88.432689,43.583517],[-88.432674,43.579899],[-88.440059,43.579898],[-88.440046,43.578373],[-88.441977,43.578391],[-88.442363,43.583521],[-88.441912,43.572692],[-88.443922,43.572712],[-88.444049,43.578142],[-88.446097,43.578153],[-88.446169,43.583552],[-88.455026,43.583599],[-88.455186,43.594414],[-88.451088,43.594408],[-88.450989,43.595571],[-88.455426,43.595916],[-88.455484,43.597073]],[[-88.443675,43.603093],[-88.443636,43.601561],[-88.441144,43.601554],[-88.441147,43.603496],[-88.443675,43.603093]]]}},{"type":"Feature","properties":{"NAME":"Lowell","state_abbr":"WI","state_name":"Wisconsin","ALAND":2567828},"geometry":{"type":"MultiPolygon","coordinates":[[[[-88.819685,43.3234],[-88.818425,43.323393],[-88.818447,43.321693],[-88.813423,43.321582],[-88.819708,43.321618],[-88.819685,43.3234]]],[[[-88.828397,43.329572],[-88.828206,43.343414],[-88.826663,43.341402],[-88.819676,43.34711],[-88.817852,43.343353],[-88.808143,43.343296],[-88.808385,43.32891],[-88.828397,43.329572]]]]}},{"type":"Feature","properties":{"NAME":"Pigeon Falls","state_abbr":"WI","state_name":"Wisconsin","ALAND":1124122},"geometry":{"type":"Polygon","coordinates":[[[-91.217945,44.418137],[-91.216522,44.422142],[-91.214267,44.422514],[-91.215173,44.426063],[-91.210862,44.426886],[-91.214978,44.429613],[-91.200327,44.429641],[-91.198489,44.428184],[-91.200134,44.426574],[-91.199879,44.422505],[-91.209963,44.422493],[-91.210047,44.418122],[-91.217945,44.418137]]]}},{"type":"Feature","properties":{"NAME":"La Farge","state_abbr":"WI","state_name":"Wisconsin","ALAND":2612364},"geometry":{"type":"Polygon","coordinates":[[[-90.648722,43.574471],[-90.646249,43.574451],[-90.646328,43.588849],[-90.636421,43.588782],[-90.636415,43.583743],[-90.631397,43.583339],[-90.631378,43.577933],[-90.623442,43.5779],[-90.623376,43.57422],[-90.626412,43.573959],[-90.626406,43.572513],[-90.631346,43.572526],[-90.631314,43.570731],[-90.636281,43.570768],[-90.636419,43.568956],[-90.641234,43.568987],[-90.641257,43.570795],[-90.64869,43.570855],[-90.648722,43.574471]]]}},{"type":"Feature","properties":{"NAME":"Sturtevant","state_abbr":"WI","state_name":"Wisconsin","ALAND":10629978},"geometry":{"type":"Polygon","coordinates":[[[-87.924445,42.705694],[-87.914676,42.705546],[-87.91476,42.720091],[-87.894911,42.719452],[-87.894905,42.71244],[-87.889928,42.712359],[-87.889841,42.703536],[-87.879756,42.703428],[-87.882701,42.683291],[-87.919278,42.683809],[-87.919481,42.699877],[-87.924419,42.699434],[-87.924445,42.705694]]]}},{"type":"Feature","properties":{"NAME":"Elmwood Park","state_abbr":"WI","state_name":"Wisconsin","ALAND":390391},"geometry":{"type":"Polygon","coordinates":[[[-87.827695,42.689922],[-87.825929,42.695832],[-87.825924,42.693198],[-87.816437,42.693104],[-87.816405,42.689607],[-87.827695,42.689922]]]}},{"type":"Feature","properties":{"NAME":"North Bay","state_abbr":"WI","state_name":"Wisconsin","ALAND":272983},"geometry":{"type":"Polygon","coordinates":[[[-87.787107,42.763946],[-87.782323,42.764565],[-87.782079,42.766826],[-87.775406,42.767181],[-87.777924,42.762636],[-87.787141,42.762746],[-87.787107,42.763946]]]}},{"type":"Feature","properties":{"NAME":"Rochester","state_abbr":"WI","state_name":"Wisconsin","ALAND":45116666},"geometry":{"type":"Polygon","coordinates":[[[-88.30781,42.755524],[-88.229317,42.756001],[-88.228991,42.748458],[-88.225477,42.748486],[-88.22547,42.745936],[-88.220679,42.746565],[-88.216978,42.756158],[-88.204238,42.756315],[-88.207531,42.75291],[-88.204527,42.752937],[-88.204554,42.754353],[-88.19966,42.754435],[-88.19964,42.756381],[-88.189774,42.75652],[-88.189138,42.712667],[-88.306852,42.712164],[-88.30781,42.755524]]]}},{"type":"Feature","properties":{"NAME":"Union Grove","state_abbr":"WI","state_name":"Wisconsin","ALAND":6708194},"geometry":{"type":"Polygon","coordinates":[[[-88.073273,42.681596],[-88.071862,42.681569],[-88.071865,42.679576],[-88.068111,42.679425],[-88.06716,42.682218],[-88.066689,42.679722],[-88.064856,42.679721],[-88.065973,42.684227],[-88.069079,42.681558],[-88.069082,42.684222],[-88.070971,42.684216],[-88.070993,42.685924],[-88.061713,42.686761],[-88.066319,42.687512],[-88.066442,42.692864],[-88.06439,42.6929],[-88.064433,42.695802],[-88.06316,42.695796],[-88.063142,42.687222],[-88.06163,42.687096],[-88.06171,42.698735],[-88.056797,42.698749],[-88.056802,42.700558],[-88.051972,42.700564],[-88.051967,42.69878],[-88.042012,42.698732],[-88.042001,42.695858],[-88.039536,42.698721],[-88.036258,42.698708],[-88.036231,42.691439],[-88.032205,42.691477],[-88.032101,42.680878],[-88.03564,42.680955],[-88.035714,42.684178],[-88.037097,42.684186],[-88.037031,42.68097],[-88.041889,42.680786],[-88.041812,42.676964],[-88.036941,42.676927],[-88.038218,42.680873],[-88.032097,42.68079],[-88.031989,42.673612],[-88.038204,42.674029],[-88.038289,42.672421],[-88.041737,42.672419],[-88.041758,42.673932],[-88.055474,42.674395],[-88.05543,42.677021],[-88.053896,42.677018],[-88.055127,42.68112],[-88.061653,42.681542],[-88.061552,42.677014],[-88.073241,42.67698],[-88.073273,42.681596]]]}},{"type":"Feature","properties":{"NAME":"Waterford","state_abbr":"WI","state_name":"Wisconsin","ALAND":6320733},"geometry":{"type":"Polygon","coordinates":[[[-88.238683,42.773647],[-88.236967,42.773854],[-88.238263,42.781337],[-88.228479,42.781444],[-88.228533,42.779488],[-88.230031,42.77947],[-88.230078,42.77782],[-88.228581,42.777817],[-88.228752,42.7726],[-88.224492,42.772499],[-88.225049,42.769558],[-88.222293,42.767487],[-88.222117,42.770634],[-88.209189,42.770778],[-88.209154,42.773114],[-88.199105,42.775073],[-88.200253,42.778086],[-88.194172,42.778203],[-88.193988,42.773256],[-88.19823,42.764471],[-88.196577,42.763401],[-88.199469,42.762117],[-88.19966,42.754435],[-88.207531,42.75291],[-88.204238,42.756315],[-88.216978,42.756158],[-88.221443,42.745982],[-88.22547,42.745936],[-88.225477,42.748486],[-88.228991,42.748458],[-88.228782,42.770389],[-88.235441,42.770661],[-88.238683,42.773647]]]}},{"type":"Feature","properties":{"NAME":"Wind Point","state_abbr":"WI","state_name":"Wisconsin","ALAND":3277980},"geometry":{"type":"Polygon","coordinates":[[[-87.781985,42.770752],[-87.781627,42.784501],[-87.778158,42.784498],[-87.777914,42.793528],[-87.776377,42.79353],[-87.776339,42.794953],[-87.765753,42.789626],[-87.757411,42.78205],[-87.758712,42.779342],[-87.764632,42.777345],[-87.773252,42.769926],[-87.781985,42.770752]]]}},{"type":"Feature","properties":{"NAME":"Eau Claire","state_abbr":"WI","state_name":"Wisconsin","ALAND":88907430},"geometry":{"type":"MultiPolygon","coordinates":[[[[-91.378122,44.826074],[-91.37609,44.833495],[-91.373008,44.833634],[-91.373044,44.837394],[-91.367938,44.837498],[-91.367929,44.83022],[-91.372952,44.829919],[-91.373008,44.826229],[-91.378122,44.826074]]],[[[-91.468765,44.745732],[-91.464254,44.74558],[-91.464006,44.740841],[-91.460702,44.740654],[-91.459402,44.738648],[-91.468663,44.73856],[-91.468765,44.745732]]],[[[-91.557313,44.763906],[-91.556016,44.767682],[-91.551888,44.767248],[-91.551926,44.764603],[-91.55321,44.764175],[-91.557313,44.763906]]],[[[-91.59457,44.832665],[-91.589588,44.832646],[-91.589606,44.834496],[-91.586853,44.835624],[-91.589522,44.836844],[-91.589649,44.844],[-91.564203,44.843689],[-91.564175,44.847287],[-91.551168,44.843959],[-91.555543,44.842531],[-91.558447,44.84371],[-91.56206,44.843931],[-91.561187,44.842593],[-91.559111,44.84343],[-91.559107,44.842093],[-91.548908,44.839733],[-91.55104,44.842086],[-91.54731,44.844418],[-91.548923,44.847332],[-91.548957,44.856613],[-91.547052,44.85709],[-91.553936,44.857018],[-91.554015,44.864291],[-91.559102,44.864283],[-91.559191,44.871617],[-91.549019,44.871632],[-91.548913,44.864304],[-91.538734,44.86445],[-91.538652,44.857183],[-91.528719,44.857356],[-91.528675,44.850555],[-91.533542,44.850549],[-91.533562,44.843292],[-91.528446,44.843301],[-91.528561,44.8646],[-91.524088,44.86459],[-91.523748,44.859835],[-91.525519,44.859391],[-91.523768,44.859351],[-91.523848,44.857356],[-91.51447,44.857348],[-91.511001,44.864256],[-91.500827,44.867325],[-91.498514,44.871829],[-91.496942,44.871842],[-91.494059,44.878999],[-91.494019,44.8773],[-91.488262,44.877775],[-91.490582,44.875616],[-91.493979,44.875582],[-91.493935,44.873691],[-91.488883,44.87373],[-91.490462,44.871903],[-91.48741,44.872422],[-91.487545,44.87465],[-91.484595,44.874684],[-91.484708,44.872709],[-91.481781,44.872008],[-91.478841,44.875655],[-91.475445,44.875692],[-91.469481,44.879394],[-91.466492,44.879414],[-91.463667,44.876564],[-91.470045,44.872115],[-91.46052,44.872237],[-91.460506,44.874029],[-91.459028,44.87234],[-91.458588,44.874507],[-91.453563,44.874577],[-91.453486,44.872316],[-91.450139,44.872358],[-91.447387,44.875933],[-91.440604,44.876184],[-91.44795,44.870223],[-91.446525,44.872507],[-91.44838,44.872383],[-91.448044,44.870152],[-91.452217,44.867029],[-91.451614,44.864769],[-91.447983,44.864792],[-91.44812,44.867287],[-91.445549,44.8682],[-91.443014,44.867597],[-91.444275,44.86478],[-91.437775,44.864689],[-91.43746,44.857403],[-91.442512,44.85736],[-91.442581,44.854224],[-91.44638,44.85417],[-91.446458,44.85067],[-91.445194,44.850675],[-91.44646,44.850576],[-91.446542,44.846967],[-91.44388,44.846985],[-91.442842,44.841544],[-91.439413,44.841578],[-91.436417,44.837096],[-91.445272,44.836152],[-91.444686,44.841211],[-91.4466,44.841201],[-91.446579,44.839825],[-91.445258,44.840586],[-91.445447,44.837859],[-91.447822,44.837849],[-91.4478,44.836086],[-91.438698,44.835273],[-91.437546,44.833285],[-91.442735,44.832897],[-91.44273,44.830725],[-91.447798,44.831597],[-91.447793,44.829829],[-91.452953,44.829889],[-91.454642,44.834848],[-91.458046,44.834863],[-91.454646,44.835753],[-91.454698,44.838016],[-91.455288,44.836086],[-91.463165,44.836739],[-91.461989,44.837829],[-91.462305,44.839565],[-91.460235,44.83941],[-91.458254,44.839729],[-91.459028,44.838867],[-91.457497,44.838336],[-91.454575,44.839373],[-91.458006,44.839831],[-91.460393,44.8395],[-91.460404,44.84346],[-91.465579,44.843511],[-91.465532,44.841888],[-91.460974,44.84193],[-91.460965,44.839651],[-91.462536,44.839769],[-91.463149,44.838538],[-91.468163,44.838592],[-91.468194,44.837275],[-91.458191,44.835303],[-91.458165,44.833986],[-91.46319,44.834104],[-91.463203,44.832685],[-91.465286,44.832707],[-91.465302,44.830665],[-91.457998,44.828999],[-91.458805,44.825401],[-91.457652,44.823529],[-91.468396,44.816202],[-91.468362,44.800113],[-91.465443,44.800093],[-91.466623,44.799097],[-91.463104,44.796828],[-91.462777,44.799441],[-91.459946,44.799101],[-91.45923,44.798119],[-91.460897,44.796863],[-91.458107,44.796426],[-91.457616,44.794939],[-91.459764,44.794562],[-91.458726,44.793737],[-91.451376,44.792782],[-91.447141,44.790501],[-91.440556,44.791827],[-91.437673,44.791723],[-91.436577,44.789743],[-91.432915,44.790766],[-91.432595,44.789193],[-91.429965,44.789197],[-91.431208,44.78626],[-91.428352,44.787393],[-91.428665,44.786232],[-91.422428,44.785582],[-91.422427,44.78373],[-91.42601,44.785168],[-91.426847,44.783602],[-91.426832,44.781985],[-91.424982,44.781979],[-91.424227,44.776844],[-91.422795,44.778383],[-91.42092,44.777551],[-91.418098,44.774146],[-91.41966,44.770777],[-91.412274,44.768402],[-91.413972,44.763377],[-91.408717,44.763268],[-91.407288,44.760006],[-91.410788,44.757835],[-91.412236,44.760259],[-91.4137,44.756567],[-91.41783,44.756651],[-91.41761,44.762297],[-91.415432,44.760122],[-91.414812,44.760542],[-91.418805,44.763501],[-91.423702,44.764885],[-91.422948,44.760051],[-91.424319,44.760084],[-91.424346,44.758417],[-91.422978,44.758203],[-91.425921,44.757454],[-91.422999,44.757379],[-91.423027,44.756311],[-91.433397,44.756325],[-91.433191,44.759986],[-91.428097,44.760064],[-91.427898,44.763743],[-91.432979,44.763751],[-91.432872,44.765868],[-91.442988,44.76544],[-91.443099,44.763604],[-91.453272,44.763518],[-91.453587,44.759172],[-91.468768,44.76017],[-91.468314,44.752932],[-91.471243,44.751359],[-91.467937,44.749331],[-91.478827,44.749103],[-91.478802,44.741833],[-91.496151,44.741444],[-91.497034,44.744953],[-91.499038,44.745118],[-91.488797,44.745207],[-91.488755,44.749631],[-91.479929,44.749874],[-91.47848,44.752157],[-91.470508,44.754284],[-91.473758,44.759904],[-91.481191,44.761039],[-91.481124,44.763544],[-91.473634,44.763676],[-91.473512,44.766379],[-91.478531,44.766388],[-91.478489,44.767724],[-91.480153,44.766984],[-91.481839,44.768395],[-91.482998,44.76638],[-91.483471,44.768411],[-91.480891,44.768728],[-91.48224,44.770374],[-91.488356,44.771187],[-91.485915,44.772697],[-91.487216,44.774537],[-91.485827,44.774539],[-91.485359,44.772328],[-91.483464,44.771168],[-91.484681,44.774784],[-91.483418,44.774782],[-91.483374,44.778392],[-91.492194,44.78003],[-91.492182,44.781507],[-91.489692,44.781174],[-91.489684,44.782023],[-91.492228,44.782492],[-91.489663,44.783672],[-91.492184,44.784072],[-91.492182,44.784858],[-91.498566,44.784853],[-91.496194,44.783839],[-91.497377,44.783279],[-91.496343,44.782032],[-91.502521,44.782856],[-91.499058,44.782035],[-91.499941,44.778366],[-91.508791,44.779514],[-91.508721,44.776469],[-91.503005,44.777545],[-91.503588,44.776537],[-91.501531,44.775713],[-91.502453,44.771195],[-91.50629,44.771196],[-91.506297,44.768734],[-91.515702,44.772538],[-91.513891,44.77838],[-91.522647,44.777413],[-91.523342,44.7757],[-91.526715,44.776213],[-91.533935,44.779076],[-91.531469,44.781722],[-91.533591,44.78171],[-91.532419,44.785325],[-91.535058,44.785297],[-91.537583,44.780788],[-91.540453,44.781972],[-91.553702,44.799762],[-91.538667,44.800038],[-91.538646,44.808766],[-91.543699,44.808911],[-91.541734,44.810019],[-91.541917,44.811534],[-91.544741,44.810626],[-91.545056,44.81289],[-91.538648,44.812908],[-91.538652,44.814406],[-91.543725,44.816063],[-91.552522,44.814993],[-91.552558,44.81789],[-91.553997,44.818238],[-91.553877,44.816286],[-91.55545,44.815733],[-91.553867,44.81545],[-91.563053,44.814353],[-91.565749,44.818015],[-91.564086,44.817999],[-91.564145,44.821633],[-91.559561,44.821232],[-91.558987,44.818019],[-91.555456,44.818014],[-91.553918,44.819549],[-91.555744,44.819884],[-91.555761,44.821448],[-91.552391,44.8215],[-91.552376,44.819807],[-91.551732,44.819809],[-91.552293,44.821567],[-91.559045,44.821575],[-91.559097,44.82566],[-91.554034,44.825954],[-91.552554,44.828659],[-91.548998,44.825164],[-91.548956,44.821461],[-91.550201,44.821228],[-91.548939,44.820906],[-91.550195,44.82057],[-91.548825,44.820604],[-91.548132,44.828415],[-91.551195,44.829454],[-91.548907,44.831426],[-91.554018,44.832407],[-91.55402,44.830217],[-91.551634,44.83021],[-91.551633,44.828736],[-91.564848,44.828887],[-91.564841,44.830344],[-91.569352,44.832106],[-91.569345,44.833509],[-91.574375,44.833512],[-91.581772,44.832632],[-91.578316,44.830246],[-91.589375,44.828999],[-91.589411,44.830936],[-91.594542,44.830949],[-91.59457,44.832665]],[[-91.569342,44.834041],[-91.568329,44.833584],[-91.568327,44.834037],[-91.569342,44.834041]],[[-91.469807,44.784522],[-91.46736,44.783776],[-91.46504,44.780159],[-91.462089,44.780341],[-91.463108,44.778352],[-91.46172,44.77973],[-91.460486,44.778349],[-91.452782,44.778336],[-91.452804,44.779887],[-91.448432,44.779962],[-91.449798,44.781454],[-91.447851,44.781877],[-91.448847,44.783929],[-91.437673,44.778955],[-91.437717,44.785472],[-91.434258,44.784729],[-91.432615,44.782652],[-91.432618,44.785583],[-91.43563,44.785572],[-91.435629,44.786717],[-91.437719,44.785661],[-91.437701,44.787018],[-91.442725,44.786511],[-91.439924,44.787404],[-91.439898,44.789442],[-91.444216,44.790802],[-91.446755,44.789675],[-91.439987,44.788928],[-91.439986,44.787448],[-91.444335,44.787402],[-91.443227,44.787401],[-91.443691,44.785535],[-91.439929,44.786432],[-91.439219,44.783717],[-91.441954,44.781847],[-91.447988,44.784718],[-91.451939,44.783667],[-91.450938,44.784754],[-91.454893,44.78557],[-91.454845,44.781952],[-91.451656,44.781065],[-91.45569,44.779239],[-91.460227,44.779616],[-91.460086,44.785578],[-91.463141,44.78558],[-91.463195,44.794404],[-91.465773,44.794268],[-91.466348,44.790061],[-91.468295,44.790024],[-91.46828,44.787417],[-91.46573,44.786442],[-91.469807,44.784522]],[[-91.447868,44.786159],[-91.446778,44.786163],[-91.445626,44.78553],[-91.44617,44.786955],[-91.447868,44.786159]],[[-91.444207,44.786055],[-91.44507,44.785529],[-91.444206,44.785531],[-91.444207,44.786055]],[[-91.44813,44.763602],[-91.447991,44.765498],[-91.450654,44.76555],[-91.450674,44.764875],[-91.44813,44.763602]],[[-91.490912,44.78486],[-91.489658,44.784063],[-91.489649,44.784846],[-91.490912,44.78486]]]]}},{"type":"Feature","properties":{"NAME":"Boyd","state_abbr":"WI","state_name":"Wisconsin","ALAND":4798542},"geometry":{"type":"Polygon","coordinates":[[[-91.054923,44.944287],[-91.054879,44.962323],[-91.024669,44.962329],[-91.024602,44.944204],[-91.054923,44.944287]]]}},{"type":"Feature","properties":{"NAME":"Cadott","state_abbr":"WI","state_name":"Wisconsin","ALAND":8812288},"geometry":{"type":"Polygon","coordinates":[[[-91.186146,44.939085],[-91.181062,44.940213],[-91.181093,44.942439],[-91.170922,44.943442],[-91.170914,44.946333],[-91.165783,44.946393],[-91.165636,44.950156],[-91.17363,44.948678],[-91.17599,44.951706],[-91.165599,44.95179],[-91.165712,44.966258],[-91.136657,44.96601],[-91.136626,44.959272],[-91.131236,44.958835],[-91.12902,44.956052],[-91.129009,44.954982],[-91.136568,44.955574],[-91.136217,44.936973],[-91.147439,44.936969],[-91.146571,44.933377],[-91.156562,44.933202],[-91.156649,44.936829],[-91.165817,44.93668],[-91.16584,44.944061],[-91.175467,44.937104],[-91.18512,44.936882],[-91.186146,44.939085]]]}},{"type":"Feature","properties":{"NAME":"Kellnersville","state_abbr":"WI","state_name":"Wisconsin","ALAND":1396314},"geometry":{"type":"Polygon","coordinates":[[[-87.812358,44.226087],[-87.804363,44.229209],[-87.804371,44.232852],[-87.799534,44.232839],[-87.799492,44.229255],[-87.79712,44.229237],[-87.797085,44.227433],[-87.792049,44.227365],[-87.791994,44.221942],[-87.797028,44.221982],[-87.797037,44.223779],[-87.799429,44.223803],[-87.799368,44.218382],[-87.804274,44.218356],[-87.804314,44.221961],[-87.811875,44.221779],[-87.812358,44.226087]]]}},{"type":"Feature","properties":{"NAME":"Two Rivers","state_abbr":"WI","state_name":"Wisconsin","ALAND":15685305},"geometry":{"type":"Polygon","coordinates":[[[-87.63048,44.142458],[-87.628825,44.149689],[-87.625254,44.149683],[-87.625209,44.153584],[-87.623153,44.15358],[-87.623146,44.158942],[-87.620196,44.161621],[-87.617678,44.160753],[-87.617701,44.153571],[-87.62204,44.153579],[-87.622052,44.152162],[-87.620173,44.152146],[-87.620228,44.147877],[-87.602823,44.146169],[-87.602693,44.149788],[-87.594225,44.149912],[-87.594194,44.153571],[-87.596837,44.153547],[-87.595036,44.15535],[-87.587982,44.155425],[-87.587923,44.159291],[-87.594628,44.160923],[-87.595324,44.165294],[-87.600066,44.163701],[-87.600381,44.175087],[-87.597988,44.175112],[-87.597802,44.171937],[-87.595396,44.171568],[-87.596656,44.172608],[-87.595433,44.172842],[-87.59572,44.175143],[-87.598809,44.175199],[-87.596825,44.1758],[-87.597713,44.176749],[-87.594319,44.175931],[-87.5951,44.178468],[-87.596621,44.178495],[-87.596011,44.180883],[-87.595002,44.178902],[-87.589989,44.178838],[-87.589989,44.176678],[-87.587421,44.176681],[-87.58738,44.178913],[-87.584919,44.178805],[-87.584877,44.182117],[-87.581489,44.182659],[-87.577678,44.179244],[-87.579734,44.177696],[-87.577762,44.175139],[-87.572909,44.175832],[-87.573003,44.173526],[-87.570298,44.171725],[-87.561131,44.171779],[-87.559789,44.175448],[-87.564826,44.175394],[-87.564815,44.181522],[-87.558312,44.182736],[-87.558321,44.179081],[-87.550169,44.179097],[-87.549779,44.175449],[-87.558029,44.175449],[-87.558764,44.168689],[-87.554729,44.167271],[-87.543909,44.168265],[-87.547594,44.164629],[-87.549789,44.164627],[-87.549792,44.158382],[-87.551797,44.159351],[-87.551073,44.158475],[-87.552416,44.158605],[-87.553782,44.156937],[-87.550763,44.157367],[-87.552933,44.155863],[-87.549878,44.155019],[-87.549765,44.157353],[-87.545266,44.157871],[-87.544036,44.156714],[-87.561304,44.145901],[-87.562213,44.144379],[-87.560677,44.142645],[-87.562292,44.144337],[-87.561697,44.14219],[-87.563025,44.143831],[-87.582245,44.138309],[-87.601663,44.131459],[-87.62023,44.122672],[-87.620336,44.128429],[-87.602982,44.133414],[-87.602982,44.135295],[-87.600624,44.135324],[-87.600632,44.138946],[-87.591451,44.138904],[-87.592768,44.141625],[-87.591076,44.141615],[-87.591784,44.143447],[-87.590176,44.143436],[-87.590045,44.146155],[-87.600345,44.146189],[-87.600416,44.144378],[-87.610408,44.142503],[-87.61914,44.142496],[-87.620249,44.146069],[-87.625324,44.146062],[-87.625452,44.142476],[-87.620406,44.142513],[-87.620555,44.138942],[-87.628072,44.138867],[-87.627967,44.142467],[-87.63048,44.142458]],[[-87.587591,44.153599],[-87.583511,44.153623],[-87.58488,44.154873],[-87.581293,44.155479],[-87.587542,44.159261],[-87.587591,44.153599]]]}},{"type":"Feature","properties":{"NAME":"Whitelaw","state_abbr":"WI","state_name":"Wisconsin","ALAND":1360818},"geometry":{"type":"Polygon","coordinates":[[[-87.846867,44.14404],[-87.834196,44.145005],[-87.834205,44.149177],[-87.816609,44.149363],[-87.816599,44.142116],[-87.846871,44.142312],[-87.846867,44.14404]]]}},{"type":"Feature","properties":{"NAME":"Woodman","state_abbr":"WI","state_name":"Wisconsin","ALAND":644386},"geometry":{"type":"Polygon","coordinates":[[[-90.807893,43.089652],[-90.791099,43.098007],[-90.78889,43.093548],[-90.806731,43.087312],[-90.807893,43.089652]]]}},{"type":"Feature","properties":{"NAME":"Grantsburg","state_abbr":"WI","state_name":"Wisconsin","ALAND":7871515},"geometry":{"type":"MultiPolygon","coordinates":[[[[-92.671726,45.794581],[-92.671646,45.801777],[-92.65804,45.802489],[-92.656053,45.80166],[-92.656083,45.794445],[-92.671726,45.794581]]],[[[-92.702733,45.783893],[-92.697454,45.783837],[-92.697422,45.787493],[-92.69246,45.787447],[-92.692407,45.791932],[-92.691154,45.791927],[-92.690842,45.794281],[-92.687352,45.794262],[-92.687339,45.798282],[-92.687222,45.794656],[-92.682028,45.794644],[-92.682008,45.79826],[-92.676828,45.798239],[-92.676884,45.788832],[-92.675877,45.787367],[-92.67167,45.787357],[-92.671656,45.778353],[-92.667599,45.778354],[-92.667599,45.774536],[-92.67166,45.774518],[-92.671571,45.765655],[-92.697487,45.765786],[-92.697537,45.771544],[-92.701399,45.771578],[-92.700154,45.772999],[-92.702689,45.773021],[-92.702733,45.783893]],[[-92.676875,45.788102],[-92.676521,45.78737],[-92.676526,45.788097],[-92.676875,45.788102]]],[[[-92.71316,45.780376],[-92.70794,45.780317],[-92.707874,45.773059],[-92.713058,45.773092],[-92.71316,45.780376]]]]}},{"type":"Feature","properties":{"NAME":"Siren","state_abbr":"WI","state_name":"Wisconsin","ALAND":3523808},"geometry":{"type":"Polygon","coordinates":[[[-92.397963,45.783327],[-92.396149,45.784405],[-92.396811,45.788455],[-92.391616,45.788075],[-92.391604,45.785388],[-92.38916,45.785401],[-92.38916,45.788158],[-92.39155,45.789306],[-92.387533,45.789322],[-92.387529,45.788169],[-92.386358,45.789329],[-92.386392,45.793849],[-92.385111,45.794418],[-92.386429,45.79544],[-92.380287,45.795921],[-92.374789,45.793313],[-92.370308,45.794669],[-92.370998,45.788403],[-92.374558,45.788287],[-92.374827,45.780959],[-92.376095,45.780939],[-92.375879,45.768511],[-92.379385,45.768279],[-92.381457,45.765766],[-92.381506,45.755262],[-92.386044,45.755276],[-92.386602,45.761465],[-92.383818,45.762795],[-92.379433,45.770005],[-92.384448,45.77171],[-92.386657,45.769967],[-92.386421,45.784281],[-92.391606,45.784291],[-92.391725,45.776657],[-92.394503,45.77592],[-92.396832,45.775906],[-92.396803,45.782786],[-92.397963,45.783327]],[[-92.387461,45.786094],[-92.387069,45.785423],[-92.387071,45.786094],[-92.387461,45.786094]]]}},{"type":"Feature","properties":{"NAME":"Catawba","state_abbr":"WI","state_name":"Wisconsin","ALAND":11491440},"geometry":{"type":"Polygon","coordinates":[[[-90.55616,45.52241],[-90.5562,45.5518],[-90.51306,45.55126],[-90.51399,45.54348],[-90.50321,45.543148],[-90.503712,45.535948],[-90.514148,45.536266],[-90.5139,45.52188],[-90.55616,45.52241]]]}},{"type":"Feature","properties":{"NAME":"Cudahy","state_abbr":"WI","state_name":"Wisconsin","ALAND":12364565},"geometry":{"type":"Polygon","coordinates":[[[-87.887809,42.930184],[-87.88325,42.959128],[-87.869962,42.959129],[-87.86993,42.966354],[-87.847806,42.966471],[-87.845165,42.961625],[-87.845424,42.954991],[-87.843332,42.950792],[-87.84304,42.942848],[-87.845985,42.930199],[-87.887809,42.930184]]]}},{"type":"Feature","properties":{"NAME":"Shorewood","state_abbr":"WI","state_name":"Wisconsin","ALAND":4117148},"geometry":{"type":"Polygon","coordinates":[[[-87.907092,43.098708],[-87.907057,43.100314],[-87.87635,43.098909],[-87.870641,43.086473],[-87.870426,43.082797],[-87.891684,43.081968],[-87.89348,43.086012],[-87.89967,43.090197],[-87.900969,43.095661],[-87.907092,43.098708]]]}},{"type":"Feature","properties":{"NAME":"Wauwatosa","state_abbr":"WI","state_name":"Wisconsin","ALAND":34258850},"geometry":{"type":"Polygon","coordinates":[[[-88.066987,43.030911],[-88.066025,43.104221],[-88.027519,43.104448],[-88.02771,43.090194],[-88.03085,43.091542],[-88.031595,43.089843],[-88.033025,43.089846],[-88.032705,43.091404],[-88.037101,43.090845],[-88.03698,43.096908],[-88.034843,43.094669],[-88.03066,43.096945],[-88.03764,43.098062],[-88.04266,43.098056],[-88.0427,43.090666],[-88.047702,43.090213],[-88.038229,43.08916],[-88.038739,43.078913],[-88.03479,43.078703],[-88.033868,43.076138],[-88.038387,43.075152],[-88.035613,43.074793],[-88.035224,43.071877],[-88.038412,43.067588],[-88.007441,43.067619],[-88.007426,43.06947],[-88.002397,43.069465],[-88.002432,43.068039],[-87.993526,43.068035],[-87.993536,43.066188],[-87.989178,43.067612],[-87.989201,43.064355],[-87.987504,43.064376],[-87.987483,43.040208],[-87.984099,43.040184],[-87.984983,43.037154],[-87.995189,43.036521],[-87.996767,43.034073],[-88.001292,43.034129],[-88.001673,43.035726],[-88.016078,43.036005],[-88.017243,43.032192],[-88.016231,43.031334],[-88.023573,43.031175],[-88.02363,43.035921],[-88.021859,43.035934],[-88.0219,43.038918],[-88.031488,43.038781],[-88.031383,43.035465],[-88.047041,43.035081],[-88.047173,43.031007],[-88.066987,43.030911]]]}},{"type":"Feature","properties":{"NAME":"Radisson","state_abbr":"WI","state_name":"Wisconsin","ALAND":1023403},"geometry":{"type":"Polygon","coordinates":[[[-91.225432,45.767529],[-91.22421,45.773258],[-91.209865,45.772539],[-91.209863,45.768959],[-91.215122,45.768994],[-91.215198,45.763144],[-91.211178,45.763129],[-91.211193,45.761764],[-91.21511,45.761773],[-91.215128,45.759581],[-91.21739,45.759061],[-91.220371,45.761047],[-91.219521,45.763585],[-91.225432,45.767529]]]}},{"type":"Feature","properties":{"NAME":"Prairie du Chien","state_abbr":"WI","state_name":"Wisconsin","ALAND":15373989},"geometry":{"type":"Polygon","coordinates":[[[-91.165102,43.061074],[-91.159649,43.061949],[-91.157028,43.066681],[-91.154196,43.066832],[-91.1529,43.063032],[-91.143001,43.064627],[-91.142994,43.068211],[-91.145231,43.068144],[-91.145273,43.066152],[-91.150059,43.065713],[-91.150973,43.069912],[-91.148472,43.070016],[-91.148653,43.0718],[-91.15105,43.071722],[-91.150362,43.077536],[-91.142194,43.078705],[-91.142072,43.08247],[-91.137129,43.081374],[-91.136919,43.078807],[-91.138378,43.078816],[-91.136799,43.077586],[-91.136104,43.068154],[-91.141241,43.069885],[-91.142376,43.066312],[-91.134839,43.065594],[-91.129685,43.052886],[-91.12607,43.053137],[-91.125984,43.04981],[-91.128527,43.04981],[-91.127045,43.046241],[-91.121015,43.046237],[-91.120964,43.039126],[-91.116083,43.039078],[-91.116064,43.035473],[-91.111197,43.035453],[-91.111209,43.032484],[-91.101651,43.031876],[-91.101268,43.024964],[-91.096624,43.024938],[-91.096628,43.017738],[-91.106493,43.017798],[-91.106508,43.025063],[-91.112813,43.0283],[-91.111399,43.03543],[-91.118326,43.035452],[-91.116335,43.031864],[-91.123227,43.031386],[-91.124496,43.030743],[-91.124004,43.028901],[-91.132214,43.027687],[-91.13168,43.025511],[-91.120057,43.023253],[-91.114464,43.019491],[-91.119335,43.028019],[-91.114707,43.028609],[-91.112261,43.024241],[-91.111027,43.024409],[-91.110634,43.020744],[-91.112324,43.019234],[-91.111603,43.017551],[-91.114289,43.019375],[-91.114081,43.017201],[-91.116924,43.017968],[-91.115404,43.01573],[-91.115952,43.009861],[-91.122415,43.012813],[-91.123269,43.016198],[-91.133951,43.023684],[-91.131748,43.016334],[-91.133544,43.015883],[-91.132741,43.012892],[-91.139899,43.018486],[-91.144722,43.026039],[-91.154902,43.024816],[-91.156606,43.031793],[-91.155242,43.039598],[-91.162212,43.05232],[-91.165102,43.061074]]]}},{"type":"Feature","properties":{"NAME":"Livingston","state_abbr":"WI","state_name":"Wisconsin","ALAND":2692522},"geometry":{"type":"Polygon","coordinates":[[[-90.447445,42.902016],[-90.442478,42.901962],[-90.442564,42.907478],[-90.423504,42.907337],[-90.423349,42.892793],[-90.442359,42.892823],[-90.442427,42.898313],[-90.447382,42.898283],[-90.447445,42.902016]]]}},{"type":"Feature","properties":{"NAME":"Jefferson","state_abbr":"WI","state_name":"Wisconsin","ALAND":15105999},"geometry":{"type":"Polygon","coordinates":[[[-88.834993,42.9938],[-88.826815,42.995009],[-88.828337,43.013462],[-88.827444,43.022187],[-88.815897,43.02119],[-88.816187,43.026681],[-88.814236,43.027291],[-88.811256,43.034093],[-88.808475,43.033691],[-88.807144,43.035673],[-88.807928,43.03181],[-88.804675,43.033268],[-88.804134,43.031989],[-88.797635,43.031964],[-88.79772,43.028308],[-88.79273,43.028335],[-88.792781,43.025894],[-88.791198,43.025918],[-88.793082,43.0251],[-88.793853,43.021006],[-88.788005,43.021013],[-88.787357,42.99225],[-88.782339,42.994056],[-88.782749,43.004692],[-88.775776,43.004517],[-88.775713,42.997284],[-88.776229,42.994924],[-88.778099,42.994893],[-88.777986,42.990495],[-88.782254,42.99388],[-88.787354,42.99205],[-88.787458,42.990397],[-88.804155,42.990837],[-88.804082,42.989567],[-88.806958,42.989626],[-88.806788,42.986381],[-88.809251,42.985505],[-88.811793,42.985535],[-88.811,42.987639],[-88.813868,42.986379],[-88.812486,42.990871],[-88.818086,42.976587],[-88.82614,42.976969],[-88.826248,42.979683],[-88.832703,42.979974],[-88.830581,42.984769],[-88.833868,42.98824],[-88.834993,42.9938]],[[-88.79772,43.028308],[-88.808127,43.028328],[-88.80975,43.025048],[-88.806924,43.026419],[-88.807164,43.021096],[-88.801308,43.021028],[-88.797765,43.025909],[-88.79772,43.028308]],[[-88.811569,43.026199],[-88.815199,43.026025],[-88.811663,43.025047],[-88.811569,43.026199]]]}},{"type":"Feature","properties":{"NAME":"Palmyra","state_abbr":"WI","state_name":"Wisconsin","ALAND":5932539},"geometry":{"type":"MultiPolygon","coordinates":[[[[-88.615841,42.893114],[-88.610933,42.893108],[-88.610856,42.889688],[-88.605898,42.889615],[-88.605834,42.885847],[-88.585445,42.88601],[-88.585094,42.889628],[-88.581714,42.889628],[-88.581639,42.886944],[-88.576595,42.886128],[-88.576354,42.875773],[-88.571276,42.876655],[-88.57647,42.875346],[-88.576443,42.871673],[-88.588799,42.871517],[-88.588706,42.869876],[-88.590605,42.869874],[-88.590947,42.86227],[-88.594965,42.864461],[-88.597269,42.869016],[-88.605601,42.864936],[-88.605631,42.871424],[-88.595845,42.875046],[-88.595933,42.879447],[-88.597124,42.878598],[-88.597128,42.880491],[-88.599585,42.88046],[-88.599546,42.878558],[-88.605737,42.87842],[-88.602712,42.878663],[-88.602726,42.880504],[-88.608213,42.880686],[-88.608298,42.885877],[-88.610775,42.885903],[-88.610848,42.889499],[-88.615789,42.889624],[-88.615841,42.893114]],[[-88.597483,42.871406],[-88.595511,42.868327],[-88.593449,42.86953],[-88.593667,42.871087],[-88.597483,42.871406]]],[[[-88.63054,42.892175],[-88.620826,42.893122],[-88.620717,42.889582],[-88.615648,42.889478],[-88.615518,42.880125],[-88.610665,42.878521],[-88.620534,42.880298],[-88.62051,42.878829],[-88.630273,42.878757],[-88.63054,42.892175]],[[-88.620603,42.885402],[-88.620538,42.880514],[-88.615734,42.879976],[-88.615833,42.886004],[-88.620603,42.885402]]]]}},{"type":"Feature","properties":{"NAME":"Hayward","state_abbr":"WI","state_name":"Wisconsin","ALAND":9646646},"geometry":{"type":"MultiPolygon","coordinates":[[[[-91.514349,46.008668],[-91.514322,46.010427],[-91.509129,46.010411],[-91.509116,46.012229],[-91.498622,46.011116],[-91.498673,46.019621],[-91.493436,46.019632],[-91.493497,46.026872],[-91.489331,46.0265],[-91.489183,46.024409],[-91.486233,46.027033],[-91.477966,46.02688],[-91.477919,46.023356],[-91.479191,46.023138],[-91.472756,46.02307],[-91.467668,46.026637],[-91.462715,46.026905],[-91.472717,46.021112],[-91.470315,46.020734],[-91.472353,46.019455],[-91.467647,46.01922],[-91.46898,46.015747],[-91.471262,46.015573],[-91.470251,46.014572],[-91.472019,46.014639],[-91.471581,46.015777],[-91.472644,46.01646],[-91.4726,46.013858],[-91.470835,46.012132],[-91.469463,46.014596],[-91.469526,46.012116],[-91.466407,46.013893],[-91.467355,46.012086],[-91.462186,46.011487],[-91.462247,45.997509],[-91.4675,45.997554],[-91.467678,45.990319],[-91.478052,45.990371],[-91.477867,45.997683],[-91.492895,45.997766],[-91.491936,46.00084],[-91.493439,46.000845],[-91.493409,46.004247],[-91.496036,46.005128],[-91.493407,46.006775],[-91.494699,46.008678],[-91.497388,46.008668],[-91.495283,46.006729],[-91.498473,46.003609],[-91.501896,46.0039],[-91.500756,46.002181],[-91.501729,46.001571],[-91.507355,46.001369],[-91.506845,45.998556],[-91.509153,45.999254],[-91.509162,46.005008],[-91.503928,46.00414],[-91.50393,46.006826],[-91.506525,46.006823],[-91.506518,46.008623],[-91.514349,46.008668]]],[[[-91.551775,45.98508],[-91.551573,45.997562],[-91.54607,45.997615],[-91.546077,45.994034],[-91.535229,45.994102],[-91.535213,45.988396],[-91.537197,45.990093],[-91.537432,45.988296],[-91.53521,45.988199],[-91.535213,45.986835],[-91.541251,45.986872],[-91.541245,45.984154],[-91.54914,45.983099],[-91.549134,45.985085],[-91.551775,45.98508]]]]}},{"type":"Feature","properties":{"NAME":"Dousman","state_abbr":"WI","state_name":"Wisconsin","ALAND":7716709},"geometry":{"type":"MultiPolygon","coordinates":[[[[-88.462235,43.034724],[-88.460658,43.034715],[-88.460627,43.036444],[-88.452345,43.036401],[-88.452451,43.03278],[-88.462271,43.032823],[-88.462235,43.034724]]],[[[-88.46922,42.99466],[-88.468999,42.995963],[-88.468106,42.995754],[-88.46922,42.99466]]],[[[-88.48333,42.996025],[-88.481334,42.996019],[-88.481204,42.994114],[-88.483369,42.994121],[-88.48333,42.996025]]],[[[-88.484307,43.022007],[-88.482325,43.022353],[-88.48233,43.02068],[-88.484307,43.022007]]],[[[-88.491528,43.005018],[-88.488841,43.006944],[-88.487528,43.010502],[-88.479593,43.00983],[-88.479515,43.01288],[-88.47769,43.013859],[-88.482862,43.01422],[-88.48275,43.017936],[-88.484695,43.018463],[-88.481835,43.019601],[-88.481017,43.018441],[-88.480599,43.023723],[-88.482357,43.026316],[-88.479805,43.025812],[-88.47948,43.02054],[-88.473641,43.019842],[-88.473484,43.02449],[-88.471035,43.024094],[-88.472252,43.024443],[-88.471909,43.032956],[-88.462271,43.032823],[-88.462449,43.02245],[-88.447582,43.021309],[-88.4476,43.018177],[-88.462737,43.018264],[-88.461877,43.014987],[-88.464896,43.01441],[-88.461113,43.014005],[-88.463732,43.009431],[-88.462095,43.008906],[-88.46294,43.004732],[-88.469802,43.004782],[-88.468431,42.998259],[-88.471294,42.997687],[-88.471204,43.000154],[-88.473165,43.000176],[-88.472973,43.007552],[-88.478021,43.006283],[-88.478086,43.003191],[-88.483112,43.003231],[-88.483222,42.999622],[-88.488166,42.999643],[-88.488041,43.003262],[-88.491528,43.005018]]],[[[-88.493348,42.988846],[-88.493298,42.992392],[-88.490846,42.99241],[-88.490869,42.988782],[-88.493348,42.988846]]],[[[-88.493498,42.979252],[-88.493406,42.986755],[-88.483485,42.988817],[-88.483438,42.990944],[-88.478483,42.990909],[-88.478379,42.99428],[-88.477021,42.994289],[-88.477193,42.988745],[-88.473592,42.988699],[-88.473815,42.981787],[-88.478201,42.977826],[-88.478761,42.982459],[-88.48363,42.98255],[-88.483729,42.978705],[-88.493498,42.979252]]],[[[-88.497775,43.013745],[-88.494601,43.020808],[-88.486658,43.0214],[-88.486726,43.019889],[-88.490089,43.019431],[-88.487351,43.018498],[-88.487877,43.01427],[-88.497775,43.013745]]],[[[-88.502351,43.018647],[-88.502037,43.026078],[-88.498064,43.026021],[-88.500071,43.022668],[-88.497127,43.026006],[-88.497275,43.021586],[-88.499385,43.022327],[-88.497295,43.020887],[-88.497372,43.018595],[-88.502351,43.018647]]]]}},{"type":"Feature","properties":{"NAME":"Muskego","state_abbr":"WI","state_name":"Wisconsin","ALAND":81846169},"geometry":{"type":"Polygon","coordinates":[[[-88.199028,42.8987],[-88.195561,42.90099],[-88.188818,42.901041],[-88.188887,42.922858],[-88.173952,42.923276],[-88.171244,42.924793],[-88.161528,42.923357],[-88.161377,42.926976],[-88.159522,42.92696],[-88.158889,42.930013],[-88.069496,42.929955],[-88.069924,42.843323],[-88.1881,42.84284],[-88.189006,42.887623],[-88.195746,42.886281],[-88.195896,42.893738],[-88.198997,42.893712],[-88.199028,42.8987]]]}},{"type":"Feature","properties":{"NAME":"Nashotah","state_abbr":"WI","state_name":"Wisconsin","ALAND":4213873},"geometry":{"type":"Polygon","coordinates":[[[-88.413447,43.07999],[-88.41274,43.105989],[-88.392784,43.10589],[-88.392857,43.101558],[-88.384603,43.101965],[-88.398056,43.099401],[-88.398105,43.098272],[-88.394591,43.09788],[-88.395439,43.096544],[-88.390612,43.096832],[-88.392107,43.095517],[-88.390364,43.091886],[-88.394695,43.090944],[-88.395764,43.088508],[-88.397589,43.089174],[-88.399496,43.083729],[-88.397731,43.080011],[-88.413447,43.07999]]]}},{"type":"Feature","properties":{"NAME":"Hartford","state_abbr":"WI","state_name":"Wisconsin","ALAND":23189116},"geometry":{"type":"MultiPolygon","coordinates":[[[[-88.338107,43.324806],[-88.330976,43.326245],[-88.330004,43.326443],[-88.33005,43.324695],[-88.338107,43.324806]]],[[[-88.37849,43.339417],[-88.377188,43.340695],[-88.378389,43.342909],[-88.370715,43.343],[-88.370664,43.344929],[-88.368428,43.344916],[-88.368575,43.339367],[-88.37849,43.339417]]],[[[-88.381344,43.293111],[-88.380379,43.293649],[-88.380391,43.293143],[-88.381344,43.293111]]],[[[-88.383946,43.29419],[-88.383558,43.294821],[-88.383571,43.294185],[-88.383946,43.29419]]],[[[-88.428738,43.331946],[-88.428676,43.339148],[-88.421205,43.339925],[-88.421226,43.343553],[-88.423711,43.343528],[-88.423727,43.347109],[-88.421733,43.347261],[-88.418689,43.34722],[-88.408268,43.340015],[-88.405782,43.340485],[-88.407989,43.339795],[-88.398487,43.332685],[-88.398354,43.339655],[-88.394343,43.339606],[-88.393406,43.337996],[-88.391939,43.342614],[-88.39334,43.342629],[-88.393404,43.346627],[-88.398249,43.346856],[-88.398201,43.349244],[-88.401493,43.35052],[-88.400374,43.352742],[-88.398147,43.352487],[-88.398121,43.354082],[-88.388974,43.354008],[-88.38816,43.352192],[-88.378192,43.35205],[-88.378247,43.349242],[-88.380589,43.349079],[-88.382507,43.34528],[-88.388264,43.346564],[-88.388339,43.343151],[-88.383347,43.343093],[-88.38346,43.339473],[-88.38841,43.339535],[-88.388484,43.336332],[-88.37858,43.335784],[-88.376844,43.337813],[-88.373642,43.337802],[-88.373618,43.335786],[-88.363718,43.335717],[-88.363795,43.332275],[-88.364,43.334057],[-88.367875,43.334073],[-88.368752,43.332115],[-88.373721,43.332132],[-88.373775,43.328977],[-88.378708,43.330069],[-88.378732,43.328546],[-88.372323,43.328514],[-88.368878,43.326884],[-88.368938,43.324231],[-88.367812,43.324223],[-88.368948,43.321912],[-88.364495,43.32186],[-88.36399,43.323956],[-88.354108,43.324824],[-88.353978,43.328444],[-88.358946,43.32846],[-88.358693,43.338517],[-88.355116,43.3393],[-88.352155,43.337623],[-88.352275,43.33928],[-88.347867,43.33928],[-88.348891,43.332047],[-88.346397,43.332043],[-88.346254,43.337467],[-88.343765,43.337465],[-88.34403,43.328429],[-88.345443,43.328429],[-88.349173,43.322625],[-88.347323,43.322998],[-88.344687,43.319348],[-88.341647,43.320108],[-88.343913,43.320592],[-88.344785,43.323523],[-88.339157,43.324602],[-88.33923,43.321212],[-88.337485,43.319872],[-88.332139,43.321065],[-88.326968,43.320349],[-88.32678,43.318879],[-88.324403,43.319489],[-88.324428,43.323169],[-88.3194,43.322675],[-88.319326,43.324604],[-88.304382,43.324794],[-88.304486,43.321188],[-88.299484,43.32125],[-88.299685,43.31311],[-88.309678,43.312087],[-88.309445,43.322582],[-88.310622,43.323914],[-88.322442,43.320091],[-88.322447,43.317439],[-88.353112,43.316877],[-88.354353,43.316045],[-88.354376,43.309434],[-88.349405,43.309319],[-88.34951,43.30321],[-88.354584,43.305525],[-88.355224,43.30311],[-88.349515,43.302908],[-88.349573,43.299478],[-88.3595,43.299506],[-88.359556,43.29582],[-88.369481,43.295977],[-88.369576,43.291967],[-88.37434,43.291993],[-88.371985,43.291594],[-88.372031,43.289703],[-88.374752,43.28879],[-88.376853,43.292827],[-88.374304,43.293284],[-88.374236,43.295914],[-88.373115,43.295205],[-88.373103,43.295976],[-88.374452,43.29599],[-88.374241,43.305721],[-88.379183,43.306009],[-88.379243,43.303255],[-88.375501,43.303225],[-88.376926,43.301966],[-88.37684,43.298693],[-88.378345,43.298686],[-88.376917,43.296015],[-88.379417,43.296041],[-88.380379,43.293819],[-88.381062,43.296064],[-88.384308,43.296088],[-88.384229,43.303309],[-88.394212,43.302117],[-88.392741,43.306894],[-88.399155,43.307083],[-88.399081,43.314333],[-88.392732,43.314257],[-88.392653,43.317077],[-88.390893,43.317787],[-88.394037,43.31778],[-88.393813,43.320261],[-88.395196,43.320279],[-88.395259,43.3179],[-88.401215,43.317976],[-88.401034,43.321863],[-88.404755,43.323587],[-88.403622,43.323893],[-88.403515,43.328869],[-88.406907,43.330032],[-88.410945,43.328979],[-88.41097,43.327447],[-88.413441,43.327483],[-88.413492,43.325201],[-88.419483,43.325259],[-88.419352,43.323774],[-88.42101,43.324051],[-88.420454,43.325283],[-88.426686,43.325282],[-88.425584,43.328184],[-88.426733,43.329843],[-88.423732,43.33148],[-88.425071,43.332609],[-88.427218,43.331047],[-88.428738,43.331946]],[[-88.416465,43.341165],[-88.416114,43.339905],[-88.416339,43.34548],[-88.416465,43.341165]],[[-88.408336,43.336182],[-88.403469,43.336075],[-88.403446,43.332491],[-88.400562,43.332448],[-88.400524,43.333815],[-88.403377,43.336111],[-88.407202,43.338768],[-88.408336,43.336182]],[[-88.363373,43.309532],[-88.362897,43.308375],[-88.36294,43.309515],[-88.363373,43.309532]],[[-88.362447,43.309593],[-88.360495,43.306732],[-88.35522,43.306722],[-88.354366,43.309151],[-88.358614,43.308257],[-88.358632,43.30684],[-88.359292,43.310304],[-88.361575,43.310365],[-88.360415,43.309441],[-88.362447,43.309593]],[[-88.341976,43.32089],[-88.340415,43.320057],[-88.341095,43.318438],[-88.338415,43.319648],[-88.341976,43.32089]]],[[[-88.438941,43.322362],[-88.436868,43.322366],[-88.436439,43.325277],[-88.436508,43.321561],[-88.438941,43.322362]]]]}},{"type":"Feature","properties":{"NAME":"Wilson","state_abbr":"WI","state_name":"Wisconsin","ALAND":4417912},"geometry":{"type":"Polygon","coordinates":[[[-92.181167,44.951956],[-92.181165,44.970127],[-92.176031,44.970164],[-92.175997,44.973753],[-92.170884,44.973746],[-92.170901,44.970189],[-92.160686,44.970092],[-92.160683,44.944753],[-92.176016,44.944695],[-92.176921,44.951369],[-92.181167,44.951956]]]}},{"type":"Feature","properties":{"NAME":"Chaseburg","state_abbr":"WI","state_name":"Wisconsin","ALAND":2183198},"geometry":{"type":"MultiPolygon","coordinates":[[[[-91.102947,43.661345],[-91.101328,43.662469],[-91.100326,43.662568],[-91.101529,43.659723],[-91.102947,43.661345]]],[[[-91.108172,43.655579],[-91.101024,43.655518],[-91.102776,43.658616],[-91.099621,43.657881],[-91.099677,43.66585],[-91.102476,43.666621],[-91.10003,43.666923],[-91.099706,43.670043],[-91.094745,43.669977],[-91.094753,43.671378],[-91.087043,43.672565],[-91.089795,43.673533],[-91.084721,43.673545],[-91.084706,43.670686],[-91.089788,43.671234],[-91.089683,43.663564],[-91.094694,43.66361],[-91.094668,43.661573],[-91.092099,43.660148],[-91.089704,43.662661],[-91.090695,43.659282],[-91.089505,43.657827],[-91.092476,43.655464],[-91.094603,43.655711],[-91.094383,43.648176],[-91.104322,43.648247],[-91.104551,43.651917],[-91.108278,43.65193],[-91.108172,43.655579]]]]}},{"type":"Feature","properties":{"NAME":"Crivitz","state_abbr":"WI","state_name":"Wisconsin","ALAND":4105005},"geometry":{"type":"Polygon","coordinates":[[[-88.024742,45.231812],[-88.024624,45.241437],[-88.019456,45.239169],[-88.019576,45.249942],[-88.014387,45.249949],[-88.014155,45.243038],[-88.007994,45.242721],[-88.008012,45.239074],[-87.998999,45.239053],[-87.998997,45.235404],[-87.996623,45.236653],[-87.996233,45.235386],[-87.98859,45.23534],[-87.988589,45.22858],[-87.993743,45.229943],[-87.993743,45.223247],[-87.98859,45.224451],[-87.988684,45.219578],[-87.993791,45.220934],[-87.993897,45.216602],[-87.996263,45.216655],[-87.99692,45.223224],[-87.998742,45.224516],[-88.006079,45.224561],[-88.004173,45.226872],[-88.005664,45.228176],[-88.015151,45.228202],[-88.010836,45.229802],[-88.014146,45.231074],[-88.016518,45.229925],[-88.017386,45.231826],[-88.024742,45.231812]]]}},{"type":"Feature","properties":{"NAME":"Alma Center","state_abbr":"WI","state_name":"Wisconsin","ALAND":2596008},"geometry":{"type":"Polygon","coordinates":[[[-90.923047,44.429839],[-90.923005,44.444302],[-90.902591,44.444133],[-90.902667,44.429759],[-90.923047,44.429839]]]}},{"type":"Feature","properties":{"NAME":"Neosho","state_abbr":"WI","state_name":"Wisconsin","ALAND":1362195},"geometry":{"type":"Polygon","coordinates":[[[-88.525861,43.303192],[-88.525838,43.30647],[-88.523372,43.306455],[-88.523332,43.311851],[-88.525811,43.311855],[-88.525804,43.317365],[-88.524268,43.31734],[-88.525292,43.318509],[-88.51835,43.317244],[-88.518363,43.315493],[-88.513463,43.315449],[-88.513426,43.311927],[-88.511343,43.311669],[-88.511861,43.309593],[-88.509512,43.308769],[-88.511052,43.307128],[-88.513493,43.308168],[-88.513523,43.306352],[-88.518417,43.306357],[-88.518424,43.304593],[-88.513557,43.304536],[-88.513545,43.302721],[-88.525861,43.303192]]]}},{"type":"Feature","properties":{"NAME":"Theresa","state_abbr":"WI","state_name":"Wisconsin","ALAND":1911808},"geometry":{"type":"Polygon","coordinates":[[[-88.46442,43.507516],[-88.461224,43.51143],[-88.462163,43.512414],[-88.460263,43.514193],[-88.460296,43.522369],[-88.458349,43.522294],[-88.456844,43.526582],[-88.456588,43.521922],[-88.455329,43.521918],[-88.455359,43.525538],[-88.445483,43.525547],[-88.445201,43.514679],[-88.450232,43.514681],[-88.448579,43.511107],[-88.460267,43.50925],[-88.46027,43.50749],[-88.46442,43.507516]]]}},{"type":"Feature","properties":{"NAME":"Watertown","state_abbr":"WI","state_name":"Wisconsin","ALAND":31244324},"geometry":{"type":"Polygon","coordinates":[[[-88.768607,43.21226],[-88.76077,43.213527],[-88.758963,43.21223],[-88.735791,43.212064],[-88.731786,43.233692],[-88.724011,43.233575],[-88.723832,43.226359],[-88.728729,43.226392],[-88.728687,43.214827],[-88.724619,43.214518],[-88.724724,43.211889],[-88.723738,43.21374],[-88.716302,43.212477],[-88.71714,43.211725],[-88.694149,43.211658],[-88.693822,43.183001],[-88.688918,43.181721],[-88.693932,43.180136],[-88.694418,43.165847],[-88.704294,43.164333],[-88.704224,43.166128],[-88.710879,43.166396],[-88.710301,43.163011],[-88.719017,43.163116],[-88.719669,43.152208],[-88.728319,43.152584],[-88.728163,43.155376],[-88.729346,43.155483],[-88.730535,43.147406],[-88.734518,43.147619],[-88.733635,43.167488],[-88.754446,43.168519],[-88.754423,43.173911],[-88.759415,43.173789],[-88.759424,43.175596],[-88.761903,43.175566],[-88.761931,43.179124],[-88.764444,43.179087],[-88.764101,43.190072],[-88.767886,43.190029],[-88.767835,43.194929],[-88.753987,43.195079],[-88.759826,43.195134],[-88.759794,43.197715],[-88.767021,43.197709],[-88.766999,43.207345],[-88.768559,43.20735],[-88.768607,43.21226]]]}},{"type":"Feature","properties":{"NAME":"Kronenwetter","state_abbr":"WI","state_name":"Wisconsin","ALAND":133668210},"geometry":{"type":"Polygon","coordinates":[[[-89.69372,44.82245],[-89.692375,44.826252],[-89.682319,44.838516],[-89.667885,44.845878],[-89.659199,44.858372],[-89.637352,44.858322],[-89.63712,44.854434],[-89.63893,44.851133],[-89.630568,44.851096],[-89.630686,44.854718],[-89.634401,44.854805],[-89.634403,44.858313],[-89.61418,44.858307],[-89.614183,44.854688],[-89.608873,44.854671],[-89.608992,44.858294],[-89.49075,44.858417],[-89.491027,44.772707],[-89.654688,44.771605],[-89.654664,44.77721],[-89.652882,44.778807],[-89.644521,44.778822],[-89.644535,44.782411],[-89.634355,44.782425],[-89.634304,44.789596],[-89.649602,44.789603],[-89.649614,44.788561],[-89.654387,44.788555],[-89.654366,44.786578],[-89.649626,44.787325],[-89.64962,44.786021],[-89.659744,44.786022],[-89.659743,44.789648],[-89.654679,44.789625],[-89.654654,44.800473],[-89.659748,44.800492],[-89.659775,44.807738],[-89.664871,44.807754],[-89.66486,44.804128],[-89.669983,44.804144],[-89.669928,44.798965],[-89.679112,44.798994],[-89.675378,44.807827],[-89.677696,44.808777],[-89.675008,44.812824],[-89.676621,44.815005],[-89.674784,44.815496],[-89.691794,44.81501],[-89.69372,44.82245]]]}},{"type":"Feature","properties":{"NAME":"Spencer","state_abbr":"WI","state_name":"Wisconsin","ALAND":5102273},"geometry":{"type":"MultiPolygon","coordinates":[[[[-90.239009,44.757236],[-90.237739,44.757228],[-90.237704,44.755441],[-90.238974,44.755443],[-90.239009,44.757236]]],[[[-90.316812,44.752796],[-90.316849,44.76095],[-90.309915,44.760989],[-90.310062,44.764586],[-90.300739,44.764683],[-90.302462,44.771974],[-90.300223,44.771974],[-90.299688,44.765075],[-90.289713,44.764666],[-90.28935,44.755623],[-90.279155,44.753774],[-90.27913,44.746577],[-90.284185,44.746573],[-90.284144,44.742959],[-90.294182,44.742903],[-90.294217,44.744802],[-90.299265,44.744761],[-90.299304,44.746539],[-90.309526,44.746516],[-90.309595,44.750175],[-90.313289,44.750163],[-90.313363,44.752816],[-90.316812,44.752796]]]]}},{"type":"Feature","properties":{"NAME":"Wausau","state_abbr":"WI","state_name":"Wisconsin","ALAND":49799499},"geometry":{"type":"Polygon","coordinates":[[[-89.76804,44.963568],[-89.765061,44.963556],[-89.7651,44.966011],[-89.762941,44.966001],[-89.76297,44.967817],[-89.757833,44.96779],[-89.757802,44.965977],[-89.742261,44.965899],[-89.742385,44.969516],[-89.732221,44.969455],[-89.730971,44.971534],[-89.729529,44.970034],[-89.722089,44.969147],[-89.722095,44.965852],[-89.717094,44.965894],[-89.71704,44.968681],[-89.716961,44.965895],[-89.712089,44.965935],[-89.712033,44.968381],[-89.710642,44.968212],[-89.710731,44.965953],[-89.707494,44.965999],[-89.708721,44.969588],[-89.706349,44.970827],[-89.703668,44.967798],[-89.701744,44.967761],[-89.701598,44.95888],[-89.696428,44.95893],[-89.694993,44.957542],[-89.692519,44.958838],[-89.695153,44.958942],[-89.694647,44.960501],[-89.699078,44.959731],[-89.696467,44.961761],[-89.696522,44.964986],[-89.691555,44.966206],[-89.691235,44.9626],[-89.690275,44.966213],[-89.691335,44.966207],[-89.691443,44.967317],[-89.6885,44.966899],[-89.689859,44.965004],[-89.682635,44.966206],[-89.682633,44.967316],[-89.681951,44.966204],[-89.679815,44.965576],[-89.681211,44.966292],[-89.681281,44.969861],[-89.672906,44.969916],[-89.676219,44.971927],[-89.680268,44.97061],[-89.681211,44.972964],[-89.671995,44.973529],[-89.672032,44.975336],[-89.660906,44.973501],[-89.660845,44.977161],[-89.666095,44.977158],[-89.666138,44.978983],[-89.662651,44.978995],[-89.662712,44.980806],[-89.666217,44.980794],[-89.666594,44.988112],[-89.664239,44.987651],[-89.663481,44.988484],[-89.665579,44.990163],[-89.662125,44.990845],[-89.661506,44.98847],[-89.657462,44.988709],[-89.662448,44.994696],[-89.664258,44.993329],[-89.665162,44.994312],[-89.66214,44.995364],[-89.666137,45.000008],[-89.658551,44.998992],[-89.658402,44.995368],[-89.655559,44.995348],[-89.655717,44.99902],[-89.649222,44.999025],[-89.650331,44.993545],[-89.647772,44.993555],[-89.646113,44.988665],[-89.641212,44.988703],[-89.641321,44.991718],[-89.63648,44.990855],[-89.636297,44.993621],[-89.631231,44.993641],[-89.633842,44.993586],[-89.633668,44.988189],[-89.623598,44.988291],[-89.621263,44.988608],[-89.62729,45.000396],[-89.626848,45.002736],[-89.613119,45.002819],[-89.610913,45.003389],[-89.61084,45.006424],[-89.608248,45.006473],[-89.608292,45.004732],[-89.604558,45.004806],[-89.604326,45.002341],[-89.601783,45.00239],[-89.602079,45.003005],[-89.602067,45.004721],[-89.600841,45.004737],[-89.601942,45.003072],[-89.600621,45.001695],[-89.601939,45.001198],[-89.599473,45.001244],[-89.599322,44.993314],[-89.597482,44.994076],[-89.596272,44.992376],[-89.592584,44.991706],[-89.592552,44.990089],[-89.594136,44.988728],[-89.601774,44.988587],[-89.601714,44.984975],[-89.604255,44.984932],[-89.604208,44.981327],[-89.605457,44.981303],[-89.602806,44.979765],[-89.599104,44.981406],[-89.601137,44.982275],[-89.601168,44.984079],[-89.6041,44.984864],[-89.59407,44.985042],[-89.593519,44.980665],[-89.595877,44.980573],[-89.595832,44.977842],[-89.608682,44.977641],[-89.608632,44.975292],[-89.60593,44.97532],[-89.605928,44.974041],[-89.601576,44.976276],[-89.602848,44.975542],[-89.602652,44.972312],[-89.601404,44.97052],[-89.59821,44.970578],[-89.598092,44.96757],[-89.600389,44.968516],[-89.600336,44.966937],[-89.603976,44.968126],[-89.604553,44.966896],[-89.602826,44.966456],[-89.607637,44.966834],[-89.606282,44.963755],[-89.607548,44.963311],[-89.605103,44.963332],[-89.605133,44.962036],[-89.608375,44.963206],[-89.610062,44.959564],[-89.603637,44.95969],[-89.603705,44.961955],[-89.601852,44.961984],[-89.601632,44.964043],[-89.599896,44.963225],[-89.59981,44.959732],[-89.598534,44.959746],[-89.598621,44.963258],[-89.59692,44.963291],[-89.595986,44.959777],[-89.583326,44.959796],[-89.583445,44.963458],[-89.578396,44.963497],[-89.578284,44.959844],[-89.573386,44.95989],[-89.573219,44.95273],[-89.578134,44.952707],[-89.578117,44.95422],[-89.5811,44.954699],[-89.581047,44.952689],[-89.583266,44.952685],[-89.583299,44.95619],[-89.593411,44.956178],[-89.59851,44.956113],[-89.598487,44.952571],[-89.601036,44.952537],[-89.602195,44.95413],[-89.602311,44.95252],[-89.602335,44.956065],[-89.600944,44.956082],[-89.600967,44.959717],[-89.603626,44.959684],[-89.604861,44.953035],[-89.600397,44.951552],[-89.599772,44.95246],[-89.59594,44.95251],[-89.599757,44.951421],[-89.599736,44.948853],[-89.596697,44.951361],[-89.593494,44.950729],[-89.593475,44.9467],[-89.596806,44.946582],[-89.596782,44.94539],[-89.60488,44.946341],[-89.605398,44.942532],[-89.607178,44.944407],[-89.608332,44.941465],[-89.604001,44.940386],[-89.60547,44.939634],[-89.603444,44.938867],[-89.59833,44.938939],[-89.598296,44.934407],[-89.593092,44.934472],[-89.593207,44.936413],[-89.597956,44.936386],[-89.597963,44.938042],[-89.593243,44.938113],[-89.593307,44.941826],[-89.58816,44.941871],[-89.588257,44.945342],[-89.578119,44.945373],[-89.577793,44.939177],[-89.57311,44.9383],[-89.575212,44.938261],[-89.57507,44.934668],[-89.577635,44.934652],[-89.57751,44.931592],[-89.593317,44.931379],[-89.593249,44.928528],[-89.601158,44.929513],[-89.601158,44.930791],[-89.617446,44.93071],[-89.614205,44.929181],[-89.619402,44.924996],[-89.619136,44.91905],[-89.633965,44.926651],[-89.644135,44.929761],[-89.64627,44.931647],[-89.644325,44.935201],[-89.65022,44.936654],[-89.650441,44.942721],[-89.652356,44.94379],[-89.67064,44.944575],[-89.671175,44.952605],[-89.66806,44.952003],[-89.666887,44.948229],[-89.66062,44.948263],[-89.660659,44.95008],[-89.664259,44.948545],[-89.663177,44.951882],[-89.665683,44.94975],[-89.665087,44.958293],[-89.666376,44.959106],[-89.667124,44.953444],[-89.690826,44.953549],[-89.690815,44.951705],[-89.696337,44.950903],[-89.697881,44.945216],[-89.707437,44.945003],[-89.711343,44.947933],[-89.706691,44.948096],[-89.709586,44.94806],[-89.71178,44.951003],[-89.703544,44.94957],[-89.700098,44.949738],[-89.696502,44.95058],[-89.696286,44.954572],[-89.701544,44.955254],[-89.70157,44.957077],[-89.704307,44.957035],[-89.704275,44.95522],[-89.707511,44.955745],[-89.706762,44.959456],[-89.708173,44.960386],[-89.706817,44.962429],[-89.70937,44.961224],[-89.708434,44.958785],[-89.711772,44.958722],[-89.711721,44.955129],[-89.702642,44.955091],[-89.703775,44.95206],[-89.69968,44.951669],[-89.699668,44.950841],[-89.701481,44.951511],[-89.702207,44.949743],[-89.710688,44.951216],[-89.716879,44.950973],[-89.716823,44.947841],[-89.727064,44.947757],[-89.72715,44.950139],[-89.733286,44.949915],[-89.732617,44.951399],[-89.737232,44.951407],[-89.737169,44.953528],[-89.739631,44.951117],[-89.747201,44.949697],[-89.747177,44.951414],[-89.742082,44.951397],[-89.742373,44.958639],[-89.746677,44.958639],[-89.747346,44.962292],[-89.762881,44.962348],[-89.762818,44.958674],[-89.767954,44.958736],[-89.76804,44.963568]],[[-89.725743,44.965165],[-89.724726,44.964738],[-89.724723,44.965163],[-89.725743,44.965165]],[[-89.691959,44.961563],[-89.691305,44.960833],[-89.691322,44.961569],[-89.691959,44.961563]],[[-89.691283,44.960415],[-89.691252,44.95898],[-89.684418,44.959023],[-89.684388,44.956098],[-89.682166,44.956721],[-89.683713,44.962647],[-89.691283,44.960415]],[[-89.688399,44.963303],[-89.689954,44.962574],[-89.688399,44.962624],[-89.688399,44.963303]],[[-89.676158,44.966628],[-89.674732,44.96582],[-89.670883,44.967208],[-89.673586,44.967215],[-89.676158,44.966628]],[[-89.608889,44.966811],[-89.610161,44.964984],[-89.608863,44.965019],[-89.608889,44.966811]],[[-89.608856,44.964493],[-89.610124,44.963272],[-89.608816,44.963201],[-89.608856,44.964493]],[[-89.607544,44.981266],[-89.606084,44.980744],[-89.606094,44.981292],[-89.607544,44.981266]],[[-89.606515,44.97314],[-89.60468,44.972247],[-89.604697,44.973132],[-89.606515,44.97314]]]}},{"type":"Feature","properties":{"NAME":"Weston","state_abbr":"WI","state_name":"Wisconsin","ALAND":55988764},"geometry":{"type":"Polygon","coordinates":[[[-89.609221,44.894684],[-89.607421,44.902824],[-89.608611,44.902815],[-89.608745,44.908983],[-89.602558,44.909011],[-89.602555,44.910895],[-89.599567,44.910956],[-89.599573,44.91277],[-89.59261,44.912854],[-89.59277,44.920159],[-89.589715,44.920203],[-89.590704,44.923742],[-89.587674,44.923792],[-89.587787,44.928402],[-89.593188,44.930824],[-89.567554,44.931085],[-89.567317,44.927435],[-89.562148,44.927435],[-89.555818,44.92766],[-89.552963,44.931074],[-89.542593,44.931069],[-89.542314,44.927476],[-89.532166,44.927509],[-89.53195,44.923941],[-89.542032,44.92388],[-89.541754,44.920302],[-89.531485,44.920289],[-89.531715,44.907423],[-89.526267,44.91163],[-89.523618,44.911461],[-89.506486,44.901919],[-89.501435,44.902275],[-89.499945,44.899435],[-89.494362,44.89831],[-89.490884,44.903962],[-89.49075,44.858417],[-89.592327,44.858462],[-89.592322,44.862088],[-89.589786,44.862078],[-89.589774,44.865708],[-89.592303,44.865756],[-89.592951,44.887434],[-89.582477,44.887308],[-89.582573,44.891058],[-89.587747,44.89106],[-89.587738,44.894428],[-89.609221,44.894684]]]}},{"type":"Feature","properties":{"NAME":"Elk Mound","state_abbr":"WI","state_name":"Wisconsin","ALAND":5897898},"geometry":{"type":"Polygon","coordinates":[[[-91.701989,44.885479],[-91.670785,44.885258],[-91.670841,44.863469],[-91.701479,44.863547],[-91.701989,44.885479]]]}},{"type":"Feature","properties":{"NAME":"Hurley","state_abbr":"WI","state_name":"Wisconsin","ALAND":8008374},"geometry":{"type":"MultiPolygon","coordinates":[[[[-90.214873,46.461822],[-90.21483,46.468714],[-90.204383,46.468794],[-90.204468,46.46494],[-90.19958,46.464112],[-90.199197,46.461715],[-90.194009,46.461808],[-90.19401,46.4582],[-90.202856,46.457069],[-90.20443,46.45796],[-90.204442,46.461621],[-90.214873,46.461822]]],[[[-90.220918,46.432233],[-90.219725,46.45066],[-90.19344,46.45086],[-90.19401,46.4582],[-90.180085,46.456594],[-90.180691,46.458785],[-90.178325,46.457408],[-90.179171,46.450596],[-90.176697,46.447983],[-90.17835,46.440465],[-90.176109,46.439793],[-90.179813,46.439728],[-90.180969,46.427726],[-90.190869,46.427797],[-90.189668,46.435244],[-90.210065,46.435745],[-90.210641,46.431996],[-90.220918,46.432233]]]]}},{"type":"Feature","properties":{"NAME":"Cazenovia","state_abbr":"WI","state_name":"Wisconsin","ALAND":2370689},"geometry":{"type":"Polygon","coordinates":[[[-90.208886,43.52587],[-90.206882,43.528157],[-90.208055,43.533017],[-90.192176,43.532868],[-90.192211,43.525102],[-90.190428,43.523578],[-90.192196,43.52217],[-90.192015,43.511148],[-90.197004,43.511186],[-90.19752,43.514579],[-90.201838,43.514723],[-90.201833,43.518312],[-90.206883,43.516868],[-90.206895,43.524443],[-90.208886,43.52587]]]}},{"type":"Feature","properties":{"NAME":"Ironton","state_abbr":"WI","state_name":"Wisconsin","ALAND":862692},"geometry":{"type":"Polygon","coordinates":[[[-90.149041,43.541125],[-90.149014,43.548675],[-90.141344,43.549631],[-90.14103,43.551645],[-90.138874,43.55168],[-90.138664,43.540614],[-90.149041,43.541125]]]}},{"type":"Feature","properties":{"NAME":"La Valle","state_abbr":"WI","state_name":"Wisconsin","ALAND":1031985},"geometry":{"type":"Polygon","coordinates":[[[-90.134531,43.581746],[-90.137571,43.58753],[-90.123086,43.587524],[-90.123119,43.579385],[-90.133001,43.580263],[-90.12953,43.579067],[-90.133,43.578635],[-90.133017,43.576659],[-90.137926,43.576651],[-90.136784,43.578838],[-90.137942,43.580251],[-90.135408,43.580256],[-90.134531,43.581746]]]}},{"type":"Feature","properties":{"NAME":"Merrimac","state_abbr":"WI","state_name":"Wisconsin","ALAND":2130568},"geometry":{"type":"MultiPolygon","coordinates":[[[[-89.642558,43.369436],[-89.640425,43.373021],[-89.640506,43.380461],[-89.625617,43.380509],[-89.625566,43.37861],[-89.620595,43.378625],[-89.620662,43.382358],[-89.615556,43.382353],[-89.610713,43.386616],[-89.610723,43.383302],[-89.613684,43.382678],[-89.61664,43.378741],[-89.602693,43.378788],[-89.620162,43.369244],[-89.641235,43.362874],[-89.642558,43.369436]]],[[[-89.650302,43.377892],[-89.64789,43.380318],[-89.645846,43.379985],[-89.647338,43.377024],[-89.650302,43.377892]]]]}},{"type":"Feature","properties":{"NAME":"North Freedom","state_abbr":"WI","state_name":"Wisconsin","ALAND":2170483},"geometry":{"type":"Polygon","coordinates":[[[-89.869866,43.467792],[-89.866475,43.46784],[-89.868143,43.469579],[-89.863969,43.469574],[-89.86398,43.467775],[-89.861775,43.467768],[-89.861782,43.463895],[-89.859361,43.463894],[-89.859342,43.461692],[-89.846955,43.461092],[-89.84686,43.45305],[-89.869788,43.452074],[-89.869866,43.467792]]]}},{"type":"Feature","properties":{"NAME":"Plain","state_abbr":"WI","state_name":"Wisconsin","ALAND":2354516},"geometry":{"type":"Polygon","coordinates":[[[-90.051282,43.271461],[-90.051373,43.280036],[-90.04898,43.280066],[-90.049009,43.285917],[-90.044124,43.285882],[-90.042069,43.283477],[-90.040259,43.284408],[-90.04071,43.285861],[-90.029305,43.284616],[-90.02931,43.282219],[-90.035935,43.282239],[-90.03664,43.276154],[-90.034009,43.276767],[-90.032803,43.275389],[-90.036619,43.275059],[-90.036561,43.27219],[-90.033995,43.271454],[-90.039025,43.271457],[-90.039035,43.267807],[-90.048826,43.267143],[-90.05048,43.270143],[-90.049279,43.271458],[-90.051282,43.271461]]]}},{"type":"Feature","properties":{"NAME":"Allouez","state_abbr":"WI","state_name":"Wisconsin","ALAND":11824388},"geometry":{"type":"Polygon","coordinates":[[[-88.055832,44.464872],[-88.051141,44.472006],[-88.044321,44.476064],[-88.039492,44.481799],[-88.026328,44.491881],[-88.027782,44.492385],[-88.024126,44.498616],[-87.996808,44.488929],[-88.007582,44.484403],[-88.00749,44.482945],[-88.003406,44.481381],[-88.002783,44.479026],[-88.004353,44.475524],[-88.010272,44.473757],[-88.013277,44.470626],[-88.0073,44.467617],[-88.007889,44.464979],[-88.009917,44.461509],[-88.016201,44.461201],[-88.014182,44.459073],[-88.020048,44.452722],[-88.017306,44.451239],[-88.017085,44.448805],[-88.012538,44.446504],[-88.016774,44.445051],[-88.042853,44.454184],[-88.040241,44.457938],[-88.055832,44.464872]]]}},{"type":"Feature","properties":{"NAME":"Bellevue","state_abbr":"WI","state_name":"Wisconsin","ALAND":37401380},"geometry":{"type":"Polygon","coordinates":[[[-88.020077,44.452608],[-88.014182,44.459073],[-88.016201,44.461201],[-88.009917,44.461509],[-88.007889,44.464979],[-88.0073,44.467617],[-88.013277,44.470626],[-88.010272,44.473757],[-88.004353,44.475524],[-88.002783,44.479026],[-88.003406,44.481381],[-88.00749,44.482945],[-88.007582,44.484403],[-87.997063,44.489039],[-87.989951,44.485996],[-87.988773,44.484581],[-87.991773,44.481774],[-87.987308,44.480166],[-87.989037,44.477705],[-87.987503,44.477164],[-87.988528,44.47568],[-87.98285,44.473524],[-87.982288,44.476439],[-87.98673,44.477753],[-87.985422,44.47951],[-87.981829,44.478817],[-87.981315,44.480225],[-87.970315,44.476533],[-87.96959,44.477095],[-87.975227,44.47873],[-87.973933,44.48068],[-87.968976,44.478897],[-87.968266,44.473576],[-87.963065,44.471309],[-87.954569,44.471827],[-87.956803,44.473433],[-87.887183,44.472937],[-87.887118,44.443853],[-87.90729,44.444104],[-87.907379,44.440473],[-87.912846,44.440487],[-87.914396,44.441209],[-87.912442,44.441677],[-87.912412,44.444108],[-87.91762,44.444111],[-87.917541,44.442677],[-87.918624,44.44411],[-87.924915,44.444154],[-87.917549,44.439284],[-87.918104,44.436893],[-87.92769,44.438201],[-87.927735,44.44186],[-87.926257,44.442748],[-87.927746,44.442745],[-87.927765,44.444176],[-87.979267,44.444941],[-87.986337,44.434492],[-87.992591,44.436679],[-87.994002,44.434636],[-88.001361,44.437166],[-87.999967,44.439233],[-88.016774,44.445051],[-88.012157,44.446833],[-88.016957,44.4487],[-88.017306,44.451239],[-88.020077,44.452608]]]}},{"type":"Feature","properties":{"NAME":"Denmark","state_abbr":"WI","state_name":"Wisconsin","ALAND":5107969},"geometry":{"type":"Polygon","coordinates":[[[-87.848125,44.352826],[-87.84052,44.352899],[-87.84253,44.356534],[-87.846686,44.356931],[-87.846711,44.359394],[-87.836753,44.360272],[-87.836765,44.366011],[-87.832487,44.356679],[-87.825649,44.357217],[-87.825742,44.35899],[-87.821681,44.360475],[-87.822502,44.356719],[-87.814655,44.356681],[-87.81464,44.353898],[-87.818597,44.353912],[-87.818573,44.349356],[-87.814074,44.349314],[-87.814058,44.352293],[-87.812301,44.35293],[-87.810058,44.352889],[-87.810073,44.351146],[-87.811029,44.345604],[-87.818568,44.344828],[-87.818552,44.340329],[-87.83684,44.340258],[-87.836893,44.33833],[-87.840583,44.338295],[-87.846758,44.338724],[-87.846727,44.345803],[-87.844493,44.345657],[-87.848125,44.352826]]]}},{"type":"Feature","properties":{"NAME":"Suamico","state_abbr":"WI","state_name":"Wisconsin","ALAND":94115657},"geometry":{"type":"Polygon","coordinates":[[[-88.131182,44.676928],[-87.944286,44.678133],[-87.943192,44.562016],[-87.977603,44.560392],[-87.997898,44.5925],[-88.084338,44.590882],[-88.083336,44.59463],[-88.08888,44.594559],[-88.088851,44.59085],[-88.129761,44.590263],[-88.131182,44.676928]]]}},{"type":"Feature","properties":{"NAME":"Hazel Green","state_abbr":"WI","state_name":"Wisconsin","ALAND":3296781},"geometry":{"type":"Polygon","coordinates":[[[-90.446022,42.525469],[-90.445706,42.543617],[-90.440788,42.543606],[-90.440727,42.547202],[-90.434442,42.546686],[-90.435942,42.539946],[-90.426118,42.539946],[-90.426174,42.532628],[-90.423534,42.533855],[-90.421115,42.529978],[-90.426194,42.530097],[-90.426232,42.525379],[-90.430111,42.523995],[-90.432449,42.523959],[-90.432644,42.52538],[-90.446022,42.525469]]]}},{"type":"Feature","properties":{"NAME":"Muscoda","state_abbr":"WI","state_name":"Wisconsin","ALAND":4145885},"geometry":{"type":"Polygon","coordinates":[[[-90.449174,43.182345],[-90.449032,43.197619],[-90.43683,43.197242],[-90.434141,43.196104],[-90.434092,43.192238],[-90.424089,43.191925],[-90.424074,43.186729],[-90.4131,43.186267],[-90.412709,43.176097],[-90.418908,43.176056],[-90.418977,43.179679],[-90.424084,43.179661],[-90.424648,43.183301],[-90.430609,43.182833],[-90.429543,43.179614],[-90.431488,43.178652],[-90.429535,43.176016],[-90.439417,43.176423],[-90.439368,43.177754],[-90.434421,43.178348],[-90.43417,43.182606],[-90.44591,43.181397],[-90.449174,43.182345]]]}},{"type":"Feature","properties":{"NAME":"Blue River","state_abbr":"WI","state_name":"Wisconsin","ALAND":2360661},"geometry":{"type":"Polygon","coordinates":[[[-90.582087,43.190995],[-90.562189,43.191001],[-90.562128,43.176492],[-90.567064,43.176505],[-90.56707,43.178319],[-90.582074,43.178402],[-90.582087,43.190995]]]}},{"type":"Feature","properties":{"NAME":"Egg Harbor","state_abbr":"WI","state_name":"Wisconsin","ALAND":6390114},"geometry":{"type":"Polygon","coordinates":[[[-87.324858,45.07409],[-87.275883,45.072774],[-87.276107,45.061695],[-87.271915,45.061704],[-87.267823,45.063989],[-87.264724,45.063257],[-87.264023,45.065409],[-87.260703,45.065428],[-87.26063,45.069138],[-87.255397,45.069171],[-87.255408,45.067315],[-87.250001,45.066071],[-87.250285,45.069151],[-87.247712,45.069132],[-87.247741,45.063606],[-87.24945,45.063602],[-87.250312,45.060844],[-87.255436,45.060824],[-87.255443,45.062151],[-87.265724,45.061717],[-87.265709,45.058086],[-87.260559,45.058097],[-87.260548,45.05447],[-87.266502,45.054456],[-87.265602,45.047178],[-87.275913,45.048208],[-87.275177,45.044643],[-87.270699,45.043736],[-87.270676,45.042057],[-87.27224,45.042038],[-87.272247,45.043434],[-87.274169,45.043331],[-87.274131,45.042018],[-87.275795,45.042849],[-87.275782,45.039806],[-87.282899,45.038131],[-87.280968,45.041191],[-87.27881,45.039892],[-87.276754,45.042371],[-87.278145,45.043422],[-87.296702,45.042089],[-87.296705,45.043186],[-87.301863,45.043199],[-87.30181,45.0396],[-87.306954,45.039627],[-87.306903,45.036004],[-87.311904,45.036053],[-87.311988,45.03829],[-87.313636,45.038291],[-87.318577,45.032287],[-87.324913,45.032207],[-87.324858,45.07409]]]}},{"type":"Feature","properties":{"NAME":"Sister Bay","state_abbr":"WI","state_name":"Wisconsin","ALAND":6908063},"geometry":{"type":"Polygon","coordinates":[[[-87.151304,45.20022],[-87.112541,45.200219],[-87.112196,45.192038],[-87.106896,45.190661],[-87.104441,45.192978],[-87.104347,45.19114],[-87.101787,45.191144],[-87.101692,45.18928],[-87.098421,45.189287],[-87.098303,45.186741],[-87.101503,45.185606],[-87.1016,45.187487],[-87.110967,45.187494],[-87.111889,45.170954],[-87.132692,45.171022],[-87.143279,45.177072],[-87.150826,45.184109],[-87.151304,45.20022]]]}},{"type":"Feature","properties":{"NAME":"Durand","state_abbr":"WI","state_name":"Wisconsin","ALAND":4526463},"geometry":{"type":"Polygon","coordinates":[[[-91.98373,44.617868],[-91.967143,44.630047],[-91.964977,44.639883],[-91.943469,44.63982],[-91.943471,44.636749],[-91.948519,44.635734],[-91.948414,44.625498],[-91.953477,44.625465],[-91.953465,44.621891],[-91.951538,44.621882],[-91.951544,44.620683],[-91.95342,44.620687],[-91.953415,44.618332],[-91.958511,44.618327],[-91.955962,44.618163],[-91.95522,44.614696],[-91.958483,44.614676],[-91.958561,44.616995],[-91.963549,44.61826],[-91.965202,44.615228],[-91.965405,44.609017],[-91.966636,44.608563],[-91.964866,44.607038],[-91.968537,44.607469],[-91.968528,44.618243],[-91.98373,44.617868]]]}},{"type":"Feature","properties":{"NAME":"Stockholm","state_abbr":"WI","state_name":"Wisconsin","ALAND":2440373},"geometry":{"type":"Polygon","coordinates":[[[-92.285908,44.497109],[-92.271817,44.496759],[-92.271774,44.489527],[-92.256838,44.489227],[-92.256798,44.482046],[-92.246616,44.481939],[-92.246677,44.474704],[-92.241641,44.474655],[-92.24169,44.47048],[-92.252316,44.47663],[-92.259122,44.476101],[-92.259633,44.478541],[-92.263888,44.479174],[-92.264932,44.483209],[-92.277117,44.48986],[-92.280756,44.489858],[-92.280516,44.491299],[-92.285908,44.497109]]]}},{"type":"Feature","properties":{"NAME":"Prairie du Sac","state_abbr":"WI","state_name":"Wisconsin","ALAND":5000093},"geometry":{"type":"Polygon","coordinates":[[[-89.759049,43.29428],[-89.754063,43.293035],[-89.75407,43.290874],[-89.749091,43.290878],[-89.748974,43.300329],[-89.754114,43.300329],[-89.754124,43.302085],[-89.744198,43.303907],[-89.744171,43.300286],[-89.73425,43.300273],[-89.734257,43.302111],[-89.732942,43.302111],[-89.735033,43.307535],[-89.731734,43.307532],[-89.730525,43.30026],[-89.730575,43.302112],[-89.726889,43.302116],[-89.726411,43.299478],[-89.716622,43.289029],[-89.713254,43.282092],[-89.739247,43.281897],[-89.740123,43.284047],[-89.738003,43.285081],[-89.739229,43.285081],[-89.739179,43.289158],[-89.734228,43.289206],[-89.734223,43.293052],[-89.739187,43.294048],[-89.744122,43.293046],[-89.744196,43.283936],[-89.745886,43.283921],[-89.745905,43.281837],[-89.749161,43.281811],[-89.749132,43.28544],[-89.759027,43.28536],[-89.759049,43.29428]]]}},{"type":"Feature","properties":{"NAME":"Rock Springs","state_abbr":"WI","state_name":"Wisconsin","ALAND":3365142},"geometry":{"type":"Polygon","coordinates":[[[-89.934212,43.478567],[-89.926472,43.479764],[-89.926519,43.487471],[-89.913467,43.489474],[-89.915393,43.485817],[-89.906403,43.485801],[-89.906655,43.478525],[-89.901665,43.478508],[-89.901646,43.474859],[-89.906629,43.474879],[-89.906603,43.471261],[-89.913206,43.471298],[-89.916635,43.473449],[-89.916499,43.471305],[-89.931376,43.471278],[-89.931534,43.478543],[-89.934212,43.478567]]]}},{"type":"Feature","properties":{"NAME":"Sauk City","state_abbr":"WI","state_name":"Wisconsin","ALAND":4151002},"geometry":{"type":"Polygon","coordinates":[[[-89.749185,43.278176],[-89.749161,43.281811],[-89.713254,43.282092],[-89.717824,43.272352],[-89.726662,43.264909],[-89.7246,43.263874],[-89.72817,43.263889],[-89.733123,43.258171],[-89.742943,43.255405],[-89.743006,43.25869],[-89.739459,43.260376],[-89.741074,43.260379],[-89.741063,43.263777],[-89.74441,43.263735],[-89.744365,43.267351],[-89.741895,43.267376],[-89.741909,43.265565],[-89.739428,43.264689],[-89.739304,43.274653],[-89.741804,43.274624],[-89.741777,43.277275],[-89.739276,43.276942],[-89.739262,43.278679],[-89.749185,43.278176]],[[-89.739436,43.261985],[-89.736969,43.262006],[-89.736966,43.263831],[-89.738331,43.263812],[-89.739436,43.261985]]]}},{"type":"Feature","properties":{"NAME":"Spring Green","state_abbr":"WI","state_name":"Wisconsin","ALAND":4320052},"geometry":{"type":"Polygon","coordinates":[[[-90.086294,43.182597],[-90.086286,43.189856],[-90.082271,43.189809],[-90.082337,43.188289],[-90.080521,43.188265],[-90.07783,43.189746],[-90.073852,43.188159],[-90.074579,43.182447],[-90.068987,43.182487],[-90.068972,43.185458],[-90.066679,43.185482],[-90.063999,43.1825],[-90.063973,43.18781],[-90.061414,43.187541],[-90.06141,43.183419],[-90.055811,43.179524],[-90.059044,43.179486],[-90.059056,43.175508],[-90.049568,43.17491],[-90.044496,43.170961],[-90.052334,43.171246],[-90.052426,43.167763],[-90.06328,43.167856],[-90.063268,43.170551],[-90.064027,43.168933],[-90.073947,43.167995],[-90.073936,43.171594],[-90.078985,43.171615],[-90.078978,43.173468],[-90.081985,43.173273],[-90.081979,43.175243],[-90.078873,43.175238],[-90.078866,43.177009],[-90.083852,43.177319],[-90.083808,43.182565],[-90.086294,43.182597]]]}},{"type":"Feature","properties":{"NAME":"West Baraboo","state_abbr":"WI","state_name":"Wisconsin","ALAND":3266915},"geometry":{"type":"Polygon","coordinates":[[[-89.783517,43.48919],[-89.78343,43.494974],[-89.781072,43.495709],[-89.7834,43.496442],[-89.783324,43.499996],[-89.778365,43.499193],[-89.779497,43.496359],[-89.778482,43.494518],[-89.775752,43.494331],[-89.775704,43.496147],[-89.773499,43.49615],[-89.774571,43.487227],[-89.773626,43.485957],[-89.773598,43.48735],[-89.772315,43.487136],[-89.772841,43.485499],[-89.767913,43.485541],[-89.768686,43.488005],[-89.764677,43.487834],[-89.76708,43.487107],[-89.764625,43.484697],[-89.763816,43.480136],[-89.758929,43.480151],[-89.759331,43.470452],[-89.778783,43.47054],[-89.778627,43.481942],[-89.774317,43.482587],[-89.775119,43.484959],[-89.780164,43.485872],[-89.78013,43.489144],[-89.783517,43.48919]]]}},{"type":"Feature","properties":{"NAME":"Weyerhaeuser","state_abbr":"WI","state_name":"Wisconsin","ALAND":2423324},"geometry":{"type":"Polygon","coordinates":[[[-91.424308,45.418698],[-91.424121,45.43255],[-91.404738,45.432136],[-91.4049,45.41752],[-91.424308,45.418698]]]}},{"type":"Feature","properties":{"NAME":"Altoona","state_abbr":"WI","state_name":"Wisconsin","ALAND":12862546},"geometry":{"type":"Polygon","coordinates":[[[-91.468397,44.816043],[-91.461555,44.821898],[-91.456815,44.823733],[-91.441783,44.818781],[-91.44518,44.81445],[-91.422261,44.814578],[-91.422301,44.810676],[-91.418291,44.81023],[-91.419851,44.808979],[-91.412259,44.805857],[-91.412254,44.80268],[-91.407204,44.801303],[-91.407181,44.796455],[-91.41212,44.796455],[-91.412127,44.800163],[-91.416953,44.800166],[-91.416942,44.803108],[-91.419548,44.803744],[-91.422343,44.802061],[-91.422338,44.800076],[-91.412255,44.800076],[-91.412247,44.796365],[-91.407165,44.796364],[-91.401091,44.79661],[-91.398509,44.793034],[-91.393414,44.793151],[-91.393347,44.796807],[-91.389101,44.79664],[-91.388466,44.789651],[-91.400035,44.791759],[-91.400015,44.793],[-91.412234,44.791021],[-91.41223,44.78921],[-91.415714,44.789203],[-91.415719,44.785611],[-91.40721,44.785575],[-91.407209,44.780826],[-91.40933,44.778353],[-91.414055,44.778365],[-91.414063,44.780732],[-91.416932,44.780918],[-91.417319,44.78305],[-91.422427,44.783064],[-91.422428,44.785582],[-91.421016,44.786002],[-91.422661,44.78772],[-91.426259,44.787773],[-91.426248,44.789203],[-91.432595,44.789193],[-91.433147,44.790792],[-91.436577,44.789743],[-91.437754,44.791742],[-91.447141,44.790501],[-91.451823,44.793086],[-91.451001,44.795629],[-91.457775,44.795172],[-91.460897,44.796863],[-91.45923,44.798119],[-91.460575,44.799504],[-91.463787,44.798675],[-91.463104,44.796828],[-91.466623,44.799097],[-91.465443,44.800093],[-91.468362,44.800113],[-91.468397,44.816043]],[[-91.418008,44.792802],[-91.410676,44.792813],[-91.410685,44.794596],[-91.414781,44.795905],[-91.417867,44.795017],[-91.418008,44.792802]]]}},{"type":"Feature","properties":{"NAME":"Augusta","state_abbr":"WI","state_name":"Wisconsin","ALAND":5733719},"geometry":{"type":"MultiPolygon","coordinates":[[[[-91.105301,44.66924],[-91.095048,44.669191],[-91.095069,44.665538],[-91.099699,44.665543],[-91.105287,44.667908],[-91.105301,44.66924]]],[[[-91.145038,44.68768],[-91.136961,44.686894],[-91.135874,44.683617],[-91.134831,44.683613],[-91.134929,44.687163],[-91.129861,44.687187],[-91.131521,44.688872],[-91.129907,44.688635],[-91.129976,44.690767],[-91.124945,44.69078],[-91.124793,44.68721],[-91.12307,44.687213],[-91.123096,44.689132],[-91.11716,44.688963],[-91.117133,44.68722],[-91.104494,44.687231],[-91.105301,44.66924],[-91.128377,44.668067],[-91.135342,44.669052],[-91.134947,44.680467],[-91.141425,44.683215],[-91.13585,44.68353],[-91.14292,44.684473],[-91.14497,44.68546],[-91.145038,44.68768]]]]}},{"type":"Feature","properties":{"NAME":"Black River Falls","state_abbr":"WI","state_name":"Wisconsin","ALAND":10840371},"geometry":{"type":"MultiPolygon","coordinates":[[[[-90.809097,44.303859],[-90.807693,44.306064],[-90.796595,44.305957],[-90.796481,44.298885],[-90.80073,44.298933],[-90.799801,44.300295],[-90.80089,44.301824],[-90.804726,44.291577],[-90.809097,44.303859]]],[[[-90.874576,44.300518],[-90.872056,44.300519],[-90.871982,44.30235],[-90.866955,44.302317],[-90.867135,44.305137],[-90.869322,44.30583],[-90.870211,44.309356],[-90.861823,44.309787],[-90.861947,44.30799],[-90.859151,44.308537],[-90.856058,44.306357],[-90.857161,44.310108],[-90.852144,44.307807],[-90.854413,44.309102],[-90.854107,44.310175],[-90.852119,44.309445],[-90.85202,44.31697],[-90.841902,44.317182],[-90.841976,44.313493],[-90.845738,44.312177],[-90.847077,44.309952],[-90.842032,44.309825],[-90.842086,44.307991],[-90.839316,44.307698],[-90.840909,44.311404],[-90.839955,44.313573],[-90.83405,44.313466],[-90.835576,44.311136],[-90.833932,44.30689],[-90.837211,44.306738],[-90.827035,44.306195],[-90.826892,44.298888],[-90.823044,44.295894],[-90.824493,44.295338],[-90.821767,44.294322],[-90.821697,44.29171],[-90.818168,44.291655],[-90.808086,44.280736],[-90.811796,44.280761],[-90.811803,44.278404],[-90.821864,44.282651],[-90.821798,44.284457],[-90.826869,44.284448],[-90.826759,44.291748],[-90.829435,44.291954],[-90.831805,44.291702],[-90.831935,44.285945],[-90.833954,44.286578],[-90.833951,44.288087],[-90.837559,44.287834],[-90.840883,44.291725],[-90.846121,44.291671],[-90.847627,44.288052],[-90.856009,44.288872],[-90.861289,44.284284],[-90.867493,44.284258],[-90.86732,44.291479],[-90.872326,44.289817],[-90.87211,44.298466],[-90.874638,44.298463],[-90.874576,44.300518]]]]}},{"type":"Feature","properties":{"NAME":"Hixton","state_abbr":"WI","state_name":"Wisconsin","ALAND":2954458},"geometry":{"type":"Polygon","coordinates":[[[-91.032451,44.371776],[-91.032589,44.382373],[-91.030707,44.381231],[-91.023005,44.383861],[-91.023022,44.38977],[-90.994962,44.390857],[-90.995529,44.38895],[-90.998888,44.38728],[-90.99488,44.383684],[-90.998516,44.385582],[-91.004679,44.385072],[-90.999888,44.382578],[-91.003093,44.382457],[-91.003178,44.379685],[-91.00499,44.380535],[-91.002785,44.37903],[-91.004921,44.376602],[-91.010211,44.376661],[-91.007557,44.378736],[-91.025471,44.378835],[-91.025444,44.375269],[-91.032451,44.371776]]]}},{"type":"Feature","properties":{"NAME":"Black Creek","state_abbr":"WI","state_name":"Wisconsin","ALAND":2581269},"geometry":{"type":"Polygon","coordinates":[[[-88.461069,44.46697],[-88.460105,44.481024],[-88.451969,44.480964],[-88.450107,44.483779],[-88.449582,44.482172],[-88.445292,44.482305],[-88.445491,44.480941],[-88.440301,44.480883],[-88.441161,44.466675],[-88.451231,44.466943],[-88.452982,44.465805],[-88.452946,44.466949],[-88.461069,44.46697]]]}},{"type":"Feature","properties":{"NAME":"Wrightstown","state_abbr":"WI","state_name":"Wisconsin","ALAND":11679307},"geometry":{"type":"MultiPolygon","coordinates":[[[[-88.191421,44.347414],[-88.191409,44.349078],[-88.187054,44.349597],[-88.186409,44.347986],[-88.183906,44.347994],[-88.183902,44.346187],[-88.191421,44.347414]]],[[[-88.217225,44.3213],[-88.21086,44.321581],[-88.210968,44.326259],[-88.212174,44.326258],[-88.205196,44.334133],[-88.202725,44.334995],[-88.200866,44.337467],[-88.202839,44.33827],[-88.202184,44.339183],[-88.194421,44.346535],[-88.191494,44.347253],[-88.191347,44.336679],[-88.181294,44.335345],[-88.181266,44.33176],[-88.166143,44.331802],[-88.166193,44.335448],[-88.160964,44.335329],[-88.161552,44.342761],[-88.151057,44.342746],[-88.147268,44.350001],[-88.145627,44.349985],[-88.148616,44.341532],[-88.161271,44.330437],[-88.159837,44.32929],[-88.157131,44.333628],[-88.151319,44.333489],[-88.151119,44.335617],[-88.145984,44.335616],[-88.145964,44.328494],[-88.144753,44.327806],[-88.145827,44.327806],[-88.146121,44.32421],[-88.148934,44.324224],[-88.150042,44.316567],[-88.148292,44.315927],[-88.149282,44.313425],[-88.153101,44.313424],[-88.153224,44.310308],[-88.151939,44.309761],[-88.166126,44.309739],[-88.163205,44.313423],[-88.16708,44.312368],[-88.167102,44.313406],[-88.171625,44.313383],[-88.171851,44.315827],[-88.17222,44.313381],[-88.192613,44.31369],[-88.192489,44.322852],[-88.199311,44.321404],[-88.198905,44.324577],[-88.196589,44.324553],[-88.196337,44.328163],[-88.20174,44.32817],[-88.201756,44.321023],[-88.215235,44.318151],[-88.217225,44.3213]]]]}},{"type":"Feature","properties":{"NAME":"Merrillan","state_abbr":"WI","state_name":"Wisconsin","ALAND":3281557},"geometry":{"type":"Polygon","coordinates":[[[-90.847491,44.444072],[-90.847483,44.461202],[-90.845618,44.458615],[-90.839089,44.45858],[-90.839095,44.459858],[-90.83731,44.459848],[-90.837314,44.462184],[-90.827083,44.462168],[-90.827181,44.444103],[-90.831925,44.444094],[-90.831871,44.441549],[-90.82217,44.440518],[-90.822202,44.43333],[-90.82713,44.433319],[-90.827207,44.4364],[-90.829074,44.435925],[-90.829753,44.437292],[-90.827175,44.437077],[-90.828926,44.440309],[-90.83949,44.444078],[-90.847491,44.444072]]]}},{"type":"Feature","properties":{"NAME":"Hobart","state_abbr":"WI","state_name":"Wisconsin","ALAND":85522760},"geometry":{"type":"Polygon","coordinates":[[[-88.191431,44.391642],[-88.190433,44.429472],[-88.19012,44.584485],[-88.097087,44.546879],[-88.09767,44.545127],[-88.100864,44.546404],[-88.104791,44.543141],[-88.122284,44.541627],[-88.123042,44.535104],[-88.121463,44.535113],[-88.121425,44.534127],[-88.129758,44.533333],[-88.129925,44.523795],[-88.139804,44.52386],[-88.139785,44.505866],[-88.135827,44.505807],[-88.137857,44.499129],[-88.149879,44.501329],[-88.129697,44.493593],[-88.129714,44.48863],[-88.11549,44.488659],[-88.106598,44.485535],[-88.109472,44.481419],[-88.107886,44.477837],[-88.109487,44.477825],[-88.109517,44.474193],[-88.120764,44.474191],[-88.120694,44.477789],[-88.124688,44.476513],[-88.124637,44.474191],[-88.126583,44.474191],[-88.125677,44.470218],[-88.128271,44.46639],[-88.124387,44.465028],[-88.124605,44.4637],[-88.129808,44.46372],[-88.12984,44.459717],[-88.121537,44.459676],[-88.132323,44.447342],[-88.135812,44.438674],[-88.140132,44.438067],[-88.146974,44.429693],[-88.150724,44.431033],[-88.191431,44.391642]]]}},{"type":"Feature","properties":{"NAME":"Darlington","state_abbr":"WI","state_name":"Wisconsin","ALAND":4273092},"geometry":{"type":"Polygon","coordinates":[[[-90.141875,42.664366],[-90.134798,42.665165],[-90.135756,42.6664],[-90.135772,42.667966],[-90.133453,42.66513],[-90.134491,42.667966],[-90.132088,42.667967],[-90.13214,42.669806],[-90.124887,42.671698],[-90.127274,42.671672],[-90.127667,42.682883],[-90.120948,42.682869],[-90.121522,42.68446],[-90.118585,42.69002],[-90.115242,42.690031],[-90.11517,42.692835],[-90.108529,42.693755],[-90.109767,42.692562],[-90.101559,42.692567],[-90.101571,42.691399],[-90.107147,42.691401],[-90.107823,42.688298],[-90.105976,42.688298],[-90.105995,42.686499],[-90.107613,42.685402],[-90.105837,42.684132],[-90.107371,42.684134],[-90.107618,42.679516],[-90.1106,42.680148],[-90.110375,42.67847],[-90.112404,42.677296],[-90.111304,42.677571],[-90.11238,42.675845],[-90.105133,42.679356],[-90.105153,42.67544],[-90.107518,42.675475],[-90.107502,42.67664],[-90.109762,42.674086],[-90.112381,42.673731],[-90.112362,42.671725],[-90.124566,42.6717],[-90.126668,42.670227],[-90.12717,42.667994],[-90.122346,42.668456],[-90.1223,42.660763],[-90.125856,42.660766],[-90.125721,42.657148],[-90.127153,42.657146],[-90.127178,42.660764],[-90.129401,42.661333],[-90.14095,42.660687],[-90.141875,42.664366]],[[-90.127868,42.664788],[-90.126058,42.664305],[-90.126096,42.666796],[-90.127205,42.666802],[-90.127868,42.664788]]]}},{"type":"Feature","properties":{"NAME":"Almond","state_abbr":"WI","state_name":"Wisconsin","ALAND":2713216},"geometry":{"type":"MultiPolygon","coordinates":[[[[-89.409382,44.249242],[-89.406723,44.250007],[-89.406722,44.249239],[-89.409382,44.249242]]],[[[-89.422092,44.262066],[-89.416987,44.262056],[-89.417024,44.269309],[-89.401677,44.269288],[-89.401701,44.263833],[-89.396654,44.263819],[-89.39673,44.258384],[-89.401732,44.258405],[-89.401707,44.251128],[-89.411817,44.251152],[-89.411836,44.254786],[-89.416934,44.254798],[-89.416961,44.25844],[-89.422086,44.25843],[-89.422092,44.262066]]]]}},{"type":"Feature","properties":{"NAME":"Amherst","state_abbr":"WI","state_name":"Wisconsin","ALAND":3316017},"geometry":{"type":"Polygon","coordinates":[[[-89.294502,44.443006],[-89.294639,44.457566],[-89.285616,44.457663],[-89.28269,44.459887],[-89.282171,44.457656],[-89.284575,44.457544],[-89.274553,44.457552],[-89.274147,44.437494],[-89.271251,44.435839],[-89.275228,44.434962],[-89.276157,44.432078],[-89.284173,44.432596],[-89.283799,44.437389],[-89.278707,44.435851],[-89.282729,44.439369],[-89.282183,44.442328],[-89.287218,44.443012],[-89.28689,44.441582],[-89.288578,44.443006],[-89.294502,44.443006]]]}},{"type":"Feature","properties":{"NAME":"Amherst Junction","state_abbr":"WI","state_name":"Wisconsin","ALAND":3201548},"geometry":{"type":"Polygon","coordinates":[[[-89.33368,44.466144],[-89.327008,44.468513],[-89.326981,44.470086],[-89.328594,44.47045],[-89.325055,44.47086],[-89.324692,44.475704],[-89.319653,44.475697],[-89.319667,44.479323],[-89.312682,44.479337],[-89.312668,44.480844],[-89.309736,44.480831],[-89.311574,44.476249],[-89.313624,44.475699],[-89.304453,44.475767],[-89.304636,44.468739],[-89.309619,44.469436],[-89.306844,44.465625],[-89.309922,44.467229],[-89.309772,44.461233],[-89.304776,44.461199],[-89.304746,44.457576],[-89.309793,44.457581],[-89.309786,44.459464],[-89.314725,44.459476],[-89.314723,44.461215],[-89.329707,44.461213],[-89.329746,44.464851],[-89.333685,44.464857],[-89.33368,44.466144]]]}},{"type":"Feature","properties":{"NAME":"Milladore","state_abbr":"WI","state_name":"Wisconsin","ALAND":2584232},"geometry":{"type":"Polygon","coordinates":[[[-89.865385,44.598406],[-89.865219,44.612837],[-89.845055,44.612872],[-89.84512,44.598404],[-89.865385,44.598406]]]}},{"type":"Feature","properties":{"NAME":"Nelsonville","state_abbr":"WI","state_name":"Wisconsin","ALAND":2665952},"geometry":{"type":"Polygon","coordinates":[[[-89.319752,44.492054],[-89.319742,44.503974],[-89.309586,44.504031],[-89.309594,44.501141],[-89.304489,44.501136],[-89.304461,44.497475],[-89.299416,44.497493],[-89.299435,44.483057],[-89.304457,44.482977],[-89.304459,44.480717],[-89.309675,44.4831],[-89.31195,44.490284],[-89.31472,44.490302],[-89.314716,44.492086],[-89.319752,44.492054]]]}},{"type":"Feature","properties":{"NAME":"Park Ridge","state_abbr":"WI","state_name":"Wisconsin","ALAND":586699},"geometry":{"type":"Polygon","coordinates":[[[-89.549992,44.525021],[-89.544311,44.525084],[-89.54433,44.523262],[-89.541736,44.523293],[-89.542584,44.51771],[-89.544292,44.516802],[-89.543557,44.514782],[-89.549467,44.514712],[-89.549992,44.525021]]]}},{"type":"Feature","properties":{"NAME":"Rosholt","state_abbr":"WI","state_name":"Wisconsin","ALAND":2720192},"geometry":{"type":"Polygon","coordinates":[[[-89.319762,44.62433],[-89.319909,44.635223],[-89.314873,44.635143],[-89.314973,44.637177],[-89.313706,44.637157],[-89.314708,44.635138],[-89.294808,44.635084],[-89.294828,44.638672],[-89.292965,44.638686],[-89.292926,44.635103],[-89.289716,44.635137],[-89.289621,44.627903],[-89.293729,44.62785],[-89.294594,44.624194],[-89.319762,44.62433]]]}},{"type":"Feature","properties":{"NAME":"Brown Deer","state_abbr":"WI","state_name":"Wisconsin","ALAND":11383915},"geometry":{"type":"Polygon","coordinates":[[[-87.994758,43.163188],[-87.994171,43.19255],[-87.959255,43.192407],[-87.960939,43.188283],[-87.955536,43.181534],[-87.955418,43.179146],[-87.959607,43.174309],[-87.962707,43.174332],[-87.960985,43.170165],[-87.950791,43.163034],[-87.96031,43.162278],[-87.957507,43.155815],[-87.965198,43.155868],[-87.965482,43.148584],[-87.975289,43.148593],[-87.97486,43.163132],[-87.994758,43.163188]]]}},{"type":"Feature","properties":{"NAME":"Fox Point","state_abbr":"WI","state_name":"Wisconsin","ALAND":7407320},"geometry":{"type":"Polygon","coordinates":[[[-87.915446,43.162281],[-87.915208,43.176282],[-87.901765,43.176119],[-87.900552,43.170265],[-87.881226,43.169723],[-87.891671,43.149377],[-87.900846,43.136609],[-87.901431,43.132958],[-87.908193,43.133104],[-87.908318,43.149863],[-87.914325,43.150314],[-87.912429,43.15357],[-87.91175,43.161934],[-87.915446,43.162281]]]}},{"type":"Feature","properties":{"NAME":"Franklin","state_abbr":"WI","state_name":"Wisconsin","ALAND":89548136},"geometry":{"type":"Polygon","coordinates":[[[-88.069924,42.843323],[-88.069496,42.929955],[-88.045404,42.930183],[-88.045472,42.928382],[-88.038576,42.928441],[-88.038524,42.930239],[-88.028518,42.930296],[-88.028842,42.919737],[-88.016514,42.91963],[-88.016376,42.924779],[-88.008971,42.924788],[-88.009039,42.921917],[-88.006552,42.921322],[-88.002996,42.923288],[-87.989106,42.923138],[-87.989047,42.925495],[-87.969261,42.926978],[-87.9691,42.93039],[-87.949381,42.930372],[-87.951904,42.843546],[-88.069924,42.843323]]]}},{"type":"Feature","properties":{"NAME":"Glendale","state_abbr":"WI","state_name":"Wisconsin","ALAND":14929786},"geometry":{"type":"Polygon","coordinates":[[[-87.954758,43.148488],[-87.945433,43.148371],[-87.945139,43.158692],[-87.946463,43.160244],[-87.935127,43.159029],[-87.929858,43.152221],[-87.930478,43.148232],[-87.928062,43.144158],[-87.919738,43.140553],[-87.919655,43.143365],[-87.915153,43.142634],[-87.915446,43.162281],[-87.91175,43.161934],[-87.912429,43.15357],[-87.914325,43.150314],[-87.908318,43.149863],[-87.907763,43.142908],[-87.908156,43.134639],[-87.912162,43.132535],[-87.911841,43.112867],[-87.913608,43.112891],[-87.913653,43.111352],[-87.91188,43.11133],[-87.911995,43.106126],[-87.909595,43.104521],[-87.91696,43.104134],[-87.907701,43.098955],[-87.907883,43.089746],[-87.916559,43.089804],[-87.919044,43.094795],[-87.917069,43.095253],[-87.925061,43.094568],[-87.926647,43.097112],[-87.925413,43.097117],[-87.928591,43.100419],[-87.925051,43.10031],[-87.925009,43.102086],[-87.926447,43.105673],[-87.930952,43.107993],[-87.923948,43.11137],[-87.923891,43.11478],[-87.920835,43.118704],[-87.927712,43.118812],[-87.927326,43.115173],[-87.933089,43.115263],[-87.934145,43.118927],[-87.94005,43.119029],[-87.938497,43.115381],[-87.943404,43.115437],[-87.943982,43.112358],[-87.945783,43.112256],[-87.943958,43.113205],[-87.943893,43.115459],[-87.94603,43.115508],[-87.94598,43.117138],[-87.943803,43.118547],[-87.946209,43.120892],[-87.946001,43.128233],[-87.954758,43.148488]]]}},{"type":"Feature","properties":{"NAME":"Greendale","state_abbr":"WI","state_name":"Wisconsin","ALAND":14414515},"geometry":{"type":"Polygon","coordinates":[[[-88.029893,42.949001],[-88.024267,42.95359],[-88.01333,42.953813],[-88.012285,42.955072],[-88.011341,42.953816],[-88.012661,42.952898],[-88.008892,42.952914],[-88.008434,42.951213],[-88.009802,42.950386],[-87.988641,42.952134],[-87.988683,42.949277],[-87.985196,42.949316],[-87.983008,42.947455],[-87.978724,42.948896],[-87.978771,42.946145],[-87.972679,42.944894],[-87.972803,42.940206],[-87.968952,42.940196],[-87.96902,42.937645],[-87.966569,42.937642],[-87.966681,42.934004],[-87.969133,42.934034],[-87.969261,42.926978],[-87.989047,42.925495],[-87.989106,42.923138],[-88.002996,42.923288],[-88.006552,42.921322],[-88.009039,42.921917],[-88.008971,42.924788],[-88.016376,42.924779],[-88.016514,42.91963],[-88.028842,42.919737],[-88.028533,42.933355],[-88.026982,42.934088],[-88.028517,42.934802],[-88.028401,42.942391],[-88.025848,42.942397],[-88.025815,42.944144],[-88.02837,42.944137],[-88.028289,42.947994],[-88.029893,42.949001]]]}},{"type":"Feature","properties":{"NAME":"Hales Corners","state_abbr":"WI","state_name":"Wisconsin","ALAND":8266578},"geometry":{"type":"Polygon","coordinates":[[[-88.069495,42.92998],[-88.06929,42.952374],[-88.043847,42.952058],[-88.038118,42.953449],[-88.028289,42.947994],[-88.02837,42.944137],[-88.025815,42.944144],[-88.025848,42.942397],[-88.028401,42.942391],[-88.028517,42.934802],[-88.026972,42.934795],[-88.028566,42.930296],[-88.038524,42.930239],[-88.038576,42.928441],[-88.045472,42.928382],[-88.045404,42.930183],[-88.069495,42.92998]]]}},{"type":"Feature","properties":{"NAME":"North Fond du Lac","state_abbr":"WI","state_name":"Wisconsin","ALAND":5511369},"geometry":{"type":"MultiPolygon","coordinates":[[[[-88.47132,43.814038],[-88.470704,43.816054],[-88.46803,43.815128],[-88.468616,43.814221],[-88.47132,43.814038]]],[[[-88.482411,43.821666],[-88.482029,43.821994],[-88.482027,43.821663],[-88.482411,43.821666]]],[[[-88.502015,43.819891],[-88.503788,43.818568],[-88.501111,43.820923],[-88.502212,43.822524],[-88.49889,43.82256],[-88.494585,43.825164],[-88.487255,43.823589],[-88.48519,43.824982],[-88.482274,43.823947],[-88.48447,43.823539],[-88.483091,43.822914],[-88.483661,43.820851],[-88.476619,43.820812],[-88.474328,43.816903],[-88.470447,43.816888],[-88.474323,43.816478],[-88.475323,43.809871],[-88.469796,43.809988],[-88.470427,43.806924],[-88.474413,43.80773],[-88.470788,43.802847],[-88.472028,43.801713],[-88.470656,43.797249],[-88.474343,43.797188],[-88.475922,43.798916],[-88.475426,43.80097],[-88.478032,43.800926],[-88.476735,43.799424],[-88.483154,43.798809],[-88.483064,43.797209],[-88.484967,43.798869],[-88.483448,43.796746],[-88.484265,43.795551],[-88.487344,43.798967],[-88.493,43.799179],[-88.501009,43.804032],[-88.50129,43.806508],[-88.493477,43.806515],[-88.493496,43.807651],[-88.501286,43.809063],[-88.501271,43.813736],[-88.493906,43.813724],[-88.493701,43.810121],[-88.488839,43.810547],[-88.488597,43.811668],[-88.492743,43.811954],[-88.493679,43.814769],[-88.497347,43.815524],[-88.496622,43.816585],[-88.502015,43.819891]],[[-88.491597,43.807081],[-88.491515,43.806494],[-88.491435,43.807071],[-88.491597,43.807081]],[[-88.490737,43.812956],[-88.490442,43.812238],[-88.490078,43.812553],[-88.490737,43.812956]],[[-88.489814,43.806562],[-88.490433,43.806477],[-88.489766,43.805785],[-88.489814,43.806562]],[[-88.473714,43.806147],[-88.474016,43.806415],[-88.473762,43.805993],[-88.473714,43.806147]],[[-88.493679,43.814769],[-88.492157,43.813841],[-88.490852,43.814964],[-88.492527,43.814213],[-88.493679,43.814769]]]]}},{"type":"Feature","properties":{"NAME":"Oak Creek","state_abbr":"WI","state_name":"Wisconsin","ALAND":73676627},"geometry":{"type":"Polygon","coordinates":[[[-87.951969,42.844539],[-87.949381,42.930372],[-87.940149,42.930309],[-87.940497,42.920896],[-87.93538,42.920842],[-87.930598,42.920823],[-87.929952,42.930277],[-87.890327,42.930036],[-87.890565,42.922693],[-87.889132,42.922688],[-87.887849,42.930034],[-87.881392,42.930032],[-87.882102,42.893577],[-87.847364,42.893129],[-87.846767,42.89045],[-87.843528,42.890291],[-87.84364,42.885251],[-87.846477,42.884038],[-87.843534,42.873488],[-87.834072,42.854192],[-87.829176,42.848884],[-87.825972,42.848068],[-87.825342,42.84685],[-87.828155,42.845375],[-87.824969,42.846158],[-87.828012,42.845103],[-87.826414,42.842227],[-87.933066,42.843019],[-87.951969,42.844539]]]}},{"type":"Feature","properties":{"NAME":"River Hills","state_abbr":"WI","state_name":"Wisconsin","ALAND":13352910},"geometry":{"type":"Polygon","coordinates":[[[-87.962621,43.174331],[-87.959607,43.174309],[-87.955418,43.179146],[-87.955536,43.181534],[-87.960939,43.188283],[-87.959255,43.192407],[-87.924662,43.192145],[-87.917359,43.17633],[-87.915208,43.176282],[-87.915153,43.142634],[-87.919655,43.143365],[-87.919738,43.140553],[-87.921755,43.14054],[-87.927319,43.143513],[-87.930478,43.148232],[-87.929858,43.152221],[-87.935127,43.159029],[-87.946482,43.159724],[-87.960985,43.170165],[-87.962621,43.174331]]]}},{"type":"Feature","properties":{"NAME":"St. Francis","state_abbr":"WI","state_name":"Wisconsin","ALAND":6625959},"geometry":{"type":"Polygon","coordinates":[[[-87.894058,42.966242],[-87.893997,42.973279],[-87.891809,42.973277],[-87.892913,42.970822],[-87.889552,42.970749],[-87.89073,42.971785],[-87.889303,42.971775],[-87.889289,42.973274],[-87.886517,42.971903],[-87.886459,42.976614],[-87.888807,42.980584],[-87.874663,42.980515],[-87.874501,42.985021],[-87.87144,42.986725],[-87.867602,42.986025],[-87.856873,42.978071],[-87.854589,42.977983],[-87.853292,42.976243],[-87.854408,42.975236],[-87.847806,42.966471],[-87.86993,42.966354],[-87.869962,42.959129],[-87.889681,42.959241],[-87.889615,42.964304],[-87.894058,42.966242]]]}},{"type":"Feature","properties":{"NAME":"South Milwaukee","state_abbr":"WI","state_name":"Wisconsin","ALAND":12498993},"geometry":{"type":"MultiPolygon","coordinates":[[[[-87.842914,42.904542],[-87.843003,42.904834],[-87.842847,42.904589],[-87.842914,42.904542]]],[[[-87.882094,42.893762],[-87.881392,42.930032],[-87.845985,42.930199],[-87.843818,42.921149],[-87.839257,42.913041],[-87.840736,42.91078],[-87.840571,42.906297],[-87.844517,42.907559],[-87.841295,42.906421],[-87.84224,42.904316],[-87.842969,42.906342],[-87.846213,42.902628],[-87.847906,42.897098],[-87.847364,42.893129],[-87.882094,42.893762]]]]}},{"type":"Feature","properties":{"NAME":"West Allis","state_abbr":"WI","state_name":"Wisconsin","ALAND":29477371},"geometry":{"type":"MultiPolygon","coordinates":[[[[-88.060355,42.979454],[-88.057272,42.979426],[-88.057338,42.977233],[-88.06042,42.97726],[-88.060355,42.979454]]],[[[-88.06862,42.98096],[-88.066993,43.030885],[-88.045872,43.03101],[-88.044894,43.026651],[-88.043499,43.026151],[-88.024292,43.023838],[-87.982464,43.024126],[-87.982062,43.010177],[-87.976381,43.010196],[-87.977564,43.00355],[-87.975703,43.002892],[-87.977576,43.002917],[-87.977645,42.999278],[-87.984522,42.999295],[-87.987184,42.997474],[-87.989534,42.998876],[-88.001894,42.999016],[-88.002094,42.988317],[-88.042195,42.988086],[-88.042319,42.984471],[-88.047244,42.984443],[-88.04739,42.980828],[-88.06862,42.98096]]]]}},{"type":"Feature","properties":{"NAME":"West Milwaukee","state_abbr":"WI","state_name":"Wisconsin","ALAND":2897231},"geometry":{"type":"Polygon","coordinates":[[[-87.982062,43.010177],[-87.982593,43.018347],[-87.969505,43.0207],[-87.969384,43.024157],[-87.962351,43.024165],[-87.961855,43.01688],[-87.967499,43.016849],[-87.967511,43.014312],[-87.962692,43.013254],[-87.966413,43.012261],[-87.966328,43.010163],[-87.960976,43.009814],[-87.961118,43.002991],[-87.968505,43.002902],[-87.968509,43.000788],[-87.977567,43.003849],[-87.976381,43.010196],[-87.982062,43.010177]]]}},{"type":"Feature","properties":{"NAME":"Whitefish Bay","state_abbr":"WI","state_name":"Wisconsin","ALAND":5478616},"geometry":{"type":"Polygon","coordinates":[[[-87.913608,43.112891],[-87.911841,43.112867],[-87.912162,43.132535],[-87.908156,43.134639],[-87.908193,43.133104],[-87.901431,43.132958],[-87.90028,43.125301],[-87.895736,43.117047],[-87.87635,43.098909],[-87.907057,43.100314],[-87.907082,43.104008],[-87.911995,43.106126],[-87.91188,43.11133],[-87.913653,43.111352],[-87.913608,43.112891]]]}},{"type":"Feature","properties":{"NAME":"Greenfield","state_abbr":"WI","state_name":"Wisconsin","ALAND":29866565},"geometry":{"type":"Polygon","coordinates":[[[-88.069288,42.952627],[-88.06862,42.98096],[-88.04739,42.980828],[-88.047244,42.984443],[-88.042319,42.984471],[-88.042195,42.988086],[-88.037473,42.987437],[-88.037684,42.97363],[-88.014762,42.973737],[-88.014768,42.969859],[-87.998756,42.970047],[-87.99285,42.973858],[-87.990056,42.973881],[-87.990107,42.972096],[-87.992695,42.972076],[-87.992764,42.97024],[-87.983829,42.970707],[-87.986023,42.978886],[-87.982248,42.98095],[-87.983576,42.979536],[-87.983165,42.970348],[-87.98812,42.970264],[-87.988258,42.96663],[-87.977692,42.966653],[-87.977565,42.970831],[-87.974072,42.970834],[-87.974833,42.973908],[-87.973215,42.972951],[-87.970161,42.974982],[-87.97067,42.974981],[-87.970646,42.975977],[-87.97358,42.976022],[-87.973482,42.978613],[-87.975561,42.978633],[-87.9756,42.975736],[-87.978074,42.975731],[-87.978043,42.977547],[-87.980546,42.976473],[-87.981087,42.980674],[-87.971416,42.9869],[-87.972243,42.987883],[-87.969902,42.987099],[-87.971435,42.98557],[-87.967942,42.985733],[-87.968101,42.978624],[-87.970616,42.978626],[-87.97057,42.975079],[-87.969945,42.975079],[-87.969966,42.974485],[-87.968213,42.974414],[-87.96825,42.9727],[-87.964835,42.973908],[-87.964801,42.975182],[-87.958293,42.976392],[-87.956335,42.980763],[-87.953264,42.980698],[-87.953204,42.977156],[-87.956053,42.975005],[-87.948513,42.973936],[-87.949089,42.943681],[-87.960169,42.944875],[-87.960219,42.943279],[-87.962276,42.943097],[-87.964507,42.944885],[-87.964677,42.938357],[-87.949242,42.937617],[-87.949381,42.930372],[-87.969247,42.93039],[-87.969133,42.934034],[-87.966681,42.934004],[-87.966569,42.937642],[-87.96902,42.937645],[-87.968952,42.940196],[-87.972803,42.940206],[-87.972679,42.944894],[-87.978771,42.946145],[-87.978724,42.948896],[-87.983008,42.947455],[-87.985196,42.949316],[-87.988683,42.949277],[-87.988641,42.952134],[-88.009802,42.950386],[-88.008434,42.951213],[-88.008892,42.952914],[-88.012661,42.952898],[-88.011341,42.953816],[-88.012285,42.955072],[-88.01333,42.953813],[-88.024267,42.95359],[-88.031066,42.948561],[-88.033192,42.951268],[-88.038118,42.953449],[-88.043847,42.952058],[-88.069288,42.952627]],[[-88.06042,42.97726],[-88.057338,42.977233],[-88.057272,42.979426],[-88.060355,42.979454],[-88.06042,42.97726]]]}},{"type":"Feature","properties":{"NAME":"Combined Locks","state_abbr":"WI","state_name":"Wisconsin","ALAND":4445845},"geometry":{"type":"Polygon","coordinates":[[[-88.324264,44.269447],[-88.320165,44.272333],[-88.321379,44.272475],[-88.321333,44.27774],[-88.314296,44.27345],[-88.300188,44.274113],[-88.296991,44.271537],[-88.292968,44.274939],[-88.293001,44.2679],[-88.290889,44.26816],[-88.293023,44.265632],[-88.29317,44.250387],[-88.298679,44.249138],[-88.304546,44.25109],[-88.305011,44.252868],[-88.307293,44.252375],[-88.303672,44.256176],[-88.30089,44.256715],[-88.30247,44.257848],[-88.311146,44.256554],[-88.312026,44.257829],[-88.312256,44.256475],[-88.312248,44.257969],[-88.315214,44.257866],[-88.315313,44.259801],[-88.316732,44.258794],[-88.316703,44.26255],[-88.322272,44.26254],[-88.322289,44.261012],[-88.324184,44.261052],[-88.324264,44.269447]],[[-88.310397,44.258231],[-88.310794,44.257822],[-88.310415,44.257243],[-88.310397,44.258231]]]}},{"type":"Feature","properties":{"NAME":"Hortonville","state_abbr":"WI","state_name":"Wisconsin","ALAND":8784990},"geometry":{"type":"Polygon","coordinates":[[[-88.672642,44.331288],[-88.668648,44.331278],[-88.668701,44.329677],[-88.665963,44.329659],[-88.665897,44.331266],[-88.659445,44.330475],[-88.660777,44.337298],[-88.658577,44.337554],[-88.660757,44.338437],[-88.645672,44.338059],[-88.645641,44.341722],[-88.640602,44.341541],[-88.640597,44.345201],[-88.635573,44.345029],[-88.635423,44.355844],[-88.615304,44.356083],[-88.615746,44.338069],[-88.61364,44.338066],[-88.613685,44.336019],[-88.615776,44.335968],[-88.615778,44.330684],[-88.634796,44.330428],[-88.62886,44.327215],[-88.635682,44.32854],[-88.626933,44.31593],[-88.636026,44.315876],[-88.636261,44.320244],[-88.640988,44.31961],[-88.640891,44.323218],[-88.645912,44.32342],[-88.6456,44.330779],[-88.653986,44.331139],[-88.654034,44.329706],[-88.65577,44.329772],[-88.655952,44.323854],[-88.669697,44.324004],[-88.669547,44.327566],[-88.672792,44.327679],[-88.672642,44.331288]],[[-88.656651,44.33121],[-88.655747,44.330426],[-88.655715,44.331198],[-88.656651,44.33121]]]}},{"type":"Feature","properties":{"NAME":"Howard","state_abbr":"WI","state_name":"Wisconsin","ALAND":47782159},"geometry":{"type":"Polygon","coordinates":[[[-88.194417,44.586625],[-88.129761,44.590263],[-88.088851,44.59085],[-88.08888,44.594559],[-88.083336,44.59463],[-88.084338,44.590882],[-87.997898,44.5925],[-87.977603,44.560392],[-88.019603,44.560592],[-88.032203,44.563192],[-88.039989,44.558957],[-88.052965,44.539997],[-88.066794,44.544758],[-88.076752,44.530091],[-88.105361,44.542366],[-88.101448,44.546173],[-88.09767,44.545127],[-88.097087,44.546879],[-88.194417,44.586625]]]}},{"type":"Feature","properties":{"NAME":"Kaukauna","state_abbr":"WI","state_name":"Wisconsin","ALAND":20745518},"geometry":{"type":"MultiPolygon","coordinates":[[[[-88.205522,44.314077],[-88.200804,44.316088],[-88.192603,44.315288],[-88.192613,44.31369],[-88.205522,44.314077]]],[[[-88.253084,44.299659],[-88.252567,44.299592],[-88.251234,44.298828],[-88.253084,44.299659]]],[[[-88.253066,44.296874],[-88.246654,44.298306],[-88.246643,44.30026],[-88.249973,44.300444],[-88.249584,44.301194],[-88.246633,44.300809],[-88.246585,44.303017],[-88.241448,44.305633],[-88.241554,44.301072],[-88.239917,44.300676],[-88.243439,44.29898],[-88.243834,44.297227],[-88.246662,44.297165],[-88.244778,44.293455],[-88.246687,44.293491],[-88.247234,44.295654],[-88.248248,44.294661],[-88.246713,44.291705],[-88.253066,44.296874]]],[[[-88.292065,44.257152],[-88.293023,44.265632],[-88.290889,44.26816],[-88.293001,44.2679],[-88.292968,44.274939],[-88.289084,44.27547],[-88.282467,44.28005],[-88.283663,44.281213],[-88.282547,44.281814],[-88.282827,44.290139],[-88.286941,44.290189],[-88.287456,44.297319],[-88.280952,44.297392],[-88.281907,44.294879],[-88.279065,44.293972],[-88.278212,44.296077],[-88.279684,44.29733],[-88.275778,44.297961],[-88.270725,44.293861],[-88.269293,44.294739],[-88.275695,44.298143],[-88.279857,44.297478],[-88.284966,44.30186],[-88.279203,44.305345],[-88.275435,44.302114],[-88.273306,44.303458],[-88.268931,44.298472],[-88.269205,44.299758],[-88.265476,44.301348],[-88.267917,44.304181],[-88.261741,44.30558],[-88.262623,44.308263],[-88.249951,44.308174],[-88.252257,44.315523],[-88.241218,44.315408],[-88.241329,44.310413],[-88.242903,44.308081],[-88.239275,44.307419],[-88.241724,44.306158],[-88.242614,44.307812],[-88.24567,44.306844],[-88.244947,44.304512],[-88.246755,44.305096],[-88.246421,44.303759],[-88.250169,44.303131],[-88.257521,44.297089],[-88.255555,44.297844],[-88.252953,44.294612],[-88.253906,44.293564],[-88.24989,44.292921],[-88.242105,44.285376],[-88.24149,44.279852],[-88.24694,44.27876],[-88.24661,44.275372],[-88.249454,44.273768],[-88.242247,44.271457],[-88.242304,44.267886],[-88.232296,44.266799],[-88.232368,44.261811],[-88.237407,44.261788],[-88.237388,44.260598],[-88.234591,44.260518],[-88.232369,44.261743],[-88.232406,44.260086],[-88.233718,44.260114],[-88.232458,44.256881],[-88.234134,44.256916],[-88.236093,44.252705],[-88.237603,44.252606],[-88.237673,44.249849],[-88.247502,44.251783],[-88.247723,44.249993],[-88.253348,44.250075],[-88.253288,44.252033],[-88.259635,44.25262],[-88.259392,44.259408],[-88.262673,44.259286],[-88.259403,44.260838],[-88.260477,44.261973],[-88.259385,44.262499],[-88.261346,44.262529],[-88.259366,44.263903],[-88.265803,44.2647],[-88.265026,44.258123],[-88.270841,44.257895],[-88.273551,44.256052],[-88.273673,44.246653],[-88.276108,44.246676],[-88.276117,44.24448],[-88.273702,44.244948],[-88.272384,44.243014],[-88.277654,44.242441],[-88.27875,44.240937],[-88.278744,44.243073],[-88.288856,44.243177],[-88.288829,44.24498],[-88.286379,44.244963],[-88.28636,44.246774],[-88.283764,44.246742],[-88.283706,44.255566],[-88.287646,44.255275],[-88.28755,44.257358],[-88.292065,44.257152]],[[-88.278742,44.244251],[-88.277318,44.243063],[-88.277301,44.244232],[-88.278742,44.244251]],[[-88.273645,44.262869],[-88.272913,44.262588],[-88.272906,44.26285],[-88.273645,44.262869]],[[-88.254754,44.262229],[-88.253203,44.260435],[-88.253197,44.25675],[-88.249109,44.256665],[-88.249074,44.2596],[-88.2464,44.259239],[-88.246408,44.262001],[-88.250372,44.262094],[-88.251208,44.260615],[-88.253068,44.26138],[-88.253009,44.26302],[-88.254754,44.262229]],[[-88.236498,44.257828],[-88.235963,44.256423],[-88.235837,44.257814],[-88.236498,44.257828]]]]}},{"type":"Feature","properties":{"NAME":"Kimberly","state_abbr":"WI","state_name":"Wisconsin","ALAND":5951113},"geometry":{"type":"Polygon","coordinates":[[[-88.355076,44.258948],[-88.354937,44.264576],[-88.352111,44.264812],[-88.351739,44.263581],[-88.35179,44.265114],[-88.354934,44.264856],[-88.354864,44.276762],[-88.350058,44.275529],[-88.34775,44.277551],[-88.342337,44.277286],[-88.338605,44.278968],[-88.323619,44.279133],[-88.321333,44.27774],[-88.321379,44.272475],[-88.320154,44.272388],[-88.324264,44.269447],[-88.324184,44.261052],[-88.322289,44.261012],[-88.322272,44.26254],[-88.316703,44.26255],[-88.316734,44.258738],[-88.334245,44.258817],[-88.334244,44.257196],[-88.331036,44.256325],[-88.334234,44.256306],[-88.334259,44.250828],[-88.344359,44.250948],[-88.34438,44.253194],[-88.339027,44.254645],[-88.339027,44.255786],[-88.342201,44.255765],[-88.342178,44.258177],[-88.355076,44.258948]]]}},{"type":"Feature","properties":{"NAME":"Green Lake","state_abbr":"WI","state_name":"Wisconsin","ALAND":4821830},"geometry":{"type":"MultiPolygon","coordinates":[[[[-88.936132,43.84401],[-88.930745,43.84498],[-88.930755,43.843985],[-88.936132,43.84401]]],[[[-88.942151,43.854242],[-88.935933,43.854021],[-88.935901,43.857549],[-88.930883,43.857811],[-88.93092,43.854974],[-88.935664,43.85487],[-88.935958,43.851244],[-88.938996,43.85126],[-88.942151,43.854242]]],[[[-88.984752,43.837932],[-88.974037,43.848389],[-88.974058,43.844281],[-88.970198,43.844234],[-88.970144,43.849826],[-88.968133,43.849772],[-88.967104,43.851507],[-88.960329,43.851449],[-88.959937,43.854884],[-88.952756,43.854743],[-88.95607,43.85139],[-88.951113,43.851337],[-88.95124,43.844641],[-88.943646,43.844076],[-88.943609,43.845702],[-88.948109,43.846749],[-88.94805,43.848476],[-88.946032,43.848743],[-88.945947,43.854289],[-88.942509,43.854196],[-88.941714,43.85128],[-88.936236,43.848357],[-88.939859,43.84764],[-88.939695,43.844541],[-88.936132,43.84401],[-88.937369,43.840364],[-88.941255,43.840388],[-88.94136,43.836776],[-88.945103,43.836794],[-88.943966,43.835445],[-88.946236,43.836286],[-88.946753,43.834468],[-88.962692,43.837627],[-88.963347,43.838415],[-88.958956,43.841576],[-88.964909,43.844733],[-88.960589,43.846249],[-88.962994,43.848109],[-88.96753,43.846841],[-88.968515,43.844062],[-88.965095,43.842066],[-88.976078,43.831481],[-88.977303,43.832819],[-88.974766,43.834305],[-88.977872,43.834316],[-88.975898,43.837079],[-88.984752,43.837932]]]]}},{"type":"Feature","properties":{"NAME":"White Lake","state_abbr":"WI","state_name":"Wisconsin","ALAND":5440479},"geometry":{"type":"Polygon","coordinates":[[[-88.785298,45.15061],[-88.784049,45.17522],[-88.763791,45.175566],[-88.764164,45.1682],[-88.753853,45.168182],[-88.754345,45.150033],[-88.785298,45.15061]]]}},{"type":"Feature","properties":{"NAME":"Doylestown","state_abbr":"WI","state_name":"Wisconsin","ALAND":10057880},"geometry":{"type":"Polygon","coordinates":[[[-89.165795,43.441944],[-89.126062,43.442241],[-89.12549,43.413219],[-89.165294,43.412984],[-89.165795,43.441944]]]}},{"type":"Feature","properties":{"NAME":"Friesland","state_abbr":"WI","state_name":"Wisconsin","ALAND":2616299},"geometry":{"type":"Polygon","coordinates":[[[-89.077168,43.595822],[-89.057061,43.596071],[-89.056974,43.581505],[-89.077047,43.581196],[-89.077168,43.595822]]]}},{"type":"Feature","properties":{"NAME":"Portage","state_abbr":"WI","state_name":"Wisconsin","ALAND":23069029},"geometry":{"type":"MultiPolygon","coordinates":[[[[-89.454641,43.584302],[-89.454409,43.580706],[-89.449709,43.580708],[-89.449723,43.577086],[-89.454674,43.577089],[-89.454641,43.584302]]],[[[-89.508915,43.562248],[-89.498947,43.561816],[-89.498943,43.566086],[-89.49361,43.566116],[-89.493949,43.569715],[-89.483946,43.569791],[-89.483965,43.566172],[-89.47455,43.566221],[-89.47457,43.569836],[-89.478742,43.569818],[-89.472092,43.574728],[-89.469391,43.573473],[-89.46913,43.577085],[-89.449728,43.576219],[-89.449741,43.573403],[-89.444743,43.573393],[-89.444736,43.569846],[-89.447402,43.56984],[-89.447387,43.567309],[-89.450268,43.564637],[-89.454653,43.563046],[-89.46935,43.5655],[-89.469353,43.563726],[-89.462601,43.56423],[-89.462604,43.562629],[-89.435083,43.562648],[-89.434325,43.560001],[-89.432133,43.559048],[-89.434599,43.557888],[-89.435118,43.555502],[-89.426112,43.555516],[-89.426102,43.557838],[-89.424541,43.558494],[-89.425647,43.556231],[-89.424609,43.5534],[-89.426385,43.553374],[-89.426916,43.555364],[-89.434645,43.554177],[-89.434215,43.551439],[-89.431441,43.550198],[-89.43451,43.545593],[-89.434512,43.534875],[-89.431283,43.529248],[-89.432985,43.526796],[-89.434069,43.529157],[-89.434484,43.526152],[-89.493722,43.525261],[-89.493975,43.555207],[-89.508873,43.556273],[-89.508915,43.562248]],[[-89.464827,43.570374],[-89.463602,43.57327],[-89.464668,43.575228],[-89.464772,43.575228],[-89.464827,43.570374]],[[-89.454783,43.568458],[-89.454649,43.566224],[-89.454649,43.568463],[-89.454783,43.568458]],[[-89.454611,43.565383],[-89.454064,43.564183],[-89.454064,43.565383],[-89.454611,43.565383]],[[-89.454649,43.568463],[-89.451599,43.568475],[-89.451599,43.569829],[-89.454649,43.569821],[-89.454649,43.568463]]]]}},{"type":"Feature","properties":{"NAME":"Bristol","state_abbr":"WI","state_name":"Wisconsin","ALAND":84693601},"geometry":{"type":"MultiPolygon","coordinates":[[[[-87.958081,42.580638],[-87.957406,42.582344],[-87.957377,42.580632],[-87.958081,42.580638]]],[[[-87.96239,42.580395],[-87.961293,42.582376],[-87.961275,42.580386],[-87.96239,42.580395]]],[[[-87.971613,42.582448],[-87.966017,42.58241],[-87.965976,42.574658],[-87.968336,42.574669],[-87.968334,42.578554],[-87.97162,42.579843],[-87.971613,42.582448]]],[[[-88.070176,42.582882],[-87.971847,42.58245],[-87.972052,42.576452],[-87.991977,42.57852],[-87.991889,42.574871],[-87.996963,42.574895],[-87.996859,42.569822],[-87.99491,42.567122],[-87.994695,42.568567],[-87.991728,42.568801],[-87.991684,42.567063],[-87.979516,42.56705],[-87.978659,42.568861],[-87.976755,42.568839],[-87.976729,42.566933],[-87.972035,42.566952],[-87.972052,42.569575],[-87.966775,42.569521],[-87.966688,42.567111],[-87.966649,42.5696],[-87.964392,42.567153],[-87.96441,42.569866],[-87.961199,42.569853],[-87.961218,42.567265],[-87.952415,42.567168],[-87.951929,42.543967],[-87.961662,42.541272],[-87.961609,42.538359],[-87.96652,42.538391],[-87.966293,42.523888],[-87.9703,42.522377],[-87.970163,42.514838],[-87.96612,42.514879],[-87.966082,42.51296],[-87.951315,42.512067],[-87.951031,42.494606],[-88.068936,42.495552],[-88.070176,42.582882]]]]}},{"type":"Feature","properties":{"NAME":"Abbotsford","state_abbr":"WI","state_name":"Wisconsin","ALAND":7689567},"geometry":{"type":"Polygon","coordinates":[[[-90.347789,44.94529],[-90.336687,44.946414],[-90.336733,44.956286],[-90.316546,44.956601],[-90.316574,44.953278],[-90.310118,44.953054],[-90.309987,44.956698],[-90.299784,44.956798],[-90.300095,44.947305],[-90.305192,44.947763],[-90.305243,44.945898],[-90.291138,44.945907],[-90.290286,44.944826],[-90.302649,44.945718],[-90.302041,44.938329],[-90.299373,44.938323],[-90.299161,44.933298],[-90.30987,44.933609],[-90.309783,44.931268],[-90.299068,44.931247],[-90.299041,44.924064],[-90.309484,44.924034],[-90.309635,44.927651],[-90.31386,44.927627],[-90.31389,44.929255],[-90.311116,44.931254],[-90.316458,44.931214],[-90.317511,44.934584],[-90.320587,44.933593],[-90.324995,44.934708],[-90.326617,44.935687],[-90.326623,44.938257],[-90.329434,44.938227],[-90.333653,44.941797],[-90.346793,44.941836],[-90.346776,44.944059],[-90.341732,44.944444],[-90.347789,44.94529]]]}},{"type":"Feature","properties":{"NAME":"Dorchester","state_abbr":"WI","state_name":"Wisconsin","ALAND":3596384},"geometry":{"type":"Polygon","coordinates":[[[-90.346146,44.995832],[-90.345799,45.010253],[-90.32571,45.010549],[-90.325802,45.006954],[-90.320111,45.00707],[-90.320212,45.004281],[-90.315041,45.005363],[-90.314618,45.00359],[-90.308953,45.00356],[-90.309334,44.99904],[-90.314956,44.999055],[-90.315763,45.001546],[-90.315789,44.996305],[-90.329001,44.996067],[-90.330843,44.9947],[-90.331849,44.995989],[-90.346146,44.995832]]]}},{"type":"Feature","properties":{"NAME":"Unity","state_abbr":"WI","state_name":"Wisconsin","ALAND":2566986},"geometry":{"type":"Polygon","coordinates":[[[-90.326304,44.851312],[-90.326177,44.854835],[-90.321138,44.854888],[-90.321017,44.8591],[-90.304217,44.859309],[-90.304502,44.840429],[-90.309638,44.840447],[-90.309574,44.84406],[-90.321444,44.844032],[-90.321225,44.851347],[-90.326304,44.851312]]]}},{"type":"Feature","properties":{"NAME":"Stanley","state_abbr":"WI","state_name":"Wisconsin","ALAND":11122650},"geometry":{"type":"Polygon","coordinates":[[[-90.97865,44.960052],[-90.973549,44.961109],[-90.973554,44.959502],[-90.977004,44.95867],[-90.976988,44.957017],[-90.973563,44.957007],[-90.973557,44.958672],[-90.963707,44.958668],[-90.963974,44.973137],[-90.925818,44.974057],[-90.922668,44.973379],[-90.92251,44.966183],[-90.917689,44.966195],[-90.917656,44.958949],[-90.922415,44.958665],[-90.902468,44.9577],[-90.902453,44.952059],[-90.921101,44.952383],[-90.921074,44.955332],[-90.922395,44.95528],[-90.922441,44.9519],[-90.932517,44.951555],[-90.932672,44.947979],[-90.940199,44.94796],[-90.942978,44.949784],[-90.943028,44.945467],[-90.945369,44.945579],[-90.945377,44.944416],[-90.958348,44.94436],[-90.958979,44.951502],[-90.978624,44.951992],[-90.97865,44.960052]]]}},{"type":"Feature","properties":{"NAME":"Curtiss","state_abbr":"WI","state_name":"Wisconsin","ALAND":1776168},"geometry":{"type":"Polygon","coordinates":[[[-90.444423,44.958617],[-90.428041,44.958642],[-90.426926,44.944406],[-90.433483,44.945509],[-90.434206,44.949108],[-90.434236,44.944178],[-90.439388,44.944155],[-90.439335,44.951379],[-90.444478,44.951376],[-90.444423,44.958617]]]}},{"type":"Feature","properties":{"NAME":"Greenwood","state_abbr":"WI","state_name":"Wisconsin","ALAND":6932030},"geometry":{"type":"Polygon","coordinates":[[[-90.61848,44.768673],[-90.613385,44.770214],[-90.613454,44.777478],[-90.605616,44.777446],[-90.605331,44.780096],[-90.607935,44.782999],[-90.600209,44.781097],[-90.601714,44.779645],[-90.598187,44.779625],[-90.598186,44.777414],[-90.582991,44.777408],[-90.582897,44.752329],[-90.613296,44.75248],[-90.613771,44.759727],[-90.612196,44.763366],[-90.613445,44.763374],[-90.613418,44.767993],[-90.614622,44.767998],[-90.614869,44.763374],[-90.618446,44.763393],[-90.61848,44.768673]]]}},{"type":"Feature","properties":{"NAME":"Loyal","state_abbr":"WI","state_name":"Wisconsin","ALAND":3458422},"geometry":{"type":"Polygon","coordinates":[[[-90.50628,44.726883],[-90.506079,44.744993],[-90.496003,44.745024],[-90.495991,44.746983],[-90.485774,44.746927],[-90.485794,44.741867],[-90.482029,44.742589],[-90.482021,44.741354],[-90.485828,44.739951],[-90.48596,44.726885],[-90.50628,44.726883]]]}},{"type":"Feature","properties":{"NAME":"Owen","state_abbr":"WI","state_name":"Wisconsin","ALAND":5950908},"geometry":{"type":"Polygon","coordinates":[[[-90.59275,44.947806],[-90.59274,44.951401],[-90.580054,44.951282],[-90.580006,44.954881],[-90.577347,44.954877],[-90.577301,44.958667],[-90.551832,44.958733],[-90.551884,44.955135],[-90.541638,44.955229],[-90.54173,44.951076],[-90.539441,44.95143],[-90.538333,44.945408],[-90.525385,44.94326],[-90.525458,44.937668],[-90.53686,44.937688],[-90.536924,44.942905],[-90.541895,44.943263],[-90.541736,44.950811],[-90.54688,44.950014],[-90.546845,44.951439],[-90.549655,44.951421],[-90.549674,44.949398],[-90.552034,44.949376],[-90.552075,44.947658],[-90.546955,44.946874],[-90.547022,44.944115],[-90.557027,44.944089],[-90.557031,44.940657],[-90.559295,44.940636],[-90.557235,44.937872],[-90.562141,44.937848],[-90.56213,44.940605],[-90.572353,44.940554],[-90.572365,44.94399],[-90.577435,44.944193],[-90.577429,44.945337],[-90.587666,44.94421],[-90.587646,44.947782],[-90.59275,44.947806]]]}},{"type":"Feature","properties":{"NAME":"Thorp","state_abbr":"WI","state_name":"Wisconsin","ALAND":3831983},"geometry":{"type":"MultiPolygon","coordinates":[[[[-90.811751,44.959194],[-90.810516,44.966377],[-90.802777,44.966405],[-90.802772,44.967955],[-90.800312,44.968027],[-90.800315,44.966349],[-90.790922,44.966386],[-90.790902,44.961791],[-90.789217,44.961038],[-90.790905,44.961038],[-90.79087,44.9586],[-90.788347,44.959156],[-90.788311,44.95593],[-90.79085,44.955935],[-90.790789,44.948286],[-90.800336,44.948311],[-90.800346,44.944699],[-90.805432,44.944729],[-90.805425,44.948332],[-90.810505,44.948352],[-90.811751,44.959194]]],[[[-90.815574,44.977147],[-90.81052,44.977165],[-90.810519,44.973543],[-90.815569,44.973528],[-90.815574,44.977147]]],[[[-90.820619,44.960009],[-90.820586,44.962464],[-90.811912,44.962219],[-90.811928,44.959194],[-90.820619,44.960009]]]]}},{"type":"Feature","properties":{"NAME":"Pound","state_abbr":"WI","state_name":"Wisconsin","ALAND":2298358},"geometry":{"type":"MultiPolygon","coordinates":[[[[-88.027518,45.108903],[-88.02349,45.110668],[-88.020885,45.109729],[-88.021224,45.108624],[-88.027518,45.108903]]],[[[-88.044131,45.097835],[-88.039013,45.097801],[-88.039026,45.099804],[-88.033915,45.101349],[-88.033965,45.108893],[-88.028963,45.108652],[-88.028814,45.097719],[-88.023726,45.097629],[-88.023482,45.090398],[-88.02861,45.090463],[-88.028476,45.08683],[-88.038668,45.086923],[-88.038843,45.09056],[-88.043924,45.090591],[-88.044131,45.097835]]]]}},{"type":"Feature","properties":{"NAME":"Linden","state_abbr":"WI","state_name":"Wisconsin","ALAND":2021359},"geometry":{"type":"Polygon","coordinates":[[[-90.282938,42.925005],[-90.26557,42.925037],[-90.265424,42.912291],[-90.269388,42.911209],[-90.269328,42.912281],[-90.28281,42.912245],[-90.282938,42.925005]]]}},{"type":"Feature","properties":{"NAME":"Rewey","state_abbr":"WI","state_name":"Wisconsin","ALAND":1312264},"geometry":{"type":"Polygon","coordinates":[[[-90.402967,42.845988],[-90.393056,42.845961],[-90.393169,42.849619],[-90.388207,42.849644],[-90.388082,42.842345],[-90.392997,42.84233],[-90.392839,42.835046],[-90.40278,42.835029],[-90.402967,42.845988]]]}},{"type":"Feature","properties":{"NAME":"Marinette","state_abbr":"WI","state_name":"Wisconsin","ALAND":18153578},"geometry":{"type":"MultiPolygon","coordinates":[[[[-87.658862,45.085708],[-87.658421,45.086068],[-87.658462,45.085681],[-87.658862,45.085708]]],[[[-87.670019,45.074709],[-87.668296,45.073846],[-87.66838,45.075119],[-87.664917,45.07514],[-87.66623,45.078441],[-87.6535,45.085842],[-87.658288,45.083975],[-87.656761,45.086092],[-87.660612,45.086282],[-87.660393,45.083483],[-87.661471,45.08343],[-87.663675,45.081198],[-87.665196,45.085965],[-87.664187,45.086106],[-87.665785,45.086027],[-87.666156,45.089701],[-87.661013,45.089982],[-87.660656,45.099686],[-87.664326,45.099713],[-87.66472,45.102663],[-87.662905,45.102731],[-87.660743,45.100125],[-87.66209,45.11332],[-87.659952,45.107512],[-87.652512,45.108633],[-87.648191,45.106368],[-87.631535,45.106224],[-87.627717,45.10335],[-87.590832,45.094439],[-87.584983,45.096491],[-87.592459,45.09378],[-87.580844,45.079014],[-87.577932,45.071143],[-87.578579,45.070815],[-87.583992,45.075081],[-87.586561,45.075749],[-87.587406,45.076757],[-87.581023,45.075828],[-87.58248,45.077101],[-87.581287,45.079146],[-87.588361,45.086377],[-87.59058,45.085715],[-87.587404,45.078862],[-87.592007,45.082381],[-87.592255,45.084708],[-87.595596,45.085004],[-87.608676,45.077714],[-87.613675,45.068959],[-87.616661,45.068901],[-87.617551,45.07078],[-87.619336,45.069078],[-87.624483,45.069014],[-87.624495,45.067179],[-87.629625,45.067113],[-87.630511,45.070753],[-87.634894,45.070684],[-87.634875,45.067553],[-87.637964,45.067508],[-87.638024,45.070666],[-87.64022,45.070642],[-87.640088,45.066991],[-87.644866,45.067181],[-87.644824,45.065922],[-87.649563,45.064671],[-87.649979,45.078381],[-87.655008,45.078686],[-87.654647,45.071253],[-87.659477,45.071427],[-87.659431,45.069578],[-87.669542,45.067552],[-87.670019,45.074709]]],[[[-87.670622,45.082401],[-87.665474,45.082493],[-87.664604,45.080477],[-87.661151,45.083082],[-87.660472,45.082818],[-87.66525,45.080082],[-87.667846,45.079011],[-87.670308,45.079046],[-87.670622,45.082401]]]]}},{"type":"Feature","properties":{"NAME":"Horicon","state_abbr":"WI","state_name":"Wisconsin","ALAND":9069986},"geometry":{"type":"Polygon","coordinates":[[[-88.674281,43.452342],[-88.664193,43.451627],[-88.664214,43.455937],[-88.66925,43.455976],[-88.669303,43.45886],[-88.632801,43.458497],[-88.629039,43.459602],[-88.627882,43.458494],[-88.628561,43.459638],[-88.623998,43.460953],[-88.622107,43.466786],[-88.621212,43.467264],[-88.624542,43.458493],[-88.621865,43.458521],[-88.62184,43.45668],[-88.619931,43.459547],[-88.613911,43.459996],[-88.61366,43.457969],[-88.617389,43.457712],[-88.618535,43.455255],[-88.620149,43.456033],[-88.621813,43.453828],[-88.619928,43.452562],[-88.621777,43.450646],[-88.621054,43.449197],[-88.621068,43.450975],[-88.619438,43.45096],[-88.618237,43.445179],[-88.613989,43.444807],[-88.613975,43.439804],[-88.621691,43.442879],[-88.621605,43.437187],[-88.6296,43.437098],[-88.628625,43.439955],[-88.630366,43.440685],[-88.63048,43.437573],[-88.633754,43.43513],[-88.635646,43.428564],[-88.636794,43.428535],[-88.631264,43.425105],[-88.630828,43.423193],[-88.632909,43.42072],[-88.640012,43.420817],[-88.643296,43.416824],[-88.643387,43.422159],[-88.647613,43.42223],[-88.646753,43.423974],[-88.64853,43.424005],[-88.648612,43.427489],[-88.644688,43.428339],[-88.642634,43.436774],[-88.643751,43.442078],[-88.647945,43.444162],[-88.652575,43.444271],[-88.652606,43.44594],[-88.656744,43.444537],[-88.656657,43.447095],[-88.654023,43.447043],[-88.654067,43.450247],[-88.659712,43.451025],[-88.664194,43.45135],[-88.664177,43.444489],[-88.67422,43.444612],[-88.674281,43.452342]],[[-88.649732,43.453382],[-88.64966,43.451497],[-88.64846,43.451476],[-88.64778,43.453322],[-88.649732,43.453382]],[[-88.649065,43.457375],[-88.649053,43.455446],[-88.644714,43.452909],[-88.644016,43.457855],[-88.649065,43.457375]],[[-88.64776,43.453927],[-88.647746,43.453319],[-88.646995,43.453242],[-88.64776,43.453927]]]}},{"type":"Feature","properties":{"NAME":"Reeseville","state_abbr":"WI","state_name":"Wisconsin","ALAND":1618797},"geometry":{"type":"Polygon","coordinates":[[[-88.854877,43.297908],[-88.853136,43.298044],[-88.853172,43.303147],[-88.850722,43.302773],[-88.850669,43.305253],[-88.848237,43.304933],[-88.848197,43.314653],[-88.840808,43.314619],[-88.840831,43.312776],[-88.838899,43.312749],[-88.838391,43.314579],[-88.836078,43.314543],[-88.839375,43.310088],[-88.841196,43.310346],[-88.841203,43.310022],[-88.837179,43.310026],[-88.837096,43.301843],[-88.842943,43.301818],[-88.842519,43.299575],[-88.848155,43.300039],[-88.848146,43.298204],[-88.851231,43.298219],[-88.852612,43.296355],[-88.854879,43.296358],[-88.854877,43.297908]]]}},{"type":"Feature","properties":{"NAME":"Brooklyn","state_abbr":"WI","state_name":"Wisconsin","ALAND":2894848},"geometry":{"type":"Polygon","coordinates":[[[-89.383354,42.84573],[-89.383182,42.859385],[-89.374256,42.859489],[-89.375239,42.861226],[-89.369076,42.861297],[-89.369069,42.859544],[-89.364342,42.85968],[-89.362142,42.852687],[-89.356245,42.853046],[-89.356086,42.850115],[-89.363481,42.849738],[-89.363019,42.845141],[-89.383354,42.84573]]]}},{"type":"Feature","properties":{"NAME":"Centuria","state_abbr":"WI","state_name":"Wisconsin","ALAND":4402150},"geometry":{"type":"Polygon","coordinates":[[[-92.580649,45.458326],[-92.572693,45.458224],[-92.572667,45.456466],[-92.570251,45.456435],[-92.570281,45.458196],[-92.551444,45.457905],[-92.549842,45.459902],[-92.549598,45.457883],[-92.544689,45.457929],[-92.544632,45.454294],[-92.539518,45.454354],[-92.539432,45.450757],[-92.544539,45.450714],[-92.544263,45.440076],[-92.569748,45.440356],[-92.570237,45.454657],[-92.580593,45.454829],[-92.580649,45.458326]]]}},{"type":"Feature","properties":{"NAME":"St. Croix Falls","state_abbr":"WI","state_name":"Wisconsin","ALAND":12915923},"geometry":{"type":"Polygon","coordinates":[[[-92.652094,45.397976],[-92.650284,45.398769],[-92.650568,45.403311],[-92.646676,45.413227],[-92.650269,45.419168],[-92.64868,45.426422],[-92.646404,45.426724],[-92.647566,45.429953],[-92.645804,45.429985],[-92.646324,45.426448],[-92.645233,45.426483],[-92.64349,45.433371],[-92.631506,45.433652],[-92.632283,45.440346],[-92.631638,45.440363],[-92.631573,45.436995],[-92.620774,45.437257],[-92.620716,45.402916],[-92.618439,45.402912],[-92.618436,45.404742],[-92.610776,45.404724],[-92.610786,45.41198],[-92.600816,45.411949],[-92.602869,45.411707],[-92.603081,45.409636],[-92.600806,45.409611],[-92.600689,45.400973],[-92.601971,45.400985],[-92.60197,45.39882],[-92.600689,45.397317],[-92.610931,45.397244],[-92.6058,45.396928],[-92.605784,45.395339],[-92.604949,45.397102],[-92.590454,45.396024],[-92.583936,45.397059],[-92.585386,45.395519],[-92.581985,45.395953],[-92.580187,45.391883],[-92.57506,45.391922],[-92.575034,45.390104],[-92.588491,45.390017],[-92.588509,45.391337],[-92.585306,45.391362],[-92.585359,45.394091],[-92.59442,45.39307],[-92.595501,45.390047],[-92.605742,45.390145],[-92.605781,45.394658],[-92.621011,45.393851],[-92.621024,45.397506],[-92.62219,45.397497],[-92.623481,45.390201],[-92.625994,45.386593],[-92.627059,45.391416],[-92.632464,45.397447],[-92.63658,45.397626],[-92.63649,45.393867],[-92.652023,45.393847],[-92.652094,45.397976]],[[-92.621016,45.399974],[-92.618922,45.399605],[-92.617628,45.399378],[-92.619465,45.399818],[-92.621016,45.399974]],[[-92.617626,45.399492],[-92.610898,45.398383],[-92.608333,45.399225],[-92.608307,45.401043],[-92.617622,45.401099],[-92.617626,45.399492]]]}},{"type":"Feature","properties":{"NAME":"Milltown","state_abbr":"WI","state_name":"Wisconsin","ALAND":4690220},"geometry":{"type":"Polygon","coordinates":[[[-92.519296,45.528287],[-92.516195,45.528661],[-92.516231,45.530832],[-92.509056,45.530798],[-92.50898,45.537559],[-92.488545,45.537361],[-92.488742,45.515793],[-92.509678,45.515807],[-92.50923,45.517652],[-92.510099,45.515809],[-92.514307,45.515825],[-92.514287,45.519472],[-92.516228,45.519484],[-92.516109,45.526796],[-92.519276,45.526797],[-92.519296,45.528287]]]}},{"type":"Feature","properties":{"NAME":"Eastman","state_abbr":"WI","state_name":"Wisconsin","ALAND":9271229},"geometry":{"type":"Polygon","coordinates":[[[-91.047819,43.176406],[-91.042907,43.176383],[-91.042837,43.172755],[-91.028058,43.172671],[-91.028077,43.176327],[-91.011571,43.176219],[-91.011527,43.172701],[-91.006563,43.172755],[-91.00651,43.169181],[-91.001551,43.169209],[-91.001494,43.161995],[-91.006444,43.16196],[-91.00638,43.154699],[-91.011306,43.154668],[-91.011263,43.151051],[-91.006339,43.151086],[-91.006299,43.147473],[-91.01614,43.147387],[-91.016167,43.151012],[-91.022853,43.150959],[-91.022815,43.147324],[-91.037675,43.147394],[-91.03772,43.151021],[-91.042693,43.151042],[-91.042738,43.158285],[-91.047701,43.158313],[-91.047721,43.161929],[-91.042751,43.161903],[-91.042759,43.165515],[-91.04773,43.165553],[-91.047819,43.176406]]]}},{"type":"Feature","properties":{"NAME":"Soldiers Grove","state_abbr":"WI","state_name":"Wisconsin","ALAND":9443737},"geometry":{"type":"Polygon","coordinates":[[[-90.793051,43.379859],[-90.792963,43.408898],[-90.766918,43.408733],[-90.767525,43.394183],[-90.746639,43.39547],[-90.747843,43.379761],[-90.793051,43.379859]]]}},{"type":"Feature","properties":{"NAME":"Evansville","state_abbr":"WI","state_name":"Wisconsin","ALAND":8439243},"geometry":{"type":"Polygon","coordinates":[[[-89.33167,42.780317],[-89.324862,42.779117],[-89.323669,42.784019],[-89.313807,42.784535],[-89.313874,42.787828],[-89.30681,42.787676],[-89.304384,42.789145],[-89.30481,42.790536],[-89.303479,42.789405],[-89.307042,42.792999],[-89.299103,42.791026],[-89.302409,42.788593],[-89.303454,42.789269],[-89.301922,42.787664],[-89.299096,42.787648],[-89.2991,42.789482],[-89.298069,42.789479],[-89.298923,42.787727],[-89.279447,42.78721],[-89.279402,42.783966],[-89.274574,42.78364],[-89.27453,42.780314],[-89.272433,42.780315],[-89.27432,42.783592],[-89.269561,42.783588],[-89.269542,42.780317],[-89.26448,42.779289],[-89.266688,42.773017],[-89.277527,42.77301],[-89.278963,42.77166],[-89.274336,42.770955],[-89.274367,42.769346],[-89.25964,42.764144],[-89.27506,42.764131],[-89.274616,42.769171],[-89.281742,42.77064],[-89.28176,42.773732],[-89.290512,42.773007],[-89.289101,42.769326],[-89.292331,42.76676],[-89.293984,42.766762],[-89.293981,42.773027],[-89.296466,42.773013],[-89.296757,42.770527],[-89.298887,42.770531],[-89.298883,42.772523],[-89.297353,42.772548],[-89.297371,42.772996],[-89.300112,42.772471],[-89.299061,42.770074],[-89.301296,42.769354],[-89.30135,42.772549],[-89.303231,42.771035],[-89.302545,42.772932],[-89.306237,42.773088],[-89.308681,42.773028],[-89.308687,42.767539],[-89.313596,42.767537],[-89.312135,42.769129],[-89.312151,42.772057],[-89.313003,42.772052],[-89.31225,42.769894],[-89.313634,42.771373],[-89.313612,42.769126],[-89.316929,42.769141],[-89.316921,42.767153],[-89.31856,42.766637],[-89.318596,42.770276],[-89.323414,42.770344],[-89.324926,42.776685],[-89.331589,42.776688],[-89.33167,42.780317]],[[-89.314398,42.784263],[-89.313804,42.784017],[-89.313807,42.78426],[-89.314398,42.784263]],[[-89.27453,42.780314],[-89.279627,42.780311],[-89.279618,42.779497],[-89.274512,42.779238],[-89.27453,42.780314]]]}},{"type":"Feature","properties":{"NAME":"Footville","state_abbr":"WI","state_name":"Wisconsin","ALAND":2922146},"geometry":{"type":"Polygon","coordinates":[[[-89.219587,42.679314],[-89.199837,42.679374],[-89.199479,42.669926],[-89.194524,42.669058],[-89.194452,42.665021],[-89.199415,42.665038],[-89.199417,42.661893],[-89.205715,42.66498],[-89.209696,42.663046],[-89.219266,42.665257],[-89.219587,42.679314]]]}},{"type":"Feature","properties":{"NAME":"Janesville","state_abbr":"WI","state_name":"Wisconsin","ALAND":89158711},"geometry":{"type":"MultiPolygon","coordinates":[[[[-89.038266,42.635345],[-89.037326,42.636063],[-89.03733,42.635342],[-89.038266,42.635345]]],[[[-89.071713,42.697356],[-89.070958,42.697932],[-89.070956,42.69736],[-89.071713,42.697356]]],[[[-89.080723,42.675949],[-89.07918,42.675005],[-89.073866,42.678981],[-89.071288,42.679027],[-89.071647,42.686386],[-89.068197,42.686397],[-89.071653,42.687496],[-89.071668,42.690044],[-89.076698,42.690099],[-89.076814,42.701023],[-89.071739,42.700974],[-89.073013,42.690697],[-89.069221,42.690325],[-89.069253,42.693723],[-89.066918,42.693732],[-89.066837,42.686405],[-89.061565,42.686433],[-89.065715,42.697027],[-89.062677,42.696964],[-89.060892,42.691874],[-89.05209,42.690141],[-89.052235,42.695751],[-89.063264,42.697374],[-89.063317,42.700979],[-89.060114,42.699876],[-89.060143,42.701016],[-89.052369,42.701064],[-89.052459,42.708328],[-89.067131,42.708289],[-89.066979,42.700976],[-89.070651,42.700974],[-89.072223,42.720439],[-89.060018,42.717961],[-89.052836,42.714582],[-89.056499,42.714144],[-89.056242,42.71105],[-89.049209,42.712178],[-89.052536,42.715188],[-89.044212,42.718002],[-89.038326,42.718053],[-89.036321,42.715768],[-89.037834,42.712627],[-89.033707,42.712783],[-89.038357,42.710489],[-89.033916,42.704958],[-89.031645,42.704903],[-89.030895,42.71268],[-89.034236,42.711813],[-89.030887,42.715329],[-89.031494,42.720141],[-89.036998,42.720092],[-89.037425,42.723031],[-89.037768,42.718437],[-89.039798,42.719023],[-89.041901,42.722717],[-89.038092,42.725469],[-89.042853,42.727935],[-89.042849,42.730198],[-89.037452,42.73023],[-89.03613,42.731712],[-89.037423,42.727198],[-89.034755,42.727223],[-89.034657,42.723058],[-89.032061,42.723063],[-89.033045,42.730133],[-89.016207,42.725479],[-89.016256,42.730059],[-89.013158,42.730008],[-89.013374,42.74132],[-89.014531,42.741375],[-89.01454,42.742587],[-89.013377,42.741493],[-89.013422,42.744575],[-89.006321,42.744352],[-89.005126,42.736837],[-89.008799,42.73727],[-89.008775,42.735586],[-89.005691,42.735568],[-89.003718,42.737946],[-88.992575,42.736653],[-88.986667,42.74377],[-88.98425,42.743721],[-88.984133,42.740203],[-88.988147,42.735422],[-88.983708,42.735612],[-88.986108,42.736508],[-88.984191,42.737424],[-88.985275,42.738038],[-88.984326,42.739511],[-88.979786,42.740168],[-88.982016,42.740976],[-88.979295,42.741766],[-88.97939,42.745868],[-88.976749,42.746311],[-88.978551,42.748537],[-88.975897,42.747609],[-88.976923,42.750798],[-88.974665,42.754379],[-88.969933,42.754281],[-88.968507,42.759037],[-88.964876,42.758958],[-88.964783,42.754193],[-88.954858,42.754011],[-88.954822,42.752168],[-88.965665,42.747216],[-88.977499,42.739045],[-88.979992,42.738865],[-88.979219,42.737576],[-88.970176,42.742742],[-88.969318,42.733248],[-88.966861,42.733199],[-88.966243,42.728115],[-88.959441,42.730155],[-88.959543,42.735956],[-88.954602,42.734044],[-88.95449,42.728594],[-88.957509,42.728651],[-88.958331,42.72617],[-88.956584,42.723228],[-88.954379,42.723187],[-88.954197,42.714141],[-88.959123,42.714231],[-88.959016,42.709145],[-88.963952,42.710618],[-88.963775,42.703483],[-88.953886,42.703322],[-88.954122,42.710529],[-88.939318,42.710452],[-88.939152,42.702668],[-88.935999,42.701408],[-88.936001,42.699512],[-88.953763,42.700732],[-88.949446,42.69716],[-88.953783,42.69729],[-88.953718,42.694754],[-88.949777,42.696291],[-88.949502,42.691334],[-88.954892,42.691112],[-88.95362,42.690647],[-88.953568,42.688424],[-88.955115,42.687972],[-88.953541,42.687285],[-88.953727,42.670794],[-88.962038,42.670901],[-88.961459,42.668883],[-88.972345,42.669597],[-88.972372,42.667418],[-88.9829,42.667461],[-88.982909,42.666037],[-88.984379,42.666099],[-88.984379,42.668602],[-88.987609,42.671387],[-88.988002,42.667574],[-88.991276,42.666755],[-88.992858,42.666862],[-88.992818,42.67149],[-88.997723,42.671566],[-88.999425,42.670214],[-88.998019,42.669322],[-88.997728,42.670576],[-88.998359,42.665454],[-88.99276,42.665754],[-88.992718,42.66233],[-88.997779,42.662349],[-88.997744,42.665212],[-89.002657,42.664946],[-89.002712,42.652951],[-89.000208,42.652965],[-89.000182,42.649401],[-89.004518,42.6469],[-89.004052,42.649484],[-89.011133,42.649508],[-89.002616,42.641467],[-89.002482,42.635156],[-89.011695,42.635218],[-89.011696,42.626616],[-89.02121,42.626806],[-89.021146,42.622164],[-89.030673,42.621723],[-89.030719,42.617389],[-89.02762,42.617083],[-89.030714,42.617117],[-89.030589,42.614305],[-89.025918,42.613449],[-89.025896,42.610986],[-89.028053,42.60931],[-89.025852,42.609255],[-89.025844,42.60614],[-89.030028,42.606191],[-89.030782,42.60985],[-89.035713,42.608957],[-89.035674,42.606223],[-89.040594,42.606232],[-89.040566,42.605099],[-89.05223,42.607432],[-89.055427,42.610374],[-89.055432,42.613419],[-89.052972,42.613512],[-89.053032,42.617127],[-89.050536,42.61712],[-89.050636,42.6217],[-89.055602,42.62259],[-89.055667,42.625231],[-89.058082,42.626953],[-89.063426,42.626961],[-89.061465,42.632312],[-89.058468,42.633116],[-89.050492,42.628034],[-89.038081,42.628027],[-89.037959,42.629834],[-89.031252,42.629827],[-89.032554,42.630806],[-89.031348,42.631642],[-89.033613,42.632571],[-89.039713,42.631655],[-89.040353,42.634849],[-89.028627,42.635252],[-89.030927,42.63326],[-89.02124,42.631517],[-89.021242,42.635358],[-89.031161,42.635509],[-89.030006,42.642101],[-89.034634,42.642545],[-89.034617,42.639801],[-89.041014,42.639847],[-89.041056,42.64622],[-89.050964,42.646315],[-89.050847,42.63606],[-89.054727,42.635241],[-89.053542,42.643525],[-89.057998,42.644284],[-89.056149,42.645092],[-89.05719,42.646207],[-89.062087,42.64616],[-89.064391,42.626991],[-89.068162,42.62698],[-89.065547,42.638932],[-89.070644,42.638918],[-89.070485,42.62801],[-89.080391,42.628064],[-89.08051,42.638912],[-89.074046,42.638913],[-89.072463,42.645425],[-89.069118,42.648433],[-89.063459,42.649759],[-89.058454,42.660636],[-89.064622,42.661853],[-89.062606,42.662769],[-89.065264,42.662746],[-89.064578,42.664101],[-89.065391,42.662644],[-89.066262,42.664299],[-89.071273,42.66433],[-89.071234,42.669086],[-89.064729,42.671806],[-89.062793,42.669747],[-89.062706,42.671807],[-89.058669,42.670511],[-89.058696,42.671846],[-89.056316,42.671871],[-89.056565,42.677901],[-89.058525,42.67788],[-89.059015,42.679948],[-89.060204,42.67911],[-89.058662,42.677316],[-89.062455,42.677276],[-89.062491,42.679094],[-89.068894,42.679086],[-89.068809,42.67673],[-89.071338,42.676726],[-89.070244,42.672851],[-89.074065,42.673598],[-89.07461,42.671813],[-89.079675,42.671862],[-89.080723,42.675949]],[[-89.061576,42.664269],[-89.05858,42.662723],[-89.056483,42.664236],[-89.061576,42.664269]],[[-89.049692,42.710747],[-89.048557,42.711579],[-89.048486,42.711631],[-89.049029,42.712043],[-89.049692,42.710747]],[[-89.0468,42.710353],[-89.049355,42.706835],[-89.042583,42.70684],[-89.046348,42.708334],[-89.045222,42.709163],[-89.0468,42.710353]],[[-89.048297,42.711487],[-89.047777,42.710277],[-89.047213,42.710663],[-89.048297,42.711487]],[[-89.032332,42.632979],[-89.031349,42.632422],[-89.031355,42.63297],[-89.032332,42.632979]],[[-89.055458,42.664269],[-89.056422,42.662889],[-89.052047,42.666152],[-89.053412,42.667491],[-89.056782,42.665461],[-89.055458,42.664269]]]]}},{"type":"Feature","properties":{"NAME":"Cambria","state_abbr":"WI","state_name":"Wisconsin","ALAND":2542777},"geometry":{"type":"Polygon","coordinates":[[[-89.127544,43.542136],[-89.12486,43.542308],[-89.12485,43.540716],[-89.123054,43.54044],[-89.12201,43.544226],[-89.11706,43.545517],[-89.117032,43.544296],[-89.112055,43.544413],[-89.112158,43.548955],[-89.106172,43.548575],[-89.107093,43.551525],[-89.102301,43.554387],[-89.102188,43.549578],[-89.097185,43.549617],[-89.097061,43.544565],[-89.094475,43.544537],[-89.098614,43.543473],[-89.098762,43.538907],[-89.09701,43.539083],[-89.096992,43.537141],[-89.107136,43.537002],[-89.107102,43.539533],[-89.117003,43.539806],[-89.116821,43.528685],[-89.121842,43.528548],[-89.12195,43.536693],[-89.127487,43.536553],[-89.127544,43.542136]],[[-89.10715,43.547662],[-89.107128,43.544632],[-89.104657,43.547834],[-89.10715,43.547662]],[[-89.117032,43.544296],[-89.119351,43.544264],[-89.119355,43.543066],[-89.117023,43.543048],[-89.117032,43.544296]]]}},{"type":"Feature","properties":{"NAME":"Fall River","state_abbr":"WI","state_name":"Wisconsin","ALAND":4889443},"geometry":{"type":"MultiPolygon","coordinates":[[[[-89.064581,43.377804],[-89.06307,43.3771],[-89.061352,43.376291],[-89.064561,43.376034],[-89.064581,43.377804]]],[[[-89.074598,43.388602],[-89.069727,43.388673],[-89.06963,43.385031],[-89.054653,43.385274],[-89.054736,43.392591],[-89.052153,43.393516],[-89.039209,43.392855],[-89.034211,43.396593],[-89.020039,43.396813],[-89.023981,43.393095],[-89.029625,43.393035],[-89.02951,43.38402],[-89.031486,43.382064],[-89.029479,43.3821],[-89.029397,43.376979],[-89.03441,43.378389],[-89.069392,43.377789],[-89.066624,43.380842],[-89.074439,43.383101],[-89.074598,43.388602]]]]}},{"type":"Feature","properties":{"NAME":"Elmwood","state_abbr":"WI","state_name":"Wisconsin","ALAND":3923890},"geometry":{"type":"Polygon","coordinates":[[[-92.166359,44.774875],[-92.163955,44.779687],[-92.161596,44.778792],[-92.161787,44.785486],[-92.156767,44.78551],[-92.156674,44.789123],[-92.136294,44.789532],[-92.136323,44.771527],[-92.161538,44.771273],[-92.161599,44.774847],[-92.166359,44.774875]]]}},{"type":"Feature","properties":{"NAME":"River Falls","state_abbr":"WI","state_name":"Wisconsin","ALAND":18770716},"geometry":{"type":"Polygon","coordinates":[[[-92.664906,44.86706],[-92.664189,44.876187],[-92.652548,44.877162],[-92.649664,44.875833],[-92.649659,44.869859],[-92.653726,44.869862],[-92.653713,44.866246],[-92.649984,44.865598],[-92.649705,44.863874],[-92.645814,44.866225],[-92.639533,44.866247],[-92.639563,44.869845],[-92.630791,44.869849],[-92.630124,44.866217],[-92.624315,44.866212],[-92.624281,44.87397],[-92.629827,44.872405],[-92.629363,44.877079],[-92.62657,44.877076],[-92.625574,44.878855],[-92.62588,44.882867],[-92.62936,44.882609],[-92.629359,44.88071],[-92.639532,44.880736],[-92.639568,44.891402],[-92.636931,44.891419],[-92.641328,44.893528],[-92.65011,44.894636],[-92.649898,44.897236],[-92.647926,44.896948],[-92.64914,44.895546],[-92.641045,44.893822],[-92.634999,44.891429],[-92.64939,44.900522],[-92.649535,44.902323],[-92.644519,44.902253],[-92.644526,44.90114],[-92.629337,44.900743],[-92.629361,44.891469],[-92.630731,44.89013],[-92.623243,44.881791],[-92.620261,44.882592],[-92.621559,44.881244],[-92.620545,44.878528],[-92.617348,44.87696],[-92.615368,44.873764],[-92.608779,44.873284],[-92.608815,44.867098],[-92.593557,44.867028],[-92.593588,44.864231],[-92.588489,44.869072],[-92.583208,44.869712],[-92.579963,44.866629],[-92.579711,44.862483],[-92.582681,44.859062],[-92.585943,44.85906],[-92.58593,44.855469],[-92.59287,44.855452],[-92.594417,44.859044],[-92.598716,44.859025],[-92.602513,44.856259],[-92.608833,44.855448],[-92.603823,44.855429],[-92.604806,44.849235],[-92.602381,44.846241],[-92.601712,44.839586],[-92.607136,44.839595],[-92.608847,44.839117],[-92.608836,44.836932],[-92.613165,44.837083],[-92.613477,44.833837],[-92.61927,44.83619],[-92.619265,44.837564],[-92.617604,44.837565],[-92.617595,44.840892],[-92.618904,44.840899],[-92.619266,44.83774],[-92.621796,44.838214],[-92.621786,44.840141],[-92.624285,44.840161],[-92.624337,44.837263],[-92.627891,44.837239],[-92.626873,44.833122],[-92.630257,44.829786],[-92.634456,44.831335],[-92.63548,44.833615],[-92.639553,44.833538],[-92.639548,44.82997],[-92.64676,44.829968],[-92.64677,44.833589],[-92.639554,44.833593],[-92.639566,44.836056],[-92.641434,44.836242],[-92.639567,44.836237],[-92.639567,44.839368],[-92.644718,44.840825],[-92.644716,44.848114],[-92.642805,44.848125],[-92.642246,44.849813],[-92.644693,44.850806],[-92.642186,44.850841],[-92.643218,44.857397],[-92.644636,44.857311],[-92.644744,44.85875],[-92.649717,44.858753],[-92.649709,44.862663],[-92.654483,44.863697],[-92.655584,44.866246],[-92.657529,44.866246],[-92.657941,44.86262],[-92.657949,44.866241],[-92.664906,44.86706]]]}},{"type":"Feature","properties":{"NAME":"Stoughton","state_abbr":"WI","state_name":"Wisconsin","ALAND":15839265},"geometry":{"type":"MultiPolygon","coordinates":[[[[-89.218875,42.90407],[-89.218341,42.904899],[-89.217742,42.904179],[-89.218875,42.90407]]],[[[-89.262172,42.922911],[-89.260229,42.922825],[-89.260228,42.925552],[-89.250395,42.924647],[-89.250434,42.928722],[-89.257741,42.929056],[-89.257782,42.932299],[-89.250431,42.931805],[-89.250304,42.935905],[-89.255209,42.935916],[-89.255001,42.942759],[-89.250553,42.939492],[-89.234071,42.939999],[-89.233518,42.937177],[-89.229197,42.93727],[-89.229198,42.940106],[-89.231032,42.940077],[-89.230095,42.942447],[-89.228621,42.942499],[-89.228648,42.940111],[-89.223114,42.940196],[-89.223002,42.942027],[-89.22112,42.942053],[-89.221158,42.938779],[-89.223428,42.938808],[-89.223719,42.932934],[-89.222453,42.92755],[-89.220236,42.925856],[-89.222063,42.928708],[-89.219141,42.929563],[-89.21913,42.930744],[-89.22119,42.930752],[-89.221156,42.93753],[-89.217677,42.937551],[-89.217683,42.935082],[-89.211188,42.935115],[-89.21007,42.940313],[-89.203772,42.940501],[-89.211064,42.944212],[-89.210981,42.947911],[-89.200902,42.948059],[-89.20118,42.939596],[-89.191092,42.940991],[-89.191185,42.937909],[-89.201258,42.937816],[-89.200861,42.924096],[-89.195791,42.924117],[-89.195727,42.922286],[-89.197011,42.922273],[-89.197106,42.918608],[-89.199583,42.918592],[-89.200653,42.916713],[-89.200134,42.914213],[-89.201955,42.91131],[-89.19861,42.911343],[-89.198594,42.916847],[-89.195558,42.916842],[-89.195554,42.913965],[-89.190589,42.913958],[-89.190594,42.918625],[-89.184009,42.91871],[-89.180828,42.918704],[-89.180764,42.911456],[-89.18566,42.911421],[-89.186633,42.90759],[-89.190586,42.91067],[-89.190421,42.906193],[-89.192218,42.903485],[-89.203634,42.906453],[-89.20897,42.91128],[-89.210532,42.91039],[-89.20813,42.909455],[-89.22003,42.907702],[-89.219069,42.90578],[-89.220399,42.904066],[-89.224755,42.904055],[-89.225609,42.911221],[-89.229479,42.911244],[-89.228669,42.910045],[-89.23091,42.911182],[-89.230728,42.913494],[-89.232458,42.913504],[-89.232326,42.910789],[-89.245404,42.910854],[-89.245419,42.903638],[-89.247144,42.903579],[-89.247176,42.905091],[-89.250357,42.904319],[-89.249185,42.914335],[-89.242936,42.91432],[-89.242921,42.911436],[-89.24045,42.911432],[-89.241304,42.914974],[-89.23964,42.91586],[-89.242395,42.915392],[-89.243356,42.916824],[-89.246059,42.916374],[-89.245625,42.918118],[-89.247888,42.917116],[-89.251492,42.918453],[-89.250394,42.916077],[-89.255374,42.916251],[-89.25533,42.91825],[-89.259477,42.91837],[-89.26023,42.92191],[-89.262172,42.922911]],[[-89.250174,42.929982],[-89.249817,42.929682],[-89.249821,42.929983],[-89.250174,42.929982]],[[-89.247393,42.930519],[-89.244548,42.929794],[-89.243582,42.931501],[-89.245887,42.93242],[-89.247393,42.930519]],[[-89.245435,42.918115],[-89.243587,42.918162],[-89.24363,42.919929],[-89.245477,42.91987],[-89.245435,42.918115]],[[-89.238902,42.915052],[-89.237467,42.914732],[-89.236773,42.916194],[-89.238213,42.916502],[-89.238902,42.915052]],[[-89.234546,42.918439],[-89.235954,42.918213],[-89.234542,42.917666],[-89.234546,42.918439]],[[-89.203835,42.918564],[-89.201667,42.918576],[-89.200736,42.920512],[-89.203924,42.920388],[-89.203835,42.918564]],[[-89.197394,42.911355],[-89.19334,42.911362],[-89.193337,42.911847],[-89.197343,42.913208],[-89.197394,42.911355]],[[-89.192147,42.910316],[-89.191801,42.909659],[-89.1915,42.910462],[-89.192147,42.910316]],[[-89.250553,42.939492],[-89.252852,42.939583],[-89.252913,42.938394],[-89.252274,42.939322],[-89.250553,42.939492]]]]}},{"type":"Feature","properties":{"NAME":"Verona","state_abbr":"WI","state_name":"Wisconsin","ALAND":20246357},"geometry":{"type":"Polygon","coordinates":[[[-89.578057,42.998342],[-89.578073,43.009311],[-89.572915,43.009318],[-89.572703,43.023739],[-89.562935,43.019359],[-89.562964,43.016725],[-89.567975,43.01667],[-89.56803,43.006548],[-89.558091,43.005645],[-89.559309,43.013241],[-89.553491,43.015508],[-89.553169,43.012808],[-89.548285,43.0127],[-89.548289,43.01636],[-89.543421,43.016224],[-89.543452,43.012608],[-89.53356,43.012518],[-89.533595,43.00983],[-89.528578,43.009747],[-89.528691,43.005181],[-89.526198,43.005144],[-89.526125,43.008788],[-89.52256,43.008735],[-89.522743,43.001501],[-89.528789,43.001595],[-89.528725,42.998029],[-89.526753,42.997023],[-89.528672,42.996165],[-89.517421,42.996379],[-89.517444,42.994391],[-89.51147,42.994433],[-89.513928,42.992394],[-89.513849,42.987527],[-89.515705,42.987526],[-89.515725,42.986154],[-89.513861,42.986153],[-89.513953,42.983194],[-89.509084,42.983121],[-89.50826,42.979507],[-89.497184,42.979494],[-89.497154,42.978007],[-89.494548,42.978026],[-89.494596,42.975928],[-89.499454,42.975916],[-89.499563,42.972294],[-89.501052,42.971688],[-89.499588,42.970851],[-89.49981,42.961505],[-89.504626,42.961521],[-89.504569,42.965064],[-89.51416,42.965138],[-89.513717,42.969762],[-89.518119,42.970409],[-89.518758,42.972293],[-89.520229,42.972292],[-89.520318,42.970629],[-89.519054,42.965248],[-89.538576,42.965544],[-89.538486,42.974287],[-89.542219,42.974823],[-89.540399,42.976344],[-89.551074,42.97589],[-89.554583,42.977488],[-89.559598,42.982281],[-89.560411,42.985322],[-89.567003,42.986313],[-89.572661,42.990595],[-89.571668,42.992503],[-89.575051,42.994789],[-89.572943,42.994789],[-89.57303,42.998338],[-89.578057,42.998342]],[[-89.557905,43.004524],[-89.55575,42.999354],[-89.553342,43.000137],[-89.548388,42.998237],[-89.548299,43.009098],[-89.553188,43.009188],[-89.553311,43.005573],[-89.557905,43.004524]],[[-89.554982,42.98817],[-89.556985,42.987756],[-89.54912,42.988397],[-89.554982,42.98817]],[[-89.548289,42.994938],[-89.548533,42.994004],[-89.548263,42.994124],[-89.548289,42.994938]],[[-89.538585,43.007329],[-89.534058,43.007151],[-89.533878,43.008917],[-89.538556,43.008951],[-89.538585,43.007329]],[[-89.526153,42.974769],[-89.524992,42.973477],[-89.523668,42.973143],[-89.523672,42.974299],[-89.526153,42.974769]]]}},{"type":"Feature","properties":{"NAME":"Waunakee","state_abbr":"WI","state_name":"Wisconsin","ALAND":19001670},"geometry":{"type":"Polygon","coordinates":[[[-89.481507,43.195814],[-89.481494,43.206709],[-89.461646,43.20658],[-89.461581,43.202897],[-89.451689,43.203833],[-89.450968,43.206502],[-89.448965,43.205388],[-89.441672,43.206468],[-89.441781,43.19919],[-89.436771,43.199101],[-89.436824,43.19204],[-89.421862,43.19172],[-89.421954,43.178089],[-89.411604,43.178261],[-89.41133,43.172776],[-89.408105,43.166562],[-89.401947,43.166582],[-89.401867,43.177552],[-89.396831,43.177551],[-89.3969,43.173895],[-89.391889,43.173874],[-89.391861,43.177531],[-89.390271,43.17572],[-89.38704,43.177523],[-89.387197,43.173488],[-89.381962,43.172868],[-89.383781,43.170228],[-89.396934,43.170249],[-89.397029,43.161097],[-89.39955,43.161104],[-89.399645,43.159236],[-89.404505,43.159218],[-89.410822,43.170162],[-89.411952,43.170148],[-89.411979,43.165641],[-89.410414,43.165651],[-89.41155,43.162918],[-89.421997,43.162742],[-89.421963,43.168296],[-89.42965,43.174314],[-89.429692,43.177808],[-89.434796,43.178362],[-89.444566,43.184658],[-89.433913,43.177273],[-89.437084,43.177291],[-89.433598,43.175444],[-89.441921,43.175496],[-89.441949,43.173678],[-89.431969,43.17367],[-89.431969,43.165157],[-89.442014,43.166393],[-89.442012,43.162758],[-89.452039,43.162803],[-89.451965,43.167363],[-89.462189,43.167414],[-89.462143,43.171457],[-89.471834,43.170194],[-89.471754,43.173848],[-89.476692,43.17387],[-89.475682,43.183871],[-89.474333,43.18481],[-89.476686,43.184824],[-89.47675,43.192118],[-89.471808,43.192091],[-89.471436,43.190014],[-89.471183,43.19209],[-89.46678,43.193026],[-89.466765,43.195727],[-89.481507,43.195814]],[[-89.46363,43.173601],[-89.461926,43.172389],[-89.461907,43.173557],[-89.46363,43.173601]],[[-89.461759,43.182753],[-89.459508,43.182616],[-89.459496,43.184829],[-89.461755,43.184835],[-89.461759,43.182753]],[[-89.457906,43.176232],[-89.446884,43.176522],[-89.446898,43.17736],[-89.45789,43.177448],[-89.457906,43.176232]],[[-89.447712,43.17625],[-89.446911,43.175043],[-89.446888,43.176247],[-89.447712,43.17625]]]}},{"type":"Feature","properties":{"NAME":"Exeland","state_abbr":"WI","state_name":"Wisconsin","ALAND":3110959},"geometry":{"type":"Polygon","coordinates":[[[-91.256747,45.660848],[-91.25653,45.668029],[-91.251385,45.668055],[-91.251287,45.675293],[-91.230493,45.675177],[-91.230989,45.660747],[-91.238698,45.660769],[-91.23879,45.657097],[-91.246503,45.657126],[-91.246413,45.660778],[-91.256747,45.660848]]]}},{"type":"Feature","properties":{"NAME":"Viola","state_abbr":"WI","state_name":"Wisconsin","ALAND":2579657},"geometry":{"type":"Polygon","coordinates":[[[-90.685932,43.505849],[-90.680635,43.513076],[-90.670718,43.51303],[-90.670811,43.515238],[-90.66461,43.515316],[-90.664501,43.51085],[-90.659191,43.51083],[-90.659212,43.505925],[-90.663102,43.505924],[-90.663109,43.502367],[-90.675142,43.502251],[-90.675031,43.498658],[-90.685035,43.498658],[-90.684112,43.501115],[-90.685751,43.502418],[-90.685932,43.505849]]]}},{"type":"Feature","properties":{"NAME":"Coon Valley","state_abbr":"WI","state_name":"Wisconsin","ALAND":2885562},"geometry":{"type":"Polygon","coordinates":[[[-91.024965,43.698375],[-91.019851,43.698776],[-91.023113,43.700105],[-91.019942,43.700749],[-91.021159,43.702399],[-91.019852,43.705504],[-91.024909,43.706026],[-91.024231,43.70875],[-91.021437,43.706836],[-91.019852,43.709686],[-91.017373,43.710629],[-90.99991,43.709822],[-90.999971,43.695349],[-91.024978,43.695181],[-91.024965,43.698375]]]}},{"type":"Feature","properties":{"NAME":"De Soto","state_abbr":"WI","state_name":"Wisconsin","ALAND":3004080},"geometry":{"type":"Polygon","coordinates":[[[-91.208632,43.436704],[-91.203152,43.436685],[-91.205943,43.438626],[-91.201941,43.440392],[-91.20228,43.441964],[-91.199714,43.441782],[-91.196237,43.44429],[-91.196273,43.440493],[-91.200656,43.440493],[-91.201568,43.436684],[-91.183441,43.437019],[-91.188142,43.434378],[-91.188061,43.416734],[-91.196624,43.416696],[-91.197187,43.417716],[-91.195365,43.417994],[-91.197281,43.42061],[-91.20033,43.419348],[-91.208632,43.436704]]]}},{"type":"Feature","properties":{"NAME":"Berlin","state_abbr":"WI","state_name":"Wisconsin","ALAND":15326848},"geometry":{"type":"Polygon","coordinates":[[[-88.980723,43.968324],[-88.980697,43.971229],[-88.976947,43.971362],[-88.97687,43.9834],[-88.950821,43.983342],[-88.949745,43.986764],[-88.946805,43.98692],[-88.946773,43.993281],[-88.941724,43.994212],[-88.940948,43.997968],[-88.934997,43.996576],[-88.935032,43.997949],[-88.931636,43.997948],[-88.931535,43.988013],[-88.926507,43.99016],[-88.926542,43.971181],[-88.924326,43.970176],[-88.926427,43.969272],[-88.926507,43.959664],[-88.925018,43.959697],[-88.924937,43.961759],[-88.921431,43.961943],[-88.921406,43.958622],[-88.926515,43.958533],[-88.926386,43.953706],[-88.936448,43.953721],[-88.93654,43.949243],[-88.946163,43.950102],[-88.946618,43.953761],[-88.952294,43.953862],[-88.949948,43.951944],[-88.951171,43.950576],[-88.957228,43.949653],[-88.961389,43.95243],[-88.963629,43.947958],[-88.96582,43.947799],[-88.971076,43.951704],[-88.976911,43.95124],[-88.976887,43.966713],[-88.979113,43.966308],[-88.979135,43.968183],[-88.976903,43.968287],[-88.980723,43.968324]]]}},{"type":"Feature","properties":{"NAME":"DeForest","state_abbr":"WI","state_name":"Wisconsin","ALAND":22490283},"geometry":{"type":"MultiPolygon","coordinates":[[[[-89.342104,43.19478],[-89.341754,43.199755],[-89.335301,43.199779],[-89.334299,43.200057],[-89.338128,43.201857],[-89.339876,43.199837],[-89.34122,43.203775],[-89.338148,43.20378],[-89.338154,43.205539],[-89.328224,43.205568],[-89.328182,43.209172],[-89.322948,43.209188],[-89.322877,43.21641],[-89.318329,43.216416],[-89.318272,43.205552],[-89.308354,43.20449],[-89.308404,43.199685],[-89.310011,43.199688],[-89.310308,43.196187],[-89.31232,43.195153],[-89.310704,43.194668],[-89.314567,43.18884],[-89.314655,43.185876],[-89.316135,43.186982],[-89.324577,43.186433],[-89.326504,43.194359],[-89.342104,43.19478]]],[[[-89.387336,43.250398],[-89.382929,43.248384],[-89.382409,43.249679],[-89.375981,43.250356],[-89.371043,43.249014],[-89.37015,43.250154],[-89.373355,43.251695],[-89.371934,43.25456],[-89.367702,43.253887],[-89.367673,43.250707],[-89.366312,43.250264],[-89.367917,43.250276],[-89.367642,43.248036],[-89.362755,43.250059],[-89.362802,43.252829],[-89.365957,43.251823],[-89.365881,43.255387],[-89.362809,43.255368],[-89.36285,43.258903],[-89.364219,43.259777],[-89.364105,43.258201],[-89.367693,43.255653],[-89.366913,43.264724],[-89.363972,43.264716],[-89.362887,43.262611],[-89.351445,43.262766],[-89.34791,43.264396],[-89.34789,43.267057],[-89.345743,43.267129],[-89.342745,43.259925],[-89.339405,43.259938],[-89.339324,43.263028],[-89.327951,43.263603],[-89.327953,43.265153],[-89.324559,43.266497],[-89.323541,43.223662],[-89.328518,43.22365],[-89.328598,43.227311],[-89.333595,43.227297],[-89.333694,43.230921],[-89.342863,43.230936],[-89.343683,43.23816],[-89.348644,43.239652],[-89.348492,43.230903],[-89.343622,43.230983],[-89.343496,43.22365],[-89.348466,43.223634],[-89.348254,43.216368],[-89.361236,43.215412],[-89.357933,43.208457],[-89.343807,43.192131],[-89.343849,43.190886],[-89.348694,43.190868],[-89.348886,43.187171],[-89.354187,43.188351],[-89.357198,43.187396],[-89.357224,43.194524],[-89.361793,43.194628],[-89.36243,43.220633],[-89.366013,43.228515],[-89.362616,43.228512],[-89.362794,43.235753],[-89.369097,43.235787],[-89.374762,43.246276],[-89.382409,43.246341],[-89.382403,43.243206],[-89.387339,43.24317],[-89.387336,43.250398]],[[-89.367989,43.246801],[-89.367689,43.246662],[-89.367689,43.246799],[-89.367989,43.246801]]]]}},{"type":"Feature","properties":{"NAME":"Fitchburg","state_abbr":"WI","state_name":"Wisconsin","ALAND":91197749},"geometry":{"type":"Polygon","coordinates":[[[-89.486893,43.008511],[-89.484158,43.008607],[-89.483861,43.026664],[-89.466376,43.027056],[-89.465348,43.029399],[-89.467983,43.031844],[-89.461155,43.031061],[-89.461552,43.022563],[-89.45832,43.022597],[-89.457894,43.031775],[-89.452696,43.031741],[-89.452598,43.029255],[-89.447149,43.027885],[-89.445017,43.031678],[-89.434866,43.031646],[-89.435297,43.024567],[-89.430273,43.023189],[-89.424654,43.026381],[-89.413558,43.026808],[-89.413458,43.028927],[-89.416895,43.028872],[-89.416892,43.031465],[-89.411515,43.031425],[-89.411473,43.034599],[-89.409954,43.034546],[-89.407904,43.033054],[-89.409108,43.03141],[-89.404756,43.030722],[-89.405105,43.024579],[-89.397725,43.025768],[-89.397843,43.023634],[-89.395148,43.023606],[-89.394942,43.026463],[-89.392212,43.026607],[-89.390364,43.028733],[-89.394686,43.029754],[-89.394052,43.031282],[-89.389883,43.031186],[-89.389695,43.033091],[-89.392159,43.034761],[-89.391085,43.036321],[-89.378525,43.039264],[-89.380811,43.032845],[-89.379585,43.032831],[-89.37954,43.027587],[-89.382006,43.027938],[-89.38173,43.026799],[-89.374653,43.027392],[-89.374584,43.028754],[-89.364781,43.028495],[-89.368212,42.942966],[-89.485497,42.94342],[-89.484237,43.006912],[-89.486893,43.008511]]]}},{"type":"Feature","properties":{"NAME":"Wyeville","state_abbr":"WI","state_name":"Wisconsin","ALAND":1462466},"geometry":{"type":"MultiPolygon","coordinates":[[[[-90.377224,44.025311],[-90.367653,44.025552],[-90.367649,44.023876],[-90.37649,44.023133],[-90.377224,44.025311]]],[[[-90.397894,44.032281],[-90.37776,44.031553],[-90.377689,44.024343],[-90.397806,44.025082],[-90.397894,44.032281]]]]}},{"type":"Feature","properties":{"NAME":"Bagley","state_abbr":"WI","state_name":"Wisconsin","ALAND":1848433},"geometry":{"type":"Polygon","coordinates":[[[-91.10807,42.897845],[-91.10557,42.900867],[-91.105799,42.908144],[-91.090968,42.908178],[-91.090798,42.902417],[-91.083188,42.895922],[-91.097157,42.896528],[-91.097849,42.8944],[-91.103135,42.897894],[-91.10692,42.89649],[-91.10807,42.897845]]]}},{"type":"Feature","properties":{"NAME":"Bloomington","state_abbr":"WI","state_name":"Wisconsin","ALAND":3268406},"geometry":{"type":"Polygon","coordinates":[[[-90.941382,42.901802],[-90.917156,42.901931],[-90.91704,42.885244],[-90.919875,42.881815],[-90.917034,42.883089],[-90.9173,42.880945],[-90.928444,42.882744],[-90.930235,42.887039],[-90.935239,42.889801],[-90.934461,42.890688],[-90.941382,42.901802]]]}},{"type":"Feature","properties":{"NAME":"Blue Mounds","state_abbr":"WI","state_name":"Wisconsin","ALAND":2281799},"geometry":{"type":"Polygon","coordinates":[[[-89.837995,43.017911],[-89.83653,43.017904],[-89.836453,43.021471],[-89.834269,43.021278],[-89.834172,43.024463],[-89.829204,43.024478],[-89.829225,43.02812],[-89.824215,43.028115],[-89.824036,43.02593],[-89.8193,43.024519],[-89.819416,43.017901],[-89.817122,43.016292],[-89.817079,43.013876],[-89.819541,43.013825],[-89.819567,43.010006],[-89.823777,43.010002],[-89.824478,43.007294],[-89.834341,43.007252],[-89.834349,43.009988],[-89.825137,43.010001],[-89.825044,43.013333],[-89.834337,43.013637],[-89.835029,43.017209],[-89.835873,43.011524],[-89.835873,43.017009],[-89.837995,43.017911]]]}},{"type":"Feature","properties":{"NAME":"Cottage Grove","state_abbr":"WI","state_name":"Wisconsin","ALAND":12148074},"geometry":{"type":"Polygon","coordinates":[[[-89.234591,43.100366],[-89.229615,43.100642],[-89.229633,43.104312],[-89.219627,43.104545],[-89.219598,43.101247],[-89.217091,43.10094],[-89.21707,43.097351],[-89.219574,43.097261],[-89.219573,43.093604],[-89.216051,43.093695],[-89.215194,43.097405],[-89.21296,43.097466],[-89.212989,43.100498],[-89.21458,43.10112],[-89.209559,43.10125],[-89.209564,43.104782],[-89.207077,43.104849],[-89.207064,43.101308],[-89.202062,43.101431],[-89.202072,43.104963],[-89.19962,43.105576],[-89.199642,43.108233],[-89.201997,43.106986],[-89.201841,43.108422],[-89.203748,43.108569],[-89.203604,43.112087],[-89.208856,43.112723],[-89.208902,43.115346],[-89.213968,43.115248],[-89.21374,43.118858],[-89.208645,43.120489],[-89.208647,43.122545],[-89.201592,43.122745],[-89.20164,43.121099],[-89.198614,43.121524],[-89.198772,43.118451],[-89.193706,43.119237],[-89.193919,43.115569],[-89.19873,43.115485],[-89.198918,43.108571],[-89.195715,43.109577],[-89.195541,43.107448],[-89.194169,43.108236],[-89.191107,43.105346],[-89.18949,43.105376],[-89.189404,43.108451],[-89.182208,43.108585],[-89.182205,43.106119],[-89.179532,43.106141],[-89.179489,43.104034],[-89.182806,43.103991],[-89.182815,43.101837],[-89.179524,43.101717],[-89.19945,43.101529],[-89.199455,43.101174],[-89.197645,43.100174],[-89.197636,43.101367],[-89.189492,43.101551],[-89.189501,43.098049],[-89.194474,43.097943],[-89.194535,43.090629],[-89.189541,43.090432],[-89.194602,43.089435],[-89.194619,43.082562],[-89.189615,43.082448],[-89.189578,43.086996],[-89.179691,43.08717],[-89.17972,43.079602],[-89.184679,43.080738],[-89.184655,43.076162],[-89.189694,43.076085],[-89.192624,43.07397],[-89.193015,43.075173],[-89.190969,43.075834],[-89.1921,43.077516],[-89.190434,43.077591],[-89.194646,43.077723],[-89.194686,43.072327],[-89.20077,43.072007],[-89.199656,43.067884],[-89.202081,43.067445],[-89.202065,43.064905],[-89.207766,43.064791],[-89.20814,43.068414],[-89.204705,43.07056],[-89.204642,43.072157],[-89.212131,43.071999],[-89.208177,43.069212],[-89.21461,43.068248],[-89.214597,43.075549],[-89.211307,43.075636],[-89.20976,43.074132],[-89.20963,43.07617],[-89.214664,43.077629],[-89.214666,43.076166],[-89.216849,43.076275],[-89.216853,43.078623],[-89.220956,43.080393],[-89.220975,43.086257],[-89.219092,43.086318],[-89.219041,43.088975],[-89.224544,43.089468],[-89.224512,43.086161],[-89.229474,43.086023],[-89.229592,43.096982],[-89.234557,43.096715],[-89.234591,43.100366]],[[-89.199988,43.112915],[-89.199573,43.112238],[-89.199274,43.112899],[-89.199988,43.112915]]]}},{"type":"Feature","properties":{"NAME":"Couderay","state_abbr":"WI","state_name":"Wisconsin","ALAND":2509108},"geometry":{"type":"Polygon","coordinates":[[[-91.311702,45.790247],[-91.311565,45.800997],[-91.306378,45.801201],[-91.306326,45.806583],[-91.295957,45.80702],[-91.295996,45.801601],[-91.289196,45.801612],[-91.289222,45.798024],[-91.286661,45.798037],[-91.286717,45.794404],[-91.291846,45.794408],[-91.291915,45.790775],[-91.311702,45.790247]]]}},{"type":"Feature","properties":{"NAME":"Cashton","state_abbr":"WI","state_name":"Wisconsin","ALAND":3301830},"geometry":{"type":"MultiPolygon","coordinates":[[[[-90.796188,43.738446],[-90.793829,43.741244],[-90.788179,43.741256],[-90.787371,43.743643],[-90.789475,43.743615],[-90.788648,43.747241],[-90.790928,43.747213],[-90.790905,43.750851],[-90.781006,43.750959],[-90.780886,43.749832],[-90.770723,43.751102],[-90.773835,43.747429],[-90.770681,43.747469],[-90.770582,43.74028],[-90.773395,43.740693],[-90.773423,43.738838],[-90.775706,43.739056],[-90.775716,43.736438],[-90.785604,43.73457],[-90.785605,43.736395],[-90.796188,43.738446]]],[[[-90.7998,43.73547],[-90.797451,43.738209],[-90.796225,43.738359],[-90.797183,43.736981],[-90.7998,43.73547]]],[[[-90.805846,43.738125],[-90.800828,43.738142],[-90.800824,43.743564],[-90.795818,43.743516],[-90.794021,43.741955],[-90.797809,43.739996],[-90.798926,43.736883],[-90.803134,43.735671],[-90.803178,43.733834],[-90.800791,43.734124],[-90.801797,43.72548],[-90.805734,43.725451],[-90.805846,43.738125]]]]}},{"type":"Feature","properties":{"NAME":"Melvina","state_abbr":"WI","state_name":"Wisconsin","ALAND":1257467},"geometry":{"type":"Polygon","coordinates":[[[-90.791397,43.803186],[-90.781436,43.805366],[-90.781209,43.80902],[-90.776219,43.809222],[-90.776377,43.806591],[-90.772149,43.806329],[-90.774821,43.798334],[-90.791358,43.797772],[-90.791397,43.803186]]]}},{"type":"Feature","properties":{"NAME":"Norwalk","state_abbr":"WI","state_name":"Wisconsin","ALAND":2667518},"geometry":{"type":"Polygon","coordinates":[[[-90.637058,43.827298],[-90.636869,43.841749],[-90.616999,43.841651],[-90.616353,43.829133],[-90.617035,43.827229],[-90.621367,43.827248],[-90.622146,43.824769],[-90.627041,43.826082],[-90.627026,43.82728],[-90.637058,43.827298]]]}},{"type":"Feature","properties":{"NAME":"Oakdale","state_abbr":"WI","state_name":"Wisconsin","ALAND":1918298},"geometry":{"type":"Polygon","coordinates":[[[-90.392676,43.962939],[-90.387572,43.962234],[-90.387587,43.966389],[-90.37747,43.966005],[-90.377525,43.969573],[-90.367476,43.969165],[-90.367437,43.965596],[-90.372415,43.96581],[-90.371821,43.963309],[-90.367399,43.962111],[-90.367419,43.960109],[-90.372343,43.961441],[-90.372417,43.95711],[-90.376156,43.958362],[-90.376178,43.955187],[-90.383735,43.955326],[-90.384386,43.952967],[-90.385767,43.953548],[-90.384904,43.956792],[-90.3926,43.960614],[-90.392676,43.962939]]]}},{"type":"Feature","properties":{"NAME":"Sparta","state_abbr":"WI","state_name":"Wisconsin","ALAND":20709502},"geometry":{"type":"MultiPolygon","coordinates":[[[[-90.765132,43.931892],[-90.760091,43.931885],[-90.760009,43.928241],[-90.765094,43.92825],[-90.765132,43.931892]]],[[[-90.780677,43.965468],[-90.771779,43.96437],[-90.770859,43.966593],[-90.761373,43.963413],[-90.777016,43.953587],[-90.777225,43.961668],[-90.781635,43.964447],[-90.780677,43.965468]]],[[[-90.789603,43.940054],[-90.787489,43.939012],[-90.787479,43.940535],[-90.785443,43.940778],[-90.785373,43.937534],[-90.784327,43.938335],[-90.782463,43.936023],[-90.78652,43.936645],[-90.789603,43.940054]]],[[[-90.82016,43.909939],[-90.810173,43.909918],[-90.810066,43.902689],[-90.815053,43.902743],[-90.815112,43.906316],[-90.820103,43.906327],[-90.82016,43.909939]]],[[[-90.860633,43.929906],[-90.860653,43.933531],[-90.842563,43.93662],[-90.842608,43.938067],[-90.838178,43.936377],[-90.838243,43.942678],[-90.840764,43.942673],[-90.840966,43.949869],[-90.832265,43.949883],[-90.830905,43.950618],[-90.830998,43.953966],[-90.828051,43.952715],[-90.827982,43.949889],[-90.825898,43.949881],[-90.825969,43.953455],[-90.82093,43.953453],[-90.82379,43.956682],[-90.818324,43.956654],[-90.8183,43.953498],[-90.810935,43.953427],[-90.810322,43.960632],[-90.806079,43.960618],[-90.806002,43.956284],[-90.79102,43.956909],[-90.790985,43.955602],[-90.796766,43.954288],[-90.785721,43.953427],[-90.785364,43.946756],[-90.782291,43.948835],[-90.78044,43.947103],[-90.775493,43.947173],[-90.775523,43.949977],[-90.760333,43.94999],[-90.76128,43.943552],[-90.769486,43.943131],[-90.770282,43.938455],[-90.773739,43.936281],[-90.775266,43.937462],[-90.782642,43.936908],[-90.783993,43.938581],[-90.775467,43.945062],[-90.78043,43.944585],[-90.780437,43.946268],[-90.781836,43.946271],[-90.781748,43.942684],[-90.788086,43.942633],[-90.788044,43.940806],[-90.790661,43.941708],[-90.790574,43.938264],[-90.787609,43.936256],[-90.790473,43.934102],[-90.795506,43.931611],[-90.800409,43.931639],[-90.800306,43.928025],[-90.810293,43.928074],[-90.810258,43.920815],[-90.811442,43.920815],[-90.810189,43.913549],[-90.825292,43.913602],[-90.825241,43.91615],[-90.828358,43.917667],[-90.829386,43.913646],[-90.830252,43.919484],[-90.825268,43.920447],[-90.825279,43.925462],[-90.836623,43.922829],[-90.836568,43.920924],[-90.860036,43.918855],[-90.860586,43.926978],[-90.859694,43.928146],[-90.853119,43.928259],[-90.853684,43.929506],[-90.860633,43.929906]],[[-90.820075,43.954037],[-90.82082,43.953474],[-90.820045,43.953478],[-90.820075,43.954037]]]]}},{"type":"Feature","properties":{"NAME":"Onalaska","state_abbr":"WI","state_name":"Wisconsin","ALAND":27483675},"geometry":{"type":"Polygon","coordinates":[[[-91.250156,43.886863],[-91.25014,43.898074],[-91.237078,43.898175],[-91.235083,43.898852],[-91.238047,43.900146],[-91.237096,43.898188],[-91.240309,43.898151],[-91.240783,43.901159],[-91.235095,43.901808],[-91.241962,43.902318],[-91.243836,43.90493],[-91.243845,43.905513],[-91.242812,43.906174],[-91.24536,43.905426],[-91.245217,43.911802],[-91.246681,43.912512],[-91.240204,43.912597],[-91.239667,43.916243],[-91.242605,43.919374],[-91.243094,43.922337],[-91.245519,43.922327],[-91.245532,43.923345],[-91.242294,43.92248],[-91.241588,43.91929],[-91.238552,43.916241],[-91.241361,43.921292],[-91.238732,43.921301],[-91.23777,43.923217],[-91.225369,43.923574],[-91.224005,43.920721],[-91.220278,43.920047],[-91.220197,43.916203],[-91.217085,43.918261],[-91.210344,43.918579],[-91.211462,43.916466],[-91.21517,43.915571],[-91.215157,43.913473],[-91.218023,43.912785],[-91.215142,43.912823],[-91.215166,43.905579],[-91.205265,43.903857],[-91.205092,43.8916],[-91.202336,43.895217],[-91.205071,43.896397],[-91.205085,43.903206],[-91.201033,43.903514],[-91.199633,43.900751],[-91.198816,43.903211],[-91.196119,43.90229],[-91.198167,43.899624],[-91.196871,43.896891],[-91.195029,43.896596],[-91.19569,43.900336],[-91.191022,43.901667],[-91.190161,43.898566],[-91.185103,43.898617],[-91.185103,43.895242],[-91.182838,43.895318],[-91.184251,43.892175],[-91.18714,43.894224],[-91.188498,43.893522],[-91.186111,43.891623],[-91.177827,43.891914],[-91.17843,43.898634],[-91.176127,43.902363],[-91.170353,43.902446],[-91.170293,43.898779],[-91.160314,43.898887],[-91.16008,43.891814],[-91.158307,43.891735],[-91.159518,43.891627],[-91.159375,43.889057],[-91.155601,43.89165],[-91.150267,43.891445],[-91.149675,43.867169],[-91.15205,43.865828],[-91.155903,43.866463],[-91.156987,43.864002],[-91.159721,43.864731],[-91.159831,43.866623],[-91.161823,43.866191],[-91.161403,43.86746],[-91.164734,43.867964],[-91.164771,43.875384],[-91.159754,43.873963],[-91.15976,43.876006],[-91.157269,43.875975],[-91.157569,43.888124],[-91.169123,43.883567],[-91.169727,43.86727],[-91.173929,43.868469],[-91.173939,43.869991],[-91.177173,43.869003],[-91.177661,43.871069],[-91.184715,43.868458],[-91.184726,43.86564],[-91.195032,43.861658],[-91.205562,43.861565],[-91.203253,43.866035],[-91.194766,43.866128],[-91.193333,43.867621],[-91.194233,43.86916],[-91.19177,43.871035],[-91.192627,43.872901],[-91.201265,43.867438],[-91.206943,43.867368],[-91.208425,43.869684],[-91.209365,43.867641],[-91.219808,43.86743],[-91.219811,43.866324],[-91.222922,43.868385],[-91.22845,43.866623],[-91.228556,43.864815],[-91.229664,43.869953],[-91.242875,43.869821],[-91.243863,43.874482],[-91.242539,43.877564],[-91.239312,43.879391],[-91.240361,43.882078],[-91.250156,43.886863]],[[-91.243624,43.905508],[-91.242758,43.905071],[-91.242797,43.905608],[-91.243624,43.905508]],[[-91.234878,43.909042],[-91.235279,43.909019],[-91.232686,43.909054],[-91.234878,43.909042]],[[-91.230042,43.908979],[-91.225137,43.909114],[-91.225123,43.905946],[-91.220864,43.905985],[-91.220683,43.906973],[-91.225108,43.90674],[-91.225118,43.909128],[-91.230042,43.908979]],[[-91.209999,43.884732],[-91.197667,43.885005],[-91.198771,43.881732],[-91.196588,43.880906],[-91.205041,43.881182],[-91.20466,43.879731],[-91.202374,43.880387],[-91.203761,43.878701],[-91.202406,43.87736],[-91.201786,43.880419],[-91.199829,43.878511],[-91.200619,43.880466],[-91.189795,43.881094],[-91.189816,43.884393],[-91.191093,43.884407],[-91.189873,43.885882],[-91.190119,43.891485],[-91.195079,43.891433],[-91.195016,43.887797],[-91.208117,43.887919],[-91.209999,43.884732]],[[-91.209483,43.87684],[-91.20902,43.879408],[-91.207351,43.87868],[-91.20741,43.880399],[-91.205684,43.879719],[-91.205685,43.881175],[-91.209738,43.880465],[-91.209483,43.87684]],[[-91.181761,43.880882],[-91.180171,43.880893],[-91.179903,43.884513],[-91.178402,43.884566],[-91.179344,43.885953],[-91.175506,43.884666],[-91.169881,43.885724],[-91.170112,43.890063],[-91.171894,43.890848],[-91.171697,43.886738],[-91.174892,43.885364],[-91.180242,43.886331],[-91.181761,43.880882]],[[-91.174545,43.897661],[-91.173066,43.892089],[-91.170027,43.89209],[-91.170171,43.895729],[-91.172229,43.895662],[-91.173188,43.898736],[-91.174545,43.897661]],[[-91.169188,43.889236],[-91.164295,43.88833],[-91.164193,43.889966],[-91.16245,43.891625],[-91.164929,43.891594],[-91.165163,43.894356],[-91.166612,43.894458],[-91.169188,43.889236]],[[-91.168744,43.885968],[-91.16843,43.88492],[-91.168281,43.885267],[-91.16736,43.885293],[-91.163069,43.88732],[-91.168744,43.885968]],[[-91.164047,43.889767],[-91.163184,43.888884],[-91.162945,43.890337],[-91.164047,43.889767]]]}},{"type":"Feature","properties":{"NAME":"Holmen","state_abbr":"WI","state_name":"Wisconsin","ALAND":19726344},"geometry":{"type":"MultiPolygon","coordinates":[[[[-91.233823,43.928552],[-91.234409,43.929257],[-91.233565,43.929009],[-91.233823,43.928552]]],[[[-91.307712,43.995174],[-91.305588,43.998968],[-91.304117,43.998953],[-91.305786,44.009705],[-91.300794,44.009726],[-91.301934,44.01469],[-91.305871,44.015494],[-91.300864,44.016946],[-91.30087,44.020565],[-91.295866,44.020599],[-91.295883,44.024217],[-91.292191,44.024217],[-91.288905,44.018815],[-91.287827,44.022233],[-91.285448,44.022202],[-91.284867,44.018182],[-91.280904,44.018733],[-91.278134,44.016347],[-91.27933,44.014017],[-91.278289,44.009702],[-91.286159,44.009765],[-91.287199,44.01342],[-91.29077,44.013416],[-91.29075,44.010263],[-91.287114,44.010366],[-91.286919,44.002549],[-91.280522,44.002528],[-91.279095,43.998929],[-91.28062,43.998936],[-91.280583,43.995322],[-91.283658,43.99625],[-91.283651,43.994823],[-91.281484,43.994834],[-91.276833,43.984508],[-91.270462,43.984526],[-91.270453,43.980953],[-91.256243,43.981265],[-91.25449,43.980519],[-91.25411,43.977683],[-91.245558,43.977762],[-91.245594,43.97247],[-91.235614,43.972423],[-91.235647,43.968052],[-91.244285,43.966805],[-91.246461,43.967535],[-91.246574,43.969091],[-91.248092,43.969015],[-91.247897,43.966836],[-91.245616,43.966851],[-91.245612,43.965733],[-91.248078,43.963826],[-91.245587,43.961861],[-91.245219,43.963188],[-91.225665,43.963268],[-91.22569,43.956042],[-91.230696,43.956036],[-91.230608,43.952443],[-91.239974,43.952317],[-91.240666,43.95596],[-91.245561,43.955913],[-91.250324,43.952345],[-91.249243,43.948681],[-91.246535,43.948698],[-91.245336,43.94609],[-91.245083,43.941473],[-91.247355,43.941446],[-91.244204,43.939908],[-91.247763,43.939472],[-91.246264,43.937544],[-91.238998,43.937854],[-91.237131,43.930624],[-91.235398,43.929801],[-91.235338,43.927052],[-91.236875,43.927043],[-91.238427,43.929555],[-91.242718,43.930134],[-91.239125,43.930668],[-91.24337,43.930631],[-91.240886,43.923832],[-91.238203,43.923611],[-91.238732,43.921301],[-91.247979,43.923321],[-91.25056,43.927891],[-91.255579,43.926851],[-91.257839,43.930469],[-91.255488,43.9305],[-91.25535,43.933495],[-91.253809,43.933515],[-91.255281,43.934137],[-91.25632,43.940335],[-91.268125,43.941227],[-91.265106,43.944886],[-91.265019,43.942537],[-91.260027,43.942608],[-91.260081,43.944061],[-91.280221,43.95564],[-91.284666,43.960458],[-91.275978,43.959271],[-91.276028,43.962903],[-91.280301,43.962921],[-91.280397,43.965299],[-91.278647,43.965288],[-91.278663,43.96662],[-91.271819,43.966524],[-91.275372,43.967522],[-91.276582,43.968867],[-91.275645,43.970198],[-91.279602,43.969572],[-91.281743,43.971343],[-91.280484,43.972572],[-91.280478,43.984457],[-91.277318,43.984466],[-91.278568,43.987064],[-91.285521,43.987384],[-91.285564,43.991705],[-91.286894,43.991704],[-91.28779,43.995321],[-91.293164,43.995306],[-91.292402,43.997592],[-91.293238,43.995304],[-91.307712,43.995174]],[[-91.275434,43.973808],[-91.270381,43.973744],[-91.270433,43.976785],[-91.275453,43.977416],[-91.275434,43.973808]],[[-91.260205,43.947629],[-91.260954,43.945421],[-91.260123,43.945437],[-91.260205,43.947629]],[[-91.259988,43.944964],[-91.259046,43.944542],[-91.259062,43.944972],[-91.259988,43.944964]],[[-91.25454,43.977606],[-91.253076,43.977231],[-91.253135,43.977634],[-91.25454,43.977606]],[[-91.253931,43.97218],[-91.253268,43.971083],[-91.252877,43.972051],[-91.253931,43.97218]],[[-91.253408,43.972838],[-91.251367,43.973079],[-91.252732,43.974114],[-91.251123,43.973378],[-91.245954,43.974011],[-91.252852,43.974228],[-91.253408,43.972838]],[[-91.252815,43.933195],[-91.252066,43.931924],[-91.247505,43.931423],[-91.247387,43.933911],[-91.24896,43.934904],[-91.252815,43.933195]],[[-91.251837,43.943525],[-91.251129,43.941426],[-91.250066,43.941437],[-91.25012,43.943705],[-91.251837,43.943525]],[[-91.249199,43.944599],[-91.250106,43.944021],[-91.249184,43.944027],[-91.249199,43.944599]],[[-91.29077,44.013416],[-91.290806,44.017004],[-91.295837,44.016981],[-91.295788,44.01337],[-91.29077,44.013416]]]]}},{"type":"Feature","properties":{"NAME":"Pardeeville","state_abbr":"WI","state_name":"Wisconsin","ALAND":4985297},"geometry":{"type":"Polygon","coordinates":[[[-89.315796,43.524657],[-89.315768,43.546862],[-89.286067,43.546848],[-89.286275,43.525032],[-89.315796,43.524657]]]}},{"type":"Feature","properties":{"NAME":"Medford","state_abbr":"WI","state_name":"Wisconsin","ALAND":11647835},"geometry":{"type":"MultiPolygon","coordinates":[[[[-90.308289,45.147689],[-90.307527,45.149602],[-90.307518,45.1477],[-90.308289,45.147689]]],[[[-90.321502,45.113021],[-90.321481,45.116623],[-90.318897,45.11662],[-90.318879,45.12129],[-90.3163,45.121306],[-90.316336,45.124727],[-90.311203,45.124698],[-90.311917,45.121332],[-90.31371,45.121322],[-90.313736,45.114911],[-90.314706,45.114262],[-90.316336,45.116481],[-90.318077,45.115561],[-90.313751,45.113049],[-90.313946,45.105915],[-90.319011,45.10679],[-90.318929,45.113015],[-90.321502,45.113021]]],[[[-90.325619,45.13251],[-90.324851,45.134776],[-90.324816,45.132521],[-90.325619,45.13251]]],[[[-90.343323,45.155875],[-90.344455,45.156437],[-90.343288,45.156431],[-90.343323,45.155875]]],[[[-90.374709,45.13722],[-90.374618,45.14462],[-90.369462,45.144561],[-90.369377,45.148334],[-90.369139,45.146525],[-90.366843,45.146557],[-90.36688,45.144533],[-90.359029,45.144942],[-90.358409,45.149001],[-90.360148,45.148534],[-90.359238,45.152188],[-90.354769,45.152283],[-90.353267,45.148694],[-90.352968,45.150126],[-90.350944,45.150201],[-90.348904,45.14873],[-90.348759,45.151412],[-90.344329,45.152317],[-90.343323,45.155875],[-90.341734,45.155894],[-90.338584,45.155832],[-90.33826,45.159209],[-90.343105,45.159332],[-90.338242,45.159386],[-90.337923,45.162578],[-90.330221,45.162685],[-90.330723,45.159328],[-90.335727,45.158557],[-90.333527,45.15791],[-90.333886,45.155279],[-90.323371,45.156411],[-90.324014,45.152893],[-90.327864,45.152709],[-90.328477,45.149217],[-90.326834,45.148461],[-90.326831,45.145654],[-90.328987,45.1456],[-90.32868,45.143699],[-90.323889,45.145732],[-90.323188,45.142084],[-90.328244,45.14112],[-90.323441,45.138451],[-90.332785,45.137483],[-90.331448,45.135195],[-90.328838,45.134747],[-90.33197,45.134075],[-90.328641,45.12765],[-90.32952,45.1252],[-90.331033,45.12512],[-90.331095,45.122353],[-90.329865,45.121946],[-90.331625,45.12216],[-90.331509,45.125379],[-90.332913,45.125359],[-90.331493,45.125765],[-90.335591,45.125668],[-90.333933,45.120962],[-90.329199,45.120226],[-90.329229,45.117565],[-90.336983,45.116595],[-90.338484,45.120951],[-90.342892,45.120898],[-90.342753,45.118863],[-90.347042,45.119027],[-90.347211,45.120722],[-90.351919,45.120503],[-90.351921,45.123816],[-90.354713,45.123754],[-90.354894,45.116223],[-90.361928,45.114213],[-90.363782,45.115969],[-90.360063,45.116065],[-90.359962,45.120252],[-90.362522,45.121099],[-90.363993,45.130064],[-90.358504,45.130446],[-90.359184,45.137093],[-90.360554,45.135383],[-90.36368,45.136896],[-90.364451,45.13528],[-90.364456,45.136896],[-90.374709,45.13722]],[[-90.359827,45.121176],[-90.3586,45.120289],[-90.358655,45.121203],[-90.359827,45.121176]],[[-90.351921,45.123816],[-90.348589,45.12391],[-90.348303,45.125523],[-90.34852,45.123913],[-90.346069,45.123979],[-90.344204,45.129765],[-90.346598,45.130247],[-90.346074,45.127347],[-90.346476,45.128582],[-90.349511,45.127239],[-90.349845,45.128362],[-90.355069,45.128954],[-90.351338,45.128328],[-90.351923,45.126337],[-90.349567,45.126393],[-90.349552,45.124065],[-90.351921,45.123816]]]]}},{"type":"Feature","properties":{"NAME":"Wilton","state_abbr":"WI","state_name":"Wisconsin","ALAND":2307373},"geometry":{"type":"Polygon","coordinates":[[[-90.543006,43.812957],[-90.533109,43.813011],[-90.533613,43.822436],[-90.528657,43.820991],[-90.529373,43.820097],[-90.518646,43.820046],[-90.518114,43.812947],[-90.513132,43.81293],[-90.51311,43.808781],[-90.518072,43.808749],[-90.518049,43.804863],[-90.524321,43.808243],[-90.542903,43.808681],[-90.543006,43.812957]]]}},{"type":"Feature","properties":{"NAME":"Pulaski","state_abbr":"WI","state_name":"Wisconsin","ALAND":7348482},"geometry":{"type":"Polygon","coordinates":[[[-88.257211,44.664651],[-88.257073,44.667429],[-88.254385,44.667407],[-88.254296,44.669362],[-88.256974,44.669418],[-88.255011,44.670616],[-88.256903,44.670852],[-88.252402,44.674476],[-88.252562,44.679813],[-88.247625,44.679742],[-88.247686,44.684323],[-88.242935,44.682114],[-88.244218,44.679652],[-88.239806,44.680761],[-88.241032,44.68324],[-88.231257,44.683162],[-88.231432,44.679559],[-88.21641,44.680758],[-88.218947,44.679638],[-88.219209,44.673424],[-88.227935,44.674158],[-88.227976,44.672361],[-88.224615,44.672364],[-88.224443,44.670801],[-88.227036,44.670806],[-88.22682,44.668434],[-88.216505,44.667946],[-88.216313,44.665795],[-88.211204,44.665943],[-88.2111,44.664617],[-88.216192,44.664439],[-88.215465,44.653791],[-88.220455,44.653576],[-88.220327,44.650013],[-88.225311,44.649806],[-88.225942,44.660538],[-88.230827,44.660369],[-88.230437,44.657404],[-88.228279,44.656899],[-88.241635,44.656504],[-88.242987,44.657525],[-88.242833,44.660773],[-88.252392,44.660218],[-88.252242,44.663781],[-88.257211,44.664651]]]}},{"type":"Feature","properties":{"NAME":"Lodi","state_abbr":"WI","state_name":"Wisconsin","ALAND":4486855},"geometry":{"type":"Polygon","coordinates":[[[-89.561487,43.312366],[-89.551899,43.311558],[-89.551534,43.315176],[-89.54657,43.31524],[-89.546568,43.318335],[-89.541594,43.318398],[-89.541576,43.322573],[-89.546565,43.322517],[-89.546646,43.327441],[-89.544184,43.327389],[-89.540979,43.324256],[-89.539052,43.325315],[-89.541673,43.328523],[-89.53698,43.326289],[-89.538128,43.324401],[-89.536325,43.322625],[-89.534195,43.322645],[-89.534211,43.324457],[-89.526768,43.323219],[-89.526781,43.326327],[-89.521936,43.326372],[-89.521772,43.318737],[-89.517335,43.321037],[-89.516787,43.320334],[-89.521774,43.31785],[-89.521727,43.313649],[-89.52054,43.313285],[-89.521713,43.312578],[-89.521635,43.306732],[-89.52566,43.306468],[-89.527397,43.308168],[-89.529131,43.307145],[-89.561455,43.307772],[-89.561487,43.312366]]]}},{"type":"Feature","properties":{"NAME":"Poynette","state_abbr":"WI","state_name":"Wisconsin","ALAND":6654178},"geometry":{"type":"Polygon","coordinates":[[[-89.432561,43.388001],[-89.422623,43.388136],[-89.422867,43.398843],[-89.412849,43.398963],[-89.412889,43.402598],[-89.402903,43.402155],[-89.404298,43.406769],[-89.388252,43.406516],[-89.388115,43.398315],[-89.393026,43.3988],[-89.392874,43.395535],[-89.388075,43.395616],[-89.387964,43.389124],[-89.392835,43.38945],[-89.392769,43.380997],[-89.405619,43.380829],[-89.413928,43.37758],[-89.412584,43.38141],[-89.417468,43.380729],[-89.417562,43.384357],[-89.432479,43.384359],[-89.432561,43.388001]],[[-89.40283,43.39905],[-89.402667,43.395496],[-89.401307,43.395455],[-89.401112,43.399107],[-89.40283,43.39905]]]}},{"type":"Feature","properties":{"NAME":"Rio","state_abbr":"WI","state_name":"Wisconsin","ALAND":3247457},"geometry":{"type":"Polygon","coordinates":[[[-89.259868,43.456336],[-89.252986,43.456167],[-89.25612,43.458341],[-89.254459,43.459091],[-89.245082,43.452994],[-89.244911,43.456606],[-89.225841,43.456544],[-89.225743,43.44213],[-89.236878,43.441994],[-89.235588,43.438485],[-89.240488,43.438474],[-89.24013,43.442134],[-89.244756,43.442114],[-89.247457,43.445354],[-89.247835,43.44737],[-89.244773,43.447403],[-89.246322,43.4487],[-89.244791,43.448719],[-89.244803,43.451269],[-89.245736,43.449367],[-89.248415,43.449289],[-89.24941,43.452906],[-89.259827,43.452724],[-89.259868,43.456336]]]}},{"type":"Feature","properties":{"NAME":"Wyocena","state_abbr":"WI","state_name":"Wisconsin","ALAND":3714066},"geometry":{"type":"Polygon","coordinates":[[[-89.325456,43.488219],[-89.325499,43.495765],[-89.320552,43.494826],[-89.320638,43.502764],[-89.305758,43.502863],[-89.305751,43.500215],[-89.295937,43.499383],[-89.295718,43.484877],[-89.320414,43.484637],[-89.320466,43.488255],[-89.325456,43.488219]]]}},{"type":"Feature","properties":{"NAME":"Waupun","state_abbr":"WI","state_name":"Wisconsin","ALAND":12096187},"geometry":{"type":"MultiPolygon","coordinates":[[[[-88.720374,43.64064],[-88.719583,43.64072],[-88.719516,43.640403],[-88.720374,43.64064]]],[[[-88.77325,43.642716],[-88.773191,43.647572],[-88.765255,43.647599],[-88.765216,43.650596],[-88.759032,43.647568],[-88.744187,43.647393],[-88.744417,43.642162],[-88.743391,43.645781],[-88.739329,43.645795],[-88.738422,43.647604],[-88.73478,43.640378],[-88.729631,43.640381],[-88.734611,43.64258],[-88.73138,43.64298],[-88.732875,43.644],[-88.730159,43.643485],[-88.731208,43.645682],[-88.728554,43.646411],[-88.729351,43.647616],[-88.726884,43.647618],[-88.726799,43.654827],[-88.721797,43.654849],[-88.721855,43.651237],[-88.726749,43.651225],[-88.726769,43.647893],[-88.722313,43.647897],[-88.72237,43.645325],[-88.729431,43.645326],[-88.729541,43.641847],[-88.724555,43.64186],[-88.724516,43.643555],[-88.723005,43.643549],[-88.7236,43.642048],[-88.720315,43.642061],[-88.717323,43.643631],[-88.719358,43.641461],[-88.713762,43.644217],[-88.715001,43.636255],[-88.716885,43.633352],[-88.716148,43.630365],[-88.71827,43.62001],[-88.72471,43.621315],[-88.724689,43.61915],[-88.709594,43.619879],[-88.709606,43.616277],[-88.718667,43.615322],[-88.720225,43.608222],[-88.722561,43.605436],[-88.724773,43.605852],[-88.724893,43.607805],[-88.734695,43.608633],[-88.734675,43.620215],[-88.733479,43.619549],[-88.727281,43.623391],[-88.73498,43.623205],[-88.734974,43.618638],[-88.74508,43.613592],[-88.745077,43.622926],[-88.750099,43.622728],[-88.750058,43.625871],[-88.755107,43.625673],[-88.755009,43.628561],[-88.752815,43.629078],[-88.753023,43.630251],[-88.757959,43.627852],[-88.75829,43.629669],[-88.762857,43.629507],[-88.762889,43.631998],[-88.758303,43.632006],[-88.758302,43.633109],[-88.76401,43.633091],[-88.762241,43.63619],[-88.759675,43.636184],[-88.762995,43.636772],[-88.76261,43.642482],[-88.77325,43.642716]],[[-88.760109,43.642728],[-88.759307,43.639497],[-88.759173,43.643969],[-88.760109,43.642728]],[[-88.728469,43.60877],[-88.72483,43.608847],[-88.724716,43.612492],[-88.722963,43.612504],[-88.72299,43.614259],[-88.724707,43.614243],[-88.725891,43.611539],[-88.72837,43.611486],[-88.728469,43.60877]],[[-88.724073,43.627016],[-88.724779,43.624386],[-88.722547,43.624406],[-88.724031,43.624711],[-88.724073,43.627016]],[[-88.723278,43.624252],[-88.724747,43.622972],[-88.723263,43.623181],[-88.723278,43.624252]],[[-88.721665,43.640649],[-88.719488,43.640198],[-88.719686,43.636823],[-88.715723,43.636829],[-88.716282,43.640063],[-88.719594,43.641461],[-88.721665,43.640649]],[[-88.718948,43.630425],[-88.719657,43.630008],[-88.718949,43.630012],[-88.718948,43.630425]]]]}},{"type":"Feature","properties":{"NAME":"Fond du Lac","state_abbr":"WI","state_name":"Wisconsin","ALAND":49822378},"geometry":{"type":"Polygon","coordinates":[[[-88.497855,43.790919],[-88.492986,43.792097],[-88.495374,43.792213],[-88.495607,43.795605],[-88.49311,43.795505],[-88.49335,43.799179],[-88.48745,43.795412],[-88.476938,43.79522],[-88.476975,43.79642],[-88.470646,43.796892],[-88.470788,43.802847],[-88.472882,43.80642],[-88.470684,43.806404],[-88.4686,43.810571],[-88.464262,43.809977],[-88.463326,43.806367],[-88.426486,43.805708],[-88.425675,43.794618],[-88.425522,43.796912],[-88.412169,43.799784],[-88.412139,43.797875],[-88.407613,43.7979],[-88.407618,43.794708],[-88.384778,43.794192],[-88.388808,43.794609],[-88.388992,43.799217],[-88.394941,43.803399],[-88.391711,43.804744],[-88.382016,43.804692],[-88.381419,43.796343],[-88.376484,43.796371],[-88.373938,43.8002],[-88.371493,43.799668],[-88.371433,43.794355],[-88.366422,43.794407],[-88.366371,43.790775],[-88.371476,43.790735],[-88.371347,43.78351],[-88.383797,43.783571],[-88.383846,43.781372],[-88.378876,43.781058],[-88.37884,43.778544],[-88.381618,43.778537],[-88.381581,43.776261],[-88.384219,43.776285],[-88.384221,43.779082],[-88.39144,43.777709],[-88.391419,43.776349],[-88.388056,43.77632],[-88.389921,43.7678],[-88.397396,43.769005],[-88.397361,43.765518],[-88.401712,43.765554],[-88.401651,43.751024],[-88.41172,43.750129],[-88.41174,43.747584],[-88.414255,43.747596],[-88.414256,43.745613],[-88.420483,43.742756],[-88.421645,43.74417],[-88.420748,43.744882],[-88.42074,43.747033],[-88.420772,43.747033],[-88.420751,43.745366],[-88.42263,43.745084],[-88.421784,43.736558],[-88.425254,43.73655],[-88.436878,43.745421],[-88.431892,43.741314],[-88.431887,43.733278],[-88.443217,43.733365],[-88.442768,43.718738],[-88.452056,43.718825],[-88.450211,43.723798],[-88.452101,43.72383],[-88.451981,43.727558],[-88.448873,43.732764],[-88.449527,43.734439],[-88.446887,43.735372],[-88.452564,43.733506],[-88.454615,43.737025],[-88.44358,43.736979],[-88.449021,43.744865],[-88.451489,43.743653],[-88.450388,43.739471],[-88.457649,43.737426],[-88.455916,43.740391],[-88.457384,43.74133],[-88.453695,43.742451],[-88.455128,43.743367],[-88.454111,43.743871],[-88.452799,43.746531],[-88.449423,43.747222],[-88.452026,43.748506],[-88.453529,43.753655],[-88.455374,43.752786],[-88.453754,43.74891],[-88.455389,43.748901],[-88.454568,43.746259],[-88.458715,43.748478],[-88.45418,43.744401],[-88.457798,43.741397],[-88.456959,43.740633],[-88.45961,43.737033],[-88.460912,43.737035],[-88.460201,43.746947],[-88.461241,43.747863],[-88.467071,43.748505],[-88.467075,43.747046],[-88.461635,43.747761],[-88.461461,43.737033],[-88.457068,43.737026],[-88.457107,43.72978],[-88.462177,43.729772],[-88.462201,43.724796],[-88.467217,43.724808],[-88.467182,43.729821],[-88.472327,43.729844],[-88.472283,43.733466],[-88.467142,43.733446],[-88.466145,43.737046],[-88.468846,43.73824],[-88.467141,43.738913],[-88.467112,43.742136],[-88.469655,43.743087],[-88.469685,43.740651],[-88.477363,43.740671],[-88.48228,43.737816],[-88.482102,43.744361],[-88.49183,43.744561],[-88.488654,43.748151],[-88.484544,43.74805],[-88.480155,43.754693],[-88.481905,43.755268],[-88.481923,43.758607],[-88.483797,43.758637],[-88.483796,43.762554],[-88.481009,43.762479],[-88.481423,43.770561],[-88.476916,43.769154],[-88.475789,43.769696],[-88.475798,43.767962],[-88.470159,43.767919],[-88.469387,43.769171],[-88.474429,43.769751],[-88.47504,43.76804],[-88.475044,43.769754],[-88.476918,43.769758],[-88.477563,43.771859],[-88.482005,43.771955],[-88.482297,43.76983],[-88.485308,43.769126],[-88.485331,43.777186],[-88.482898,43.777133],[-88.483933,43.775505],[-88.482648,43.773901],[-88.479647,43.77491],[-88.481993,43.775911],[-88.482014,43.777684],[-88.484367,43.777762],[-88.482128,43.784386],[-88.492426,43.784635],[-88.492646,43.788359],[-88.497736,43.788466],[-88.497855,43.790919]],[[-88.457112,43.754169],[-88.45574,43.753314],[-88.455764,43.754045],[-88.457112,43.754169]],[[-88.449745,43.750658],[-88.448961,43.750173],[-88.448938,43.750468],[-88.449745,43.750658]],[[-88.444595,43.757324],[-88.444025,43.756836],[-88.444027,43.757326],[-88.444595,43.757324]],[[-88.441774,43.757847],[-88.441571,43.756388],[-88.440837,43.757836],[-88.441774,43.757847]],[[-88.441721,43.752584],[-88.438995,43.7523],[-88.43804,43.752552],[-88.441721,43.752584]],[[-88.438734,43.754598],[-88.438033,43.753],[-88.437946,43.754817],[-88.438734,43.754598]],[[-88.426447,43.75408],[-88.4236,43.754803],[-88.424294,43.753414],[-88.422687,43.753393],[-88.421779,43.754873],[-88.425569,43.756276],[-88.426447,43.75408]],[[-88.424778,43.791338],[-88.424354,43.790803],[-88.424351,43.791331],[-88.424778,43.791338]],[[-88.422543,43.756171],[-88.421769,43.7556],[-88.421762,43.756174],[-88.422543,43.756171]],[[-88.421211,43.762223],[-88.413535,43.761972],[-88.413267,43.759347],[-88.411376,43.761633],[-88.416637,43.763389],[-88.421211,43.762223]],[[-88.413867,43.779522],[-88.412056,43.778428],[-88.411938,43.779468],[-88.413867,43.779522]],[[-88.411916,43.776606],[-88.41172,43.772513],[-88.407252,43.768213],[-88.404672,43.768234],[-88.40535,43.770464],[-88.403867,43.771546],[-88.403064,43.769186],[-88.399905,43.769171],[-88.401734,43.768317],[-88.39935,43.769167],[-88.39617,43.769142],[-88.396265,43.776393],[-88.411916,43.776606]],[[-88.411228,43.780426],[-88.408553,43.780376],[-88.408531,43.778762],[-88.405598,43.778466],[-88.405617,43.780938],[-88.408254,43.782251],[-88.410865,43.782299],[-88.411228,43.780426]],[[-88.396298,43.783702],[-88.391516,43.782226],[-88.389076,43.783612],[-88.396298,43.783702]],[[-88.385668,43.783584],[-88.386588,43.782462],[-88.386137,43.781213],[-88.385668,43.783584]]]}},{"type":"Feature","properties":{"NAME":"St. Cloud","state_abbr":"WI","state_name":"Wisconsin","ALAND":2384078},"geometry":{"type":"Polygon","coordinates":[[[-88.176368,43.833502],[-88.16131,43.833532],[-88.161187,43.815362],[-88.17612,43.815494],[-88.176368,43.833502]]]}},{"type":"Feature","properties":{"NAME":"Aniwa","state_abbr":"WI","state_name":"Wisconsin","ALAND":5500564},"geometry":{"type":"Polygon","coordinates":[[[-89.223735,45.022442],[-89.19399,45.02257],[-89.194268,45.000932],[-89.223478,45.000724],[-89.223735,45.022442]]]}},{"type":"Feature","properties":{"NAME":"Ontario","state_abbr":"WI","state_name":"Wisconsin","ALAND":2599981},"geometry":{"type":"Polygon","coordinates":[[[-90.607022,43.72961],[-90.587213,43.729526],[-90.587207,43.725827],[-90.584727,43.725807],[-90.584733,43.721991],[-90.582232,43.721966],[-90.582213,43.714825],[-90.602061,43.714759],[-90.602074,43.722038],[-90.604516,43.722039],[-90.604553,43.725934],[-90.607057,43.725985],[-90.607022,43.72961]]]}},{"type":"Feature","properties":{"NAME":"Readstown","state_abbr":"WI","state_name":"Wisconsin","ALAND":4432324},"geometry":{"type":"Polygon","coordinates":[[[-90.772547,43.438004],[-90.772387,43.452169],[-90.767336,43.452194],[-90.768431,43.458636],[-90.763894,43.460486],[-90.762786,43.4594],[-90.747615,43.459496],[-90.746842,43.438782],[-90.772547,43.438004]]]}},{"type":"Feature","properties":{"NAME":"Boscobel","state_abbr":"WI","state_name":"Wisconsin","ALAND":8402914},"geometry":{"type":"Polygon","coordinates":[[[-90.720727,43.135793],[-90.715741,43.136682],[-90.716,43.149636],[-90.709685,43.153246],[-90.705892,43.154924],[-90.705762,43.1484],[-90.695137,43.147755],[-90.690884,43.151553],[-90.690891,43.144073],[-90.695848,43.141298],[-90.681228,43.148211],[-90.68317,43.148255],[-90.681519,43.154395],[-90.682244,43.162746],[-90.678953,43.162705],[-90.672471,43.169874],[-90.663954,43.167416],[-90.656803,43.170435],[-90.656872,43.165115],[-90.676401,43.158735],[-90.676175,43.148128],[-90.673523,43.148078],[-90.67357,43.145278],[-90.67622,43.145262],[-90.676175,43.14342],[-90.680276,43.141115],[-90.676113,43.141161],[-90.676027,43.137305],[-90.680948,43.137357],[-90.681003,43.140699],[-90.685246,43.137828],[-90.686881,43.138772],[-90.686062,43.135852],[-90.690316,43.133798],[-90.690271,43.130141],[-90.690829,43.131483],[-90.695806,43.132212],[-90.695812,43.12651],[-90.69824,43.126516],[-90.698373,43.12443],[-90.700801,43.124976],[-90.702095,43.123281],[-90.702088,43.125182],[-90.705749,43.125213],[-90.706583,43.126544],[-90.706184,43.124228],[-90.718064,43.122495],[-90.713484,43.126531],[-90.71568,43.126538],[-90.715694,43.13204],[-90.720704,43.130157],[-90.720709,43.133335],[-90.715698,43.13253],[-90.715698,43.133609],[-90.720706,43.134336],[-90.720727,43.135793]],[[-90.695836,43.139745],[-90.695815,43.136064],[-90.694224,43.134199],[-90.688346,43.135727],[-90.690803,43.136544],[-90.688348,43.137543],[-90.68841,43.141226],[-90.695836,43.139745]],[[-90.691361,43.133812],[-90.690797,43.133522],[-90.690796,43.133815],[-90.691361,43.133812]]]}},{"type":"Feature","properties":{"NAME":"Cassville","state_abbr":"WI","state_name":"Wisconsin","ALAND":2689863},"geometry":{"type":"Polygon","coordinates":[[[-91.019949,42.72807],[-91.013961,42.729325],[-90.997832,42.718109],[-90.997482,42.720658],[-90.993621,42.720678],[-90.992923,42.718845],[-90.991281,42.721788],[-90.99119,42.72069],[-90.982662,42.72073],[-90.982699,42.713539],[-90.977828,42.713506],[-90.977819,42.71048],[-90.971513,42.706849],[-90.958108,42.70387],[-90.958168,42.702126],[-90.97749,42.706304],[-90.98314,42.705392],[-90.994555,42.714828],[-91.014641,42.724053],[-91.019949,42.72807]]]}},{"type":"Feature","properties":{"NAME":"Dickeyville","state_abbr":"WI","state_name":"Wisconsin","ALAND":2620720},"geometry":{"type":"Polygon","coordinates":[[[-90.602706,42.619988],[-90.602673,42.632181],[-90.597926,42.630894],[-90.597965,42.632765],[-90.588162,42.6345],[-90.589415,42.629971],[-90.583141,42.629854],[-90.584147,42.619236],[-90.577204,42.618128],[-90.575738,42.619935],[-90.575672,42.616258],[-90.578182,42.616268],[-90.578175,42.614458],[-90.583071,42.614474],[-90.588173,42.616287],[-90.589545,42.619873],[-90.602706,42.619988]]]}},{"type":"Feature","properties":{"NAME":"Fennimore","state_abbr":"WI","state_name":"Wisconsin","ALAND":4482141},"geometry":{"type":"Polygon","coordinates":[[[-90.665702,42.988374],[-90.660082,42.988381],[-90.660536,42.992027],[-90.65559,42.992021],[-90.653853,42.98837],[-90.650612,42.988364],[-90.650594,42.990212],[-90.645646,42.988375],[-90.645839,42.982518],[-90.641133,42.981076],[-90.641135,42.980729],[-90.630769,42.983471],[-90.630766,42.981161],[-90.625824,42.981181],[-90.62579,42.97128],[-90.627021,42.96992],[-90.625778,42.969922],[-90.625759,42.966593],[-90.63069,42.966591],[-90.630736,42.973881],[-90.63939,42.973862],[-90.639422,42.978581],[-90.638042,42.978624],[-90.64584,42.98239],[-90.645692,42.973848],[-90.654418,42.973858],[-90.65546,42.970246],[-90.665618,42.97022],[-90.665702,42.988374]]]}},{"type":"Feature","properties":{"NAME":"Lena","state_abbr":"WI","state_name":"Wisconsin","ALAND":2752622},"geometry":{"type":"Polygon","coordinates":[[[-88.062244,44.947696],[-88.061892,44.958459],[-88.031285,44.958058],[-88.031595,44.95085],[-88.038219,44.950872],[-88.041882,44.943946],[-88.041845,44.947383],[-88.046252,44.947411],[-88.048944,44.945653],[-88.04895,44.947464],[-88.062244,44.947696]]]}},{"type":"Feature","properties":{"NAME":"Oconto","state_abbr":"WI","state_name":"Wisconsin","ALAND":17561529},"geometry":{"type":"MultiPolygon","coordinates":[[[[-87.860435,44.859491],[-87.854289,44.859586],[-87.853919,44.8596],[-87.854372,44.857806],[-87.860295,44.857749],[-87.860435,44.859491]]],[[[-87.906538,44.878937],[-87.906325,44.906509],[-87.839809,44.9061],[-87.831125,44.895809],[-87.824804,44.89859],[-87.821221,44.899051],[-87.829928,44.895515],[-87.829107,44.894245],[-87.828573,44.895094],[-87.822329,44.898178],[-87.828571,44.894848],[-87.828012,44.8891],[-87.830927,44.886443],[-87.832778,44.886216],[-87.834059,44.888287],[-87.833792,44.886849],[-87.833088,44.886197],[-87.831946,44.885778],[-87.833779,44.884309],[-87.832887,44.880947],[-87.837897,44.880511],[-87.838112,44.878849],[-87.836529,44.878151],[-87.837514,44.877548],[-87.906538,44.878937]]]]}},{"type":"Feature","properties":{"NAME":"Oconto Falls","state_abbr":"WI","state_name":"Wisconsin","ALAND":7021247},"geometry":{"type":"Polygon","coordinates":[[[-88.162116,44.857964],[-88.161526,44.883152],[-88.152757,44.882885],[-88.157431,44.886662],[-88.146106,44.886321],[-88.145872,44.893549],[-88.142989,44.893491],[-88.142519,44.891204],[-88.140909,44.891174],[-88.140963,44.888734],[-88.135864,44.888658],[-88.135923,44.886223],[-88.138082,44.885082],[-88.125848,44.882496],[-88.125931,44.878725],[-88.131037,44.87876],[-88.131154,44.875287],[-88.126045,44.875254],[-88.126309,44.865326],[-88.124859,44.864431],[-88.131446,44.864332],[-88.131698,44.85765],[-88.135422,44.858033],[-88.141577,44.861695],[-88.146762,44.861031],[-88.146639,44.864575],[-88.150946,44.864702],[-88.151869,44.861183],[-88.156952,44.861333],[-88.157017,44.859557],[-88.16194,44.85971],[-88.162116,44.857964]]]}},{"type":"Feature","properties":{"NAME":"Kingston","state_abbr":"WI","state_name":"Wisconsin","ALAND":3380122},"geometry":{"type":"Polygon","coordinates":[[[-89.146628,43.683307],[-89.146574,43.690555],[-89.141554,43.690645],[-89.141521,43.694673],[-89.139009,43.695016],[-89.138927,43.70155],[-89.126432,43.701781],[-89.126425,43.704522],[-89.11623,43.704522],[-89.116391,43.689958],[-89.126516,43.689965],[-89.126538,43.683584],[-89.146628,43.683307]]]}},{"type":"Feature","properties":{"NAME":"Markesan","state_abbr":"WI","state_name":"Wisconsin","ALAND":6019665},"geometry":{"type":"MultiPolygon","coordinates":[[[[-88.981604,43.729819],[-88.981602,43.729627],[-88.981859,43.729624],[-88.981604,43.729819]]],[[[-88.983112,43.73089],[-88.98179,43.731087],[-88.982955,43.727899],[-88.983075,43.727898],[-88.983112,43.73089]]],[[[-88.989644,43.698472],[-88.988802,43.69888],[-88.98881,43.698521],[-88.989644,43.698472]]],[[[-89.006054,43.720299],[-88.991592,43.720552],[-88.991936,43.727834],[-88.990834,43.727857],[-88.987943,43.727868],[-88.990329,43.726516],[-88.990684,43.720559],[-88.975502,43.720741],[-88.975641,43.698968],[-88.991374,43.698898],[-88.990785,43.697047],[-88.99585,43.69702],[-88.995823,43.69888],[-89.00591,43.698829],[-89.006054,43.720299]]]]}},{"type":"Feature","properties":{"NAME":"Lake Geneva","state_abbr":"WI","state_name":"Wisconsin","ALAND":17773181},"geometry":{"type":"MultiPolygon","coordinates":[[[[-88.408299,42.560297],[-88.398504,42.560325],[-88.398425,42.556672],[-88.404609,42.556725],[-88.408299,42.560297]]],[[[-88.459045,42.595524],[-88.459024,42.597305],[-88.457832,42.597279],[-88.457772,42.595461],[-88.459045,42.595524]]],[[[-88.4594,42.549946],[-88.452686,42.550173],[-88.452699,42.555067],[-88.444256,42.55753],[-88.442967,42.555876],[-88.442616,42.559749],[-88.439135,42.561223],[-88.439958,42.562456],[-88.433224,42.562966],[-88.433302,42.565801],[-88.43715,42.565865],[-88.437442,42.571606],[-88.428511,42.57236],[-88.428519,42.573618],[-88.427579,42.573642],[-88.428148,42.570748],[-88.426982,42.570766],[-88.427513,42.572978],[-88.42614,42.573616],[-88.436191,42.574613],[-88.437511,42.57226],[-88.440026,42.573763],[-88.440045,42.576258],[-88.434672,42.582491],[-88.432791,42.587374],[-88.435046,42.590223],[-88.438633,42.591198],[-88.445168,42.589792],[-88.450219,42.584773],[-88.450758,42.582115],[-88.453629,42.580623],[-88.455102,42.582961],[-88.452874,42.582805],[-88.454631,42.58397],[-88.452874,42.583477],[-88.453608,42.596396],[-88.452108,42.6064],[-88.446636,42.605537],[-88.445432,42.6062],[-88.447193,42.608997],[-88.438236,42.608948],[-88.438297,42.606812],[-88.436463,42.606787],[-88.43693,42.60452],[-88.43329,42.60418],[-88.433008,42.610102],[-88.438168,42.610873],[-88.438004,42.614772],[-88.433985,42.614714],[-88.425237,42.612047],[-88.42199,42.608833],[-88.423494,42.607028],[-88.419554,42.606127],[-88.412356,42.596753],[-88.407796,42.596715],[-88.405825,42.595187],[-88.394287,42.595535],[-88.394323,42.589355],[-88.405567,42.589468],[-88.394705,42.582068],[-88.399162,42.582116],[-88.3989,42.574837],[-88.411026,42.574767],[-88.413719,42.577235],[-88.413625,42.574716],[-88.411724,42.57475],[-88.413322,42.568511],[-88.416207,42.569895],[-88.414931,42.56745],[-88.428467,42.567316],[-88.42833,42.560055],[-88.418991,42.559413],[-88.42231,42.554476],[-88.431785,42.555455],[-88.430253,42.558516],[-88.433166,42.560055],[-88.432971,42.545555],[-88.458814,42.545706],[-88.4594,42.549946]],[[-88.445317,42.606003],[-88.446428,42.604212],[-88.444287,42.604472],[-88.445317,42.606003]],[[-88.429457,42.606715],[-88.428786,42.605366],[-88.426474,42.607051],[-88.428672,42.605589],[-88.429457,42.606715]],[[-88.422276,42.579812],[-88.423724,42.579013],[-88.421592,42.579013],[-88.422276,42.579812]],[[-88.423703,42.58237],[-88.421533,42.581782],[-88.422797,42.580402],[-88.41756,42.580318],[-88.419798,42.582369],[-88.423703,42.58237]],[[-88.423658,42.587904],[-88.422282,42.58739],[-88.421724,42.58788],[-88.423658,42.587904]],[[-88.422441,42.586716],[-88.421826,42.586023],[-88.421837,42.5867],[-88.422441,42.586716]],[[-88.421801,42.591164],[-88.420688,42.590078],[-88.420677,42.59116],[-88.421801,42.591164]],[[-88.419512,42.591918],[-88.419383,42.585967],[-88.416961,42.58595],[-88.417575,42.589592],[-88.415748,42.589549],[-88.415683,42.592832],[-88.419512,42.591918]],[[-88.418259,42.576544],[-88.419238,42.576096],[-88.418231,42.576133],[-88.418259,42.576544]],[[-88.41932,42.582368],[-88.41841,42.581534],[-88.417645,42.581525],[-88.418034,42.582366],[-88.41932,42.582368]],[[-88.418199,42.574007],[-88.416506,42.57348],[-88.416541,42.574657],[-88.417417,42.574638],[-88.418199,42.574007]],[[-88.416292,42.58234],[-88.415601,42.581089],[-88.415576,42.582329],[-88.416292,42.58234]],[[-88.414727,42.582316],[-88.413834,42.58029],[-88.412944,42.582291],[-88.414727,42.582316]],[[-88.409109,42.591915],[-88.408366,42.589465],[-88.405625,42.589442],[-88.409109,42.591915]]]]}},{"type":"Feature","properties":{"NAME":"Eland","state_abbr":"WI","state_name":"Wisconsin","ALAND":5714561},"geometry":{"type":"Polygon","coordinates":[[[-89.224008,44.8563],[-89.223903,44.877957],[-89.194046,44.877763],[-89.193931,44.85594],[-89.224008,44.8563]]]}},{"type":"Feature","properties":{"NAME":"Stoddard","state_abbr":"WI","state_name":"Wisconsin","ALAND":1651019},"geometry":{"type":"Polygon","coordinates":[[[-91.227431,43.65053],[-91.22363,43.658377],[-91.224196,43.669339],[-91.217384,43.669302],[-91.216289,43.672092],[-91.217667,43.673528],[-91.213274,43.673926],[-91.212933,43.670031],[-91.211177,43.669168],[-91.21428,43.668877],[-91.214196,43.666661],[-91.20919,43.665655],[-91.208896,43.65838],[-91.21194,43.658412],[-91.210522,43.657589],[-91.211681,43.656758],[-91.216373,43.658377],[-91.216297,43.656574],[-91.222607,43.656241],[-91.224987,43.647148],[-91.226469,43.647348],[-91.227431,43.65053]],[[-91.226489,43.651812],[-91.226269,43.650983],[-91.226112,43.651798],[-91.226489,43.651812]]]}},{"type":"Feature","properties":{"NAME":"Viroqua","state_abbr":"WI","state_name":"Wisconsin","ALAND":11516188},"geometry":{"type":"Polygon","coordinates":[[[-90.909694,43.584274],[-90.893944,43.579812],[-90.893913,43.58207],[-90.888996,43.582047],[-90.889013,43.585721],[-90.879123,43.585599],[-90.879069,43.578412],[-90.869112,43.578364],[-90.869058,43.576582],[-90.874085,43.577491],[-90.877049,43.574737],[-90.868979,43.574686],[-90.869081,43.571168],[-90.87906,43.571158],[-90.879053,43.567481],[-90.86916,43.567537],[-90.868648,43.545765],[-90.87003,43.545787],[-90.868608,43.54449],[-90.868419,43.538582],[-90.877449,43.538703],[-90.87527,43.536792],[-90.871181,43.536596],[-90.871187,43.535168],[-90.875418,43.535131],[-90.877312,43.537758],[-90.883443,43.536663],[-90.883491,43.538808],[-90.888473,43.538881],[-90.88861,43.544605],[-90.889628,43.543497],[-90.891655,43.546058],[-90.903667,43.545871],[-90.903988,43.55825],[-90.907141,43.558212],[-90.90717,43.560138],[-90.909524,43.560096],[-90.909673,43.561907],[-90.907213,43.56194],[-90.90701,43.567369],[-90.894124,43.567547],[-90.893839,43.575662],[-90.909709,43.58216],[-90.909694,43.584274]],[[-90.889276,43.545185],[-90.888613,43.544987],[-90.888631,43.545198],[-90.889276,43.545185]],[[-90.884073,43.546023],[-90.884832,43.545549],[-90.884056,43.545242],[-90.884073,43.546023]],[[-90.880214,43.542484],[-90.878486,43.540491],[-90.878541,43.542329],[-90.87355,43.542245],[-90.873661,43.545849],[-90.878677,43.545942],[-90.878584,43.54285],[-90.880214,43.542484]]]}},{"type":"Feature","properties":{"NAME":"Westby","state_abbr":"WI","state_name":"Wisconsin","ALAND":6976340},"geometry":{"type":"Polygon","coordinates":[[[-90.879914,43.653671],[-90.869876,43.652889],[-90.870148,43.664435],[-90.860069,43.664393],[-90.860118,43.668061],[-90.852681,43.667473],[-90.850069,43.668005],[-90.850113,43.670817],[-90.842447,43.670486],[-90.846864,43.664362],[-90.844939,43.664377],[-90.844475,43.639027],[-90.867414,43.639051],[-90.869594,43.636049],[-90.867976,43.63905],[-90.869669,43.639048],[-90.869802,43.64634],[-90.879794,43.646382],[-90.879914,43.653671]]]}},{"type":"Feature","properties":{"NAME":"Plum City","state_abbr":"WI","state_name":"Wisconsin","ALAND":2698591},"geometry":{"type":"Polygon","coordinates":[[[-92.205279,44.630055],[-92.195171,44.629983],[-92.195386,44.647752],[-92.185338,44.64773],[-92.185012,44.622704],[-92.200211,44.622847],[-92.200195,44.626437],[-92.203091,44.62562],[-92.205279,44.630055]]]}},{"type":"Feature","properties":{"NAME":"Lancaster","state_abbr":"WI","state_name":"Wisconsin","ALAND":7791409},"geometry":{"type":"Polygon","coordinates":[[[-90.724328,42.857507],[-90.709433,42.857383],[-90.709189,42.861007],[-90.710888,42.863325],[-90.709725,42.864683],[-90.704496,42.864664],[-90.70454,42.857311],[-90.699815,42.857268],[-90.699784,42.858408],[-90.697273,42.857226],[-90.697234,42.859515],[-90.701171,42.859552],[-90.70117,42.861425],[-90.697005,42.861799],[-90.696793,42.86458],[-90.689682,42.864466],[-90.690377,42.860351],[-90.69219,42.860373],[-90.692201,42.857171],[-90.694663,42.857212],[-90.694482,42.849856],[-90.684764,42.84972],[-90.684631,42.842443],[-90.694294,42.842495],[-90.694123,42.835226],[-90.699098,42.835259],[-90.699037,42.831854],[-90.704034,42.831858],[-90.704049,42.833103],[-90.707948,42.834232],[-90.707444,42.832935],[-90.713914,42.832895],[-90.713953,42.835267],[-90.723846,42.835232],[-90.724328,42.857507]],[[-90.708758,42.835269],[-90.7081,42.834395],[-90.707163,42.834803],[-90.70753,42.835281],[-90.708758,42.835269]]]}},{"type":"Feature","properties":{"NAME":"Potosi","state_abbr":"WI","state_name":"Wisconsin","ALAND":4299226},"geometry":{"type":"Polygon","coordinates":[[[-90.731226,42.671092],[-90.728777,42.671166],[-90.728795,42.674865],[-90.726337,42.674628],[-90.72634,42.678423],[-90.725059,42.67804],[-90.720444,42.682128],[-90.721387,42.696698],[-90.703888,42.696912],[-90.705822,42.700057],[-90.701367,42.702202],[-90.694475,42.696813],[-90.699826,42.695681],[-90.698531,42.693576],[-90.69416,42.6939],[-90.691851,42.690398],[-90.692299,42.687427],[-90.69343,42.686322],[-90.695237,42.68824],[-90.701729,42.687867],[-90.697093,42.68761],[-90.697717,42.68515],[-90.701715,42.685745],[-90.701706,42.684377],[-90.696217,42.684238],[-90.696823,42.682164],[-90.719837,42.681368],[-90.724613,42.677558],[-90.721908,42.674831],[-90.723893,42.674842],[-90.723868,42.671234],[-90.72632,42.6712],[-90.726287,42.664573],[-90.731193,42.662223],[-90.731226,42.671092]]]}},{"type":"Feature","properties":{"NAME":"Tennyson","state_abbr":"WI","state_name":"Wisconsin","ALAND":1116393},"geometry":{"type":"Polygon","coordinates":[[[-90.694322,42.694845],[-90.693816,42.69677],[-90.691779,42.696732],[-90.691795,42.695297],[-90.680853,42.695227],[-90.680846,42.690581],[-90.67954,42.689913],[-90.680877,42.689344],[-90.680994,42.685717],[-90.679815,42.683927],[-90.682869,42.683576],[-90.682153,42.685018],[-90.683594,42.685779],[-90.691851,42.685742],[-90.691851,42.690398],[-90.694322,42.694845]]]}},{"type":"Feature","properties":{"NAME":"Cross Plains","state_abbr":"WI","state_name":"Wisconsin","ALAND":4871777},"geometry":{"type":"Polygon","coordinates":[[[-89.674077,43.110926],[-89.660908,43.111955],[-89.660157,43.113571],[-89.664263,43.114549],[-89.663127,43.117694],[-89.66006,43.117],[-89.660019,43.118783],[-89.655092,43.118737],[-89.655147,43.122423],[-89.650447,43.122411],[-89.65047,43.11869],[-89.647874,43.120577],[-89.64527,43.117164],[-89.645255,43.122381],[-89.640404,43.121268],[-89.640417,43.124399],[-89.63178,43.1282],[-89.631562,43.129708],[-89.625384,43.128308],[-89.625437,43.124318],[-89.628426,43.124908],[-89.627647,43.125995],[-89.632784,43.126004],[-89.635338,43.125077],[-89.635343,43.122287],[-89.622984,43.122938],[-89.623009,43.121437],[-89.625456,43.121482],[-89.625403,43.118006],[-89.630368,43.118549],[-89.630491,43.111259],[-89.635487,43.11146],[-89.635559,43.10557],[-89.640502,43.109844],[-89.651726,43.111702],[-89.650426,43.111098],[-89.650485,43.104365],[-89.660417,43.104298],[-89.660255,43.109674],[-89.661936,43.109622],[-89.66124,43.106833],[-89.662439,43.105846],[-89.66118,43.105062],[-89.665247,43.102467],[-89.66544,43.108009],[-89.670004,43.108052],[-89.670075,43.10559],[-89.672869,43.106086],[-89.674077,43.110926]],[[-89.635487,43.11146],[-89.635446,43.113251],[-89.637481,43.113325],[-89.637715,43.11155],[-89.635487,43.11146]]]}},{"type":"Feature","properties":{"NAME":"Hollandale","state_abbr":"WI","state_name":"Wisconsin","ALAND":1888152},"geometry":{"type":"Polygon","coordinates":[[[-89.947086,42.880005],[-89.947043,42.884571],[-89.942091,42.884598],[-89.942071,42.880899],[-89.937073,42.880918],[-89.93704,42.879065],[-89.927068,42.87906],[-89.926993,42.87543],[-89.922057,42.875417],[-89.921961,42.864461],[-89.925725,42.864469],[-89.926918,42.8718],[-89.929443,42.871801],[-89.929438,42.870032],[-89.935149,42.869758],[-89.935223,42.871802],[-89.941977,42.871771],[-89.942061,42.87905],[-89.947086,42.880005]]]}},{"type":"Feature","properties":{"NAME":"Tomah","state_abbr":"WI","state_name":"Wisconsin","ALAND":20371810},"geometry":{"type":"MultiPolygon","coordinates":[[[[-90.520214,43.954209],[-90.519842,43.954776],[-90.51946,43.954421],[-90.520214,43.954209]]],[[[-90.524837,43.996967],[-90.519803,43.997063],[-90.519701,43.993461],[-90.524747,43.99336],[-90.524837,43.996967]]],[[[-90.538597,43.993065],[-90.525081,43.991101],[-90.52492,43.989746],[-90.52722,43.989708],[-90.527142,43.986463],[-90.524617,43.986721],[-90.52466,43.990988],[-90.514685,43.988419],[-90.51968,43.989986],[-90.5197,43.992681],[-90.514702,43.994167],[-90.509676,43.993549],[-90.510345,43.995825],[-90.505255,43.995241],[-90.505282,43.996703],[-90.510379,43.996622],[-90.510427,44.000906],[-90.511928,43.997685],[-90.512642,44.00035],[-90.52493,44.00058],[-90.525003,44.004208],[-90.527327,44.004163],[-90.527488,44.005916],[-90.523542,44.006704],[-90.525071,44.007839],[-90.520029,44.007944],[-90.520073,44.010645],[-90.505445,44.010911],[-90.509997,44.012714],[-90.510043,44.015427],[-90.515085,44.015377],[-90.515103,44.018995],[-90.510067,44.019042],[-90.510095,44.022682],[-90.508462,44.023015],[-90.5098,44.024109],[-90.506744,44.024844],[-90.50654,44.02632],[-90.504776,44.026347],[-90.504583,44.022823],[-90.489972,44.022898],[-90.489972,44.015538],[-90.494915,44.015489],[-90.494835,44.012143],[-90.499937,44.013037],[-90.499931,44.011578],[-90.504313,44.011382],[-90.504431,44.009544],[-90.50192,44.009593],[-90.501999,44.008224],[-90.487351,44.006897],[-90.48725,44.002468],[-90.484795,44.00302],[-90.484755,44.001095],[-90.492229,44.001084],[-90.494565,43.987423],[-90.489875,43.989117],[-90.492363,43.986598],[-90.477802,43.99932],[-90.474727,43.999114],[-90.47464,43.994709],[-90.47168,43.998176],[-90.46462,43.995298],[-90.464468,43.986615],[-90.474499,43.987549],[-90.474608,43.980455],[-90.461679,43.978599],[-90.469646,43.974577],[-90.469664,43.973007],[-90.459576,43.972794],[-90.459522,43.968862],[-90.474587,43.969247],[-90.469718,43.967803],[-90.469747,43.965588],[-90.474666,43.96529],[-90.474679,43.969249],[-90.484826,43.968804],[-90.484815,43.971621],[-90.482756,43.972517],[-90.485601,43.97247],[-90.484935,43.968803],[-90.487507,43.96879],[-90.487773,43.972438],[-90.491119,43.971172],[-90.491149,43.972391],[-90.492651,43.972372],[-90.4919,43.970446],[-90.494862,43.970401],[-90.494815,43.965053],[-90.49354,43.965059],[-90.493578,43.96876],[-90.489526,43.968773],[-90.488703,43.965538],[-90.494787,43.962636],[-90.494782,43.961403],[-90.4973,43.961373],[-90.497324,43.965016],[-90.50481,43.964948],[-90.504727,43.959759],[-90.509843,43.959388],[-90.509852,43.957532],[-90.505901,43.957598],[-90.514835,43.953569],[-90.514874,43.957456],[-90.517148,43.957989],[-90.515582,43.96296],[-90.514878,43.960112],[-90.509865,43.960471],[-90.509373,43.964866],[-90.514918,43.964792],[-90.516127,43.968492],[-90.519917,43.968465],[-90.518643,43.975835],[-90.521399,43.973773],[-90.5244,43.978247],[-90.528763,43.974911],[-90.528728,43.976234],[-90.531111,43.975913],[-90.530101,43.974902],[-90.528145,43.974775],[-90.526687,43.974052],[-90.526685,43.972743],[-90.527644,43.971493],[-90.527258,43.970797],[-90.5274,43.970757],[-90.527796,43.971499],[-90.526842,43.973984],[-90.530811,43.974937],[-90.532996,43.976299],[-90.52921,43.97668],[-90.530469,43.979695],[-90.534241,43.9811],[-90.531639,43.981437],[-90.53478,43.981405],[-90.536033,43.990328],[-90.53854,43.990301],[-90.538597,43.993065]],[[-90.529673,43.986565],[-90.529085,43.985979],[-90.529096,43.98657],[-90.529673,43.986565]],[[-90.518375,44.004464],[-90.519884,44.003807],[-90.51835,44.003835],[-90.518375,44.004464]],[[-90.51668,44.010118],[-90.514979,44.009139],[-90.514992,44.010188],[-90.51668,44.010118]],[[-90.514972,44.008655],[-90.514913,44.004164],[-90.512624,44.004197],[-90.513219,44.008096],[-90.514972,44.008655]],[[-90.475449,43.993869],[-90.474625,43.993301],[-90.474627,43.99387],[-90.475449,43.993869]]]]}},{"type":"Feature","properties":{"NAME":"Patch Grove","state_abbr":"WI","state_name":"Wisconsin","ALAND":982094},"geometry":{"type":"Polygon","coordinates":[[[-90.977333,42.945426],[-90.973245,42.945425],[-90.97249,42.949074],[-90.972468,42.945441],[-90.967509,42.945421],[-90.967255,42.934723],[-90.977178,42.934827],[-90.977333,42.945426]]]}},{"type":"Feature","properties":{"NAME":"Butternut","state_abbr":"WI","state_name":"Wisconsin","ALAND":4092089},"geometry":{"type":"MultiPolygon","coordinates":[[[[-90.483451,46.009207],[-90.475616,46.009413],[-90.475381,46.002708],[-90.477881,46.002762],[-90.477966,46.006278],[-90.483331,46.006345],[-90.483451,46.009207]]],[[[-90.509535,46.002935],[-90.508721,46.024679],[-90.48822,46.02424],[-90.48896,46.002989],[-90.509535,46.002935]]]]}},{"type":"Feature","properties":{"NAME":"Butler","state_abbr":"WI","state_name":"Wisconsin","ALAND":2024156},"geometry":{"type":"Polygon","coordinates":[[[-88.077277,43.104738],[-88.075525,43.115595],[-88.07723,43.115594],[-88.0771,43.119184],[-88.065576,43.119095],[-88.066144,43.098289],[-88.071227,43.098398],[-88.071246,43.096426],[-88.076295,43.096627],[-88.076101,43.104639],[-88.077277,43.104738]]]}},{"type":"Feature","properties":{"NAME":"Pleasant Prairie","state_abbr":"WI","state_name":"Wisconsin","ALAND":86444324},"geometry":{"type":"Polygon","coordinates":[[[-87.9703,42.522377],[-87.966293,42.523888],[-87.96652,42.538391],[-87.961609,42.538359],[-87.961662,42.541272],[-87.951929,42.543967],[-87.952425,42.567719],[-87.919106,42.567015],[-87.919293,42.574165],[-87.911879,42.574102],[-87.911739,42.567036],[-87.887148,42.567069],[-87.889422,42.565812],[-87.889362,42.564094],[-87.890274,42.566587],[-87.892726,42.566505],[-87.892757,42.56176],[-87.886562,42.562671],[-87.888772,42.561211],[-87.886979,42.561169],[-87.887324,42.559921],[-87.891888,42.559999],[-87.894311,42.561018],[-87.894445,42.564206],[-87.897599,42.564198],[-87.897626,42.555454],[-87.889837,42.558355],[-87.890633,42.555913],[-87.879486,42.555636],[-87.879434,42.553496],[-87.875521,42.55339],[-87.874481,42.551886],[-87.87458,42.555507],[-87.879521,42.557023],[-87.876216,42.556834],[-87.874605,42.559133],[-87.878731,42.55925],[-87.878764,42.561189],[-87.869141,42.566147],[-87.873602,42.566302],[-87.874888,42.57005],[-87.868186,42.570061],[-87.868795,42.568513],[-87.865008,42.567986],[-87.868251,42.566291],[-87.86189,42.567975],[-87.860045,42.566241],[-87.859995,42.562627],[-87.86768,42.562675],[-87.868937,42.5573],[-87.866451,42.557251],[-87.86685,42.554923],[-87.854882,42.554358],[-87.854631,42.548053],[-87.862695,42.549407],[-87.865581,42.547225],[-87.864445,42.545366],[-87.866576,42.544499],[-87.860454,42.544435],[-87.860405,42.54256],[-87.855592,42.54252],[-87.851236,42.544325],[-87.854535,42.545749],[-87.85117,42.545686],[-87.85121,42.544324],[-87.848991,42.544284],[-87.850923,42.543908],[-87.849411,42.538899],[-87.846964,42.538867],[-87.847048,42.541553],[-87.844322,42.541511],[-87.842684,42.544171],[-87.829775,42.543982],[-87.829712,42.542072],[-87.834623,42.542122],[-87.834578,42.540286],[-87.819748,42.540134],[-87.821826,42.558048],[-87.819941,42.558037],[-87.82015,42.556435],[-87.814032,42.556383],[-87.812298,42.550464],[-87.813487,42.532375],[-87.81172,42.518755],[-87.808479,42.507983],[-87.805025,42.502369],[-87.805602,42.499303],[-87.800477,42.49192],[-87.951031,42.494606],[-87.951315,42.512067],[-87.966082,42.51296],[-87.96612,42.514879],[-87.970163,42.514838],[-87.9703,42.522377]]]}},{"type":"Feature","properties":{"NAME":"Junction City","state_abbr":"WI","state_name":"Wisconsin","ALAND":3904717},"geometry":{"type":"Polygon","coordinates":[[[-89.787368,44.598407],[-89.787304,44.601948],[-89.763112,44.6019],[-89.763149,44.598289],[-89.751897,44.598398],[-89.752176,44.59075],[-89.75729,44.589306],[-89.757496,44.58354],[-89.762571,44.583586],[-89.762575,44.581783],[-89.76765,44.581823],[-89.767647,44.583632],[-89.777661,44.583671],[-89.777388,44.592363],[-89.782474,44.593421],[-89.777381,44.594498],[-89.777259,44.598321],[-89.787368,44.598407]]]}},{"type":"Feature","properties":{"NAME":"Plover","state_abbr":"WI","state_name":"Wisconsin","ALAND":27560039},"geometry":{"type":"MultiPolygon","coordinates":[[[[-89.590956,44.45999],[-89.589198,44.460795],[-89.589191,44.464937],[-89.573423,44.467176],[-89.564845,44.462404],[-89.557251,44.462324],[-89.554005,44.464951],[-89.554344,44.469076],[-89.559033,44.470401],[-89.561527,44.473735],[-89.575465,44.475888],[-89.576085,44.478835],[-89.567619,44.479829],[-89.567633,44.48157],[-89.548474,44.481811],[-89.54851,44.488337],[-89.54469,44.48792],[-89.54349,44.489944],[-89.533405,44.490065],[-89.533108,44.497384],[-89.528502,44.497356],[-89.528432,44.495578],[-89.522171,44.495605],[-89.52213,44.493878],[-89.519636,44.49386],[-89.5197,44.497433],[-89.508415,44.497442],[-89.508375,44.494171],[-89.503459,44.494206],[-89.50342,44.490403],[-89.508333,44.490237],[-89.509169,44.482971],[-89.511347,44.48295],[-89.512022,44.484417],[-89.513227,44.482936],[-89.51333,44.490212],[-89.523342,44.490156],[-89.523209,44.481683],[-89.518202,44.482925],[-89.518208,44.475637],[-89.523284,44.475605],[-89.523318,44.47308],[-89.528104,44.473627],[-89.52832,44.472024],[-89.518534,44.472009],[-89.518532,44.464645],[-89.508448,44.464819],[-89.508504,44.457182],[-89.498222,44.457197],[-89.49827,44.461552],[-89.488302,44.461826],[-89.488251,44.458085],[-89.493301,44.458006],[-89.49325,44.454377],[-89.500885,44.454177],[-89.500975,44.446868],[-89.488466,44.447193],[-89.488487,44.442628],[-89.498498,44.443308],[-89.498448,44.43245],[-89.518017,44.432144],[-89.518291,44.439353],[-89.528252,44.439317],[-89.528238,44.440936],[-89.528764,44.43561],[-89.531525,44.435616],[-89.531911,44.439277],[-89.544019,44.43917],[-89.543968,44.43554],[-89.549065,44.43549],[-89.549134,44.439136],[-89.569155,44.439031],[-89.569032,44.453579],[-89.572163,44.453601],[-89.572161,44.451275],[-89.577006,44.449959],[-89.576996,44.453147],[-89.574097,44.454347],[-89.574048,44.45725],[-89.58727,44.457202],[-89.590956,44.45999]],[[-89.528737,44.445077],[-89.527424,44.446566],[-89.518534,44.446624],[-89.518538,44.442992],[-89.508603,44.442732],[-89.508534,44.453973],[-89.518531,44.453985],[-89.518533,44.447512],[-89.528718,44.446901],[-89.528737,44.445077]],[[-89.524865,44.479232],[-89.52502,44.478288],[-89.524645,44.478663],[-89.524865,44.479232]],[[-89.508534,44.453973],[-89.506483,44.454025],[-89.506468,44.455446],[-89.508506,44.455401],[-89.508534,44.453973]]],[[[-89.611625,44.459929],[-89.606627,44.465089],[-89.606656,44.460833],[-89.598537,44.460817],[-89.598579,44.458992],[-89.594323,44.457186],[-89.611573,44.457181],[-89.611625,44.459929]]]]}},{"type":"Feature","properties":{"NAME":"Stevens Point","state_abbr":"WI","state_name":"Wisconsin","ALAND":44811260},"geometry":{"type":"Polygon","coordinates":[[[-89.607342,44.533609],[-89.602221,44.533582],[-89.60212,44.535108],[-89.600139,44.535161],[-89.600127,44.533637],[-89.595148,44.533763],[-89.595172,44.536297],[-89.602109,44.536549],[-89.602101,44.537201],[-89.595183,44.537365],[-89.595197,44.541069],[-89.590139,44.54112],[-89.590133,44.542902],[-89.600248,44.542679],[-89.600274,44.544496],[-89.590126,44.544726],[-89.590119,44.551143],[-89.584504,44.551973],[-89.583877,44.553255],[-89.58505,44.557105],[-89.579948,44.552168],[-89.579948,44.550184],[-89.574861,44.550192],[-89.574863,44.553801],[-89.570928,44.553808],[-89.569748,44.552017],[-89.569753,44.553884],[-89.568117,44.553917],[-89.569756,44.555624],[-89.559596,44.555827],[-89.55958,44.54843],[-89.553715,44.54825],[-89.549409,44.546341],[-89.5494,44.541536],[-89.555713,44.537743],[-89.553685,44.537465],[-89.55078,44.538809],[-89.55103,44.540049],[-89.550046,44.539083],[-89.5482,44.541197],[-89.548982,44.542435],[-89.544883,44.544991],[-89.541309,44.542719],[-89.538301,44.546099],[-89.544409,44.546059],[-89.544455,44.548798],[-89.532645,44.548842],[-89.530755,44.55055],[-89.532427,44.551573],[-89.528878,44.552473],[-89.525294,44.556132],[-89.524676,44.55977],[-89.529683,44.559755],[-89.527201,44.559555],[-89.529673,44.5594],[-89.529598,44.557356],[-89.527315,44.55733],[-89.533169,44.55551],[-89.539528,44.556104],[-89.539524,44.552468],[-89.544464,44.55243],[-89.544543,44.55967],[-89.539734,44.5597],[-89.539783,44.563322],[-89.532637,44.563371],[-89.535,44.564323],[-89.534813,44.566975],[-89.529832,44.565457],[-89.529777,44.563384],[-89.521847,44.56337],[-89.520857,44.562684],[-89.522842,44.559759],[-89.518442,44.560717],[-89.518243,44.563358],[-89.514806,44.563349],[-89.515861,44.559311],[-89.514611,44.559009],[-89.514532,44.561201],[-89.509634,44.561171],[-89.509637,44.563344],[-89.504807,44.56337],[-89.504318,44.542461],[-89.5093,44.54243],[-89.509267,44.538439],[-89.51673,44.5398],[-89.517855,44.537983],[-89.524385,44.537939],[-89.52425,44.534364],[-89.536878,44.534279],[-89.536762,44.527032],[-89.53929,44.527008],[-89.539309,44.524883],[-89.533097,44.523528],[-89.534289,44.529775],[-89.531743,44.529799],[-89.530592,44.531625],[-89.529306,44.531635],[-89.529185,44.525951],[-89.52383,44.527098],[-89.519305,44.524399],[-89.520729,44.527638],[-89.519155,44.527749],[-89.519188,44.530133],[-89.51726,44.531449],[-89.516317,44.527115],[-89.509173,44.52712],[-89.50916,44.529999],[-89.494122,44.530712],[-89.494057,44.529032],[-89.491531,44.529042],[-89.491555,44.530859],[-89.489035,44.530869],[-89.488965,44.52498],[-89.490423,44.523746],[-89.502097,44.523431],[-89.502087,44.522028],[-89.504099,44.522003],[-89.504066,44.517065],[-89.508869,44.516251],[-89.508582,44.51238],[-89.477367,44.511987],[-89.47782,44.498183],[-89.493022,44.498022],[-89.493084,44.499532],[-89.493684,44.497996],[-89.533529,44.497374],[-89.533584,44.500937],[-89.538614,44.500865],[-89.538522,44.497231],[-89.56903,44.497401],[-89.569198,44.494149],[-89.571126,44.497453],[-89.569531,44.493997],[-89.572554,44.493964],[-89.574452,44.497421],[-89.607142,44.497175],[-89.607342,44.533609]],[[-89.558321,44.534081],[-89.557384,44.53244],[-89.557191,44.534102],[-89.555798,44.534119],[-89.558263,44.534123],[-89.558229,44.537742],[-89.558321,44.534081]],[[-89.554468,44.532725],[-89.552086,44.532241],[-89.552087,44.533447],[-89.553462,44.534153],[-89.554468,44.532725]],[[-89.552062,44.533447],[-89.550393,44.534193],[-89.546186,44.530585],[-89.544539,44.531322],[-89.545673,44.532761],[-89.543099,44.533238],[-89.543104,44.534259],[-89.545671,44.533123],[-89.545315,44.534794],[-89.549414,44.53427],[-89.549413,44.535909],[-89.55098,44.535871],[-89.552062,44.533447]],[[-89.551055,44.537427],[-89.549864,44.536651],[-89.549347,44.537012],[-89.549371,44.5379],[-89.551055,44.537427]],[[-89.549992,44.525021],[-89.549467,44.514712],[-89.543557,44.514782],[-89.544292,44.516802],[-89.542584,44.51771],[-89.541736,44.523293],[-89.54433,44.523262],[-89.544421,44.525095],[-89.549992,44.525021]],[[-89.544286,44.535608],[-89.542195,44.535006],[-89.542178,44.534258],[-89.541865,44.534257],[-89.540143,44.537694],[-89.544286,44.535608]],[[-89.541346,44.512849],[-89.529392,44.512654],[-89.529118,44.51655],[-89.522376,44.51633],[-89.519405,44.512533],[-89.514136,44.512583],[-89.514161,44.518235],[-89.509127,44.516912],[-89.509134,44.522507],[-89.524197,44.521041],[-89.52511,44.523701],[-89.529188,44.52366],[-89.529089,44.522222],[-89.533311,44.522766],[-89.53332,44.519731],[-89.538569,44.519703],[-89.537259,44.516947],[-89.541346,44.512849]],[[-89.508535,44.504675],[-89.508392,44.501111],[-89.503622,44.501274],[-89.503738,44.504888],[-89.508535,44.504675]]]}},{"type":"Feature","properties":{"NAME":"Whiting","state_abbr":"WI","state_name":"Wisconsin","ALAND":4687011},"geometry":{"type":"Polygon","coordinates":[[[-89.588824,44.49722],[-89.574452,44.497421],[-89.572554,44.493964],[-89.569531,44.493997],[-89.571126,44.497453],[-89.569198,44.494149],[-89.569068,44.497397],[-89.538522,44.497231],[-89.538614,44.500865],[-89.533584,44.500937],[-89.533405,44.490065],[-89.54349,44.489944],[-89.54469,44.48792],[-89.54851,44.488337],[-89.548474,44.481811],[-89.567633,44.48157],[-89.567619,44.479829],[-89.576096,44.479784],[-89.574242,44.483953],[-89.57936,44.487902],[-89.578937,44.489922],[-89.577003,44.490385],[-89.586505,44.492722],[-89.588824,44.49722]]]}},{"type":"Feature","properties":{"NAME":"Elkhart Lake","state_abbr":"WI","state_name":"Wisconsin","ALAND":3455317},"geometry":{"type":"Polygon","coordinates":[[[-88.037795,43.830299],[-88.036669,43.833484],[-88.025347,43.833329],[-88.021449,43.835424],[-88.021269,43.840436],[-88.016533,43.8404],[-88.016549,43.841942],[-88.013645,43.843217],[-88.015337,43.843989],[-88.011661,43.843965],[-88.011704,43.846744],[-88.006835,43.847534],[-88.006652,43.832026],[-88.001723,43.832379],[-88.001543,43.822259],[-88.004704,43.826606],[-88.01156,43.830478],[-88.004721,43.825885],[-88.011493,43.826374],[-88.009978,43.818729],[-88.016195,43.820071],[-88.016237,43.816992],[-88.02112,43.815693],[-88.021142,43.819234],[-88.018513,43.820442],[-88.020216,43.823257],[-88.015957,43.828507],[-88.023659,43.830051],[-88.023946,43.831753],[-88.025645,43.82901],[-88.028399,43.831366],[-88.032668,43.832181],[-88.037795,43.830299]]]}},{"type":"Feature","properties":{"NAME":"Plymouth","state_abbr":"WI","state_name":"Wisconsin","ALAND":13883695},"geometry":{"type":"MultiPolygon","coordinates":[[[[-87.970884,43.735125],[-87.966139,43.734425],[-87.966122,43.732585],[-87.969221,43.732558],[-87.970884,43.735125]]],[[[-87.991273,43.762363],[-87.991243,43.766443],[-87.986219,43.766412],[-87.986765,43.762192],[-87.991273,43.762363]]],[[[-87.996224,43.757415],[-87.991239,43.757045],[-87.991885,43.761392],[-87.985407,43.761421],[-87.984278,43.756825],[-87.98328,43.758244],[-87.981982,43.75683],[-87.977227,43.756781],[-87.978135,43.757828],[-87.97633,43.75784],[-87.975182,43.759998],[-87.974455,43.756808],[-87.973128,43.756803],[-87.969097,43.760701],[-87.966455,43.760761],[-87.966388,43.756105],[-87.971381,43.756084],[-87.970318,43.754275],[-87.966367,43.754307],[-87.96519,43.755861],[-87.965159,43.754315],[-87.956417,43.754356],[-87.956285,43.750733],[-87.956342,43.754356],[-87.951401,43.75436],[-87.950666,43.760085],[-87.941463,43.755692],[-87.941408,43.751006],[-87.945318,43.750782],[-87.945282,43.747175],[-87.943641,43.746502],[-87.946347,43.746002],[-87.946275,43.740075],[-87.941309,43.73996],[-87.941291,43.73731],[-87.94021,43.737215],[-87.940791,43.739965],[-87.91603,43.74015],[-87.91602,43.737488],[-87.921228,43.737485],[-87.921227,43.735453],[-87.916011,43.734845],[-87.916006,43.732905],[-87.921233,43.73288],[-87.921226,43.731065],[-87.928756,43.730105],[-87.928752,43.732736],[-87.92626,43.732856],[-87.93723,43.73275],[-87.936229,43.725506],[-87.940785,43.725468],[-87.940909,43.731764],[-87.938792,43.731783],[-87.940691,43.733113],[-87.940736,43.737105],[-87.946262,43.737611],[-87.946257,43.736366],[-87.941288,43.736346],[-87.941159,43.728331],[-87.943368,43.728328],[-87.943362,43.727185],[-87.94113,43.727192],[-87.9411,43.725465],[-87.94558,43.725442],[-87.946312,43.732703],[-87.951221,43.732681],[-87.952491,43.733753],[-87.951239,43.7363],[-87.956189,43.734452],[-87.954039,43.732774],[-87.961134,43.732631],[-87.961189,43.738516],[-87.963695,43.738502],[-87.963679,43.736922],[-87.971144,43.737042],[-87.971332,43.734936],[-87.97493,43.739757],[-87.971651,43.734586],[-87.980168,43.736168],[-87.981129,43.739718],[-87.984274,43.739707],[-87.981108,43.735165],[-87.974491,43.734561],[-87.974471,43.732615],[-87.977394,43.732617],[-87.977443,43.734521],[-87.978747,43.734775],[-87.977432,43.732618],[-87.980495,43.732498],[-87.971103,43.73254],[-87.971123,43.734269],[-87.970226,43.731118],[-87.971111,43.731684],[-87.971143,43.72531],[-87.976105,43.725283],[-87.976104,43.728906],[-87.981082,43.729424],[-87.981105,43.734263],[-87.982383,43.73426],[-87.98134,43.731381],[-87.983585,43.731373],[-87.983924,43.728866],[-87.981082,43.728876],[-87.982419,43.72827],[-87.9824,43.725654],[-87.981085,43.727381],[-87.981066,43.725256],[-87.99051,43.725222],[-87.991108,43.732461],[-87.98977,43.732464],[-87.987363,43.743306],[-87.992348,43.743795],[-87.991223,43.754932],[-87.992236,43.753872],[-87.995691,43.755345],[-87.996224,43.757415]],[[-87.979767,43.734581],[-87.980159,43.733951],[-87.979762,43.733948],[-87.979767,43.734581]],[[-87.965814,43.740094],[-87.965234,43.739801],[-87.965246,43.740099],[-87.965814,43.740094]],[[-87.964301,43.740106],[-87.963507,43.739809],[-87.96351,43.740112],[-87.964301,43.740106]],[[-87.962292,43.741306],[-87.962477,43.740956],[-87.962286,43.740963],[-87.962292,43.741306]],[[-87.956331,43.748832],[-87.955774,43.748065],[-87.955784,43.748832],[-87.956331,43.748832]],[[-87.955658,43.748648],[-87.95561,43.74711],[-87.953452,43.747119],[-87.953468,43.74884],[-87.955658,43.748648]],[[-87.951236,43.739205],[-87.949131,43.73815],[-87.949178,43.739191],[-87.951236,43.739205]],[[-87.947683,43.748286],[-87.946604,43.74719],[-87.946622,43.748287],[-87.947683,43.748286]]],[[[-88.004141,43.746863],[-88.002219,43.746872],[-88.002223,43.745693],[-88.00414,43.745689],[-88.004141,43.746863]]],[[[-88.006247,43.772186],[-88.001264,43.77218],[-88.00124,43.775846],[-87.99648,43.775879],[-87.996566,43.768578],[-87.998064,43.76857],[-87.992146,43.76139],[-88.000106,43.761346],[-88.000092,43.760222],[-87.99753,43.76019],[-87.997754,43.758662],[-87.998927,43.758655],[-87.998896,43.756694],[-88.001228,43.757804],[-88.001261,43.764402],[-87.999419,43.76441],[-87.999415,43.765644],[-88.001347,43.765789],[-88.001262,43.768372],[-88.006229,43.768577],[-88.006247,43.772186]]]]}},{"type":"Feature","properties":{"NAME":"Sheboygan","state_abbr":"WI","state_name":"Wisconsin","ALAND":41399524},"geometry":{"type":"MultiPolygon","coordinates":[[[[-87.719638,43.694558],[-87.719479,43.697422],[-87.716982,43.697379],[-87.717005,43.694549],[-87.719638,43.694558]]],[[[-87.724302,43.703822],[-87.723684,43.704153],[-87.723689,43.703804],[-87.724302,43.703822]]],[[[-87.734581,43.718584],[-87.733527,43.719349],[-87.733522,43.718589],[-87.734581,43.718584]]],[[[-87.758386,43.750339],[-87.75822,43.751459],[-87.756276,43.75151],[-87.755904,43.750059],[-87.756889,43.751199],[-87.758386,43.750339]]],[[[-87.765106,43.758101],[-87.759657,43.757605],[-87.759676,43.755793],[-87.754627,43.756536],[-87.75391,43.763442],[-87.754591,43.761049],[-87.757056,43.761005],[-87.757705,43.762561],[-87.755964,43.763306],[-87.757746,43.76465],[-87.75452,43.764653],[-87.754628,43.767356],[-87.758358,43.767819],[-87.756017,43.770131],[-87.760704,43.77052],[-87.759629,43.772284],[-87.754443,43.771869],[-87.759633,43.773113],[-87.759797,43.782662],[-87.757191,43.782695],[-87.757794,43.785116],[-87.755258,43.785145],[-87.754595,43.774015],[-87.751299,43.774566],[-87.751767,43.773726],[-87.751218,43.771904],[-87.750364,43.771918],[-87.751109,43.772505],[-87.751254,43.774622],[-87.752104,43.775532],[-87.749547,43.775566],[-87.749788,43.782775],[-87.7359,43.784599],[-87.739873,43.784994],[-87.739936,43.786622],[-87.747397,43.786102],[-87.745582,43.787787],[-87.746906,43.790112],[-87.75004,43.790092],[-87.75022,43.797333],[-87.740249,43.797505],[-87.740185,43.793881],[-87.745141,43.793798],[-87.745104,43.79191],[-87.740153,43.792003],[-87.74266,43.791316],[-87.740209,43.790549],[-87.741468,43.788676],[-87.740016,43.788683],[-87.740078,43.790261],[-87.735156,43.790381],[-87.735117,43.792188],[-87.731554,43.79082],[-87.733178,43.790285],[-87.732004,43.788529],[-87.729328,43.790325],[-87.719838,43.789745],[-87.719773,43.78752],[-87.722468,43.786033],[-87.727823,43.78707],[-87.728226,43.788647],[-87.729552,43.788085],[-87.727791,43.785154],[-87.733805,43.784786],[-87.730283,43.777145],[-87.724864,43.775659],[-87.724264,43.778959],[-87.73086,43.779023],[-87.732667,43.782992],[-87.731521,43.784276],[-87.730294,43.782988],[-87.722525,43.782943],[-87.722551,43.785601],[-87.7201,43.785652],[-87.718973,43.787723],[-87.719288,43.785568],[-87.716827,43.786502],[-87.716225,43.782879],[-87.715301,43.785348],[-87.712603,43.783414],[-87.713172,43.78241],[-87.710933,43.783709],[-87.71142,43.781708],[-87.709899,43.782101],[-87.70229,43.769202],[-87.698541,43.765792],[-87.695813,43.765592],[-87.695739,43.762605],[-87.700792,43.760812],[-87.703016,43.756149],[-87.70272,43.754988],[-87.699466,43.754377],[-87.692578,43.749476],[-87.697408,43.752791],[-87.700819,43.750711],[-87.697875,43.752854],[-87.699693,43.754229],[-87.702365,43.753008],[-87.702864,43.748582],[-87.694739,43.748576],[-87.701576,43.748524],[-87.70408,43.746804],[-87.70793,43.741885],[-87.709903,43.735418],[-87.708281,43.723009],[-87.703964,43.712169],[-87.708101,43.712101],[-87.7102,43.713841],[-87.710189,43.716666],[-87.714539,43.7169],[-87.712898,43.707749],[-87.710472,43.70547],[-87.710597,43.701736],[-87.713138,43.701769],[-87.714336,43.703611],[-87.71307,43.703597],[-87.712582,43.706113],[-87.714769,43.706134],[-87.713784,43.704455],[-87.715531,43.704475],[-87.714443,43.703914],[-87.715627,43.701799],[-87.718167,43.701823],[-87.718169,43.7],[-87.715656,43.699978],[-87.716973,43.697701],[-87.727821,43.701225],[-87.724927,43.703728],[-87.724339,43.702618],[-87.720602,43.703269],[-87.720524,43.705483],[-87.723632,43.705823],[-87.724179,43.707326],[-87.726698,43.706677],[-87.727235,43.709234],[-87.730348,43.709287],[-87.730478,43.703955],[-87.728078,43.699895],[-87.728135,43.691027],[-87.723234,43.690943],[-87.723257,43.689076],[-87.719197,43.687503],[-87.709622,43.688914],[-87.709921,43.687072],[-87.702879,43.687035],[-87.708247,43.676193],[-87.71328,43.676245],[-87.713972,43.672652],[-87.720517,43.670497],[-87.720815,43.687263],[-87.725725,43.687355],[-87.725721,43.689319],[-87.728153,43.689206],[-87.728176,43.687397],[-87.740418,43.687601],[-87.74041,43.690391],[-87.739168,43.69039],[-87.740404,43.691388],[-87.7498,43.691744],[-87.753767,43.682673],[-87.759757,43.68286],[-87.759718,43.68834],[-87.755756,43.688288],[-87.755756,43.690176],[-87.759248,43.690227],[-87.759254,43.692049],[-87.756587,43.692006],[-87.754712,43.694724],[-87.746868,43.694816],[-87.747984,43.695898],[-87.745224,43.695852],[-87.745153,43.697835],[-87.747094,43.697928],[-87.746427,43.699447],[-87.759721,43.699791],[-87.759818,43.702892],[-87.764274,43.702967],[-87.760033,43.707085],[-87.758143,43.731047],[-87.749861,43.731112],[-87.753827,43.72824],[-87.755478,43.724663],[-87.739876,43.724809],[-87.739844,43.728565],[-87.743915,43.728542],[-87.74388,43.732093],[-87.749883,43.732041],[-87.749522,43.735826],[-87.747444,43.737531],[-87.74457,43.738384],[-87.744582,43.736279],[-87.741853,43.737069],[-87.742997,43.739921],[-87.751032,43.739918],[-87.750539,43.736174],[-87.757348,43.735678],[-87.758881,43.742164],[-87.756701,43.742908],[-87.758074,43.743544],[-87.744775,43.743272],[-87.753564,43.744629],[-87.753485,43.746626],[-87.757714,43.746503],[-87.754792,43.747168],[-87.754726,43.751913],[-87.756155,43.752704],[-87.754729,43.752826],[-87.754677,43.755812],[-87.760738,43.753707],[-87.762182,43.748942],[-87.765106,43.758101]],[[-87.750343,43.772315],[-87.749323,43.771859],[-87.747053,43.7719],[-87.744551,43.772367],[-87.744538,43.773144],[-87.750343,43.772315]],[[-87.748722,43.74672],[-87.747361,43.748461],[-87.746428,43.747775],[-87.74396,43.749027],[-87.744053,43.752762],[-87.744703,43.748671],[-87.747499,43.748546],[-87.748722,43.74672]],[[-87.748193,43.749691],[-87.747502,43.749002],[-87.748116,43.749695],[-87.748193,43.749691]],[[-87.746751,43.701255],[-87.745484,43.69943],[-87.744437,43.701043],[-87.746751,43.701255]],[[-87.742107,43.709278],[-87.740327,43.709207],[-87.740384,43.70514],[-87.731717,43.705664],[-87.731675,43.707456],[-87.734056,43.707493],[-87.734013,43.709339],[-87.742107,43.709278]],[[-87.741871,43.73994],[-87.739379,43.740996],[-87.739833,43.738036],[-87.738,43.738712],[-87.739237,43.741029],[-87.737355,43.740964],[-87.737388,43.742833],[-87.741871,43.73994]],[[-87.741445,43.710776],[-87.739976,43.710257],[-87.739969,43.710785],[-87.741445,43.710776]],[[-87.741217,43.713941],[-87.739336,43.713505],[-87.738197,43.717526],[-87.737933,43.715968],[-87.73017,43.71589],[-87.729899,43.717758],[-87.733339,43.717705],[-87.732568,43.719457],[-87.737639,43.719449],[-87.734912,43.719008],[-87.734926,43.717737],[-87.738389,43.717721],[-87.741217,43.713941]],[[-87.741194,43.6963],[-87.740401,43.695706],[-87.740395,43.696282],[-87.741194,43.6963]],[[-87.741186,43.698234],[-87.730528,43.698352],[-87.73052,43.702044],[-87.740391,43.701334],[-87.741186,43.698234]],[[-87.739619,43.695421],[-87.740404,43.694861],[-87.739621,43.694848],[-87.739619,43.695421]],[[-87.740398,43.702834],[-87.735442,43.702543],[-87.735413,43.704354],[-87.740391,43.704427],[-87.740398,43.702834]],[[-87.740393,43.692712],[-87.739532,43.692438],[-87.739532,43.692713],[-87.740393,43.692712]],[[-87.723562,43.70803],[-87.721748,43.705858],[-87.718511,43.706161],[-87.719142,43.707228],[-87.721657,43.706406],[-87.721451,43.70917],[-87.723562,43.70803]]]]}},{"type":"Feature","properties":{"NAME":"Sheboygan Falls","state_abbr":"WI","state_name":"Wisconsin","ALAND":14230364},"geometry":{"type":"Polygon","coordinates":[[[-87.870352,43.725806],[-87.870378,43.732985],[-87.865321,43.732987],[-87.86534,43.73664],[-87.86033,43.736616],[-87.860345,43.741662],[-87.857262,43.741052],[-87.857482,43.739804],[-87.853327,43.740251],[-87.853317,43.738848],[-87.851042,43.739737],[-87.850246,43.734561],[-87.845172,43.73462],[-87.843899,43.737537],[-87.845231,43.73906],[-87.850249,43.74008],[-87.84523,43.74002],[-87.845218,43.744593],[-87.842349,43.742234],[-87.842932,43.73689],[-87.834923,43.733004],[-87.830131,43.732855],[-87.830088,43.735801],[-87.827501,43.736724],[-87.835151,43.736491],[-87.835136,43.739894],[-87.830053,43.738933],[-87.830007,43.750307],[-87.820627,43.749594],[-87.820122,43.747083],[-87.815553,43.746988],[-87.815205,43.745822],[-87.814793,43.747007],[-87.80681,43.746882],[-87.806852,43.743234],[-87.800141,43.743132],[-87.800193,43.726117],[-87.803045,43.723984],[-87.802523,43.721494],[-87.804563,43.720553],[-87.800206,43.717995],[-87.802202,43.717653],[-87.802551,43.71588],[-87.800627,43.716126],[-87.802168,43.715169],[-87.80024,43.714082],[-87.800186,43.710762],[-87.802763,43.711072],[-87.802896,43.703197],[-87.814481,43.703056],[-87.813947,43.705638],[-87.811296,43.706728],[-87.820726,43.706641],[-87.820077,43.709068],[-87.804776,43.710953],[-87.818631,43.710989],[-87.815943,43.714898],[-87.816205,43.717926],[-87.82112,43.717978],[-87.822349,43.721253],[-87.825514,43.722272],[-87.825696,43.720068],[-87.835694,43.719246],[-87.839343,43.717405],[-87.845313,43.718238],[-87.845301,43.720056],[-87.850333,43.718284],[-87.850295,43.724602],[-87.855328,43.72468],[-87.85534,43.721205],[-87.857852,43.721225],[-87.857844,43.725618],[-87.863705,43.724302],[-87.86542,43.724361],[-87.865356,43.725753],[-87.870352,43.725806]],[[-87.85264,43.72995],[-87.850256,43.729945],[-87.848489,43.732845],[-87.852627,43.732905],[-87.85264,43.72995]],[[-87.834162,43.724929],[-87.83178,43.723561],[-87.831755,43.72192],[-87.829575,43.722836],[-87.831719,43.723793],[-87.831181,43.725352],[-87.834162,43.724929]],[[-87.827706,43.72338],[-87.825359,43.723109],[-87.826201,43.724114],[-87.824875,43.72529],[-87.827384,43.725315],[-87.827706,43.72338]],[[-87.822117,43.722549],[-87.821262,43.720664],[-87.820199,43.719028],[-87.820134,43.722336],[-87.822117,43.722549]]]}},{"type":"Feature","properties":{"NAME":"Waldo","state_abbr":"WI","state_name":"Wisconsin","ALAND":2520870},"geometry":{"type":"Polygon","coordinates":[[[-87.960726,43.682717],[-87.938017,43.681913],[-87.936499,43.68305],[-87.937521,43.681921],[-87.934518,43.681948],[-87.934523,43.671035],[-87.960565,43.671001],[-87.959573,43.679296],[-87.960726,43.682717]]]}},{"type":"Feature","properties":{"NAME":"Genoa City","state_abbr":"WI","state_name":"Wisconsin","ALAND":6858154},"geometry":{"type":"MultiPolygon","coordinates":[[[[-88.316456,42.501402],[-88.316295,42.513472],[-88.314713,42.513466],[-88.313827,42.516513],[-88.316039,42.516654],[-88.314884,42.528745],[-88.314768,42.521075],[-88.312259,42.521084],[-88.31229,42.516532],[-88.297867,42.516563],[-88.297762,42.509281],[-88.304791,42.509255],[-88.304692,42.498319],[-88.299816,42.498341],[-88.302734,42.494622],[-88.311279,42.494618],[-88.313163,42.496914],[-88.308638,42.498417],[-88.315522,42.498255],[-88.316456,42.501402]],[[-88.315686,42.499375],[-88.314567,42.499126],[-88.314574,42.499382],[-88.315686,42.499375]],[[-88.314572,42.500121],[-88.315324,42.499593],[-88.314561,42.499573],[-88.314572,42.500121]],[[-88.313897,42.504049],[-88.314594,42.502279],[-88.313834,42.502311],[-88.313897,42.504049]]],[[[-88.316571,42.494619],[-88.315594,42.497259],[-88.311918,42.494617],[-88.316571,42.494619]]],[[[-88.3489,42.508222],[-88.339091,42.50736],[-88.339092,42.50919],[-88.324456,42.509199],[-88.324548,42.51581],[-88.319607,42.516492],[-88.31968,42.520129],[-88.324609,42.52012],[-88.324664,42.523771],[-88.318475,42.523803],[-88.318632,42.528013],[-88.316186,42.528637],[-88.317952,42.516493],[-88.31764,42.500591],[-88.319471,42.498571],[-88.317625,42.494619],[-88.339093,42.494618],[-88.339089,42.50556],[-88.347035,42.505652],[-88.3489,42.508222]]]]}},{"type":"Feature","properties":{"NAME":"Fairchild","state_abbr":"WI","state_name":"Wisconsin","ALAND":3767325},"geometry":{"type":"Polygon","coordinates":[[[-90.972986,44.596516],[-90.972799,44.610894],[-90.942414,44.610589],[-90.942643,44.596378],[-90.972986,44.596516]]]}},{"type":"Feature","properties":{"NAME":"Coleman","state_abbr":"WI","state_name":"Wisconsin","ALAND":3497449},"geometry":{"type":"Polygon","coordinates":[[[-88.049389,45.057593],[-88.04495,45.058149],[-88.045483,45.059941],[-88.043518,45.061728],[-88.049263,45.061871],[-88.049157,45.065393],[-88.044963,45.065253],[-88.044057,45.063055],[-88.043943,45.072548],[-88.038829,45.072493],[-88.038665,45.078067],[-88.043861,45.078116],[-88.0438,45.079751],[-88.033479,45.079654],[-88.033478,45.081452],[-88.038513,45.081498],[-88.038585,45.083307],[-88.03204,45.083262],[-88.032555,45.079639],[-88.028394,45.079597],[-88.028581,45.072365],[-88.02345,45.072327],[-88.023512,45.065568],[-88.022385,45.065182],[-88.023539,45.065191],[-88.023691,45.061448],[-88.039063,45.061655],[-88.039121,45.059648],[-88.044166,45.059725],[-88.043441,45.054519],[-88.034204,45.054374],[-88.034285,45.050757],[-88.044465,45.050932],[-88.044349,45.054543],[-88.049088,45.054626],[-88.049389,45.057593]]]}},{"type":"Feature","properties":{"NAME":"Niagara","state_abbr":"WI","state_name":"Wisconsin","ALAND":7153660},"geometry":{"type":"Polygon","coordinates":[[[-88.019289,45.792007],[-88.007043,45.792192],[-87.994539,45.795637],[-87.989831,45.794827],[-87.985687,45.789079],[-87.98087,45.776977],[-87.981789,45.775081],[-87.985597,45.774926],[-87.989656,45.772025],[-87.986429,45.769596],[-87.972662,45.766352],[-87.972637,45.76186],[-87.978053,45.762056],[-87.978108,45.765676],[-88.003721,45.765897],[-88.003721,45.769504],[-88.013785,45.769644],[-88.013857,45.776853],[-88.018899,45.776929],[-88.019289,45.792007]]]}},{"type":"Feature","properties":{"NAME":"Vesper","state_abbr":"WI","state_name":"Wisconsin","ALAND":2992490},"geometry":{"type":"Polygon","coordinates":[[[-89.979191,44.488918],[-89.960891,44.489061],[-89.960924,44.485391],[-89.955779,44.485301],[-89.956107,44.474429],[-89.964031,44.474501],[-89.963968,44.470868],[-89.973965,44.470807],[-89.97404,44.474468],[-89.979029,44.474409],[-89.978831,44.478559],[-89.974646,44.481077],[-89.976722,44.481723],[-89.97679,44.48525],[-89.979181,44.485203],[-89.979191,44.488918]]]}},{"type":"Feature","properties":{"NAME":"Sharon","state_abbr":"WI","state_name":"Wisconsin","ALAND":4480086},"geometry":{"type":"Polygon","coordinates":[[[-88.769317,42.506473],[-88.768683,42.516625],[-88.761401,42.513883],[-88.747251,42.514227],[-88.747251,42.510605],[-88.742095,42.510739],[-88.742298,42.509729],[-88.737307,42.510875],[-88.737323,42.509062],[-88.722589,42.509527],[-88.722693,42.504163],[-88.71753,42.504251],[-88.717484,42.496082],[-88.721683,42.498184],[-88.721403,42.50177],[-88.72268,42.501748],[-88.721798,42.493213],[-88.737109,42.492743],[-88.737223,42.499981],[-88.73834,42.499948],[-88.737304,42.504709],[-88.743463,42.507096],[-88.755335,42.506737],[-88.755345,42.507924],[-88.756949,42.506692],[-88.769317,42.506473]]]}},{"type":"Feature","properties":{"NAME":"Baldwin","state_abbr":"WI","state_name":"Wisconsin","ALAND":8342983},"geometry":{"type":"Polygon","coordinates":[[[-92.390166,44.963517],[-92.390162,44.970488],[-92.380018,44.968619],[-92.380022,44.970707],[-92.385124,44.970765],[-92.385169,44.977919],[-92.364656,44.977531],[-92.364547,44.971433],[-92.367734,44.971541],[-92.36747,44.967436],[-92.359419,44.966461],[-92.359372,44.955752],[-92.361919,44.955818],[-92.361907,44.952204],[-92.367022,44.952356],[-92.367022,44.949872],[-92.359381,44.948518],[-92.359451,44.939356],[-92.361217,44.939202],[-92.361172,44.942468],[-92.368103,44.941602],[-92.368067,44.940248],[-92.364539,44.939287],[-92.364543,44.937878],[-92.356821,44.937611],[-92.356839,44.934037],[-92.349387,44.933658],[-92.349411,44.930072],[-92.359526,44.930549],[-92.359557,44.926938],[-92.364599,44.927072],[-92.36463,44.935441],[-92.374775,44.933513],[-92.379866,44.934597],[-92.379909,44.938417],[-92.381712,44.938841],[-92.381716,44.941745],[-92.385036,44.941757],[-92.385064,44.945375],[-92.374973,44.945345],[-92.374935,44.947145],[-92.377655,44.947151],[-92.377657,44.949002],[-92.390157,44.950025],[-92.390151,44.952622],[-92.374911,44.953043],[-92.374949,44.956223],[-92.377536,44.956221],[-92.377535,44.963452],[-92.390166,44.963517]],[[-92.37619,44.944799],[-92.374935,44.944066],[-92.374956,44.944791],[-92.37619,44.944799]],[[-92.376162,44.949869],[-92.374915,44.948993],[-92.374936,44.949863],[-92.376162,44.949869]]]}},{"type":"Feature","properties":{"NAME":"Deer Park","state_abbr":"WI","state_name":"Wisconsin","ALAND":2345516},"geometry":{"type":"Polygon","coordinates":[[[-92.400905,45.194475],[-92.375661,45.194262],[-92.375135,45.18338],[-92.380031,45.183467],[-92.378487,45.174699],[-92.379645,45.174709],[-92.380243,45.183459],[-92.400481,45.183656],[-92.400905,45.194475]]]}},{"type":"Feature","properties":{"NAME":"Omro","state_abbr":"WI","state_name":"Wisconsin","ALAND":6341047},"geometry":{"type":"Polygon","coordinates":[[[-88.756204,44.021245],[-88.753992,44.05142],[-88.744867,44.051467],[-88.743808,44.05353],[-88.741875,44.053284],[-88.742192,44.047847],[-88.724865,44.049172],[-88.726086,44.047512],[-88.723982,44.049297],[-88.724059,44.044643],[-88.714047,44.044168],[-88.714073,44.041993],[-88.712179,44.042068],[-88.712193,44.040898],[-88.714107,44.039172],[-88.709095,44.039034],[-88.709159,44.033231],[-88.713057,44.033234],[-88.714143,44.036858],[-88.724209,44.036891],[-88.724291,44.033245],[-88.729382,44.033267],[-88.729398,44.031449],[-88.739603,44.029983],[-88.739677,44.026032],[-88.753882,44.025994],[-88.754944,44.019914],[-88.756204,44.021245]]]}},{"type":"Feature","properties":{"NAME":"Winneconne","state_abbr":"WI","state_name":"Wisconsin","ALAND":3841516},"geometry":{"type":"Polygon","coordinates":[[[-88.73363,44.105728],[-88.724973,44.105771],[-88.724983,44.103926],[-88.721952,44.104895],[-88.725471,44.110762],[-88.723627,44.111182],[-88.723638,44.113009],[-88.728651,44.112966],[-88.728639,44.116591],[-88.723633,44.116589],[-88.725777,44.119284],[-88.698617,44.11967],[-88.698757,44.121495],[-88.693758,44.12146],[-88.693718,44.11964],[-88.691265,44.119608],[-88.691097,44.112385],[-88.693576,44.112402],[-88.693562,44.109786],[-88.703477,44.107941],[-88.702321,44.105666],[-88.703643,44.105178],[-88.703604,44.097591],[-88.705639,44.098547],[-88.708659,44.105212],[-88.717491,44.103983],[-88.720926,44.098444],[-88.728589,44.098489],[-88.728605,44.102092],[-88.733592,44.102181],[-88.73363,44.105728]],[[-88.707368,44.105212],[-88.706476,44.103734],[-88.705758,44.1052],[-88.707368,44.105212]]]}},{"type":"Feature","properties":{"NAME":"Harrison","state_abbr":"WI","state_name":"Wisconsin","ALAND":82626819},"geometry":{"type":"MultiPolygon","coordinates":[[[[-88.303976,44.182549],[-88.303846,44.185275],[-88.297176,44.185043],[-88.297239,44.182314],[-88.303976,44.182549]]],[[[-88.354848,44.23947],[-88.354205,44.240406],[-88.354105,44.240451],[-88.354848,44.23947]]],[[[-88.362877,44.228943],[-88.362044,44.229723],[-88.36206,44.228944],[-88.362877,44.228943]]],[[[-88.363493,44.218113],[-88.364078,44.219259],[-88.363405,44.219264],[-88.363493,44.218113]]],[[[-88.36821,44.229255],[-88.36815,44.233746],[-88.363038,44.235865],[-88.363178,44.228919],[-88.36821,44.229255]]],[[[-88.377391,44.228117],[-88.376977,44.228839],[-88.376963,44.22812],[-88.377391,44.228117]]],[[[-88.386958,44.225233],[-88.387527,44.225397],[-88.38696,44.225649],[-88.386958,44.225233]]],[[[-88.393472,44.22281],[-88.388536,44.224938],[-88.388416,44.225619],[-88.388426,44.221519],[-88.393466,44.221547],[-88.393472,44.22281]]],[[[-88.393484,44.22301],[-88.392521,44.224907],[-88.38974,44.224606],[-88.393484,44.22301]]],[[[-88.404085,44.22375],[-88.402826,44.224064],[-88.402831,44.223708],[-88.404085,44.22375]]],[[[-88.404138,44.216046],[-88.404211,44.217235],[-88.402932,44.217211],[-88.404138,44.216046]]],[[[-88.404402,44.209475],[-88.404255,44.214848],[-88.403691,44.215021],[-88.401249,44.214061],[-88.404018,44.214212],[-88.403982,44.212272],[-88.39787,44.212246],[-88.39785,44.214305],[-88.396251,44.212134],[-88.390774,44.212926],[-88.389972,44.211604],[-88.389968,44.213246],[-88.387787,44.213245],[-88.387786,44.211435],[-88.384366,44.211027],[-88.383403,44.212386],[-88.38316,44.210857],[-88.374651,44.210857],[-88.374616,44.214468],[-88.378389,44.214454],[-88.378876,44.221529],[-88.370801,44.221595],[-88.370822,44.219532],[-88.368306,44.21955],[-88.368326,44.218094],[-88.370838,44.218085],[-88.370885,44.214469],[-88.373384,44.214473],[-88.373462,44.208956],[-88.363458,44.207762],[-88.363209,44.221727],[-88.367679,44.221696],[-88.368305,44.219612],[-88.368245,44.225301],[-88.370945,44.225271],[-88.370702,44.221676],[-88.373301,44.221662],[-88.373297,44.223659],[-88.374553,44.223648],[-88.374567,44.221649],[-88.382578,44.221592],[-88.381796,44.220157],[-88.383402,44.220081],[-88.385527,44.220919],[-88.38283,44.221494],[-88.384695,44.221626],[-88.383389,44.222273],[-88.38355,44.225237],[-88.372,44.22629],[-88.371976,44.22881],[-88.343129,44.228696],[-88.342982,44.240973],[-88.346747,44.241],[-88.346737,44.242208],[-88.34294,44.243784],[-88.278744,44.243073],[-88.27875,44.240937],[-88.275222,44.243027],[-88.2436,44.242741],[-88.245313,44.122055],[-88.320347,44.122633],[-88.309658,44.143033],[-88.296138,44.159059],[-88.284025,44.159304],[-88.283949,44.167956],[-88.274713,44.172761],[-88.274816,44.170094],[-88.264846,44.168187],[-88.264902,44.162654],[-88.267464,44.160216],[-88.264819,44.157297],[-88.26501,44.16088],[-88.261321,44.160529],[-88.265028,44.161454],[-88.26101,44.161696],[-88.261009,44.163513],[-88.264204,44.163512],[-88.26154,44.169149],[-88.254674,44.169951],[-88.254537,44.173505],[-88.248234,44.173376],[-88.246731,44.18053],[-88.249234,44.181193],[-88.246991,44.184167],[-88.254075,44.184347],[-88.254071,44.187868],[-88.269028,44.188067],[-88.268952,44.190772],[-88.274018,44.190872],[-88.274102,44.186103],[-88.27764,44.186733],[-88.264229,44.182849],[-88.279086,44.186317],[-88.282857,44.185763],[-88.283752,44.181089],[-88.288786,44.181207],[-88.288862,44.184828],[-88.295334,44.184982],[-88.293748,44.186748],[-88.303798,44.187031],[-88.305468,44.183421],[-88.308084,44.182823],[-88.304008,44.182002],[-88.30428,44.177789],[-88.320456,44.188634],[-88.34585,44.198826],[-88.344561,44.199546],[-88.379973,44.20724],[-88.379008,44.208037],[-88.378921,44.208832],[-88.380066,44.207234],[-88.404402,44.209475]]]]}},{"type":"Feature","properties":{"NAME":"Roberts","state_abbr":"WI","state_name":"Wisconsin","ALAND":6683062},"geometry":{"type":"Polygon","coordinates":[[[-92.57844,44.961003],[-92.572742,44.963482],[-92.563101,44.96355],[-92.563184,44.968118],[-92.561528,44.968858],[-92.559644,44.96848],[-92.558324,44.965893],[-92.558413,44.970768],[-92.563223,44.969979],[-92.563226,44.978138],[-92.558149,44.978149],[-92.558104,44.985337],[-92.558317,44.984763],[-92.56776,44.98686],[-92.556443,44.986238],[-92.556368,44.9903],[-92.55292,44.990304],[-92.552895,44.992567],[-92.550114,44.992574],[-92.550124,44.995243],[-92.545927,44.995275],[-92.550899,44.996219],[-92.550942,44.999845],[-92.542667,44.999936],[-92.54264,44.998016],[-92.537554,44.998074],[-92.537416,44.992759],[-92.538828,44.991689],[-92.537407,44.991684],[-92.537404,44.982567],[-92.542525,44.982681],[-92.542609,44.985399],[-92.547729,44.985326],[-92.547749,44.982993],[-92.551255,44.983154],[-92.551267,44.978268],[-92.54963,44.979553],[-92.549631,44.978115],[-92.552859,44.978105],[-92.554359,44.975535],[-92.558132,44.975539],[-92.558108,44.970774],[-92.539168,44.970873],[-92.539184,44.969063],[-92.537525,44.969066],[-92.537557,44.964356],[-92.543544,44.963557],[-92.537565,44.96358],[-92.537595,44.956383],[-92.547824,44.956364],[-92.548663,44.952943],[-92.542752,44.949179],[-92.552951,44.949218],[-92.552925,44.952779],[-92.558025,44.952773],[-92.559351,44.956825],[-92.553831,44.956367],[-92.559143,44.961955],[-92.562706,44.960396],[-92.57844,44.961003]]]}},{"type":"Feature","properties":{"NAME":"Woodville","state_abbr":"WI","state_name":"Wisconsin","ALAND":4654225},"geometry":{"type":"Polygon","coordinates":[[[-92.298529,44.943643],[-92.298655,44.960875],[-92.278023,44.960212],[-92.278018,44.956504],[-92.27282,44.956263],[-92.272822,44.948934],[-92.277942,44.949134],[-92.278101,44.943071],[-92.272877,44.942846],[-92.273012,44.938068],[-92.267869,44.937897],[-92.267946,44.93451],[-92.274619,44.934367],[-92.27792,44.933442],[-92.277969,44.931038],[-92.280548,44.93112],[-92.281939,44.934302],[-92.283299,44.934334],[-92.283245,44.936594],[-92.278219,44.936481],[-92.278248,44.938277],[-92.281571,44.938418],[-92.282239,44.942023],[-92.285132,44.942107],[-92.285138,44.940505],[-92.288028,44.942083],[-92.288005,44.939621],[-92.284612,44.938618],[-92.288131,44.93853],[-92.286352,44.934944],[-92.291237,44.935079],[-92.291032,44.940983],[-92.288923,44.940935],[-92.288038,44.94553],[-92.290754,44.945943],[-92.290884,44.942274],[-92.295615,44.94241],[-92.295581,44.943652],[-92.298529,44.943643]]]}},{"type":"Feature","properties":{"NAME":"Cumberland","state_abbr":"WI","state_name":"Wisconsin","ALAND":10764764},"geometry":{"type":"MultiPolygon","coordinates":[[[[-91.99154,45.506145],[-91.981188,45.506419],[-91.981159,45.51004],[-91.976009,45.509999],[-91.976014,45.50638],[-91.970841,45.505349],[-91.976017,45.505387],[-91.976027,45.502758],[-91.981212,45.502795],[-91.981193,45.505569],[-91.99154,45.506145]]],[[[-92.005588,45.531561],[-92.006536,45.534113],[-92.005522,45.534102],[-92.005588,45.531561]]],[[[-92.062251,45.556451],[-92.057048,45.555113],[-92.057012,45.552843],[-92.050837,45.552768],[-92.051467,45.551386],[-92.041424,45.551475],[-92.039672,45.549633],[-92.041386,45.547223],[-92.037584,45.545792],[-92.035084,45.542078],[-92.032249,45.541525],[-92.031375,45.54961],[-92.026447,45.549705],[-92.031189,45.555845],[-92.039527,45.557551],[-92.038357,45.559791],[-92.037752,45.558466],[-92.032384,45.558243],[-92.026602,45.552678],[-92.022409,45.552765],[-92.022491,45.558272],[-92.017685,45.55789],[-92.017323,45.552856],[-92.015911,45.552883],[-92.016511,45.555501],[-92.012203,45.555568],[-92.012174,45.553041],[-92.008674,45.557339],[-92.004263,45.559322],[-92.002805,45.558497],[-92.005096,45.556315],[-92.007067,45.556844],[-92.007058,45.553015],[-92.012173,45.552953],[-92.010853,45.547093],[-92.011627,45.536019],[-92.009164,45.531562],[-92.006592,45.531561],[-92.00663,45.529783],[-92.011677,45.528904],[-92.011808,45.513574],[-92.016925,45.51358],[-92.017828,45.51719],[-92.017237,45.51358],[-92.019485,45.513582],[-92.019485,45.50998],[-92.027165,45.509959],[-92.027179,45.517185],[-92.035178,45.517147],[-92.035155,45.518953],[-92.03681,45.518933],[-92.036705,45.524259],[-92.05131,45.524171],[-92.048524,45.527815],[-92.043202,45.530571],[-92.04923,45.531384],[-92.047613,45.531541],[-92.049211,45.532098],[-92.049135,45.534961],[-92.040191,45.535102],[-92.040028,45.538704],[-92.042822,45.538652],[-92.04284,45.541215],[-92.046483,45.541152],[-92.046497,45.54337],[-92.051636,45.543287],[-92.051614,45.538499],[-92.052839,45.538482],[-92.061951,45.545623],[-92.051638,45.543834],[-92.051682,45.548342],[-92.053302,45.547962],[-92.052878,45.546493],[-92.055827,45.546547],[-92.062239,45.552542],[-92.060182,45.552797],[-92.062247,45.552912],[-92.062251,45.556451]],[[-92.027041,45.513599],[-92.025638,45.513599],[-92.025625,45.515267],[-92.027033,45.515329],[-92.027041,45.513599]],[[-92.027029,45.516251],[-92.026225,45.515379],[-92.026238,45.516233],[-92.027029,45.516251]],[[-92.019485,45.513582],[-92.019491,45.517189],[-92.022035,45.517187],[-92.022032,45.513576],[-92.019485,45.513582]]]]}},{"type":"Feature","properties":{"NAME":"Dallas","state_abbr":"WI","state_name":"Wisconsin","ALAND":3745519},"geometry":{"type":"Polygon","coordinates":[[[-91.829371,45.251682],[-91.829567,45.26614],[-91.798829,45.266111],[-91.798979,45.251721],[-91.829371,45.251682]]]}},{"type":"Feature","properties":{"NAME":"Prairie Farm","state_abbr":"WI","state_name":"Wisconsin","ALAND":2491340},"geometry":{"type":"Polygon","coordinates":[[[-91.988887,45.227956],[-91.988846,45.241133],[-91.983683,45.241202],[-91.983697,45.248427],[-91.973226,45.248521],[-91.973343,45.226939],[-91.987141,45.226377],[-91.988887,45.227956]]]}},{"type":"Feature","properties":{"NAME":"Melrose","state_abbr":"WI","state_name":"Wisconsin","ALAND":2074046},"geometry":{"type":"Polygon","coordinates":[[[-91.003787,44.121747],[-91.003909,44.139833],[-90.988733,44.13973],[-90.988629,44.133861],[-90.983603,44.134281],[-90.983731,44.133054],[-90.992321,44.131098],[-90.988576,44.130065],[-90.988555,44.128809],[-90.993569,44.128776],[-90.993483,44.121612],[-91.003787,44.121747]]]}},{"type":"Feature","properties":{"NAME":"Taylor","state_abbr":"WI","state_name":"Wisconsin","ALAND":1888134},"geometry":{"type":"Polygon","coordinates":[[[-91.130699,44.31656],[-91.130441,44.326757],[-91.110286,44.326717],[-91.110561,44.316418],[-91.130699,44.31656]]]}},{"type":"Feature","properties":{"NAME":"Osceola","state_abbr":"WI","state_name":"Wisconsin","ALAND":10533496},"geometry":{"type":"Polygon","coordinates":[[[-92.732962,45.303897],[-92.727737,45.309288],[-92.708675,45.322525],[-92.698996,45.336295],[-92.694048,45.33625],[-92.694049,45.339783],[-92.690862,45.347002],[-92.682223,45.346965],[-92.682286,45.336142],[-92.692512,45.335876],[-92.692546,45.332714],[-92.685311,45.335198],[-92.683946,45.334388],[-92.684906,45.332605],[-92.677086,45.332498],[-92.677118,45.322071],[-92.671972,45.32155],[-92.672035,45.318157],[-92.674926,45.319178],[-92.677333,45.310619],[-92.674339,45.310611],[-92.673057,45.317761],[-92.671192,45.317517],[-92.671349,45.315115],[-92.66588,45.31063],[-92.665893,45.308551],[-92.670073,45.308067],[-92.670065,45.30937],[-92.672261,45.309361],[-92.672311,45.305788],[-92.670517,45.306969],[-92.670549,45.303323],[-92.682431,45.303421],[-92.682457,45.307026],[-92.698921,45.307183],[-92.697687,45.299975],[-92.707915,45.30005],[-92.707982,45.307118],[-92.702867,45.307241],[-92.702882,45.310894],[-92.713069,45.311027],[-92.713054,45.307407],[-92.72303,45.307723],[-92.728084,45.304318],[-92.732962,45.303897]],[[-92.683723,45.343396],[-92.682442,45.342669],[-92.682443,45.343384],[-92.683723,45.343396]],[[-92.680708,45.308662],[-92.679226,45.308162],[-92.679163,45.310454],[-92.680089,45.309571],[-92.680708,45.308662]]]}},{"type":"Feature","properties":{"NAME":"Clear Lake","state_abbr":"WI","state_name":"Wisconsin","ALAND":6736980},"geometry":{"type":"Polygon","coordinates":[[[-92.285884,45.25944],[-92.265202,45.260904],[-92.249722,45.260011],[-92.249734,45.238264],[-92.284776,45.237872],[-92.285884,45.25944]]]}},{"type":"Feature","properties":{"NAME":"Lublin","state_abbr":"WI","state_name":"Wisconsin","ALAND":3947258},"geometry":{"type":"Polygon","coordinates":[[[-90.739596,45.067829],[-90.739397,45.082291],[-90.708814,45.082061],[-90.708796,45.074856],[-90.706278,45.074834],[-90.706326,45.071201],[-90.708853,45.071228],[-90.708911,45.067593],[-90.739596,45.067829]]]}},{"type":"Feature","properties":{"NAME":"Stetsonville","state_abbr":"WI","state_name":"Wisconsin","ALAND":1034535},"geometry":{"type":"Polygon","coordinates":[[[-90.321527,45.077001],[-90.319776,45.084166],[-90.318377,45.084173],[-90.316461,45.080593],[-90.317535,45.084178],[-90.315533,45.084188],[-90.314711,45.080598],[-90.308449,45.080575],[-90.309585,45.077386],[-90.306225,45.076937],[-90.307477,45.073995],[-90.304376,45.074024],[-90.304237,45.068154],[-90.306172,45.068134],[-90.306216,45.069917],[-90.304474,45.069934],[-90.304555,45.073405],[-90.314821,45.072876],[-90.314781,45.070559],[-90.315954,45.070548],[-90.315364,45.073389],[-90.319898,45.072927],[-90.319879,45.076351],[-90.321527,45.077001]]]}},{"type":"Feature","properties":{"NAME":"Jackson","state_abbr":"WI","state_name":"Wisconsin","ALAND":10004884},"geometry":{"type":"Polygon","coordinates":[[[-88.190364,43.314091],[-88.1915,43.327066],[-88.188156,43.326842],[-88.19021,43.333672],[-88.188139,43.331652],[-88.181631,43.331693],[-88.181632,43.337312],[-88.179359,43.337237],[-88.179358,43.338904],[-88.17664,43.338817],[-88.176673,43.336533],[-88.175302,43.336488],[-88.174538,43.33874],[-88.170264,43.338611],[-88.170325,43.337473],[-88.166242,43.338483],[-88.166036,43.331249],[-88.165786,43.342288],[-88.163762,43.342863],[-88.159811,43.338316],[-88.161815,43.338354],[-88.161838,43.336553],[-88.156893,43.336452],[-88.15535,43.334633],[-88.156949,43.331026],[-88.152007,43.330927],[-88.151952,43.335868],[-88.151223,43.334536],[-88.147041,43.334436],[-88.147064,43.330843],[-88.150314,43.329931],[-88.147073,43.329867],[-88.147117,43.325227],[-88.149981,43.325277],[-88.149985,43.323665],[-88.147135,43.323616],[-88.147172,43.312779],[-88.142243,43.312694],[-88.142245,43.308598],[-88.144713,43.309131],[-88.14473,43.305533],[-88.142263,43.305491],[-88.142273,43.302977],[-88.143656,43.301913],[-88.162028,43.302205],[-88.16202,43.305707],[-88.160387,43.306257],[-88.161099,43.307563],[-88.162006,43.306709],[-88.162007,43.310919],[-88.159824,43.311233],[-88.162007,43.311276],[-88.162012,43.314412],[-88.164457,43.314485],[-88.165308,43.319686],[-88.164031,43.309507],[-88.166957,43.309564],[-88.166952,43.31524],[-88.168693,43.316833],[-88.176829,43.317046],[-88.176836,43.311573],[-88.178545,43.311617],[-88.17709,43.309098],[-88.180802,43.309884],[-88.181576,43.31717],[-88.179949,43.317548],[-88.185237,43.322927],[-88.183724,43.317099],[-88.186539,43.31709],[-88.186535,43.313506],[-88.191489,43.313466],[-88.190364,43.314091]],[[-88.161423,43.309436],[-88.158594,43.309376],[-88.15839,43.306988],[-88.157069,43.306782],[-88.157065,43.31118],[-88.161423,43.309436]],[[-88.154601,43.30571],[-88.152133,43.305662],[-88.152117,43.309266],[-88.154597,43.309315],[-88.154601,43.30571]]]}},{"type":"Feature","properties":{"NAME":"Kewaskum","state_abbr":"WI","state_name":"Wisconsin","ALAND":6096841},"geometry":{"type":"MultiPolygon","coordinates":[[[[-88.246346,43.506751],[-88.246031,43.524419],[-88.241018,43.524265],[-88.240986,43.528604],[-88.235973,43.528491],[-88.23687,43.529488],[-88.230831,43.531458],[-88.230928,43.528333],[-88.215766,43.528199],[-88.215419,43.525664],[-88.214947,43.52713],[-88.210833,43.527215],[-88.210854,43.521015],[-88.215821,43.52151],[-88.215938,43.517311],[-88.223971,43.517277],[-88.218848,43.50906],[-88.221243,43.50904],[-88.221353,43.505659],[-88.218087,43.505676],[-88.21552,43.496956],[-88.220161,43.498981],[-88.226556,43.499067],[-88.226367,43.506377],[-88.231339,43.506433],[-88.231204,43.510111],[-88.241141,43.510341],[-88.241295,43.506677],[-88.246346,43.506751]]],[[[-88.270663,43.543764],[-88.270623,43.546501],[-88.265626,43.546501],[-88.265682,43.542869],[-88.270663,43.543764]]]]}},{"type":"Feature","properties":{"NAME":"Ashwaubenon","state_abbr":"WI","state_name":"Wisconsin","ALAND":32073964},"geometry":{"type":"Polygon","coordinates":[[[-88.149879,44.501329],[-88.129712,44.495839],[-88.129737,44.498674],[-88.119594,44.498741],[-88.118596,44.501461],[-88.120794,44.502306],[-88.119807,44.503828],[-88.128377,44.506751],[-88.127472,44.508085],[-88.119883,44.505528],[-88.12065,44.504269],[-88.119499,44.503879],[-88.118689,44.50512],[-88.110112,44.502238],[-88.100473,44.501811],[-88.098865,44.504731],[-88.083658,44.510936],[-88.063372,44.503887],[-88.065638,44.500533],[-88.0591,44.498254],[-88.05684,44.501632],[-88.05139,44.499737],[-88.053671,44.496363],[-88.045127,44.493381],[-88.041652,44.496356],[-88.043494,44.494511],[-88.037684,44.492471],[-88.038952,44.491228],[-88.045323,44.492675],[-88.040573,44.490208],[-88.042047,44.490978],[-88.038866,44.491103],[-88.041837,44.487897],[-88.034352,44.48531],[-88.044321,44.476064],[-88.051141,44.472006],[-88.057771,44.462124],[-88.070956,44.466095],[-88.078999,44.457181],[-88.087753,44.457004],[-88.092338,44.454018],[-88.095125,44.454856],[-88.093427,44.452304],[-88.095039,44.450526],[-88.099302,44.452075],[-88.099317,44.448756],[-88.104394,44.448727],[-88.104396,44.446968],[-88.110414,44.447234],[-88.109475,44.445182],[-88.118276,44.445118],[-88.118286,44.446918],[-88.119657,44.446909],[-88.119649,44.445125],[-88.121987,44.445165],[-88.121929,44.446778],[-88.122985,44.445187],[-88.132882,44.4454],[-88.121537,44.459676],[-88.12984,44.459717],[-88.129808,44.46372],[-88.124605,44.4637],[-88.124387,44.465028],[-88.128271,44.46639],[-88.126703,44.468909],[-88.118363,44.466171],[-88.117596,44.467348],[-88.126608,44.47058],[-88.126583,44.474191],[-88.124637,44.474191],[-88.124688,44.476513],[-88.122135,44.476435],[-88.122323,44.477789],[-88.120694,44.477789],[-88.120764,44.474191],[-88.109517,44.474193],[-88.109487,44.477825],[-88.107886,44.477837],[-88.109472,44.481419],[-88.106598,44.485535],[-88.11549,44.488659],[-88.129714,44.48863],[-88.129697,44.493593],[-88.149879,44.501329]]]}},{"type":"Feature","properties":{"NAME":"De Pere","state_abbr":"WI","state_name":"Wisconsin","ALAND":30966945},"geometry":{"type":"MultiPolygon","coordinates":[[[[-88.064784,44.393933],[-88.064782,44.396213],[-88.05972,44.397447],[-88.059728,44.393819],[-88.064784,44.393933]]],[[[-88.140774,44.406936],[-88.137078,44.410356],[-88.134501,44.408937],[-88.131952,44.409947],[-88.134132,44.412955],[-88.129897,44.411901],[-88.128604,44.413025],[-88.133092,44.415451],[-88.131229,44.417177],[-88.115809,44.427641],[-88.108574,44.430663],[-88.111783,44.430695],[-88.09877,44.439343],[-88.090834,44.450904],[-88.095022,44.453037],[-88.095125,44.454856],[-88.092338,44.454018],[-88.087753,44.457004],[-88.078999,44.457181],[-88.070956,44.466095],[-88.057771,44.462124],[-88.055832,44.464872],[-88.050906,44.463123],[-88.051624,44.461949],[-88.040241,44.457938],[-88.042853,44.454184],[-88.016774,44.445051],[-88.016852,44.443208],[-88.015216,44.444324],[-88.015433,44.442943],[-88.013619,44.442706],[-88.015175,44.441864],[-88.013886,44.440813],[-88.015233,44.438794],[-88.017481,44.439326],[-88.016919,44.437495],[-88.02765,44.441213],[-88.030246,44.437537],[-88.038125,44.440261],[-88.039553,44.438141],[-88.046826,44.439532],[-88.047504,44.438546],[-88.043881,44.437297],[-88.046274,44.433773],[-88.036846,44.431084],[-88.037938,44.429445],[-88.034239,44.428147],[-88.03574,44.427336],[-88.046325,44.431132],[-88.045799,44.429662],[-88.057086,44.430891],[-88.056879,44.419369],[-88.058722,44.419352],[-88.059872,44.415672],[-88.04927,44.415589],[-88.043466,44.422612],[-88.041596,44.420939],[-88.039857,44.421951],[-88.037529,44.420947],[-88.042211,44.411344],[-88.052783,44.415059],[-88.054292,44.41284],[-88.056894,44.412841],[-88.056863,44.410295],[-88.058121,44.409882],[-88.056196,44.408657],[-88.059721,44.408626],[-88.060489,44.404717],[-88.064783,44.404722],[-88.064787,44.408346],[-88.068933,44.408335],[-88.067123,44.415773],[-88.069335,44.408346],[-88.074915,44.408362],[-88.076003,44.401104],[-88.080015,44.401118],[-88.080002,44.404761],[-88.089219,44.403707],[-88.089209,44.404796],[-88.097172,44.405116],[-88.095534,44.406669],[-88.086062,44.405784],[-88.084604,44.408437],[-88.08759,44.408458],[-88.086415,44.412086],[-88.092425,44.412129],[-88.089143,44.41671],[-88.090202,44.418459],[-88.091794,44.418415],[-88.09528,44.41294],[-88.109358,44.400611],[-88.114068,44.403204],[-88.121737,44.396308],[-88.124139,44.395794],[-88.132597,44.400431],[-88.131409,44.401616],[-88.140774,44.406936]],[[-88.089041,44.4168],[-88.085724,44.415933],[-88.084122,44.41812],[-88.077897,44.419886],[-88.067545,44.420498],[-88.067504,44.423111],[-88.07202,44.424383],[-88.069024,44.430432],[-88.06628,44.430416],[-88.062601,44.433051],[-88.065327,44.431742],[-88.067999,44.432806],[-88.066412,44.436423],[-88.068996,44.43736],[-88.078137,44.423864],[-88.089041,44.4168]]]]}},{"type":"Feature","properties":{"NAME":"Green Bay","state_abbr":"WI","state_name":"Wisconsin","ALAND":117789781},"geometry":{"type":"MultiPolygon","coordinates":[[[[-87.881919,44.534742],[-87.879924,44.540789],[-87.881091,44.552889],[-87.874043,44.552898],[-87.874027,44.549262],[-87.866443,44.549258],[-87.86647,44.545617],[-87.861372,44.545659],[-87.861407,44.542025],[-87.856347,44.541417],[-87.856437,44.536635],[-87.841161,44.536644],[-87.841283,44.531157],[-87.875363,44.5311],[-87.875322,44.534793],[-87.881919,44.534742]]],[[[-88.139826,44.499039],[-88.137857,44.499129],[-88.137831,44.50222],[-88.135882,44.502227],[-88.135827,44.505807],[-88.139785,44.505866],[-88.139804,44.52386],[-88.129925,44.523795],[-88.129758,44.533333],[-88.121425,44.534127],[-88.123042,44.535104],[-88.122284,44.541627],[-88.104955,44.543117],[-88.092745,44.537628],[-88.092772,44.536385],[-88.076752,44.530091],[-88.066794,44.544758],[-88.052965,44.539997],[-88.039989,44.558957],[-88.032203,44.563192],[-88.019603,44.560592],[-87.977603,44.560392],[-87.9057,44.563793],[-87.90014,44.571583],[-87.900803,44.57447],[-87.895985,44.574672],[-87.896132,44.55486],[-87.889076,44.554738],[-87.8923,44.552974],[-87.900659,44.538649],[-87.906925,44.538714],[-87.906856,44.531562],[-87.886535,44.53114],[-87.8867,44.526257],[-87.884184,44.529021],[-87.884204,44.52752],[-87.879234,44.527496],[-87.879198,44.523899],[-87.886817,44.522635],[-87.887183,44.472937],[-87.956803,44.473433],[-87.954569,44.471827],[-87.963065,44.471309],[-87.968266,44.473576],[-87.968976,44.478897],[-87.973933,44.48068],[-87.975227,44.47873],[-87.96959,44.477095],[-87.981315,44.480225],[-87.981829,44.478817],[-87.985422,44.47951],[-87.98673,44.477753],[-87.982288,44.476439],[-87.98285,44.473524],[-87.988528,44.47568],[-87.987503,44.477164],[-87.989037,44.477705],[-87.987308,44.480166],[-87.991773,44.481774],[-87.988773,44.484581],[-87.989951,44.485996],[-87.997203,44.489092],[-88.024126,44.498616],[-88.027782,44.492385],[-88.026328,44.491881],[-88.03448,44.485177],[-88.038224,44.485858],[-88.041837,44.487897],[-88.038866,44.491103],[-88.042047,44.490978],[-88.040573,44.490208],[-88.045323,44.492675],[-88.038952,44.491228],[-88.037684,44.492471],[-88.043494,44.494511],[-88.041652,44.496356],[-88.045127,44.493381],[-88.053671,44.496363],[-88.05139,44.499737],[-88.05684,44.501632],[-88.0591,44.498254],[-88.065638,44.500533],[-88.063372,44.503887],[-88.083658,44.510936],[-88.098865,44.504731],[-88.100473,44.501811],[-88.110112,44.502238],[-88.118689,44.50512],[-88.119499,44.503879],[-88.12065,44.504269],[-88.119883,44.505528],[-88.127472,44.508085],[-88.128377,44.506751],[-88.119807,44.503828],[-88.120794,44.502306],[-88.118596,44.501461],[-88.119594,44.498741],[-88.129737,44.498674],[-88.129712,44.495839],[-88.131052,44.495843],[-88.139826,44.499039]]]]}},{"type":"Feature","properties":{"NAME":"Baraboo","state_abbr":"WI","state_name":"Wisconsin","ALAND":19033348},"geometry":{"type":"Polygon","coordinates":[[[-89.782458,43.460024],[-89.775258,43.460011],[-89.775279,43.463646],[-89.777686,43.463641],[-89.777716,43.467642],[-89.770404,43.467669],[-89.7704,43.465095],[-89.76905,43.465507],[-89.768941,43.464026],[-89.771325,43.463679],[-89.771317,43.461832],[-89.768689,43.461836],[-89.767945,43.46335],[-89.767932,43.465355],[-89.770272,43.465916],[-89.770025,43.468962],[-89.768007,43.46902],[-89.767547,43.467559],[-89.766481,43.469274],[-89.764216,43.468926],[-89.764224,43.46763],[-89.76257,43.468931],[-89.762596,43.465808],[-89.758877,43.464748],[-89.758898,43.466656],[-89.760826,43.466669],[-89.758897,43.469095],[-89.763881,43.469519],[-89.758911,43.47119],[-89.758929,43.480151],[-89.763816,43.480136],[-89.765138,43.485292],[-89.748851,43.48556],[-89.74887,43.483696],[-89.746358,43.483264],[-89.7463,43.489131],[-89.743785,43.489119],[-89.743822,43.48733],[-89.738772,43.486816],[-89.738802,43.48458],[-89.733826,43.485519],[-89.733865,43.483059],[-89.728869,43.48307],[-89.728824,43.485561],[-89.726314,43.485986],[-89.726264,43.489177],[-89.723762,43.489181],[-89.722766,43.488603],[-89.72383,43.481924],[-89.718844,43.481907],[-89.71872,43.496414],[-89.70502,43.496211],[-89.705291,43.459481],[-89.719079,43.457599],[-89.719105,43.467341],[-89.721143,43.465754],[-89.722644,43.467396],[-89.722644,43.464812],[-89.725795,43.465568],[-89.72455,43.463603],[-89.725804,43.462346],[-89.72508,43.454549],[-89.729001,43.457869],[-89.728947,43.449118],[-89.730476,43.445483],[-89.733455,43.445466],[-89.733457,43.447627],[-89.738465,43.445615],[-89.738864,43.448175],[-89.743849,43.449544],[-89.745099,43.449543],[-89.743829,43.445475],[-89.752495,43.445478],[-89.752555,43.449122],[-89.748828,43.449125],[-89.748862,43.452725],[-89.758864,43.452753],[-89.758807,43.450257],[-89.759919,43.450266],[-89.766923,43.454438],[-89.763832,43.455378],[-89.763828,43.452767],[-89.758914,43.452754],[-89.760197,43.460019],[-89.763841,43.460033],[-89.763835,43.456387],[-89.766321,43.45639],[-89.766331,43.459944],[-89.767556,43.460037],[-89.76881,43.452775],[-89.78239,43.452766],[-89.782458,43.460024]]]}},{"type":"Feature","properties":{"NAME":"Fox Lake","state_abbr":"WI","state_name":"Wisconsin","ALAND":4264042},"geometry":{"type":"Polygon","coordinates":[[[-88.932868,43.571264],[-88.923912,43.569371],[-88.911781,43.572825],[-88.910383,43.571614],[-88.91166,43.569179],[-88.8966,43.567887],[-88.896524,43.560547],[-88.901563,43.56061],[-88.901492,43.55329],[-88.914451,43.553274],[-88.916505,43.54931],[-88.920267,43.551493],[-88.921815,43.548841],[-88.929897,43.550435],[-88.928421,43.552],[-88.925715,43.550978],[-88.924528,43.553262],[-88.921528,43.553267],[-88.921585,43.560031],[-88.926543,43.557495],[-88.926637,43.564169],[-88.921648,43.564195],[-88.921692,43.566788],[-88.932838,43.566554],[-88.932868,43.571264]],[[-88.922019,43.560899],[-88.921595,43.560429],[-88.921604,43.560972],[-88.922019,43.560899]]]}},{"type":"Feature","properties":{"NAME":"Solon Springs","state_abbr":"WI","state_name":"Wisconsin","ALAND":4055745},"geometry":{"type":"Polygon","coordinates":[[[-91.840808,46.34543],[-91.841295,46.359825],[-91.83118,46.359864],[-91.830557,46.36157],[-91.82832,46.361615],[-91.828412,46.359853],[-91.800815,46.359991],[-91.804124,46.352893],[-91.808816,46.348849],[-91.809267,46.345962],[-91.806347,46.337763],[-91.808617,46.331256],[-91.819473,46.331222],[-91.819853,46.345597],[-91.840808,46.34543]]]}},{"type":"Feature","properties":{"NAME":"Fountain City","state_abbr":"WI","state_name":"Wisconsin","ALAND":11331373},"geometry":{"type":"Polygon","coordinates":[[[-91.732942,44.133128],[-91.732751,44.141839],[-91.692875,44.141743],[-91.692745,44.127345],[-91.672801,44.127241],[-91.671658,44.090636],[-91.682824,44.097898],[-91.69531,44.09857],[-91.707491,44.103906],[-91.710597,44.12048],[-91.719097,44.128853],[-91.732942,44.133128]]]}},{"type":"Feature","properties":{"NAME":"Waupaca","state_abbr":"WI","state_name":"Wisconsin","ALAND":20506158},"geometry":{"type":"MultiPolygon","coordinates":[[[[-89.086302,44.316609],[-89.083279,44.321952],[-89.08252,44.322606],[-89.0828,44.315652],[-89.086302,44.316609]]],[[[-89.137576,44.351839],[-89.131731,44.351158],[-89.127772,44.353113],[-89.128334,44.355559],[-89.12628,44.355557],[-89.126852,44.357444],[-89.122657,44.35999],[-89.124665,44.360599],[-89.124261,44.362412],[-89.116638,44.359233],[-89.115832,44.357466],[-89.113259,44.359275],[-89.103122,44.359398],[-89.103144,44.366569],[-89.113315,44.364699],[-89.113099,44.373786],[-89.108068,44.373812],[-89.108104,44.371999],[-89.103075,44.371949],[-89.103101,44.370201],[-89.086921,44.370031],[-89.08681,44.373533],[-89.091714,44.37258],[-89.091809,44.373734],[-89.082636,44.373677],[-89.082578,44.370055],[-89.062451,44.369916],[-89.062322,44.366304],[-89.064579,44.366313],[-89.064454,44.362671],[-89.058375,44.362636],[-89.057025,44.358979],[-89.029401,44.358978],[-89.029347,44.355362],[-89.031894,44.355361],[-89.031859,44.35269],[-89.052421,44.356858],[-89.06206,44.357789],[-89.031855,44.352395],[-89.034375,44.351738],[-89.034369,44.34799],[-89.034256,44.344391],[-89.031753,44.344459],[-89.031756,44.340835],[-89.023187,44.341235],[-89.023185,44.33956],[-89.019363,44.338115],[-89.019348,44.340867],[-89.016623,44.340844],[-89.016641,44.335762],[-89.008601,44.333653],[-89.007161,44.330641],[-89.00829,44.329564],[-89.019413,44.329716],[-89.019429,44.33113],[-89.021058,44.331207],[-89.021068,44.329725],[-89.036813,44.329936],[-89.036743,44.323297],[-89.046384,44.323529],[-89.046846,44.319898],[-89.051887,44.319976],[-89.051913,44.323657],[-89.046891,44.323541],[-89.046752,44.330228],[-89.050595,44.331471],[-89.049635,44.333696],[-89.052094,44.334471],[-89.046972,44.334464],[-89.046941,44.340753],[-89.041914,44.340684],[-89.041816,44.344116],[-89.041861,44.346075],[-89.046892,44.346171],[-89.046898,44.344314],[-89.049415,44.344379],[-89.049469,44.349471],[-89.05107,44.349471],[-89.052073,44.351715],[-89.057021,44.351779],[-89.05805,44.34949],[-89.057067,44.352518],[-89.062077,44.352141],[-89.060779,44.351718],[-89.062505,44.337417],[-89.066977,44.340884],[-89.072034,44.340988],[-89.072051,44.338834],[-89.077119,44.340918],[-89.102686,44.34097],[-89.103062,44.350248],[-89.105559,44.349558],[-89.113005,44.355668],[-89.115839,44.355641],[-89.115735,44.354018],[-89.119727,44.354434],[-89.115713,44.352948],[-89.118384,44.352927],[-89.1187,44.35148],[-89.123172,44.351988],[-89.123534,44.347738],[-89.130844,44.343437],[-89.130831,44.344654],[-89.133241,44.343593],[-89.136771,44.344632],[-89.137576,44.351839]],[[-89.125984,44.355567],[-89.122374,44.354943],[-89.120372,44.358024],[-89.121032,44.358596],[-89.125984,44.355567]],[[-89.062086,44.360036],[-89.059933,44.358692],[-89.059759,44.35915],[-89.062086,44.360036]],[[-89.051958,44.352408],[-89.051905,44.351717],[-89.051906,44.352407],[-89.051958,44.352408]],[[-89.050575,44.3529],[-89.051695,44.35172],[-89.050572,44.351728],[-89.050575,44.3529]]]]}},{"type":"Feature","properties":{"NAME":"Sun Prairie","state_abbr":"WI","state_name":"Wisconsin","ALAND":33913652},"geometry":{"type":"Polygon","coordinates":[[[-89.288225,43.179381],[-89.284667,43.179424],[-89.284967,43.192494],[-89.269978,43.187053],[-89.264482,43.186922],[-89.263818,43.202296],[-89.25911,43.204922],[-89.256549,43.203717],[-89.250085,43.209573],[-89.249115,43.20597],[-89.23198,43.205835],[-89.23196,43.202382],[-89.225753,43.202376],[-89.222793,43.20255],[-89.222781,43.203674],[-89.225778,43.203652],[-89.225814,43.205412],[-89.223463,43.205422],[-89.225823,43.205995],[-89.225887,43.209638],[-89.220903,43.209661],[-89.220833,43.203696],[-89.210071,43.203208],[-89.210975,43.209841],[-89.195651,43.209852],[-89.195633,43.20805],[-89.186204,43.208017],[-89.186229,43.210537],[-89.181273,43.210558],[-89.181239,43.206994],[-89.187588,43.20406],[-89.188256,43.198784],[-89.197211,43.197553],[-89.198971,43.198878],[-89.19795,43.200393],[-89.200905,43.199523],[-89.199035,43.198806],[-89.202385,43.195171],[-89.196005,43.195211],[-89.195984,43.190265],[-89.190203,43.19328],[-89.18119,43.191769],[-89.181489,43.186369],[-89.186453,43.186274],[-89.186182,43.180748],[-89.196761,43.180666],[-89.197098,43.17074],[-89.22191,43.169442],[-89.222018,43.165832],[-89.226935,43.165715],[-89.226809,43.172664],[-89.229294,43.171795],[-89.23192,43.165676],[-89.228459,43.165703],[-89.226973,43.161904],[-89.229256,43.161884],[-89.229272,43.16002],[-89.226918,43.15845],[-89.231952,43.158369],[-89.232004,43.156717],[-89.236871,43.152928],[-89.24196,43.152834],[-89.241904,43.158285],[-89.249498,43.158177],[-89.260686,43.152624],[-89.260628,43.154231],[-89.265465,43.154114],[-89.265578,43.150471],[-89.27554,43.15087],[-89.275153,43.165059],[-89.285116,43.165031],[-89.285285,43.168109],[-89.275052,43.169167],[-89.274838,43.175867],[-89.287322,43.175764],[-89.288225,43.179381]],[[-89.265218,43.165427],[-89.262969,43.165083],[-89.258003,43.169038],[-89.260095,43.170043],[-89.261371,43.169796],[-89.260688,43.168711],[-89.265172,43.168577],[-89.265218,43.165427]],[[-89.253875,43.172602],[-89.24913,43.172796],[-89.249451,43.175273],[-89.250824,43.174806],[-89.253875,43.172602]],[[-89.242538,43.163924],[-89.241895,43.163353],[-89.241897,43.16392],[-89.242538,43.163924]]]}},{"type":"Feature","properties":{"NAME":"Peshtigo","state_abbr":"WI","state_name":"Wisconsin","ALAND":7543437},"geometry":{"type":"Polygon","coordinates":[[[-87.773693,45.052226],[-87.773656,45.055766],[-87.768403,45.055706],[-87.768307,45.063003],[-87.764357,45.062935],[-87.764348,45.064109],[-87.757862,45.062834],[-87.757787,45.070197],[-87.750759,45.070424],[-87.75044,45.066867],[-87.74161,45.067474],[-87.741402,45.06464],[-87.739754,45.06397],[-87.720877,45.064452],[-87.720179,45.055474],[-87.730092,45.051668],[-87.729671,45.045762],[-87.737861,45.045608],[-87.737816,45.044333],[-87.739842,45.044295],[-87.739536,45.045574],[-87.752745,45.044999],[-87.759988,45.04334],[-87.768559,45.04776],[-87.768455,45.053125],[-87.773693,45.052226]]]}},{"type":"Feature","properties":{"NAME":"Wausaukee","state_abbr":"WI","state_name":"Wisconsin","ALAND":3564741},"geometry":{"type":"Polygon","coordinates":[[[-87.972623,45.383025],[-87.972191,45.388944],[-87.962133,45.388854],[-87.962282,45.385238],[-87.946741,45.385],[-87.946879,45.381392],[-87.941763,45.38129],[-87.94229,45.366712],[-87.957709,45.366978],[-87.95754,45.3743],[-87.962674,45.374363],[-87.962551,45.377993],[-87.967682,45.378052],[-87.967593,45.380729],[-87.972623,45.383025]]]}},{"type":"Feature","properties":{"NAME":"Columbus","state_abbr":"WI","state_name":"Wisconsin","ALAND":11756113},"geometry":{"type":"Polygon","coordinates":[[[-89.049046,43.324308],[-89.048863,43.349046],[-89.03704,43.349389],[-89.041518,43.356526],[-89.047994,43.353904],[-89.04885,43.359978],[-89.038929,43.359982],[-89.038887,43.356647],[-89.033953,43.357798],[-89.031489,43.355224],[-89.036717,43.353223],[-89.034992,43.350472],[-89.033986,43.35124],[-89.034,43.349476],[-89.029038,43.34962],[-89.027969,43.351178],[-89.026172,43.349693],[-89.009157,43.350106],[-89.009329,43.330461],[-89.006762,43.330443],[-89.007592,43.327299],[-89.009352,43.327028],[-89.007056,43.325484],[-89.009361,43.325485],[-89.00969,43.323311],[-89.012814,43.322824],[-89.013291,43.321016],[-89.019342,43.320816],[-89.019369,43.317157],[-89.023826,43.315845],[-89.029273,43.3168],[-89.02924,43.320487],[-89.034201,43.320332],[-89.034235,43.316652],[-89.039196,43.316503],[-89.039229,43.31283],[-89.045536,43.312651],[-89.04388,43.317476],[-89.044822,43.32122],[-89.041777,43.323766],[-89.049046,43.324308]],[[-89.037919,43.355379],[-89.037345,43.354507],[-89.037074,43.355192],[-89.037919,43.355379]]]}},{"type":"Feature","properties":{"NAME":"Mayville","state_abbr":"WI","state_name":"Wisconsin","ALAND":8427141},"geometry":{"type":"MultiPolygon","coordinates":[[[[-88.554136,43.460443],[-88.553709,43.463228],[-88.554341,43.45777],[-88.554136,43.460443]]],[[[-88.57599,43.494253],[-88.571045,43.494222],[-88.571079,43.499627],[-88.566122,43.499563],[-88.567146,43.503638],[-88.562206,43.505166],[-88.561171,43.502408],[-88.561234,43.508533],[-88.556461,43.508846],[-88.558371,43.510621],[-88.552434,43.514059],[-88.552141,43.515703],[-88.54392,43.515669],[-88.543936,43.513485],[-88.541594,43.513474],[-88.541824,43.510465],[-88.539155,43.511833],[-88.541085,43.511881],[-88.541195,43.513615],[-88.543747,43.513621],[-88.543733,43.515667],[-88.531244,43.515385],[-88.531267,43.511235],[-88.536213,43.511358],[-88.536336,43.502815],[-88.533764,43.502737],[-88.534351,43.506292],[-88.532087,43.507298],[-88.527897,43.505813],[-88.527932,43.50075],[-88.533815,43.500928],[-88.533778,43.493875],[-88.527532,43.493353],[-88.527563,43.486234],[-88.536275,43.486463],[-88.536348,43.480093],[-88.537929,43.479259],[-88.539751,43.480913],[-88.540448,43.479318],[-88.542995,43.479371],[-88.541286,43.486369],[-88.544425,43.486663],[-88.549832,43.486486],[-88.556156,43.479574],[-88.557299,43.483617],[-88.556287,43.489995],[-88.560049,43.491205],[-88.56093,43.494067],[-88.567146,43.494317],[-88.568333,43.49216],[-88.573839,43.490512],[-88.572512,43.489231],[-88.575682,43.489265],[-88.57599,43.494253]]]]}},{"type":"Feature","properties":{"NAME":"Randolph","state_abbr":"WI","state_name":"Wisconsin","ALAND":3214330},"geometry":{"type":"Polygon","coordinates":[[[-89.017115,43.549195],[-89.007077,43.549282],[-89.005759,43.551566],[-89.007094,43.552941],[-89.001833,43.552996],[-89.001718,43.545679],[-88.993501,43.546712],[-88.993352,43.538267],[-88.985923,43.537624],[-88.993297,43.537654],[-88.993127,43.534724],[-88.990684,43.534639],[-88.990486,43.531034],[-89.000587,43.531307],[-89.000539,43.527659],[-89.0044,43.526178],[-89.00433,43.52777],[-89.0067,43.527826],[-89.006925,43.533046],[-89.011891,43.535026],[-89.011933,43.537782],[-89.014486,43.537806],[-89.012495,43.538723],[-89.011994,43.541721],[-89.013269,43.542247],[-89.01337,43.545574],[-89.008987,43.545626],[-89.007916,43.547316],[-89.017101,43.5476],[-89.017115,43.549195]]]}},{"type":"Feature","properties":{"NAME":"Arlington","state_abbr":"WI","state_name":"Wisconsin","ALAND":2685066},"geometry":{"type":"Polygon","coordinates":[[[-89.385661,43.341256],[-89.382552,43.341251],[-89.382537,43.342399],[-89.379515,43.341205],[-89.382458,43.348497],[-89.376762,43.348441],[-89.375168,43.345984],[-89.376234,43.344599],[-89.374381,43.344783],[-89.368587,43.338138],[-89.369478,43.337582],[-89.367564,43.337479],[-89.369215,43.338932],[-89.366029,43.338895],[-89.366066,43.33747],[-89.362693,43.337444],[-89.362929,43.322987],[-89.371453,43.323031],[-89.372749,43.330312],[-89.37762,43.330303],[-89.377625,43.333936],[-89.382657,43.333987],[-89.382565,43.340058],[-89.385664,43.340067],[-89.385661,43.341256]]]}},{"type":"Feature","properties":{"NAME":"Lake Hallie","state_abbr":"WI","state_name":"Wisconsin","ALAND":36859338},"geometry":{"type":"MultiPolygon","coordinates":[[[[-91.383606,44.911766],[-91.380882,44.912133],[-91.380905,44.91177],[-91.383606,44.911766]]],[[[-91.498514,44.871829],[-91.497682,44.880231],[-91.495632,44.882115],[-91.485807,44.885637],[-91.475968,44.885807],[-91.457263,44.882484],[-91.454883,44.883548],[-91.453347,44.886012],[-91.45357,44.890576],[-91.45935,44.909358],[-91.455274,44.915023],[-91.457484,44.91926],[-91.454991,44.922529],[-91.448281,44.922949],[-91.448255,44.915301],[-91.430542,44.915104],[-91.430533,44.907961],[-91.427608,44.907941],[-91.417831,44.907988],[-91.417854,44.911603],[-91.421657,44.911585],[-91.421672,44.91519],[-91.395672,44.915352],[-91.400094,44.914004],[-91.40094,44.912079],[-91.398102,44.912811],[-91.400314,44.911163],[-91.390114,44.912895],[-91.38079,44.910564],[-91.380762,44.91177],[-91.378357,44.91177],[-91.378273,44.9154],[-91.368014,44.915391],[-91.368015,44.920232],[-91.357812,44.920231],[-91.357832,44.922591],[-91.34756,44.922548],[-91.347839,44.900738],[-91.38884,44.900875],[-91.388492,44.879157],[-91.407526,44.879002],[-91.406961,44.857268],[-91.4171,44.857311],[-91.417121,44.854322],[-91.427172,44.854348],[-91.426919,44.857351],[-91.43746,44.857403],[-91.437775,44.864689],[-91.444275,44.86478],[-91.443014,44.867597],[-91.445549,44.8682],[-91.44812,44.867287],[-91.447983,44.864792],[-91.451614,44.864769],[-91.452217,44.867029],[-91.448044,44.870152],[-91.448303,44.870518],[-91.44838,44.872383],[-91.446525,44.872507],[-91.44795,44.870223],[-91.440439,44.876027],[-91.441963,44.876484],[-91.447387,44.875933],[-91.450139,44.872358],[-91.453486,44.872316],[-91.453563,44.874577],[-91.458588,44.874507],[-91.459028,44.87234],[-91.460506,44.874029],[-91.46052,44.872237],[-91.470045,44.872115],[-91.463667,44.876564],[-91.466492,44.879414],[-91.469481,44.879394],[-91.475445,44.875692],[-91.478841,44.875655],[-91.481781,44.872008],[-91.484708,44.872709],[-91.484595,44.874684],[-91.487545,44.87465],[-91.48741,44.872422],[-91.490462,44.871903],[-91.488883,44.87373],[-91.493935,44.873691],[-91.493979,44.875582],[-91.490582,44.875616],[-91.488262,44.877775],[-91.494019,44.8773],[-91.494059,44.878999],[-91.496942,44.871842],[-91.498514,44.871829]]]]}},{"type":"Feature","properties":{"NAME":"Granton","state_abbr":"WI","state_name":"Wisconsin","ALAND":1411604},"geometry":{"type":"Polygon","coordinates":[[[-90.466672,44.596444],[-90.456504,44.596455],[-90.456326,44.582768],[-90.453803,44.58149],[-90.466404,44.58087],[-90.466672,44.596444]]]}},{"type":"Feature","properties":{"NAME":"Gilman","state_abbr":"WI","state_name":"Wisconsin","ALAND":6061095},"geometry":{"type":"Polygon","coordinates":[[[-90.823444,45.1553],[-90.822828,45.177155],[-90.792107,45.177288],[-90.792175,45.166432],[-90.787023,45.166467],[-90.78701,45.162777],[-90.792185,45.162732],[-90.792204,45.155513],[-90.823444,45.1553]]]}},{"type":"Feature","properties":{"NAME":"Rib Lake","state_abbr":"WI","state_name":"Wisconsin","ALAND":4513412},"geometry":{"type":"Polygon","coordinates":[[[-90.218168,45.330639],[-90.188206,45.330509],[-90.188109,45.317054],[-90.186808,45.317091],[-90.188118,45.316094],[-90.187691,45.309315],[-90.192894,45.309543],[-90.195011,45.308187],[-90.193442,45.307],[-90.195205,45.306905],[-90.196739,45.306941],[-90.197814,45.309747],[-90.203494,45.309669],[-90.203508,45.305921],[-90.208783,45.306841],[-90.208878,45.309577],[-90.218011,45.309302],[-90.218168,45.330639]]]}},{"type":"Feature","properties":{"NAME":"Withee","state_abbr":"WI","state_name":"Wisconsin","ALAND":2155669},"geometry":{"type":"Polygon","coordinates":[[[-90.609667,44.947362],[-90.60807,44.947362],[-90.608064,44.949661],[-90.602963,44.949656],[-90.602961,44.951459],[-90.605023,44.951466],[-90.605015,44.953933],[-90.602958,44.9541],[-90.602952,44.958684],[-90.599652,44.958682],[-90.599699,44.963663],[-90.592757,44.962286],[-90.592771,44.940976],[-90.60297,44.940981],[-90.602974,44.944233],[-90.608749,44.944241],[-90.609667,44.947362]]]}},{"type":"Feature","properties":{"NAME":"Conrath","state_abbr":"WI","state_name":"Wisconsin","ALAND":1353720},"geometry":{"type":"Polygon","coordinates":[[[-91.048757,45.381174],[-91.04872,45.383253],[-91.043467,45.383278],[-91.042206,45.38783],[-91.03489,45.389986],[-91.028011,45.389986],[-91.027833,45.379078],[-91.038027,45.37899],[-91.038039,45.381037],[-91.048757,45.381174]]]}},{"type":"Feature","properties":{"NAME":"Ingram","state_abbr":"WI","state_name":"Wisconsin","ALAND":2570564},"geometry":{"type":"Polygon","coordinates":[[[-90.827478,45.501907],[-90.827432,45.509052],[-90.82245,45.50895],[-90.82251,45.512416],[-90.801856,45.511762],[-90.80186,45.50076],[-90.807559,45.501108],[-90.807032,45.497384],[-90.817299,45.497841],[-90.817156,45.501588],[-90.827478,45.501907]]]}},{"type":"Feature","properties":{"NAME":"Sheldon","state_abbr":"WI","state_name":"Wisconsin","ALAND":1715114},"geometry":{"type":"Polygon","coordinates":[[[-90.966752,45.313725],[-90.9615,45.31369],[-90.961546,45.317427],[-90.965097,45.321092],[-90.956418,45.320987],[-90.956369,45.317381],[-90.951059,45.317334],[-90.951084,45.310379],[-90.945846,45.310391],[-90.94585,45.3064],[-90.95117,45.306406],[-90.951201,45.304606],[-90.961341,45.304639],[-90.961431,45.310125],[-90.966671,45.310128],[-90.966752,45.313725]]]}},{"type":"Feature","properties":{"NAME":"Ephraim","state_abbr":"WI","state_name":"Wisconsin","ALAND":9808912},"geometry":{"type":"Polygon","coordinates":[[[-87.194725,45.156295],[-87.1915,45.156361],[-87.193203,45.200066],[-87.153269,45.200151],[-87.153218,45.167438],[-87.148066,45.167403],[-87.148079,45.163731],[-87.15324,45.163749],[-87.153212,45.149162],[-87.142936,45.149153],[-87.142845,45.145505],[-87.148056,45.145507],[-87.148057,45.141871],[-87.15157,45.14187],[-87.15155,45.14545],[-87.153225,45.14545],[-87.153216,45.141877],[-87.178711,45.142109],[-87.1787,45.138442],[-87.188964,45.138282],[-87.189033,45.141933],[-87.194239,45.141843],[-87.194725,45.156295]]]}},{"type":"Feature","properties":{"NAME":"Biron","state_abbr":"WI","state_name":"Wisconsin","ALAND":12009604},"geometry":{"type":"MultiPolygon","coordinates":[[[[-89.742229,44.419397],[-89.741091,44.419452],[-89.741061,44.416647],[-89.742209,44.416633],[-89.742229,44.419397]]],[[[-89.818897,44.406837],[-89.814136,44.41163],[-89.815156,44.415077],[-89.811189,44.419785],[-89.798287,44.425597],[-89.789465,44.426373],[-89.790326,44.431179],[-89.788266,44.433427],[-89.763743,44.442625],[-89.760532,44.441202],[-89.757306,44.441827],[-89.751243,44.44572],[-89.750273,44.449196],[-89.72639,44.44935],[-89.725922,44.423091],[-89.727405,44.421748],[-89.73903,44.420581],[-89.739073,44.423912],[-89.766408,44.423758],[-89.766413,44.421785],[-89.767721,44.421778],[-89.766556,44.423924],[-89.776714,44.423755],[-89.77666,44.41868],[-89.782825,44.420035],[-89.786847,44.403247],[-89.793342,44.402006],[-89.794082,44.405652],[-89.797274,44.403741],[-89.801573,44.407263],[-89.798369,44.409184],[-89.818897,44.406837]]]]}},{"type":"Feature","properties":{"NAME":"Hewitt","state_abbr":"WI","state_name":"Wisconsin","ALAND":2410815},"geometry":{"type":"Polygon","coordinates":[[[-90.120058,44.633638],[-90.11631,44.63359],[-90.114951,44.644271],[-90.109897,44.644221],[-90.109885,44.647277],[-90.104783,44.646012],[-90.10478,44.65269],[-90.094589,44.652583],[-90.094835,44.640409],[-90.098308,44.640435],[-90.098368,44.636844],[-90.109915,44.637016],[-90.109941,44.635294],[-90.107439,44.635241],[-90.107461,44.631673],[-90.120058,44.633638]]]}},{"type":"Feature","properties":{"NAME":"Nekoosa","state_abbr":"WI","state_name":"Wisconsin","ALAND":8764908},"geometry":{"type":"Polygon","coordinates":[[[-89.929584,44.318395],[-89.924627,44.318359],[-89.925035,44.325611],[-89.904529,44.325263],[-89.904886,44.328863],[-89.894865,44.328896],[-89.895343,44.333919],[-89.889048,44.332717],[-89.889814,44.328887],[-89.886418,44.321881],[-89.887982,44.317203],[-89.890855,44.314492],[-89.895744,44.313445],[-89.895282,44.312427],[-89.897301,44.309729],[-89.89795,44.311407],[-89.896146,44.313271],[-89.899048,44.31049],[-89.894735,44.3005],[-89.889371,44.292831],[-89.892871,44.292811],[-89.892762,44.296418],[-89.91935,44.296413],[-89.919311,44.303671],[-89.924379,44.303704],[-89.924484,44.312969],[-89.929473,44.313655],[-89.929584,44.318395]]]}},{"type":"Feature","properties":{"NAME":"Pittsville","state_abbr":"WI","state_name":"Wisconsin","ALAND":5145509},"geometry":{"type":"Polygon","coordinates":[[[-90.140867,44.453397],[-90.1204,44.453467],[-90.119605,44.424331],[-90.139301,44.42437],[-90.140867,44.453397]]]}},{"type":"Feature","properties":{"NAME":"Port Edwards","state_abbr":"WI","state_name":"Wisconsin","ALAND":13536580},"geometry":{"type":"MultiPolygon","coordinates":[[[[-89.800814,44.340413],[-89.790572,44.340516],[-89.790394,44.336905],[-89.800489,44.336759],[-89.800814,44.340413]]],[[[-89.895425,44.33392],[-89.895515,44.339979],[-89.88525,44.340129],[-89.885202,44.343011],[-89.886945,44.342669],[-89.885331,44.343848],[-89.884821,44.365659],[-89.856863,44.36571],[-89.853092,44.369318],[-89.849641,44.369898],[-89.856419,44.364888],[-89.844625,44.364899],[-89.84436,44.358489],[-89.827133,44.358609],[-89.826701,44.347756],[-89.821664,44.347765],[-89.821334,44.344052],[-89.816234,44.344086],[-89.816484,44.346868],[-89.811493,44.346877],[-89.811912,44.351513],[-89.80688,44.35153],[-89.806543,44.347788],[-89.802079,44.348843],[-89.802767,44.346622],[-89.801181,44.348287],[-89.798724,44.348989],[-89.798359,44.351209],[-89.796949,44.351335],[-89.798876,44.348418],[-89.801121,44.347757],[-89.801286,44.346941],[-89.800137,44.347242],[-89.801027,44.34673],[-89.801787,44.347206],[-89.802328,44.344952],[-89.80468,44.344195],[-89.799288,44.343156],[-89.80426,44.343285],[-89.80508,44.341964],[-89.810519,44.340531],[-89.815987,44.341446],[-89.814287,44.336723],[-89.836139,44.336636],[-89.838046,44.338214],[-89.840915,44.336622],[-89.851885,44.336624],[-89.856551,44.334467],[-89.869661,44.333578],[-89.88226,44.335773],[-89.889016,44.332652],[-89.893607,44.332654],[-89.89299,44.33368],[-89.895425,44.33392]],[[-89.844321,44.343278],[-89.842856,44.34307],[-89.842581,44.343559],[-89.844305,44.345016],[-89.844321,44.343278]],[[-89.843256,44.350662],[-89.841881,44.348132],[-89.836767,44.347016],[-89.83712,44.351311],[-89.843256,44.350662]],[[-89.831421,44.344138],[-89.824247,44.344162],[-89.823622,44.34644],[-89.831765,44.347689],[-89.831421,44.344138]],[[-89.805487,44.34257],[-89.805162,44.342231],[-89.805076,44.342457],[-89.805487,44.34257]]]]}},{"type":"Feature","properties":{"NAME":"Paddock Lake","state_abbr":"WI","state_name":"Wisconsin","ALAND":7833661},"geometry":{"type":"MultiPolygon","coordinates":[[[[-88.133499,42.560952],[-88.132445,42.568298],[-88.132129,42.566939],[-88.131813,42.568303],[-88.128774,42.568314],[-88.128735,42.566086],[-88.126278,42.566091],[-88.126256,42.564006],[-88.124062,42.56401],[-88.124466,42.568237],[-88.118873,42.567812],[-88.119909,42.568616],[-88.116872,42.569159],[-88.118281,42.572261],[-88.115877,42.57265],[-88.116551,42.575505],[-88.119129,42.575505],[-88.119255,42.581703],[-88.115712,42.58147],[-88.11568,42.57974],[-88.11422,42.57974],[-88.114275,42.582781],[-88.097954,42.582838],[-88.097979,42.586479],[-88.102213,42.586466],[-88.102248,42.590109],[-88.094862,42.590128],[-88.095453,42.582846],[-88.089102,42.5827],[-88.089485,42.57548],[-88.079773,42.575495],[-88.079626,42.568168],[-88.084565,42.568167],[-88.084405,42.559608],[-88.085952,42.559589],[-88.085902,42.556985],[-88.089247,42.556878],[-88.08935,42.5624],[-88.086645,42.563318],[-88.086673,42.564704],[-88.096138,42.562272],[-88.0996,42.563387],[-88.101901,42.561005],[-88.113177,42.561015],[-88.118826,42.56117],[-88.118847,42.564204],[-88.116775,42.565598],[-88.118856,42.565539],[-88.120577,42.561001],[-88.118825,42.561012],[-88.118643,42.5501],[-88.123558,42.550079],[-88.123759,42.560981],[-88.133499,42.560952]],[[-88.1206,42.567043],[-88.118991,42.567057],[-88.120592,42.565995],[-88.118857,42.565589],[-88.118871,42.567488],[-88.1206,42.567043]],[[-88.115048,42.567894],[-88.115852,42.567204],[-88.115047,42.567436],[-88.115048,42.567894]]],[[[-88.138819,42.582661],[-88.135096,42.582689],[-88.133742,42.575479],[-88.138595,42.575471],[-88.138819,42.582661]]]]}},{"type":"Feature","properties":{"NAME":"Washburn","state_abbr":"WI","state_name":"Wisconsin","ALAND":10128175},"geometry":{"type":"Polygon","coordinates":[[[-90.926143,46.659332],[-90.925739,46.688096],[-90.860629,46.68788],[-90.867917,46.680439],[-90.881402,46.674999],[-90.886042,46.670123],[-90.883915,46.667659],[-90.889392,46.668765],[-90.888764,46.667049],[-90.890202,46.66813],[-90.904287,46.66614],[-90.905377,46.664469],[-90.911212,46.663532],[-90.91101,46.661226],[-90.914241,46.659263],[-90.926143,46.659332]]]}},{"type":"Feature","properties":{"NAME":"Marshfield","state_abbr":"WI","state_name":"Wisconsin","ALAND":35744309},"geometry":{"type":"Polygon","coordinates":[[[-90.22349,44.706952],[-90.21842,44.706957],[-90.218344,44.703331],[-90.213377,44.699726],[-90.198344,44.699773],[-90.19829,44.692879],[-90.196894,44.692883],[-90.198284,44.692169],[-90.198267,44.68794],[-90.193915,44.68891],[-90.193018,44.685278],[-90.191309,44.685276],[-90.191141,44.690464],[-90.186243,44.690016],[-90.187137,44.685258],[-90.184122,44.686145],[-90.184259,44.688963],[-90.179982,44.689003],[-90.179863,44.685227],[-90.173731,44.685223],[-90.174772,44.688926],[-90.17289,44.688911],[-90.173331,44.686118],[-90.171265,44.685228],[-90.169064,44.68889],[-90.170067,44.692574],[-90.164943,44.692541],[-90.16494,44.693834],[-90.155751,44.692469],[-90.156611,44.694711],[-90.154965,44.696074],[-90.154999,44.699697],[-90.149959,44.699686],[-90.149982,44.703264],[-90.144932,44.703221],[-90.144905,44.699636],[-90.142956,44.698572],[-90.145468,44.698263],[-90.145257,44.69696],[-90.157257,44.688842],[-90.149692,44.688814],[-90.149657,44.685725],[-90.148028,44.686358],[-90.148018,44.6852],[-90.146414,44.685197],[-90.147776,44.686356],[-90.139696,44.68518],[-90.139793,44.649779],[-90.134944,44.649769],[-90.134929,44.647972],[-90.124976,44.647937],[-90.124967,44.644373],[-90.127448,44.644396],[-90.127435,44.640852],[-90.124968,44.640813],[-90.124978,44.637193],[-90.128011,44.637226],[-90.128019,44.63362],[-90.134954,44.633649],[-90.135011,44.626424],[-90.140041,44.627283],[-90.139959,44.633677],[-90.135296,44.633646],[-90.139935,44.635071],[-90.137597,44.635527],[-90.137809,44.638432],[-90.140256,44.640729],[-90.142482,44.638368],[-90.142545,44.633677],[-90.144993,44.6337],[-90.144965,44.6373],[-90.148635,44.637334],[-90.148659,44.640966],[-90.149962,44.640982],[-90.149999,44.637321],[-90.151969,44.637341],[-90.15199,44.641008],[-90.165141,44.641196],[-90.165075,44.636506],[-90.159993,44.637423],[-90.159951,44.633768],[-90.165036,44.633846],[-90.166259,44.626749],[-90.165126,44.625076],[-90.170152,44.625159],[-90.170143,44.626789],[-90.180492,44.626146],[-90.180386,44.630475],[-90.186287,44.630476],[-90.183321,44.625074],[-90.185229,44.625079],[-90.185218,44.626871],[-90.188725,44.62765],[-90.188746,44.630489],[-90.194845,44.629],[-90.198155,44.630552],[-90.198225,44.634115],[-90.195362,44.634118],[-90.195341,44.641177],[-90.198275,44.641262],[-90.198315,44.658752],[-90.213044,44.661233],[-90.214127,44.663908],[-90.21842,44.665765],[-90.215906,44.66656],[-90.215878,44.670188],[-90.198316,44.6704],[-90.198204,44.680208],[-90.203334,44.680684],[-90.203324,44.685291],[-90.218473,44.685295],[-90.218278,44.699723],[-90.217224,44.699723],[-90.223444,44.704175],[-90.22349,44.706952]]]}},{"type":"Feature","properties":{"NAME":"Arpin","state_abbr":"WI","state_name":"Wisconsin","ALAND":2128067},"geometry":{"type":"Polygon","coordinates":[[[-90.045323,44.543382],[-90.035209,44.543418],[-90.035229,44.544861],[-90.030166,44.544867],[-90.030213,44.547944],[-90.025152,44.547951],[-90.025058,44.54163],[-90.020005,44.540726],[-90.019824,44.533501],[-90.040043,44.533487],[-90.04017,44.538869],[-90.045226,44.538843],[-90.045323,44.543382]]]}},{"type":"Feature","properties":{"NAME":"Twin Lakes","state_abbr":"WI","state_name":"Wisconsin","ALAND":22101805},"geometry":{"type":"Polygon","coordinates":[[[-88.294984,42.501955],[-88.285147,42.502617],[-88.285197,42.505672],[-88.2901,42.505659],[-88.290155,42.509306],[-88.292559,42.509298],[-88.288903,42.516394],[-88.288884,42.523941],[-88.285899,42.52392],[-88.285466,42.525968],[-88.284797,42.523909],[-88.275637,42.523905],[-88.275785,42.538453],[-88.264014,42.538309],[-88.263518,42.549841],[-88.256355,42.549283],[-88.256332,42.547751],[-88.258784,42.548585],[-88.25875,42.545591],[-88.261196,42.545601],[-88.260763,42.538311],[-88.256203,42.538312],[-88.256252,42.541943],[-88.251422,42.541964],[-88.251458,42.546391],[-88.249378,42.546388],[-88.249405,42.549186],[-88.246609,42.549183],[-88.246446,42.541953],[-88.241635,42.541988],[-88.241094,42.545079],[-88.23103,42.541723],[-88.230933,42.539284],[-88.234726,42.537433],[-88.229205,42.538415],[-88.226981,42.53707],[-88.226934,42.534926],[-88.224356,42.534945],[-88.224314,42.533025],[-88.225127,42.534536],[-88.229853,42.534829],[-88.226925,42.534517],[-88.226147,42.533012],[-88.226666,42.523943],[-88.236494,42.5239],[-88.236404,42.516625],[-88.238842,42.516616],[-88.238779,42.51298],[-88.242367,42.512961],[-88.242285,42.508726],[-88.227857,42.50942],[-88.228718,42.513028],[-88.226524,42.51304],[-88.226573,42.516716],[-88.218074,42.51684],[-88.216751,42.515393],[-88.216854,42.522092],[-88.215245,42.522519],[-88.216878,42.523597],[-88.215269,42.524029],[-88.216885,42.524014],[-88.217011,42.53019],[-88.212971,42.530224],[-88.211684,42.53628],[-88.201088,42.536605],[-88.202269,42.524201],[-88.19741,42.524299],[-88.197173,42.516963],[-88.202066,42.516909],[-88.20432,42.50595],[-88.195104,42.506037],[-88.193533,42.503685],[-88.195027,42.502412],[-88.201803,42.502345],[-88.20174,42.498706],[-88.205375,42.498679],[-88.206092,42.502301],[-88.206573,42.49517],[-88.211425,42.495135],[-88.211514,42.498624],[-88.216409,42.49858],[-88.216492,42.502209],[-88.206734,42.502298],[-88.20575,42.509573],[-88.225363,42.509433],[-88.225387,42.511244],[-88.2265,42.511241],[-88.2264,42.505806],[-88.229662,42.505777],[-88.229608,42.502935],[-88.22634,42.502942],[-88.225322,42.505801],[-88.220247,42.505821],[-88.220174,42.502193],[-88.245893,42.502051],[-88.246045,42.508477],[-88.247434,42.508512],[-88.248596,42.50694],[-88.250941,42.507521],[-88.250864,42.504131],[-88.255744,42.501528],[-88.255669,42.498426],[-88.265449,42.4984],[-88.265371,42.494709],[-88.285001,42.494772],[-88.285069,42.49838],[-88.294909,42.498338],[-88.294984,42.501955]],[[-88.255744,42.501528],[-88.255786,42.503711],[-88.258176,42.503719],[-88.255896,42.503009],[-88.255744,42.501528]]]}},{"type":"Feature","properties":{"NAME":"Bayfield","state_abbr":"WI","state_name":"Wisconsin","ALAND":2249125},"geometry":{"type":"Polygon","coordinates":[[[-90.831555,46.806804],[-90.831371,46.820941],[-90.825898,46.820937],[-90.825766,46.824537],[-90.820812,46.824517],[-90.82082,46.817192],[-90.807939,46.81717],[-90.812014,46.813403],[-90.812712,46.810972],[-90.811233,46.811576],[-90.810948,46.810845],[-90.813794,46.809663],[-90.813674,46.808321],[-90.811488,46.809583],[-90.812714,46.807928],[-90.815885,46.808239],[-90.818693,46.806178],[-90.818293,46.807585],[-90.820593,46.806157],[-90.818796,46.807534],[-90.831555,46.806804]]]}},{"type":"Feature","properties":{"NAME":"Deerfield","state_abbr":"WI","state_name":"Wisconsin","ALAND":5609503},"geometry":{"type":"MultiPolygon","coordinates":[[[[-89.087222,43.049033],[-89.087586,43.049295],[-89.087233,43.049307],[-89.087222,43.049033]]],[[[-89.096707,43.045017],[-89.09597,43.058678],[-89.09092,43.058844],[-89.090951,43.060711],[-89.081104,43.056279],[-89.081159,43.059056],[-89.07727,43.059161],[-89.07716,43.062822],[-89.072435,43.062921],[-89.072401,43.05928],[-89.0611,43.059388],[-89.061391,43.049795],[-89.066151,43.052176],[-89.068418,43.052142],[-89.069155,43.050495],[-89.069153,43.048404],[-89.067615,43.04998],[-89.069094,43.05021],[-89.068383,43.052116],[-89.061419,43.049493],[-89.061922,43.039862],[-89.057067,43.040893],[-89.063854,43.034026],[-89.077081,43.03339],[-89.077105,43.037407],[-89.072073,43.038688],[-89.071905,43.041168],[-89.069564,43.041204],[-89.069745,43.038542],[-89.066465,43.038612],[-89.066619,43.04489],[-89.076789,43.043922],[-89.076989,43.041054],[-89.087057,43.040797],[-89.086253,43.05156],[-89.082479,43.051661],[-89.082697,43.048601],[-89.08134,43.050026],[-89.08244,43.05169],[-89.08625,43.051587],[-89.085211,43.051759],[-89.086161,43.05623],[-89.086476,43.051725],[-89.09118,43.051579],[-89.091871,43.050318],[-89.091826,43.044296],[-89.096707,43.045017]],[[-89.093467,43.053067],[-89.092728,43.051525],[-89.092717,43.053059],[-89.093467,43.053067]],[[-89.091217,43.054366],[-89.089852,43.054361],[-89.089813,43.056619],[-89.09119,43.056492],[-89.091217,43.054366]]]]}},{"type":"Feature","properties":{"NAME":"McFarland","state_abbr":"WI","state_name":"Wisconsin","ALAND":12570604},"geometry":{"type":"Polygon","coordinates":[[[-89.316313,43.033004],[-89.311481,43.033029],[-89.309653,43.037606],[-89.310417,43.040462],[-89.296712,43.040593],[-89.296374,43.025837],[-89.289047,43.026025],[-89.28913,43.031439],[-89.286073,43.031481],[-89.285905,43.026114],[-89.269221,43.026592],[-89.269383,43.033866],[-89.273117,43.033765],[-89.273088,43.037394],[-89.276816,43.037321],[-89.276795,43.040892],[-89.266897,43.034383],[-89.266874,43.032841],[-89.26481,43.032891],[-89.264845,43.030675],[-89.262071,43.030741],[-89.261971,43.026787],[-89.247212,43.027163],[-89.245926,43.026051],[-89.239585,43.02743],[-89.239756,43.024791],[-89.234567,43.025315],[-89.234541,43.02398],[-89.231914,43.024055],[-89.234474,43.020353],[-89.241484,43.023589],[-89.237011,43.015237],[-89.247102,43.021099],[-89.247118,43.019945],[-89.265402,43.019406],[-89.265693,43.014939],[-89.270807,43.017042],[-89.273704,43.015982],[-89.273928,43.012376],[-89.268389,43.012654],[-89.26747,43.008283],[-89.259749,43.005511],[-89.272536,43.005382],[-89.272552,43.001677],[-89.277341,43.001546],[-89.28006,43.001858],[-89.280006,43.005149],[-89.287217,43.005101],[-89.28733,43.001925],[-89.29503,43.003855],[-89.299228,43.001277],[-89.302627,43.002427],[-89.302249,43.007678],[-89.307283,43.008577],[-89.30833,43.011266],[-89.304072,43.016355],[-89.306734,43.02481],[-89.316313,43.033004]],[[-89.285242,43.021422],[-89.286167,43.021122],[-89.285233,43.021124],[-89.285242,43.021422]],[[-89.277465,43.005154],[-89.279198,43.004556],[-89.277481,43.004576],[-89.277465,43.005154]],[[-89.268631,43.006793],[-89.26756,43.006331],[-89.267544,43.006824],[-89.268631,43.006793]]]}},{"type":"Feature","properties":{"NAME":"Madison","state_abbr":"WI","state_name":"Wisconsin","ALAND":215197265},"geometry":{"type":"MultiPolygon","coordinates":[[[[-89.281272,43.116043],[-89.280469,43.117033],[-89.276352,43.116134],[-89.281272,43.116043]]],[[[-89.286167,43.021122],[-89.285242,43.021422],[-89.285233,43.021124],[-89.286167,43.021122]]],[[[-89.57165,43.061197],[-89.571576,43.063879],[-89.569342,43.063876],[-89.569247,43.06744],[-89.571445,43.067849],[-89.571206,43.074672],[-89.565158,43.074709],[-89.562619,43.082012],[-89.561267,43.080205],[-89.56003,43.080209],[-89.560026,43.082011],[-89.536691,43.08208],[-89.536564,43.085128],[-89.531,43.085417],[-89.530935,43.086989],[-89.520852,43.086963],[-89.521098,43.083838],[-89.502158,43.086182],[-89.502253,43.082517],[-89.492361,43.08247],[-89.492236,43.086075],[-89.487284,43.085418],[-89.487225,43.087613],[-89.491129,43.090214],[-89.488792,43.09163],[-89.483777,43.088356],[-89.485789,43.094594],[-89.482397,43.094511],[-89.483746,43.10136],[-89.482373,43.105074],[-89.483623,43.105895],[-89.478918,43.104956],[-89.468078,43.10924],[-89.468389,43.107297],[-89.460185,43.109815],[-89.452761,43.109951],[-89.448785,43.114727],[-89.441884,43.118788],[-89.433228,43.131125],[-89.429479,43.133378],[-89.41975,43.135812],[-89.409018,43.131876],[-89.408149,43.134392],[-89.410118,43.141015],[-89.402819,43.141067],[-89.40273,43.144715],[-89.397662,43.144715],[-89.400142,43.148362],[-89.392542,43.148397],[-89.39242,43.151983],[-89.398584,43.152013],[-89.401348,43.150427],[-89.404574,43.156619],[-89.39226,43.156483],[-89.38786,43.15898],[-89.384729,43.158464],[-89.386929,43.160702],[-89.378446,43.170165],[-89.371963,43.170076],[-89.372027,43.16644],[-89.362132,43.166272],[-89.362225,43.162696],[-89.36483,43.162721],[-89.362209,43.161468],[-89.362277,43.158754],[-89.36777,43.159637],[-89.369969,43.161531],[-89.369246,43.158307],[-89.365964,43.157608],[-89.371913,43.155903],[-89.372888,43.152152],[-89.371857,43.149601],[-89.370319,43.152043],[-89.36273,43.150437],[-89.364253,43.152354],[-89.362951,43.15422],[-89.361653,43.150485],[-89.354662,43.151782],[-89.354819,43.148414],[-89.351914,43.148523],[-89.356011,43.147174],[-89.35521,43.140282],[-89.356728,43.140007],[-89.355227,43.139971],[-89.355249,43.136359],[-89.348691,43.136155],[-89.342642,43.152443],[-89.339959,43.153374],[-89.339896,43.150576],[-89.334966,43.150441],[-89.335104,43.146774],[-89.325475,43.146514],[-89.324303,43.169925],[-89.319593,43.170081],[-89.319566,43.171888],[-89.317838,43.171881],[-89.312762,43.164612],[-89.314671,43.168181],[-89.314472,43.17188],[-89.29479,43.172032],[-89.294791,43.164772],[-89.275153,43.165059],[-89.275398,43.156045],[-89.27765,43.154061],[-89.2755,43.154212],[-89.27554,43.15087],[-89.265726,43.150474],[-89.265827,43.147839],[-89.270017,43.143166],[-89.28083,43.141951],[-89.281949,43.137685],[-89.288047,43.137647],[-89.287884,43.135828],[-89.281042,43.135902],[-89.281097,43.131081],[-89.276067,43.135915],[-89.276177,43.128643],[-89.271239,43.128647],[-89.271352,43.121392],[-89.276175,43.121754],[-89.276197,43.127622],[-89.277153,43.122594],[-89.279038,43.122227],[-89.276253,43.121993],[-89.277394,43.121281],[-89.276308,43.118657],[-89.281244,43.118627],[-89.281225,43.121402],[-89.289951,43.121254],[-89.286361,43.107979],[-89.288985,43.106918],[-89.28991,43.110261],[-89.291341,43.106561],[-89.274885,43.106755],[-89.274851,43.108445],[-89.281411,43.108939],[-89.281335,43.113343],[-89.278923,43.111916],[-89.276434,43.112202],[-89.276395,43.114086],[-89.271473,43.114114],[-89.271373,43.119701],[-89.266429,43.119717],[-89.266275,43.129942],[-89.265147,43.130884],[-89.266255,43.131478],[-89.265095,43.132334],[-89.261262,43.132424],[-89.261363,43.128759],[-89.25638,43.128862],[-89.256503,43.125252],[-89.247801,43.125415],[-89.246923,43.12353],[-89.247529,43.12174],[-89.25174,43.121674],[-89.251807,43.118024],[-89.256691,43.117949],[-89.251847,43.116049],[-89.251891,43.113363],[-89.249455,43.112809],[-89.249877,43.109406],[-89.25553,43.108023],[-89.255551,43.109755],[-89.256845,43.109742],[-89.256884,43.107675],[-89.262997,43.107118],[-89.247034,43.10718],[-89.24705,43.027143],[-89.255882,43.026948],[-89.260312,43.030455],[-89.264845,43.030675],[-89.26481,43.032891],[-89.266874,43.032841],[-89.266897,43.034383],[-89.276795,43.040892],[-89.276816,43.037321],[-89.273088,43.037394],[-89.273117,43.033765],[-89.269383,43.033866],[-89.269221,43.026592],[-89.276646,43.026377],[-89.276838,43.033664],[-89.27874,43.033626],[-89.278758,43.037277],[-89.286614,43.036439],[-89.286812,43.038823],[-89.286754,43.033468],[-89.281768,43.033567],[-89.28159,43.026253],[-89.285905,43.026114],[-89.286073,43.031481],[-89.28913,43.031439],[-89.289047,43.026025],[-89.296374,43.025837],[-89.296712,43.040593],[-89.310978,43.041166],[-89.311001,43.042243],[-89.306539,43.042365],[-89.306615,43.045274],[-89.309898,43.04513],[-89.30998,43.047679],[-89.306679,43.047752],[-89.308068,43.04793],[-89.309124,43.055035],[-89.316381,43.051268],[-89.318027,43.051613],[-89.317943,43.054843],[-89.320716,43.054785],[-89.320857,43.056882],[-89.325804,43.05832],[-89.323747,43.059228],[-89.324116,43.062001],[-89.32615,43.061946],[-89.326075,43.071053],[-89.32112,43.071123],[-89.321106,43.07296],[-89.32605,43.072863],[-89.323888,43.080214],[-89.326654,43.086884],[-89.328113,43.086178],[-89.325612,43.08244],[-89.325304,43.078731],[-89.331472,43.072979],[-89.340389,43.071562],[-89.34892,43.064963],[-89.35151,43.059483],[-89.350676,43.056904],[-89.346652,43.054261],[-89.339625,43.058417],[-89.336847,43.049842],[-89.340555,43.047091],[-89.351372,43.047091],[-89.354206,43.043937],[-89.359144,43.043913],[-89.35822,43.032815],[-89.330286,43.032677],[-89.329967,43.040803],[-89.326379,43.041641],[-89.322396,43.040287],[-89.321203,43.039525],[-89.322321,43.035428],[-89.316541,43.033782],[-89.31628,43.031736],[-89.322917,43.03494],[-89.329611,43.028603],[-89.328565,43.026377],[-89.329617,43.025477],[-89.335496,43.025469],[-89.335359,43.029093],[-89.340305,43.029122],[-89.340433,43.025478],[-89.350331,43.025475],[-89.350426,43.021832],[-89.355367,43.021835],[-89.355299,43.025487],[-89.364904,43.0255],[-89.364781,43.028495],[-89.374584,43.028754],[-89.374653,43.027392],[-89.38173,43.026799],[-89.382006,43.027938],[-89.37954,43.027587],[-89.379585,43.032831],[-89.380811,43.032845],[-89.378525,43.039264],[-89.379988,43.039433],[-89.391085,43.036321],[-89.392159,43.034761],[-89.389695,43.033091],[-89.389883,43.031186],[-89.394052,43.031282],[-89.394686,43.029754],[-89.390364,43.028733],[-89.392212,43.026607],[-89.394942,43.026463],[-89.395148,43.023606],[-89.397843,43.023634],[-89.397725,43.025768],[-89.405105,43.024579],[-89.404756,43.030722],[-89.409108,43.03141],[-89.407904,43.033054],[-89.409954,43.034546],[-89.411473,43.034599],[-89.411515,43.031425],[-89.416892,43.031465],[-89.416895,43.028872],[-89.413458,43.028927],[-89.413558,43.026808],[-89.424654,43.026381],[-89.430273,43.023189],[-89.435297,43.024567],[-89.434866,43.031646],[-89.445017,43.031678],[-89.447149,43.027885],[-89.452598,43.029255],[-89.452696,43.031741],[-89.457894,43.031775],[-89.45832,43.022597],[-89.461552,43.022563],[-89.461155,43.031061],[-89.467983,43.031844],[-89.465348,43.029399],[-89.466376,43.027056],[-89.483861,43.026664],[-89.484173,43.008522],[-89.489122,43.008504],[-89.489187,43.004899],[-89.495747,43.001927],[-89.495404,43.000012],[-89.499057,42.998213],[-89.499054,43.000566],[-89.501374,42.999637],[-89.500611,43.001303],[-89.510446,43.001381],[-89.510392,43.002413],[-89.516742,43.001443],[-89.516607,43.008651],[-89.523606,43.008752],[-89.523528,43.015165],[-89.522364,43.015967],[-89.528518,43.01602],[-89.528493,43.020558],[-89.523673,43.023153],[-89.532062,43.023578],[-89.533385,43.024833],[-89.533513,43.016084],[-89.548289,43.01636],[-89.548287,43.018139],[-89.558058,43.020236],[-89.558016,43.023887],[-89.553156,43.023737],[-89.553084,43.027896],[-89.557833,43.028048],[-89.557709,43.031074],[-89.563875,43.031053],[-89.563713,43.034762],[-89.567385,43.034771],[-89.565408,43.036763],[-89.565349,43.038389],[-89.567218,43.038395],[-89.567061,43.042038],[-89.557463,43.041553],[-89.557283,43.045699],[-89.566891,43.045646],[-89.56675,43.060201],[-89.57165,43.061197]],[[-89.563489,43.048548],[-89.560098,43.048556],[-89.560038,43.051584],[-89.563264,43.051589],[-89.563489,43.048548]],[[-89.560953,43.076149],[-89.563405,43.074711],[-89.55711,43.07473],[-89.560953,43.076149]],[[-89.563348,43.071581],[-89.561411,43.07147],[-89.561356,43.072944],[-89.563312,43.072938],[-89.563348,43.071581]],[[-89.563087,43.060205],[-89.559352,43.059291],[-89.559341,43.06021],[-89.563087,43.060205]],[[-89.557488,43.03842],[-89.550127,43.038448],[-89.551607,43.045695],[-89.547302,43.044188],[-89.54729,43.047525],[-89.552258,43.047515],[-89.5523,43.045696],[-89.555036,43.045705],[-89.555104,43.044029],[-89.553024,43.044072],[-89.553094,43.042074],[-89.557125,43.042057],[-89.557488,43.03842]],[[-89.556636,43.067486],[-89.551768,43.067496],[-89.55139,43.074741],[-89.556253,43.076097],[-89.556636,43.067486]],[[-89.552733,43.059707],[-89.552086,43.059367],[-89.552086,43.059707],[-89.552733,43.059707]],[[-89.552006,43.060298],[-89.542209,43.060248],[-89.542141,43.063907],[-89.551858,43.063838],[-89.552006,43.060298]],[[-89.54692,43.066604],[-89.540149,43.066636],[-89.540164,43.067535],[-89.546649,43.068497],[-89.54692,43.066604]],[[-89.54266,43.045643],[-89.542053,43.044737],[-89.54198,43.045631],[-89.54266,43.045643]],[[-89.542527,43.045727],[-89.539796,43.045747],[-89.539775,43.046988],[-89.542484,43.047371],[-89.542527,43.045727]],[[-89.537544,43.077911],[-89.537133,43.077055],[-89.537062,43.078661],[-89.537544,43.077911]],[[-89.537544,43.04686],[-89.536945,43.045783],[-89.536926,43.046864],[-89.537544,43.04686]],[[-89.536989,43.075377],[-89.535073,43.074861],[-89.535044,43.075401],[-89.536989,43.075377]],[[-89.534472,43.072903],[-89.532139,43.072427],[-89.532087,43.074753],[-89.534439,43.074399],[-89.534472,43.072903]],[[-89.533019,43.031256],[-89.531012,43.030765],[-89.530987,43.031266],[-89.533019,43.031256]],[[-89.532932,43.031629],[-89.527714,43.031491],[-89.528068,43.036348],[-89.532856,43.033754],[-89.532932,43.031629]],[[-89.532597,43.038592],[-89.518171,43.038772],[-89.517978,43.044928],[-89.5325,43.043628],[-89.532597,43.038592]],[[-89.531934,43.075452],[-89.531199,43.074882],[-89.53117,43.075457],[-89.531934,43.075452]],[[-89.531848,43.045847],[-89.522843,43.045969],[-89.521616,43.047793],[-89.522807,43.047775],[-89.52278,43.049622],[-89.529224,43.049473],[-89.531848,43.045847]],[[-89.530596,43.031195],[-89.529543,43.030284],[-89.529548,43.031178],[-89.530596,43.031195]],[[-89.528419,43.027098],[-89.526486,43.027357],[-89.52648,43.028649],[-89.52346,43.028087],[-89.522579,43.023743],[-89.516673,43.02665],[-89.517792,43.027889],[-89.51626,43.026851],[-89.509649,43.030078],[-89.509633,43.031525],[-89.526329,43.031326],[-89.528387,43.03032],[-89.528419,43.027098]],[[-89.522658,43.056941],[-89.520462,43.056875],[-89.522619,43.05946],[-89.522658,43.056941]],[[-89.519528,43.034934],[-89.518393,43.033594],[-89.518372,43.034948],[-89.519528,43.034934]],[[-89.518973,43.031857],[-89.518557,43.031669],[-89.518505,43.031858],[-89.518973,43.031857]],[[-89.518139,43.035141],[-89.516415,43.033343],[-89.516463,43.035162],[-89.518139,43.035141]],[[-89.517908,43.042098],[-89.516091,43.042121],[-89.516059,43.043404],[-89.517877,43.043461],[-89.517908,43.042098]],[[-89.51424,43.031655],[-89.508641,43.031729],[-89.508595,43.035255],[-89.514223,43.035191],[-89.51424,43.031655]],[[-89.508436,43.031646],[-89.50529,43.03167],[-89.506682,43.032952],[-89.506405,43.036637],[-89.508282,43.035819],[-89.508436,43.031646]],[[-89.501798,43.051821],[-89.501908,43.050184],[-89.496767,43.050199],[-89.497814,43.052903],[-89.501798,43.051821]],[[-89.496095,43.052918],[-89.493132,43.051176],[-89.493088,43.05285],[-89.496095,43.052918]],[[-89.485789,43.04703],[-89.485263,43.046435],[-89.485249,43.047038],[-89.485789,43.04703]],[[-89.463614,43.076146],[-89.458537,43.075384],[-89.458561,43.076509],[-89.453669,43.077261],[-89.455644,43.076841],[-89.455608,43.075373],[-89.428779,43.073367],[-89.428894,43.075805],[-89.431707,43.075842],[-89.431666,43.078953],[-89.436556,43.078933],[-89.436749,43.082507],[-89.44612,43.082549],[-89.445976,43.08719],[-89.45515,43.082252],[-89.463505,43.080318],[-89.463614,43.076146]],[[-89.383222,43.115159],[-89.380578,43.112976],[-89.372692,43.112328],[-89.36883,43.104657],[-89.367177,43.104764],[-89.368869,43.102673],[-89.364008,43.102926],[-89.362523,43.107931],[-89.373655,43.12414],[-89.375979,43.124158],[-89.383222,43.115159]],[[-89.370659,43.097607],[-89.368194,43.097049],[-89.365307,43.101562],[-89.369291,43.101531],[-89.370659,43.097607]],[[-89.36294,43.145575],[-89.36234,43.145201],[-89.362327,43.145563],[-89.36294,43.145575]],[[-89.3542,43.045865],[-89.354253,43.045317],[-89.353961,43.045738],[-89.3542,43.045865]],[[-89.335775,43.100481],[-89.328849,43.103169],[-89.327004,43.106676],[-89.335473,43.106754],[-89.335775,43.100481]],[[-89.325427,43.131922],[-89.325371,43.128275],[-89.321846,43.128264],[-89.321921,43.130966],[-89.325427,43.131922]],[[-89.321068,43.164561],[-89.319815,43.1639],[-89.319788,43.164569],[-89.321068,43.164561]],[[-89.320761,43.099351],[-89.319453,43.098297],[-89.319507,43.099387],[-89.320761,43.099351]],[[-89.320754,43.100369],[-89.317272,43.101961],[-89.317124,43.098481],[-89.313343,43.098656],[-89.313258,43.101472],[-89.317024,43.101348],[-89.317007,43.101998],[-89.320473,43.101922],[-89.320754,43.100369]],[[-89.315293,43.146476],[-89.302662,43.14604],[-89.306384,43.153163],[-89.305055,43.153219],[-89.303859,43.156518],[-89.30569,43.15441],[-89.308709,43.160434],[-89.304906,43.160434],[-89.304977,43.158807],[-89.297592,43.158933],[-89.297536,43.161091],[-89.299978,43.16106],[-89.299774,43.169226],[-89.30229,43.166479],[-89.306018,43.166218],[-89.304804,43.16463],[-89.307787,43.164631],[-89.307822,43.163384],[-89.304823,43.1634],[-89.304885,43.161184],[-89.309875,43.16099],[-89.309994,43.157376],[-89.312475,43.157375],[-89.312576,43.153723],[-89.315074,43.153707],[-89.315293,43.146476]],[[-89.311158,43.07133],[-89.309709,43.071351],[-89.309923,43.073385],[-89.311126,43.073499],[-89.311158,43.07133]],[[-89.297915,43.165442],[-89.297478,43.162566],[-89.296933,43.165735],[-89.297915,43.165442]],[[-89.296568,43.119134],[-89.295966,43.117336],[-89.295946,43.119132],[-89.296568,43.119134]],[[-89.291437,43.062498],[-89.286461,43.062557],[-89.286468,43.064896],[-89.291427,43.06638],[-89.291434,43.063669],[-89.288812,43.064794],[-89.288787,43.063621],[-89.291433,43.063592],[-89.291437,43.062498]],[[-89.27936,43.12196],[-89.279228,43.121423],[-89.27925,43.12196],[-89.27936,43.12196]],[[-89.276468,43.110442],[-89.275432,43.108805],[-89.275395,43.110451],[-89.276468,43.110442]],[[-89.274854,43.044574],[-89.26993,43.043905],[-89.269836,43.045412],[-89.273643,43.045379],[-89.274854,43.044574]],[[-89.273765,43.043369],[-89.273594,43.042782],[-89.272463,43.043325],[-89.273765,43.043369]],[[-89.271685,43.084187],[-89.271649,43.077539],[-89.268034,43.077913],[-89.266964,43.083404],[-89.271685,43.084187]],[[-89.270769,43.094195],[-89.268589,43.092141],[-89.266777,43.092191],[-89.266759,43.0958],[-89.268979,43.097645],[-89.270329,43.097501],[-89.270769,43.094195]],[[-89.269448,43.075332],[-89.26666,43.074847],[-89.26308,43.081335],[-89.266684,43.081278],[-89.266696,43.079335],[-89.269448,43.075332]],[[-89.266757,43.098231],[-89.267752,43.097065],[-89.266758,43.096052],[-89.266757,43.098231]],[[-89.295838,43.120386],[-89.294764,43.119146],[-89.294741,43.120396],[-89.295838,43.120386]]]]}},{"type":"Feature","properties":{"NAME":"Maple Bluff","state_abbr":"WI","state_name":"Wisconsin","ALAND":1816338},"geometry":{"type":"MultiPolygon","coordinates":[[[[-89.370664,43.097677],[-89.369291,43.101531],[-89.365307,43.101562],[-89.368194,43.097049],[-89.370664,43.097677]]],[[[-89.383213,43.115325],[-89.375979,43.124158],[-89.373655,43.12414],[-89.362523,43.107931],[-89.364008,43.102926],[-89.368869,43.102673],[-89.367177,43.104764],[-89.36883,43.104657],[-89.372692,43.112328],[-89.380578,43.112976],[-89.383213,43.115325]]]]}},{"type":"Feature","properties":{"NAME":"Glenwood City","state_abbr":"WI","state_name":"Wisconsin","ALAND":8995932},"geometry":{"type":"Polygon","coordinates":[[[-92.192554,45.050364],[-92.187486,45.050289],[-92.187244,45.068494],[-92.156814,45.068308],[-92.156897,45.057446],[-92.151788,45.057399],[-92.151802,45.048731],[-92.139335,45.046419],[-92.139139,45.042737],[-92.136487,45.04274],[-92.136467,45.039126],[-92.141654,45.039144],[-92.141681,45.035521],[-92.15183,45.035551],[-92.151834,45.031958],[-92.16354,45.032026],[-92.164519,45.042853],[-92.151792,45.043924],[-92.151815,45.042783],[-92.149054,45.042774],[-92.144308,45.044032],[-92.144315,45.045494],[-92.192593,45.046761],[-92.192554,45.050364]]]}},{"type":"Feature","properties":{"NAME":"Hudson","state_abbr":"WI","state_name":"Wisconsin","ALAND":17648134},"geometry":{"type":"Polygon","coordinates":[[[-92.770277,44.978945],[-92.761147,44.980611],[-92.76137,44.987115],[-92.758761,44.989212],[-92.754877,44.987477],[-92.749049,44.987928],[-92.744469,44.985197],[-92.741445,44.98985],[-92.74142,44.986087],[-92.737947,44.987163],[-92.739246,44.984977],[-92.716135,44.988694],[-92.715992,44.977959],[-92.721176,44.977915],[-92.718156,44.973581],[-92.726112,44.974208],[-92.726128,44.972421],[-92.723217,44.970613],[-92.715971,44.96978],[-92.715973,44.968224],[-92.721053,44.968197],[-92.721287,44.960668],[-92.717729,44.962852],[-92.712537,44.963219],[-92.714294,44.95984],[-92.717763,44.957867],[-92.71601,44.957856],[-92.716013,44.955054],[-92.70989,44.955061],[-92.709887,44.959864],[-92.705821,44.959871],[-92.705833,44.963799],[-92.690553,44.963748],[-92.690113,44.959334],[-92.693186,44.958579],[-92.693394,44.956593],[-92.690455,44.954663],[-92.690487,44.950701],[-92.692257,44.950693],[-92.690493,44.950182],[-92.690566,44.941963],[-92.723743,44.941624],[-92.729602,44.943038],[-92.729541,44.941576],[-92.723926,44.937992],[-92.731552,44.93785],[-92.731335,44.946919],[-92.740131,44.946751],[-92.743367,44.951144],[-92.753218,44.950944],[-92.754603,44.955767],[-92.7607,44.964979],[-92.768545,44.969839],[-92.770277,44.978945]]]}},{"type":"Feature","properties":{"NAME":"Ogdensburg","state_abbr":"WI","state_name":"Wisconsin","ALAND":2519006},"geometry":{"type":"Polygon","coordinates":[[[-89.041885,44.44638],[-89.041815,44.460901],[-89.021229,44.460705],[-89.021343,44.446109],[-89.041885,44.44638]]]}},{"type":"Feature","properties":{"NAME":"Weyauwega","state_abbr":"WI","state_name":"Wisconsin","ALAND":3979500},"geometry":{"type":"MultiPolygon","coordinates":[[[[-88.935246,44.312062],[-88.933791,44.313578],[-88.931716,44.3136],[-88.933178,44.313088],[-88.931707,44.312868],[-88.932155,44.308961],[-88.935246,44.312062]]],[[[-88.955705,44.335887],[-88.951932,44.336397],[-88.949337,44.335391],[-88.954602,44.33248],[-88.955705,44.335887]]],[[[-88.961918,44.329959],[-88.961888,44.334091],[-88.946622,44.329917],[-88.921064,44.329788],[-88.926075,44.330057],[-88.915983,44.337013],[-88.915961,44.333354],[-88.914206,44.333342],[-88.914164,44.331009],[-88.921064,44.329742],[-88.921302,44.322299],[-88.915055,44.322255],[-88.914561,44.321478],[-88.915896,44.32131],[-88.91651,44.315081],[-88.932881,44.315112],[-88.932877,44.313981],[-88.936784,44.315127],[-88.935808,44.312162],[-88.94295,44.318006],[-88.947035,44.319324],[-88.941736,44.319626],[-88.941524,44.329454],[-88.94221,44.327305],[-88.943368,44.327785],[-88.942735,44.326342],[-88.945953,44.325533],[-88.947006,44.327307],[-88.952496,44.327467],[-88.952745,44.329898],[-88.952829,44.327356],[-88.954276,44.329894],[-88.961918,44.329959]],[[-88.948738,44.329911],[-88.947358,44.32928],[-88.947347,44.329915],[-88.948738,44.329911]],[[-88.943593,44.318862],[-88.943064,44.318703],[-88.942397,44.319106],[-88.943593,44.318862]],[[-88.941699,44.318981],[-88.942073,44.318091],[-88.941699,44.318097],[-88.941699,44.318981]]]]}},{"type":"Feature","properties":{"NAME":"Warrens","state_abbr":"WI","state_name":"Wisconsin","ALAND":3822112},"geometry":{"type":"MultiPolygon","coordinates":[[[[-90.533961,44.134534],[-90.536437,44.138156],[-90.531433,44.138197],[-90.531412,44.134645],[-90.528922,44.134722],[-90.528913,44.137363],[-90.5272,44.137382],[-90.527187,44.134767],[-90.521389,44.134667],[-90.521394,44.130937],[-90.51637,44.131071],[-90.516417,44.127535],[-90.511354,44.127625],[-90.511348,44.131201],[-90.508836,44.131267],[-90.508891,44.134871],[-90.49724,44.135104],[-90.497285,44.132953],[-90.491259,44.133355],[-90.491204,44.129714],[-90.49625,44.129662],[-90.496211,44.127837],[-90.492019,44.124231],[-90.507221,44.124085],[-90.508301,44.120438],[-90.510854,44.120404],[-90.520801,44.123824],[-90.530984,44.124391],[-90.533961,44.134534]]],[[[-90.536473,44.123718],[-90.534571,44.124038],[-90.534733,44.120076],[-90.536457,44.120061],[-90.536473,44.123718]]],[[[-90.54423,44.126988],[-90.541476,44.127459],[-90.534271,44.12766],[-90.536464,44.126014],[-90.537723,44.127293],[-90.537751,44.1239],[-90.541484,44.123555],[-90.54423,44.126988]]]]}},{"type":"Feature","properties":{"NAME":"Marshall","state_abbr":"WI","state_name":"Wisconsin","ALAND":5551380},"geometry":{"type":"MultiPolygon","coordinates":[[[[-89.05891,43.187841],[-89.059654,43.188356],[-89.058882,43.18859],[-89.05891,43.187841]]],[[[-89.079023,43.181626],[-89.078888,43.185283],[-89.0739,43.18543],[-89.073762,43.18908],[-89.068808,43.189221],[-89.06891,43.18557],[-89.074094,43.180437],[-89.079023,43.181626]]],[[[-89.079829,43.167196],[-89.07944,43.174173],[-89.077712,43.173447],[-89.07555,43.176136],[-89.069562,43.173943],[-89.074249,43.178596],[-89.077394,43.178646],[-89.077535,43.180756],[-89.069185,43.179526],[-89.069012,43.181941],[-89.059124,43.182368],[-89.058995,43.185519],[-89.055672,43.185447],[-89.055789,43.182517],[-89.054157,43.182601],[-89.05442,43.177379],[-89.039446,43.175656],[-89.039799,43.164864],[-89.050048,43.164476],[-89.049334,43.168158],[-89.05292,43.16802],[-89.052073,43.164195],[-89.055017,43.164211],[-89.056787,43.166119],[-89.055733,43.167153],[-89.057897,43.167357],[-89.059777,43.160454],[-89.069936,43.160152],[-89.0699,43.162589],[-89.077588,43.1624],[-89.075723,43.165482],[-89.07705,43.167262],[-89.079829,43.167196]]]]}},{"type":"Feature","properties":{"NAME":"Monona","state_abbr":"WI","state_name":"Wisconsin","ALAND":8440651},"geometry":{"type":"MultiPolygon","coordinates":[[[[-89.354253,43.045317],[-89.3542,43.045865],[-89.353961,43.045738],[-89.354253,43.045317]]],[[[-89.35921,43.041024],[-89.359144,43.043913],[-89.354206,43.043937],[-89.352008,43.04695],[-89.340555,43.047091],[-89.336847,43.049842],[-89.339625,43.058417],[-89.346652,43.054261],[-89.350676,43.056904],[-89.35151,43.059483],[-89.34892,43.064963],[-89.340389,43.071562],[-89.331472,43.072979],[-89.325304,43.078731],[-89.325612,43.08244],[-89.328113,43.086178],[-89.326654,43.086884],[-89.323888,43.080214],[-89.32605,43.072863],[-89.321106,43.07296],[-89.32112,43.071123],[-89.326075,43.071053],[-89.32615,43.061946],[-89.324116,43.062001],[-89.323747,43.059228],[-89.325804,43.05832],[-89.320857,43.056882],[-89.320716,43.054785],[-89.317943,43.054843],[-89.318027,43.051613],[-89.314444,43.050877],[-89.313479,43.053704],[-89.309124,43.055035],[-89.308068,43.04793],[-89.306679,43.047752],[-89.30998,43.047679],[-89.310978,43.041166],[-89.312551,43.042371],[-89.312452,43.044376],[-89.313028,43.044945],[-89.312745,43.042361],[-89.313705,43.044352],[-89.314044,43.042725],[-89.321938,43.042214],[-89.322347,43.044137],[-89.322157,43.041824],[-89.325486,43.042354],[-89.336281,43.037551],[-89.355866,43.038747],[-89.35921,43.041024]]]]}},{"type":"Feature","properties":{"NAME":"Oregon","state_abbr":"WI","state_name":"Wisconsin","ALAND":11727326},"geometry":{"type":"Polygon","coordinates":[[[-89.423259,42.921733],[-89.408367,42.921809],[-89.408293,42.929018],[-89.413211,42.929057],[-89.412807,42.936347],[-89.393,42.936274],[-89.392884,42.942958],[-89.368212,42.942966],[-89.368903,42.917545],[-89.365168,42.910156],[-89.36903,42.909956],[-89.36903,42.914111],[-89.375476,42.914203],[-89.372306,42.91251],[-89.373924,42.905151],[-89.383793,42.905272],[-89.383814,42.907078],[-89.387502,42.907122],[-89.386336,42.921662],[-89.387866,42.921673],[-89.387902,42.919054],[-89.386623,42.918843],[-89.387769,42.914424],[-89.400943,42.913792],[-89.421418,42.91445],[-89.423259,42.921733]],[[-89.408293,42.929018],[-89.405132,42.928992],[-89.405146,42.927104],[-89.403403,42.92709],[-89.402555,42.930473],[-89.403375,42.929131],[-89.408293,42.929018]]]}},{"type":"Feature","properties":{"NAME":"Rockdale","state_abbr":"WI","state_name":"Wisconsin","ALAND":727506},"geometry":{"type":"Polygon","coordinates":[[[-89.037913,42.974466],[-89.024603,42.976199],[-89.024617,42.973999],[-89.022862,42.972976],[-89.026221,42.972895],[-89.026227,42.971354],[-89.027947,42.972119],[-89.027908,42.967802],[-89.037722,42.967564],[-89.037913,42.974466]]]}},{"type":"Feature","properties":{"NAME":"Shorewood Hills","state_abbr":"WI","state_name":"Wisconsin","ALAND":2080993},"geometry":{"type":"Polygon","coordinates":[[[-89.463601,43.075314],[-89.463505,43.080318],[-89.45515,43.082252],[-89.445976,43.08719],[-89.44612,43.082549],[-89.436749,43.082507],[-89.436556,43.078933],[-89.431666,43.078953],[-89.431707,43.075842],[-89.428894,43.075805],[-89.428779,43.073367],[-89.455608,43.075373],[-89.455644,43.076841],[-89.453669,43.077261],[-89.463601,43.075314]]]}},{"type":"Feature","properties":{"NAME":"Dane","state_abbr":"WI","state_name":"Wisconsin","ALAND":3065378},"geometry":{"type":"Polygon","coordinates":[[[-89.511237,43.257731],[-89.491147,43.257731],[-89.49114,43.250505],[-89.486157,43.250494],[-89.4861,43.243342],[-89.481149,43.243154],[-89.486092,43.243161],[-89.486114,43.239501],[-89.488241,43.239511],[-89.490814,43.243168],[-89.511076,43.243136],[-89.511237,43.257731]]]}},{"type":"Feature","properties":{"NAME":"Cuba City","state_abbr":"WI","state_name":"Wisconsin","ALAND":3003921},"geometry":{"type":"Polygon","coordinates":[[[-90.440742,42.594982],[-90.440678,42.613103],[-90.435887,42.613065],[-90.435874,42.614555],[-90.425804,42.612957],[-90.425724,42.609789],[-90.423266,42.60929],[-90.422724,42.60204],[-90.421426,42.602043],[-90.421509,42.594755],[-90.425197,42.594793],[-90.425802,42.596752],[-90.425817,42.594803],[-90.430906,42.594876],[-90.430827,42.593335],[-90.433193,42.593371],[-90.433246,42.594919],[-90.440742,42.594982]]]}},{"type":"Feature","properties":{"NAME":"Blanchardville","state_abbr":"WI","state_name":"Wisconsin","ALAND":1405289},"geometry":{"type":"Polygon","coordinates":[[[-89.868765,42.809523],[-89.865616,42.810319],[-89.863751,42.813524],[-89.863783,42.814567],[-89.86782,42.814574],[-89.867797,42.815896],[-89.863826,42.815885],[-89.865254,42.817245],[-89.862597,42.817401],[-89.862925,42.820921],[-89.860897,42.820952],[-89.860888,42.819391],[-89.857772,42.819442],[-89.856924,42.810067],[-89.85323,42.807918],[-89.85456,42.805546],[-89.85302,42.803991],[-89.854605,42.804425],[-89.857094,42.801982],[-89.862946,42.802913],[-89.862948,42.806407],[-89.86783,42.806403],[-89.868765,42.809523]],[[-89.868165,42.809615],[-89.867809,42.8094],[-89.867807,42.809646],[-89.868165,42.809615]],[[-89.856902,42.80776],[-89.856408,42.806701],[-89.856425,42.80776],[-89.856902,42.80776]]]}},{"type":"Feature","properties":{"NAME":"Argyle","state_abbr":"WI","state_name":"Wisconsin","ALAND":1633443},"geometry":{"type":"Polygon","coordinates":[[[-89.876921,42.702116],[-89.871978,42.701921],[-89.872107,42.706597],[-89.870274,42.708104],[-89.867031,42.708013],[-89.867172,42.706114],[-89.862366,42.706115],[-89.862343,42.707659],[-89.860616,42.707661],[-89.859766,42.703046],[-89.854736,42.70307],[-89.854769,42.704882],[-89.85231,42.704901],[-89.856259,42.699694],[-89.858301,42.700353],[-89.859565,42.695854],[-89.870269,42.695824],[-89.869975,42.697595],[-89.876805,42.697588],[-89.876921,42.702116]]]}},{"type":"Feature","properties":{"NAME":"Belmont","state_abbr":"WI","state_name":"Wisconsin","ALAND":2214004},"geometry":{"type":"MultiPolygon","coordinates":[[[[-90.344838,42.73683],[-90.340407,42.736794],[-90.340463,42.740943],[-90.338092,42.741018],[-90.342212,42.741171],[-90.343493,42.741816],[-90.342683,42.742733],[-90.335626,42.745059],[-90.333226,42.742865],[-90.324614,42.744263],[-90.325631,42.737259],[-90.322707,42.733891],[-90.332978,42.731946],[-90.332924,42.72653],[-90.337845,42.726445],[-90.339155,42.733753],[-90.344757,42.733726],[-90.344838,42.73683]]],[[[-90.34532,42.746153],[-90.34327,42.748247],[-90.338522,42.74827],[-90.337586,42.746392],[-90.340367,42.746378],[-90.342208,42.743889],[-90.34532,42.746153]]]]}},{"type":"Feature","properties":{"NAME":"Benton","state_abbr":"WI","state_name":"Wisconsin","ALAND":2183028},"geometry":{"type":"Polygon","coordinates":[[[-90.396942,42.569697],[-90.396879,42.572455],[-90.393246,42.572449],[-90.393228,42.573981],[-90.387408,42.57377],[-90.389633,42.579773],[-90.38211,42.579767],[-90.382174,42.57251],[-90.381438,42.573762],[-90.381268,42.572503],[-90.372366,42.572557],[-90.372429,42.567616],[-90.370957,42.567365],[-90.370973,42.565758],[-90.375557,42.565301],[-90.372413,42.562406],[-90.377934,42.561499],[-90.38402,42.565265],[-90.384682,42.561582],[-90.385689,42.565195],[-90.392121,42.565169],[-90.392059,42.568834],[-90.396942,42.569697]]]}},{"type":"Feature","properties":{"NAME":"Gratiot","state_abbr":"WI","state_name":"Wisconsin","ALAND":1418287},"geometry":{"type":"Polygon","coordinates":[[[-90.035513,42.580628],[-90.035503,42.581712],[-90.03295,42.581407],[-90.032954,42.5835],[-90.030494,42.583504],[-90.030471,42.585609],[-90.025455,42.586177],[-90.024196,42.587773],[-90.023427,42.585292],[-90.020496,42.585589],[-90.020539,42.581513],[-90.015545,42.581325],[-90.015638,42.573935],[-90.018045,42.574019],[-90.018032,42.571739],[-90.025941,42.574259],[-90.025656,42.577967],[-90.030827,42.577465],[-90.030597,42.579733],[-90.035513,42.580628]]]}},{"type":"Feature","properties":{"NAME":"Cochrane","state_abbr":"WI","state_name":"Wisconsin","ALAND":2005796},"geometry":{"type":"Polygon","coordinates":[[[-91.848443,44.223218],[-91.848202,44.236032],[-91.845148,44.23597],[-91.84625,44.239091],[-91.837402,44.230507],[-91.822964,44.230482],[-91.82305,44.226803],[-91.828074,44.226839],[-91.828156,44.223238],[-91.829509,44.223243],[-91.828298,44.222093],[-91.833299,44.219386],[-91.833184,44.222425],[-91.848443,44.223218]]]}},{"type":"Feature","properties":{"NAME":"Browntown","state_abbr":"WI","state_name":"Wisconsin","ALAND":2728705},"geometry":{"type":"Polygon","coordinates":[[[-89.799381,42.586204],[-89.789272,42.585951],[-89.7866,42.588653],[-89.784249,42.585827],[-89.77958,42.585709],[-89.779555,42.571005],[-89.799293,42.57135],[-89.799381,42.586204]]]}},{"type":"Feature","properties":{"NAME":"Montreal","state_abbr":"WI","state_name":"Wisconsin","ALAND":5751782},"geometry":{"type":"Polygon","coordinates":[[[-90.262408,46.421098],[-90.259453,46.424501],[-90.257599,46.434791],[-90.242151,46.435522],[-90.24045,46.443156],[-90.219546,46.443298],[-90.220925,46.432178],[-90.21563,46.432196],[-90.21622,46.42844],[-90.221481,46.428485],[-90.221748,46.42461],[-90.237279,46.42447],[-90.237263,46.420856],[-90.262408,46.421098]]]}},{"type":"Feature","properties":{"NAME":"Turtle Lake","state_abbr":"WI","state_name":"Wisconsin","ALAND":7408210},"geometry":{"type":"Polygon","coordinates":[[[-92.176741,45.395498],[-92.166514,45.395537],[-92.166468,45.399038],[-92.158706,45.398929],[-92.158684,45.402469],[-92.161261,45.402517],[-92.161193,45.41019],[-92.156039,45.410038],[-92.156131,45.402425],[-92.134075,45.402565],[-92.131796,45.406162],[-92.124634,45.406136],[-92.124481,45.388109],[-92.129378,45.389295],[-92.129807,45.384501],[-92.124769,45.384504],[-92.125063,45.38095],[-92.156433,45.380978],[-92.156343,45.389607],[-92.164018,45.386554],[-92.163995,45.388258],[-92.166557,45.388278],[-92.166503,45.391856],[-92.176789,45.391943],[-92.176741,45.395498]]]}},{"type":"Feature","properties":{"NAME":"New Auburn","state_abbr":"WI","state_name":"Wisconsin","ALAND":8855410},"geometry":{"type":"MultiPolygon","coordinates":[[[[-91.561002,45.207008],[-91.561316,45.207741],[-91.560986,45.207733],[-91.561002,45.207008]]],[[[-91.561681,45.207023],[-91.561545,45.207729],[-91.561561,45.207021],[-91.561681,45.207023]]],[[[-91.593157,45.207222],[-91.565889,45.207041],[-91.565864,45.208245],[-91.567692,45.208258],[-91.567618,45.211778],[-91.565945,45.211761],[-91.566628,45.213508],[-91.572289,45.219291],[-91.566479,45.214204],[-91.563693,45.207043],[-91.559563,45.206873],[-91.559999,45.210325],[-91.542192,45.210073],[-91.541172,45.196992],[-91.537004,45.197743],[-91.537101,45.19612],[-91.542766,45.196017],[-91.543006,45.188798],[-91.593065,45.189194],[-91.593157,45.207222]]]]}},{"type":"Feature","properties":{"NAME":"Barron","state_abbr":"WI","state_name":"Wisconsin","ALAND":7543671},"geometry":{"type":"Polygon","coordinates":[[[-91.873819,45.394056],[-91.873799,45.401604],[-91.869384,45.401608],[-91.868632,45.400238],[-91.868462,45.408807],[-91.86275,45.408752],[-91.861849,45.412568],[-91.863365,45.415039],[-91.862291,45.416015],[-91.853065,45.415923],[-91.85304,45.413575],[-91.847877,45.413571],[-91.847927,45.408518],[-91.827444,45.40852],[-91.821674,45.40984],[-91.821612,45.408481],[-91.81726,45.40848],[-91.817419,45.401127],[-91.827523,45.40124],[-91.827718,45.393929],[-91.834587,45.393964],[-91.834639,45.392153],[-91.83785,45.392161],[-91.837901,45.390399],[-91.863373,45.390712],[-91.863248,45.394304],[-91.873819,45.394056]]]}},{"type":"Feature","properties":{"NAME":"Cameron","state_abbr":"WI","state_name":"Wisconsin","ALAND":6707981},"geometry":{"type":"MultiPolygon","coordinates":[[[[-91.75528,45.391085],[-91.752734,45.39479],[-91.745783,45.394123],[-91.745737,45.386788],[-91.753405,45.386749],[-91.75528,45.391085]]],[[[-91.755788,45.388228],[-91.75529,45.38722],[-91.754995,45.386743],[-91.755768,45.386736],[-91.755788,45.388228]]],[[[-91.760594,45.422835],[-91.755838,45.422837],[-91.7556,45.421826],[-91.757676,45.419257],[-91.759706,45.419248],[-91.760594,45.422835]]],[[[-91.761871,45.408551],[-91.76282,45.421187],[-91.760845,45.421188],[-91.76074,45.417481],[-91.759367,45.415664],[-91.755965,45.415683],[-91.75587,45.410916],[-91.753328,45.409778],[-91.753067,45.415688],[-91.744622,45.415725],[-91.745147,45.422855],[-91.734989,45.422812],[-91.735199,45.415677],[-91.730023,45.415671],[-91.730132,45.41209],[-91.724972,45.412053],[-91.725197,45.394152],[-91.732508,45.394237],[-91.73185,45.393326],[-91.74025,45.391679],[-91.745777,45.394926],[-91.741082,45.396696],[-91.742463,45.399453],[-91.745746,45.399418],[-91.745768,45.396262],[-91.750828,45.395971],[-91.755437,45.397712],[-91.750828,45.397703],[-91.750828,45.401291],[-91.753352,45.401314],[-91.754336,45.408591],[-91.761871,45.408551]],[[-91.735149,45.42272],[-91.739049,45.421832],[-91.735178,45.421816],[-91.735149,45.42272]]]]}},{"type":"Feature","properties":{"NAME":"Chetek","state_abbr":"WI","state_name":"Wisconsin","ALAND":6212577},"geometry":{"type":"Polygon","coordinates":[[[-91.674988,45.308132],[-91.674646,45.328997],[-91.668897,45.329724],[-91.643677,45.328768],[-91.643747,45.321495],[-91.633268,45.321369],[-91.633325,45.309522],[-91.629109,45.305276],[-91.623154,45.303618],[-91.622957,45.300561],[-91.63595,45.299997],[-91.635962,45.307118],[-91.647871,45.3071],[-91.645314,45.304659],[-91.64576,45.30353],[-91.654018,45.303594],[-91.654045,45.307147],[-91.667074,45.30739],[-91.669776,45.309153],[-91.669802,45.307389],[-91.674988,45.308132]],[[-91.668254,45.329132],[-91.668512,45.329058],[-91.668108,45.329065],[-91.668254,45.329132]]]}},{"type":"Feature","properties":{"NAME":"Mount Horeb","state_abbr":"WI","state_name":"Wisconsin","ALAND":8398208},"geometry":{"type":"Polygon","coordinates":[[[-89.752797,43.011562],[-89.750458,43.011849],[-89.750319,43.017368],[-89.739476,43.017429],[-89.739682,43.021107],[-89.730462,43.020979],[-89.730502,43.01784],[-89.716144,43.017347],[-89.716185,43.014569],[-89.720113,43.01369],[-89.713565,43.014479],[-89.711454,43.01371],[-89.7124,43.009582],[-89.7063,43.00999],[-89.706298,43.008367],[-89.703518,43.006756],[-89.698168,43.005821],[-89.703639,43.005249],[-89.717847,42.998448],[-89.719442,42.998322],[-89.720515,43.000742],[-89.720278,42.997883],[-89.725517,42.995881],[-89.72548,42.999163],[-89.738233,42.999224],[-89.738241,42.995577],[-89.730652,42.994408],[-89.733756,42.993317],[-89.73373,42.991941],[-89.73046,42.992112],[-89.732168,42.991944],[-89.732158,42.988303],[-89.741544,42.988322],[-89.742331,42.984708],[-89.745328,42.984646],[-89.744051,42.995572],[-89.745304,42.994558],[-89.748318,42.995906],[-89.746896,42.999177],[-89.750268,42.999163],[-89.750242,43.010084],[-89.752802,43.010089],[-89.752797,43.011562]]]}},{"type":"Feature","properties":{"NAME":"Rhinelander","state_abbr":"WI","state_name":"Wisconsin","ALAND":21803861},"geometry":{"type":"MultiPolygon","coordinates":[[[[-89.378787,45.639697],[-89.378723,45.64081],[-89.377948,45.64082],[-89.378787,45.639697]]],[[[-89.408603,45.624955],[-89.403828,45.625441],[-89.403344,45.622391],[-89.408391,45.62243],[-89.408603,45.624955]]],[[[-89.45881,45.597059],[-89.451921,45.602238],[-89.448681,45.602152],[-89.449247,45.596663],[-89.451344,45.596692],[-89.450656,45.594977],[-89.45796,45.595066],[-89.45511,45.595753],[-89.45881,45.597059]]],[[[-89.498947,45.613325],[-89.490722,45.613548],[-89.49066,45.616018],[-89.486636,45.615961],[-89.485541,45.618482],[-89.485494,45.617115],[-89.477653,45.617218],[-89.477474,45.609869],[-89.490781,45.609844],[-89.490858,45.605093],[-89.49481,45.605049],[-89.495116,45.611076],[-89.498922,45.610966],[-89.498947,45.613325]]],[[[-89.50186,45.633407],[-89.481455,45.633842],[-89.481438,45.632663],[-89.476207,45.632506],[-89.476266,45.636464],[-89.473066,45.636399],[-89.471087,45.633187],[-89.465747,45.632095],[-89.463247,45.632485],[-89.462842,45.635255],[-89.465954,45.637643],[-89.462652,45.640894],[-89.459883,45.637826],[-89.45254,45.637786],[-89.445398,45.641901],[-89.44508,45.640328],[-89.440098,45.640171],[-89.439826,45.636994],[-89.444566,45.636977],[-89.445833,45.63548],[-89.443219,45.635733],[-89.440837,45.633533],[-89.439543,45.633906],[-89.440032,45.640147],[-89.435092,45.640472],[-89.436103,45.64614],[-89.427339,45.646722],[-89.423274,45.645145],[-89.421366,45.641537],[-89.420114,45.642045],[-89.421826,45.648345],[-89.418591,45.648468],[-89.40837,45.65454],[-89.408349,45.657056],[-89.410867,45.657371],[-89.408333,45.658923],[-89.396592,45.659627],[-89.392189,45.659139],[-89.392173,45.657152],[-89.38617,45.660887],[-89.380981,45.661657],[-89.382541,45.662685],[-89.378182,45.665868],[-89.371907,45.665551],[-89.369816,45.663799],[-89.370028,45.662324],[-89.375278,45.661874],[-89.37702,45.644813],[-89.379426,45.64484],[-89.379351,45.643249],[-89.384579,45.644589],[-89.391488,45.644459],[-89.3896,45.644335],[-89.389431,45.642529],[-89.388861,45.644365],[-89.388142,45.642578],[-89.387548,45.644332],[-89.382327,45.643915],[-89.382672,45.637021],[-89.380696,45.636623],[-89.37749,45.63712],[-89.378609,45.63934],[-89.377496,45.640826],[-89.372023,45.640858],[-89.373519,45.637791],[-89.370543,45.638254],[-89.37224,45.637095],[-89.371734,45.634744],[-89.374345,45.634746],[-89.374813,45.636975],[-89.377524,45.636846],[-89.377692,45.63398],[-89.37926,45.633947],[-89.377614,45.632861],[-89.377914,45.630294],[-89.387204,45.62947],[-89.386907,45.62649],[-89.377352,45.625972],[-89.376754,45.622164],[-89.38162,45.622189],[-89.382669,45.626003],[-89.385325,45.623973],[-89.390289,45.623869],[-89.398023,45.628825],[-89.396284,45.626521],[-89.400347,45.627252],[-89.398326,45.627764],[-89.400698,45.629152],[-89.404628,45.627583],[-89.40698,45.629122],[-89.408024,45.626241],[-89.411933,45.625511],[-89.413877,45.628139],[-89.420839,45.629472],[-89.424829,45.628722],[-89.424808,45.621511],[-89.429076,45.620077],[-89.430273,45.625974],[-89.427387,45.625996],[-89.4279,45.627816],[-89.432193,45.627359],[-89.433167,45.627813],[-89.430468,45.629604],[-89.433744,45.628688],[-89.436582,45.630286],[-89.44028,45.628399],[-89.439308,45.630837],[-89.445834,45.625456],[-89.445878,45.627129],[-89.44834,45.627],[-89.448298,45.624354],[-89.445974,45.624348],[-89.448748,45.623401],[-89.448762,45.621883],[-89.449149,45.623323],[-89.457783,45.620728],[-89.454185,45.622987],[-89.45599,45.624246],[-89.455642,45.627232],[-89.457538,45.624245],[-89.45995,45.625019],[-89.459494,45.617149],[-89.469543,45.617561],[-89.469925,45.621092],[-89.479429,45.619911],[-89.480581,45.622948],[-89.4758,45.625432],[-89.475988,45.627113],[-89.491498,45.626795],[-89.491213,45.625064],[-89.501231,45.626697],[-89.50186,45.633407]],[[-89.449204,45.63413],[-89.448849,45.631601],[-89.44549,45.632654],[-89.446459,45.635418],[-89.449204,45.63413]],[[-89.435767,45.635189],[-89.431084,45.634575],[-89.430238,45.635809],[-89.433773,45.636025],[-89.435767,45.635189]],[[-89.385238,45.65146],[-89.381405,45.651234],[-89.381329,45.654925],[-89.38542,45.65527],[-89.385238,45.65146]]]]}},{"type":"Feature","properties":{"NAME":"Mellen","state_abbr":"WI","state_name":"Wisconsin","ALAND":4876551},"geometry":{"type":"Polygon","coordinates":[[[-90.673788,46.313322],[-90.673665,46.334866],[-90.647591,46.33485],[-90.647604,46.324034],[-90.645901,46.324032],[-90.646011,46.320412],[-90.647706,46.320723],[-90.647936,46.312978],[-90.673788,46.313322]]]}},{"type":"Feature","properties":{"NAME":"Bruce","state_abbr":"WI","state_name":"Wisconsin","ALAND":5977552},"geometry":{"type":"Polygon","coordinates":[[[-91.29195,45.44977],[-91.291974,45.468279],[-91.25453,45.468507],[-91.253218,45.456229],[-91.260262,45.452311],[-91.260542,45.449288],[-91.269919,45.449356],[-91.269954,45.445351],[-91.272855,45.445373],[-91.27286,45.448621],[-91.270935,45.449313],[-91.29195,45.44977]]]}},{"type":"Feature","properties":{"NAME":"Richfield","state_abbr":"WI","state_name":"Wisconsin","ALAND":93018748},"geometry":{"type":"Polygon","coordinates":[[[-88.300085,43.193139],[-88.300549,43.28135],[-88.189186,43.280805],[-88.189563,43.283466],[-88.191551,43.282944],[-88.191569,43.288054],[-88.187235,43.288059],[-88.188807,43.280804],[-88.181664,43.280784],[-88.182228,43.192571],[-88.300085,43.193139]]]}},{"type":"Feature","properties":{"NAME":"Coloma","state_abbr":"WI","state_name":"Wisconsin","ALAND":3849918},"geometry":{"type":"MultiPolygon","coordinates":[[[[-89.517248,44.018],[-89.512251,44.018164],[-89.512307,44.014513],[-89.51731,44.014514],[-89.517248,44.018]]],[[[-89.537241,44.033318],[-89.536948,44.037212],[-89.532157,44.037242],[-89.532135,44.039979],[-89.534526,44.041504],[-89.529076,44.039943],[-89.512112,44.039883],[-89.512146,44.04351],[-89.507192,44.04352],[-89.50716,44.039152],[-89.51212,44.038595],[-89.512143,44.025384],[-89.522134,44.025418],[-89.524745,44.023836],[-89.524727,44.025455],[-89.527173,44.025489],[-89.527156,44.029064],[-89.532218,44.029088],[-89.532185,44.032504],[-89.537241,44.033318]]],[[[-89.572834,44.06532],[-89.562721,44.065194],[-89.562483,44.054276],[-89.56751,44.054372],[-89.567572,44.058027],[-89.572647,44.058075],[-89.572834,44.06532]]]]}},{"type":"Feature","properties":{"NAME":"Lohrville","state_abbr":"WI","state_name":"Wisconsin","ALAND":3144833},"geometry":{"type":"Polygon","coordinates":[[[-89.133544,44.0409],[-89.128504,44.04088],[-89.12853,44.044495],[-89.133512,44.044524],[-89.133522,44.047482],[-89.118148,44.048209],[-89.119329,44.046302],[-89.116628,44.045665],[-89.118535,44.042417],[-89.106666,44.041046],[-89.106817,44.030145],[-89.128545,44.030075],[-89.128511,44.036639],[-89.133532,44.03562],[-89.133544,44.0409]]]}},{"type":"Feature","properties":{"NAME":"Plainfield","state_abbr":"WI","state_name":"Wisconsin","ALAND":4034846},"geometry":{"type":"MultiPolygon","coordinates":[[[[-89.509776,44.22104],[-89.502136,44.22101],[-89.502119,44.2228],[-89.497215,44.222777],[-89.497259,44.220997],[-89.482047,44.220964],[-89.481017,44.213911],[-89.48208,44.21374],[-89.482111,44.20655],[-89.507361,44.206502],[-89.507333,44.219223],[-89.509768,44.219217],[-89.509776,44.22104]]],[[[-89.512365,44.239162],[-89.50219,44.239186],[-89.502171,44.236319],[-89.500823,44.235723],[-89.502165,44.235554],[-89.502139,44.232011],[-89.512309,44.231982],[-89.512365,44.239162]]]]}},{"type":"Feature","properties":{"NAME":"Redgranite","state_abbr":"WI","state_name":"Wisconsin","ALAND":6120210},"geometry":{"type":"Polygon","coordinates":[[[-89.124962,44.051127],[-89.124978,44.058945],[-89.106913,44.05922],[-89.107146,44.06542],[-89.117191,44.066289],[-89.117238,44.069022],[-89.112232,44.069038],[-89.112075,44.076335],[-89.10957,44.076348],[-89.109702,44.070412],[-89.107195,44.070395],[-89.107198,44.069065],[-89.097072,44.069093],[-89.097004,44.059236],[-89.102034,44.059208],[-89.101846,44.048351],[-89.096853,44.04899],[-89.096762,44.04474],[-89.091777,44.044786],[-89.091812,44.042582],[-89.090481,44.042244],[-89.091756,44.041115],[-89.081684,44.041212],[-89.081694,44.037607],[-89.089665,44.036471],[-89.089833,44.037663],[-89.089912,44.033975],[-89.106732,44.035565],[-89.106666,44.041046],[-89.114051,44.040989],[-89.113795,44.042779],[-89.11547,44.043078],[-89.115016,44.046222],[-89.116837,44.046443],[-89.116891,44.048221],[-89.122783,44.048173],[-89.122789,44.051151],[-89.124962,44.051127]],[[-89.114847,44.045415],[-89.114704,44.045231],[-89.114875,44.046527],[-89.114847,44.045415]]]}},{"type":"Feature","properties":{"NAME":"Wautoma","state_abbr":"WI","state_name":"Wisconsin","ALAND":7239575},"geometry":{"type":"MultiPolygon","coordinates":[[[[-89.266006,44.060502],[-89.263582,44.060401],[-89.26358,44.059207],[-89.264838,44.058153],[-89.266006,44.060502]]],[[[-89.272204,44.075653],[-89.272163,44.077827],[-89.266947,44.079319],[-89.267233,44.075621],[-89.272204,44.075653]]],[[[-89.297511,44.058414],[-89.291709,44.05833],[-89.291563,44.057997],[-89.296783,44.057684],[-89.297511,44.058414]]],[[[-89.307341,44.097493],[-89.307405,44.104297],[-89.302461,44.104739],[-89.302439,44.101121],[-89.297376,44.101103],[-89.297366,44.097486],[-89.307341,44.097493]]],[[[-89.312534,44.047688],[-89.299925,44.047653],[-89.299818,44.041347],[-89.297343,44.040408],[-89.297927,44.033151],[-89.300473,44.033167],[-89.300467,44.036055],[-89.302356,44.037313],[-89.312433,44.03682],[-89.312534,44.047688]]],[[[-89.31317,44.074969],[-89.302751,44.073615],[-89.303257,44.075982],[-89.304641,44.075953],[-89.301795,44.078114],[-89.302326,44.080673],[-89.29998,44.080675],[-89.299973,44.079296],[-89.277473,44.079311],[-89.276329,44.073257],[-89.277344,44.069929],[-89.27009,44.07138],[-89.270918,44.070196],[-89.269126,44.069353],[-89.269615,44.0731],[-89.267261,44.073297],[-89.266725,44.075616],[-89.262136,44.074411],[-89.261473,44.075627],[-89.257206,44.075663],[-89.25723,44.072085],[-89.263005,44.072081],[-89.26894,44.069265],[-89.267754,44.065513],[-89.277328,44.065528],[-89.277382,44.061121],[-89.284937,44.061846],[-89.284912,44.058262],[-89.282408,44.058263],[-89.282378,44.051993],[-89.285556,44.055888],[-89.287388,44.061824],[-89.302496,44.062031],[-89.302434,44.068409],[-89.307464,44.068412],[-89.307479,44.072517],[-89.313131,44.072947],[-89.31317,44.074969]],[[-89.274649,44.067761],[-89.277334,44.066942],[-89.274659,44.066948],[-89.274649,44.067761]]]]}},{"type":"Feature","properties":{"NAME":"Wild Rose","state_abbr":"WI","state_name":"Wisconsin","ALAND":3765015},"geometry":{"type":"MultiPolygon","coordinates":[[[[-89.224332,44.199396],[-89.219269,44.199419],[-89.219225,44.203014],[-89.216203,44.203009],[-89.216271,44.200856],[-89.214213,44.200848],[-89.214207,44.197605],[-89.209197,44.196756],[-89.214212,44.196051],[-89.224327,44.197755],[-89.224332,44.199396]]],[[[-89.259295,44.184868],[-89.253022,44.186901],[-89.248037,44.184714],[-89.22927,44.184862],[-89.229255,44.181224],[-89.239433,44.181205],[-89.239275,44.17643],[-89.234237,44.17643],[-89.234212,44.17462],[-89.239221,44.174621],[-89.239233,44.166636],[-89.257322,44.166544],[-89.257366,44.182233],[-89.259295,44.184868]]]]}},{"type":"Feature","properties":{"NAME":"Athens","state_abbr":"WI","state_name":"Wisconsin","ALAND":6345710},"geometry":{"type":"Polygon","coordinates":[[[-90.099348,45.047599],[-90.065399,45.047407],[-90.065343,45.023994],[-90.072087,45.023778],[-90.069778,45.020251],[-90.065289,45.019167],[-90.065261,45.01677],[-90.075441,45.017124],[-90.075514,45.022467],[-90.080916,45.024467],[-90.083686,45.024506],[-90.083443,45.017338],[-90.088395,45.017485],[-90.089108,45.036763],[-90.092969,45.036784],[-90.093008,45.040376],[-90.099285,45.040408],[-90.099348,45.047599]]]}},{"type":"Feature","properties":{"NAME":"Little Chute","state_abbr":"WI","state_name":"Wisconsin","ALAND":16721220},"geometry":{"type":"Polygon","coordinates":[[[-88.357404,44.28735],[-88.353335,44.287206],[-88.353514,44.302434],[-88.352238,44.302784],[-88.353509,44.303155],[-88.352233,44.303496],[-88.353507,44.30353],[-88.353485,44.307165],[-88.343197,44.307039],[-88.343195,44.311902],[-88.332908,44.312341],[-88.33293,44.307219],[-88.335191,44.307249],[-88.332956,44.306062],[-88.333064,44.301564],[-88.334672,44.300998],[-88.329277,44.301478],[-88.328046,44.30019],[-88.324248,44.301369],[-88.324965,44.300217],[-88.323004,44.300202],[-88.322891,44.304932],[-88.317891,44.304836],[-88.317789,44.312103],[-88.315946,44.312053],[-88.315991,44.30845],[-88.304514,44.308324],[-88.304516,44.305349],[-88.301408,44.304691],[-88.30342,44.301076],[-88.298277,44.301086],[-88.297862,44.297997],[-88.28792,44.298474],[-88.289625,44.294635],[-88.286967,44.294914],[-88.286941,44.290189],[-88.282827,44.290139],[-88.282547,44.281814],[-88.283663,44.281213],[-88.282467,44.28005],[-88.296991,44.271537],[-88.300188,44.274113],[-88.314296,44.27345],[-88.323619,44.279133],[-88.338605,44.278968],[-88.342337,44.277286],[-88.34775,44.277551],[-88.350058,44.275529],[-88.355586,44.276989],[-88.357404,44.28735]],[[-88.32815,44.294183],[-88.323092,44.294096],[-88.323031,44.297968],[-88.328084,44.297996],[-88.32815,44.294183]],[[-88.321146,44.301302],[-88.320244,44.300786],[-88.320243,44.301283],[-88.321146,44.301302]],[[-88.319307,44.301265],[-88.317155,44.301217],[-88.317127,44.302436],[-88.317925,44.302624],[-88.319307,44.301265]],[[-88.303427,44.300528],[-88.304261,44.301076],[-88.304267,44.300534],[-88.303427,44.300528]]]}},{"type":"Feature","properties":{"NAME":"Nichols","state_abbr":"WI","state_name":"Wisconsin","ALAND":2292264},"geometry":{"type":"Polygon","coordinates":[[[-88.481763,44.564766],[-88.479753,44.565475],[-88.48142,44.566786],[-88.479839,44.567143],[-88.4805,44.568816],[-88.475559,44.571573],[-88.476078,44.573904],[-88.458217,44.574172],[-88.458449,44.559797],[-88.463449,44.559673],[-88.46345,44.56149],[-88.465924,44.561412],[-88.465966,44.559611],[-88.473502,44.559488],[-88.473469,44.564818],[-88.481763,44.564766]]]}},{"type":"Feature","properties":{"NAME":"Seymour","state_abbr":"WI","state_name":"Wisconsin","ALAND":7226600},"geometry":{"type":"MultiPolygon","coordinates":[[[[-88.310164,44.510544],[-88.30865,44.510515],[-88.308585,44.51233],[-88.310096,44.512358],[-88.310016,44.51484],[-88.304223,44.513745],[-88.300248,44.514729],[-88.300234,44.513336],[-88.297677,44.513288],[-88.296755,44.507697],[-88.310164,44.510544]]],[[[-88.344429,44.513238],[-88.344708,44.522505],[-88.339725,44.522452],[-88.339288,44.529683],[-88.319343,44.529421],[-88.319618,44.522226],[-88.314731,44.52215],[-88.314802,44.520336],[-88.318113,44.520383],[-88.320012,44.515439],[-88.314061,44.514889],[-88.312681,44.511253],[-88.315189,44.510374],[-88.310186,44.509805],[-88.310253,44.507977],[-88.315305,44.507266],[-88.315967,44.500426],[-88.320438,44.500478],[-88.320281,44.498671],[-88.328988,44.497397],[-88.329027,44.498947],[-88.328093,44.49897],[-88.327591,44.500559],[-88.328574,44.499173],[-88.330779,44.499419],[-88.330741,44.500599],[-88.340839,44.50075],[-88.340386,44.511628],[-88.342847,44.511688],[-88.342675,44.515299],[-88.34433,44.515318],[-88.344429,44.513238]]]]}},{"type":"Feature","properties":{"NAME":"Shiocton","state_abbr":"WI","state_name":"Wisconsin","ALAND":4052951},"geometry":{"type":"Polygon","coordinates":[[[-88.591883,44.438457],[-88.591345,44.453066],[-88.56077,44.452712],[-88.56075,44.445542],[-88.555766,44.445439],[-88.55577,44.444373],[-88.565941,44.442004],[-88.565993,44.438402],[-88.571818,44.438524],[-88.571845,44.435046],[-88.588486,44.43572],[-88.587579,44.438422],[-88.591883,44.438457]]]}},{"type":"Feature","properties":{"NAME":"Summit","state_abbr":"WI","state_name":"Wisconsin","ALAND":53499716},"geometry":{"type":"Polygon","coordinates":[[[-88.541579,43.019387],[-88.540041,43.080541],[-88.520661,43.084618],[-88.520566,43.077403],[-88.505612,43.077116],[-88.505614,43.084752],[-88.499971,43.084787],[-88.490737,43.081977],[-88.489605,43.08069],[-88.490548,43.07968],[-88.48863,43.078952],[-88.488128,43.081703],[-88.480826,43.0815],[-88.481604,43.057679],[-88.471628,43.057501],[-88.47134,43.069346],[-88.447242,43.062548],[-88.446331,43.069753],[-88.45174,43.069789],[-88.452089,43.083526],[-88.441644,43.08338],[-88.439771,43.090264],[-88.434198,43.091382],[-88.434816,43.097463],[-88.421943,43.097703],[-88.422175,43.090474],[-88.426476,43.090438],[-88.424798,43.087591],[-88.427303,43.082915],[-88.426594,43.080539],[-88.43136,43.079339],[-88.422428,43.076027],[-88.422775,43.01812],[-88.4476,43.018177],[-88.447641,43.021445],[-88.462449,43.02245],[-88.462271,43.032823],[-88.471909,43.032956],[-88.472252,43.024443],[-88.471035,43.024094],[-88.473484,43.02449],[-88.473641,43.019842],[-88.47948,43.02054],[-88.479805,43.025812],[-88.482357,43.026316],[-88.480599,43.023723],[-88.481017,43.018441],[-88.481835,43.019601],[-88.482723,43.01845],[-88.490082,43.01852],[-88.486726,43.019889],[-88.48759,43.021676],[-88.494601,43.020808],[-88.495372,43.018573],[-88.497372,43.018595],[-88.497295,43.020887],[-88.499385,43.022327],[-88.497275,43.021586],[-88.497127,43.026006],[-88.500071,43.022668],[-88.498064,43.026021],[-88.502037,43.026078],[-88.502351,43.018647],[-88.541579,43.019387]],[[-88.484238,43.022057],[-88.482616,43.020707],[-88.48233,43.02068],[-88.482325,43.022353],[-88.484238,43.022057]],[[-88.462271,43.032823],[-88.452451,43.03278],[-88.452345,43.036401],[-88.460627,43.036444],[-88.462271,43.032823]]]}},{"type":"Feature","properties":{"NAME":"Glen Flora","state_abbr":"WI","state_name":"Wisconsin","ALAND":1464237},"geometry":{"type":"Polygon","coordinates":[[[-90.902426,45.494602],[-90.902126,45.501708],[-90.88418,45.501881],[-90.884255,45.494693],[-90.889169,45.494623],[-90.88925,45.490876],[-90.899572,45.490922],[-90.899697,45.494988],[-90.902426,45.494602]]]}},{"type":"Feature","properties":{"NAME":"Hawkins","state_abbr":"WI","state_name":"Wisconsin","ALAND":5712401},"geometry":{"type":"Polygon","coordinates":[[[-90.729965,45.500486],[-90.73,45.52213],[-90.70003,45.52259],[-90.69927,45.500691],[-90.729965,45.500486]]]}},{"type":"Feature","properties":{"NAME":"Ladysmith","state_abbr":"WI","state_name":"Wisconsin","ALAND":10944791},"geometry":{"type":"MultiPolygon","coordinates":[[[[-91.126844,45.450939],[-91.126729,45.457066],[-91.120386,45.458081],[-91.117881,45.455999],[-91.116908,45.4627],[-91.111112,45.464416],[-91.122118,45.46302],[-91.122141,45.465],[-91.11336,45.46604],[-91.117399,45.467735],[-91.11522,45.469481],[-91.111508,45.46903],[-91.112006,45.466542],[-91.111151,45.46654],[-91.11121,45.47001],[-91.113913,45.470019],[-91.110823,45.47198],[-91.113426,45.477933],[-91.111318,45.477935],[-91.11148,45.47969],[-91.105284,45.479806],[-91.106967,45.480534],[-91.107036,45.483887],[-91.098303,45.484147],[-91.098231,45.481089],[-91.100215,45.479969],[-91.096006,45.4801],[-91.096064,45.478666],[-91.102411,45.476866],[-91.103593,45.472679],[-91.088472,45.47293],[-91.089061,45.474726],[-91.090777,45.47419],[-91.091891,45.478786],[-91.086334,45.480255],[-91.080399,45.478893],[-91.069527,45.479525],[-91.069526,45.475738],[-91.084191,45.475099],[-91.083096,45.472797],[-91.080372,45.472838],[-91.079293,45.474365],[-91.070886,45.474201],[-91.06992,45.469461],[-91.080345,45.468423],[-91.077064,45.458007],[-91.082465,45.458568],[-91.082683,45.45497],[-91.080319,45.454981],[-91.08029,45.45128],[-91.08593,45.450444],[-91.080277,45.449697],[-91.08029,45.44768],[-91.086366,45.447697],[-91.086525,45.439542],[-91.092259,45.439583],[-91.092288,45.437982],[-91.095337,45.437936],[-91.094907,45.436756],[-91.111783,45.438499],[-91.119029,45.437625],[-91.121336,45.439664],[-91.118242,45.438499],[-91.115844,45.440215],[-91.106012,45.440214],[-91.106046,45.443693],[-91.100868,45.443694],[-91.100908,45.445845],[-91.103195,45.445801],[-91.10321,45.447486],[-91.11117,45.44737],[-91.10924,45.451],[-91.11138,45.45097],[-91.111198,45.453798],[-91.117549,45.453916],[-91.126844,45.450939]]],[[[-91.130646,45.4649],[-91.129166,45.464904],[-91.129144,45.463381],[-91.130591,45.463394],[-91.130646,45.4649]]]]}},{"type":"Feature","properties":{"NAME":"Tony","state_abbr":"WI","state_name":"Wisconsin","ALAND":5244150},"geometry":{"type":"Polygon","coordinates":[[[-91.01805,45.48769],[-90.976641,45.487658],[-90.976316,45.47299],[-91.017686,45.473132],[-91.01805,45.48769]]]}},{"type":"Feature","properties":{"NAME":"Beaver Dam","state_abbr":"WI","state_name":"Wisconsin","ALAND":19226872},"geometry":{"type":"Polygon","coordinates":[[[-88.864149,43.434957],[-88.853187,43.435405],[-88.849332,43.440808],[-88.852705,43.442205],[-88.850212,43.443811],[-88.857954,43.443829],[-88.858384,43.44279],[-88.854197,43.440222],[-88.858265,43.44028],[-88.859174,43.44383],[-88.860837,43.443938],[-88.859207,43.445045],[-88.858666,43.449559],[-88.859564,43.458996],[-88.858095,43.458994],[-88.859844,43.480694],[-88.844807,43.480479],[-88.844722,43.487607],[-88.843188,43.487636],[-88.847878,43.492013],[-88.839833,43.491169],[-88.839791,43.487677],[-88.836544,43.487718],[-88.835632,43.484154],[-88.839753,43.484102],[-88.838383,43.480546],[-88.835054,43.480593],[-88.834794,43.484152],[-88.82481,43.484464],[-88.824841,43.488094],[-88.816715,43.487651],[-88.818355,43.484834],[-88.816168,43.486045],[-88.814914,43.480833],[-88.8124,43.49182],[-88.817596,43.490902],[-88.817468,43.492213],[-88.814922,43.492232],[-88.812991,43.49624],[-88.824905,43.495306],[-88.824918,43.498917],[-88.829822,43.498927],[-88.829845,43.500354],[-88.819979,43.500377],[-88.819986,43.502577],[-88.810559,43.502651],[-88.8107,43.500227],[-88.809532,43.500067],[-88.806639,43.505156],[-88.802695,43.508851],[-88.799389,43.516773],[-88.785489,43.516657],[-88.785403,43.513033],[-88.790362,43.513196],[-88.790257,43.505924],[-88.795249,43.506072],[-88.795225,43.502459],[-88.800049,43.502581],[-88.802663,43.506271],[-88.806609,43.504108],[-88.805215,43.502923],[-88.80517,43.495456],[-88.810058,43.49542],[-88.810005,43.491121],[-88.805449,43.491777],[-88.805149,43.488193],[-88.800127,43.488089],[-88.800009,43.480778],[-88.805044,43.480856],[-88.803675,43.484442],[-88.807556,43.484468],[-88.807159,43.477178],[-88.809921,43.477166],[-88.809809,43.469895],[-88.814774,43.469869],[-88.814726,43.465863],[-88.804809,43.465834],[-88.804662,43.458915],[-88.815845,43.458923],[-88.8165,43.455112],[-88.81454,43.454717],[-88.816401,43.454724],[-88.818926,43.448705],[-88.818798,43.443925],[-88.826088,43.442785],[-88.826824,43.443899],[-88.82909,43.44388],[-88.829261,43.442331],[-88.827089,43.443214],[-88.825372,43.441555],[-88.833951,43.436236],[-88.834009,43.440258],[-88.842367,43.440159],[-88.839109,43.440212],[-88.839138,43.441536],[-88.844467,43.440689],[-88.846108,43.438437],[-88.849867,43.438433],[-88.850372,43.433861],[-88.857725,43.429433],[-88.858915,43.425846],[-88.864024,43.425851],[-88.864149,43.434957]],[[-88.822872,43.485734],[-88.822781,43.482975],[-88.819104,43.482616],[-88.820485,43.486191],[-88.822872,43.485734]]]}},{"type":"Feature","properties":{"NAME":"North Hudson","state_abbr":"WI","state_name":"Wisconsin","ALAND":4055884},"geometry":{"type":"Polygon","coordinates":[[[-92.771104,45.000667],[-92.767506,45.010406],[-92.754556,45.010201],[-92.75458,45.00663],[-92.750985,45.006569],[-92.750964,45.007614],[-92.746481,45.007552],[-92.746464,45.012024],[-92.74136,45.012018],[-92.741305,45.013786],[-92.73858,45.013786],[-92.738609,45.008062],[-92.743599,45.006511],[-92.74135,45.006483],[-92.741445,44.98985],[-92.744469,44.985197],[-92.749049,44.987928],[-92.754877,44.987477],[-92.758761,44.989212],[-92.76137,44.987115],[-92.761147,44.980611],[-92.7703,44.978944],[-92.769049,44.988195],[-92.771104,45.000667]]]}},{"type":"Feature","properties":{"NAME":"Somerset","state_abbr":"WI","state_name":"Wisconsin","ALAND":8594070},"geometry":{"type":"MultiPolygon","coordinates":[[[[-92.692585,45.123081],[-92.691532,45.123223],[-92.690363,45.123079],[-92.692585,45.123081]]],[[[-92.693432,45.120819],[-92.693124,45.122567],[-92.690645,45.121854],[-92.693432,45.120819]]],[[[-92.693634,45.120525],[-92.685451,45.12207],[-92.687471,45.123119],[-92.687541,45.125291],[-92.689647,45.125264],[-92.689572,45.12338],[-92.692539,45.123711],[-92.693084,45.137545],[-92.682777,45.137606],[-92.682784,45.139866],[-92.673945,45.139803],[-92.667432,45.137493],[-92.667063,45.141046],[-92.672593,45.141058],[-92.67262,45.142856],[-92.662247,45.144687],[-92.662329,45.139118],[-92.664533,45.139163],[-92.66456,45.137482],[-92.662382,45.137463],[-92.662293,45.133787],[-92.652149,45.133734],[-92.652035,45.122834],[-92.647893,45.122822],[-92.649778,45.120854],[-92.646573,45.11709],[-92.652208,45.115019],[-92.652738,45.112086],[-92.657009,45.11175],[-92.659943,45.118647],[-92.665025,45.11856],[-92.665026,45.122956],[-92.662072,45.122929],[-92.662015,45.126549],[-92.665714,45.126569],[-92.667135,45.122987],[-92.670067,45.122993],[-92.670128,45.114842],[-92.672685,45.114802],[-92.66865,45.112029],[-92.673755,45.111937],[-92.677753,45.109429],[-92.690301,45.109235],[-92.690486,45.119368],[-92.68914,45.120691],[-92.693634,45.120525]],[[-92.687877,45.132086],[-92.687749,45.132083],[-92.687898,45.13275],[-92.687877,45.132086]],[[-92.666107,45.137491],[-92.664744,45.137484],[-92.664718,45.139165],[-92.666077,45.139163],[-92.666107,45.137491]]]]}},{"type":"Feature","properties":{"NAME":"Star Prairie","state_abbr":"WI","state_name":"Wisconsin","ALAND":5551062},"geometry":{"type":"Polygon","coordinates":[[[-92.544748,45.21005],[-92.518722,45.209633],[-92.5185,45.187556],[-92.529196,45.187475],[-92.529143,45.183874],[-92.544503,45.183873],[-92.544748,45.21005]]]}},{"type":"Feature","properties":{"NAME":"Clintonville","state_abbr":"WI","state_name":"Wisconsin","ALAND":11501508},"geometry":{"type":"Polygon","coordinates":[[[-88.777508,44.629158],[-88.77752,44.636995],[-88.772429,44.637773],[-88.767302,44.637793],[-88.767348,44.634118],[-88.762114,44.634159],[-88.762129,44.637821],[-88.75269,44.637851],[-88.752654,44.635934],[-88.750884,44.635313],[-88.745394,44.636041],[-88.745327,44.638242],[-88.74822,44.63913],[-88.745323,44.638487],[-88.745285,44.64053],[-88.741636,44.640534],[-88.743274,44.641504],[-88.742685,44.643535],[-88.744807,44.644059],[-88.74238,44.647699],[-88.736462,44.646858],[-88.736767,44.634064],[-88.735667,44.632433],[-88.733137,44.632441],[-88.733131,44.634233],[-88.731576,44.633557],[-88.731225,44.627055],[-88.733628,44.627059],[-88.733572,44.624613],[-88.736673,44.62305],[-88.74498,44.623387],[-88.746581,44.62241],[-88.746542,44.619755],[-88.723575,44.619704],[-88.723294,44.605236],[-88.741611,44.605115],[-88.741586,44.616095],[-88.746577,44.616083],[-88.748005,44.612397],[-88.757329,44.612345],[-88.756851,44.605026],[-88.764059,44.604953],[-88.764189,44.597751],[-88.766284,44.597685],[-88.764422,44.596998],[-88.772468,44.597648],[-88.772465,44.601826],[-88.765557,44.602491],[-88.767324,44.603065],[-88.767526,44.604922],[-88.765841,44.612259],[-88.768484,44.610956],[-88.767544,44.612243],[-88.772412,44.612199],[-88.772354,44.621482],[-88.774692,44.621427],[-88.776833,44.62371],[-88.77539,44.625223],[-88.772391,44.625068],[-88.77134,44.628844],[-88.777508,44.629158]],[[-88.751883,44.634917],[-88.751007,44.634216],[-88.746995,44.634214],[-88.74702,44.634966],[-88.751883,44.634917]],[[-88.746748,44.634227],[-88.745937,44.633038],[-88.745955,44.634263],[-88.746748,44.634227]]]}},{"type":"Feature","properties":{"NAME":"Mount Pleasant","state_abbr":"WI","state_name":"Wisconsin","ALAND":87759427},"geometry":{"type":"MultiPolygon","coordinates":[[[[-87.816405,42.689607],[-87.815741,42.695076],[-87.816001,42.689613],[-87.816405,42.689607]]],[[[-87.82458,42.75536],[-87.81302,42.754501],[-87.812968,42.749855],[-87.813867,42.754322],[-87.820499,42.753889],[-87.820579,42.752046],[-87.822744,42.752024],[-87.82458,42.75536]]],[[[-87.833856,42.69592],[-87.83142,42.698853],[-87.830779,42.69593],[-87.833856,42.69592]]],[[[-87.953984,42.75691],[-87.832798,42.755305],[-87.829536,42.753278],[-87.829606,42.755318],[-87.828702,42.754044],[-87.82595,42.755058],[-87.826462,42.752617],[-87.816453,42.745647],[-87.816368,42.739484],[-87.821289,42.738278],[-87.819352,42.736224],[-87.820174,42.734044],[-87.818559,42.733288],[-87.820069,42.731373],[-87.816726,42.733752],[-87.816222,42.729595],[-87.819347,42.729571],[-87.82163,42.731811],[-87.825332,42.740422],[-87.828529,42.740405],[-87.828344,42.735006],[-87.826187,42.733174],[-87.82948,42.733165],[-87.829439,42.728621],[-87.832441,42.728596],[-87.831854,42.735309],[-87.835252,42.735699],[-87.836606,42.733099],[-87.840268,42.732322],[-87.840029,42.728768],[-87.841833,42.728445],[-87.838721,42.727947],[-87.838746,42.7244],[-87.845783,42.725215],[-87.842622,42.723206],[-87.843807,42.718832],[-87.842137,42.718782],[-87.841771,42.716645],[-87.847,42.716803],[-87.848274,42.713733],[-87.846783,42.713652],[-87.84723,42.712189],[-87.841888,42.711504],[-87.849072,42.711745],[-87.849803,42.709351],[-87.847677,42.708675],[-87.850074,42.708452],[-87.847906,42.708144],[-87.848603,42.706551],[-87.855425,42.705594],[-87.855459,42.710584],[-87.858098,42.710605],[-87.858122,42.712427],[-87.875111,42.712133],[-87.875056,42.703571],[-87.860332,42.704694],[-87.860329,42.702534],[-87.853012,42.701356],[-87.854262,42.697485],[-87.834159,42.696853],[-87.835082,42.69379],[-87.838966,42.694806],[-87.839637,42.693328],[-87.843929,42.693516],[-87.845548,42.687136],[-87.84183,42.685959],[-87.835769,42.688533],[-87.837047,42.68996],[-87.835769,42.690457],[-87.836494,42.692894],[-87.830849,42.693233],[-87.830842,42.689449],[-87.816405,42.689607],[-87.816571,42.684867],[-87.820309,42.685491],[-87.820284,42.682339],[-87.825147,42.682329],[-87.82516,42.677959],[-87.820794,42.677972],[-87.820753,42.682148],[-87.806161,42.682432],[-87.806128,42.686079],[-87.801371,42.686114],[-87.800271,42.688549],[-87.801882,42.689365],[-87.800031,42.693235],[-87.806111,42.68965],[-87.80548,42.695175],[-87.811138,42.695134],[-87.811141,42.69695],[-87.796292,42.697028],[-87.796361,42.702803],[-87.794748,42.702815],[-87.794766,42.704297],[-87.790716,42.704328],[-87.790688,42.701363],[-87.792281,42.699915],[-87.787109,42.69995],[-87.787251,42.698876],[-87.79533,42.688926],[-87.797623,42.682941],[-87.804125,42.673838],[-87.805598,42.6679],[-87.953284,42.669566],[-87.953984,42.75691]],[[-87.924419,42.699434],[-87.919481,42.699877],[-87.919278,42.683809],[-87.882701,42.683291],[-87.879756,42.703428],[-87.889841,42.703536],[-87.889928,42.712359],[-87.894905,42.71244],[-87.894911,42.719452],[-87.91476,42.720091],[-87.914676,42.705546],[-87.924445,42.705694],[-87.924419,42.699434]]]]}},{"type":"Feature","properties":{"NAME":"Rockland","state_abbr":"WI","state_name":"Wisconsin","ALAND":1723753},"geometry":{"type":"MultiPolygon","coordinates":[[[[-90.925108,43.900865],[-90.925106,43.908065],[-90.915084,43.909396],[-90.913824,43.916543],[-90.912019,43.915102],[-90.911428,43.916921],[-90.910193,43.916582],[-90.910094,43.910635],[-90.905129,43.910665],[-90.9051,43.906842],[-90.915082,43.905297],[-90.915091,43.903916],[-90.910096,43.905091],[-90.910087,43.902251],[-90.916804,43.900178],[-90.925108,43.900865]],[[-90.910975,43.906533],[-90.910062,43.907526],[-90.910956,43.907198],[-90.910975,43.906533]]],[[[-90.930134,43.913173],[-90.927065,43.912258],[-90.927616,43.913789],[-90.919605,43.913789],[-90.920069,43.910168],[-90.925107,43.910164],[-90.925108,43.912482],[-90.930128,43.911292],[-90.930134,43.913173]]]]}},{"type":"Feature","properties":{"NAME":"South Wayne","state_abbr":"WI","state_name":"Wisconsin","ALAND":2152253},"geometry":{"type":"Polygon","coordinates":[[[-89.887406,42.561888],[-89.887497,42.572954],[-89.872495,42.572766],[-89.871641,42.571322],[-89.862743,42.573041],[-89.862735,42.564337],[-89.872545,42.564389],[-89.872516,42.561875],[-89.887406,42.561888]]]}},{"type":"Feature","properties":{"NAME":"West Salem","state_abbr":"WI","state_name":"Wisconsin","ALAND":8674257},"geometry":{"type":"Polygon","coordinates":[[[-91.146283,43.891538],[-91.143783,43.891594],[-91.143952,43.895172],[-91.141424,43.895239],[-91.14073,43.898301],[-91.136052,43.894895],[-91.131438,43.895417],[-91.131561,43.898457],[-91.120841,43.897622],[-91.114784,43.900004],[-91.114962,43.901554],[-91.111497,43.901829],[-91.110035,43.900129],[-91.101434,43.900497],[-91.10143,43.90655],[-91.099768,43.908468],[-91.094395,43.90685],[-91.093422,43.910256],[-91.091405,43.9113],[-91.087776,43.906355],[-91.081059,43.906332],[-91.079862,43.909758],[-91.08088,43.911454],[-91.07967,43.909948],[-91.074006,43.909918],[-91.073225,43.907719],[-91.067829,43.90916],[-91.066324,43.906309],[-91.051253,43.906295],[-91.05113,43.895444],[-91.046124,43.895466],[-91.0461,43.894111],[-91.071166,43.894824],[-91.071001,43.888217],[-91.079867,43.888259],[-91.080475,43.889822],[-91.085547,43.890205],[-91.085569,43.89189],[-91.091191,43.891919],[-91.091252,43.894791],[-91.111398,43.895469],[-91.109716,43.899412],[-91.111573,43.900053],[-91.111489,43.898805],[-91.116704,43.898771],[-91.119619,43.891899],[-91.136277,43.891762],[-91.136123,43.888176],[-91.141147,43.888065],[-91.141237,43.889856],[-91.146215,43.889749],[-91.146283,43.891538]]]}},{"type":"Feature","properties":{"NAME":"Almena","state_abbr":"WI","state_name":"Wisconsin","ALAND":2936338},"geometry":{"type":"Polygon","coordinates":[[[-92.048746,45.424033],[-92.043595,45.42403],[-92.043604,45.42577],[-92.040589,45.425739],[-92.038247,45.422179],[-92.027408,45.420373],[-92.027876,45.405951],[-92.043337,45.405968],[-92.043348,45.409242],[-92.048496,45.409298],[-92.048746,45.424033]]]}},{"type":"Feature","properties":{"NAME":"Arcadia","state_abbr":"WI","state_name":"Wisconsin","ALAND":8474619},"geometry":{"type":"MultiPolygon","coordinates":[[[[-91.50497,44.262384],[-91.504716,44.263933],[-91.503722,44.263318],[-91.50497,44.262384]]],[[[-91.521503,44.248362],[-91.519789,44.250803],[-91.513649,44.250069],[-91.508617,44.252722],[-91.508634,44.254015],[-91.513669,44.253947],[-91.5137,44.261201],[-91.503597,44.260667],[-91.503471,44.264848],[-91.493392,44.264744],[-91.493458,44.26113],[-91.483263,44.262942],[-91.4832,44.259259],[-91.488365,44.25901],[-91.488418,44.253852],[-91.48334,44.25387],[-91.481684,44.252234],[-91.481498,44.253715],[-91.478739,44.254097],[-91.47933,44.250841],[-91.481975,44.252065],[-91.483318,44.252065],[-91.483316,44.251754],[-91.477489,44.24942],[-91.474292,44.249741],[-91.47435,44.251233],[-91.472388,44.251849],[-91.471916,44.249062],[-91.468751,44.249387],[-91.468722,44.247927],[-91.473401,44.247913],[-91.473419,44.245479],[-91.471786,44.244586],[-91.469906,44.244579],[-91.468721,44.247862],[-91.463144,44.247913],[-91.461249,44.245224],[-91.456643,44.246604],[-91.456838,44.243456],[-91.462182,44.242574],[-91.462162,44.240731],[-91.45289,44.240916],[-91.452198,44.239108],[-91.4621,44.233549],[-91.46213,44.2371],[-91.467132,44.237063],[-91.467177,44.24067],[-91.473248,44.242168],[-91.474225,44.237414],[-91.482307,44.23708],[-91.482311,44.239791],[-91.486483,44.240276],[-91.486823,44.238613],[-91.48728,44.240775],[-91.496817,44.24032],[-91.500332,44.242668],[-91.498613,44.245018],[-91.487344,44.244445],[-91.487344,44.246346],[-91.485959,44.246616],[-91.500361,44.246628],[-91.500707,44.244512],[-91.504753,44.244517],[-91.507428,44.242645],[-91.507422,44.237248],[-91.517711,44.237307],[-91.516989,44.245496],[-91.519295,44.244601],[-91.519291,44.246668],[-91.521503,44.248362]]]]}},{"type":"Feature","properties":{"NAME":"Blair","state_abbr":"WI","state_name":"Wisconsin","ALAND":11132827},"geometry":{"type":"Polygon","coordinates":[[[-91.312371,44.326456],[-91.307439,44.326428],[-91.307251,44.334083],[-91.306019,44.334828],[-91.287485,44.334822],[-91.286924,44.329775],[-91.284479,44.326512],[-91.269056,44.326609],[-91.269102,44.324813],[-91.266556,44.324828],[-91.266706,44.319433],[-91.256827,44.319598],[-91.252978,44.316647],[-91.246842,44.316111],[-91.246888,44.308886],[-91.245056,44.308898],[-91.246012,44.30823],[-91.244754,44.305291],[-91.239123,44.30535],[-91.239585,44.302163],[-91.241231,44.301701],[-91.218975,44.301699],[-91.218984,44.297856],[-91.212903,44.298577],[-91.206483,44.301565],[-91.206489,44.299336],[-91.201481,44.299931],[-91.204227,44.299322],[-91.20323,44.295681],[-91.194886,44.295702],[-91.196479,44.30014],[-91.166209,44.302917],[-91.166077,44.27757],[-91.171972,44.281183],[-91.170574,44.282276],[-91.175541,44.283529],[-91.171198,44.283561],[-91.171207,44.285373],[-91.176287,44.285852],[-91.173028,44.286342],[-91.17631,44.29078],[-91.176316,44.294401],[-91.171165,44.294452],[-91.171195,44.298153],[-91.19146,44.298005],[-91.191449,44.294342],[-91.203284,44.294357],[-91.204815,44.295748],[-91.206417,44.294751],[-91.206494,44.297985],[-91.211496,44.298039],[-91.21135,44.290815],[-91.227176,44.290971],[-91.227126,44.289332],[-91.231678,44.289308],[-91.234621,44.290931],[-91.234581,44.287287],[-91.240172,44.287232],[-91.242561,44.290863],[-91.241799,44.301535],[-91.256772,44.308085],[-91.256784,44.312337],[-91.261732,44.312252],[-91.261726,44.311108],[-91.271772,44.31805],[-91.271699,44.323048],[-91.27663,44.322967],[-91.276844,44.319382],[-91.286337,44.319264],[-91.287201,44.322873],[-91.291872,44.323245],[-91.292314,44.319206],[-91.302417,44.319179],[-91.302389,44.322811],[-91.307435,44.321011],[-91.307438,44.324622],[-91.31237,44.324653],[-91.312371,44.326456]]]}},{"type":"Feature","properties":{"NAME":"Eleva","state_abbr":"WI","state_name":"Wisconsin","ALAND":1449603},"geometry":{"type":"Polygon","coordinates":[[[-91.479327,44.574636],[-91.479579,44.578023],[-91.476936,44.577995],[-91.476958,44.58158],[-91.460275,44.583263],[-91.46028,44.581336],[-91.464406,44.581499],[-91.46449,44.574377],[-91.463262,44.574599],[-91.463243,44.572568],[-91.465939,44.572133],[-91.467624,44.574375],[-91.466564,44.57076],[-91.467543,44.567135],[-91.473276,44.567163],[-91.473319,44.572671],[-91.478309,44.573594],[-91.47512,44.574149],[-91.479327,44.574636]]]}},{"type":"Feature","properties":{"NAME":"Ettrick","state_abbr":"WI","state_name":"Wisconsin","ALAND":1914883},"geometry":{"type":"Polygon","coordinates":[[[-91.278423,44.175161],[-91.262448,44.17569],[-91.262454,44.171254],[-91.252396,44.170962],[-91.252483,44.161691],[-91.257484,44.164884],[-91.274442,44.164865],[-91.275254,44.166372],[-91.273355,44.167916],[-91.273345,44.170771],[-91.276412,44.171183],[-91.278423,44.175161]]]}},{"type":"Feature","properties":{"NAME":"Galesville","state_abbr":"WI","state_name":"Wisconsin","ALAND":3368530},"geometry":{"type":"MultiPolygon","coordinates":[[[[-91.361387,44.076382],[-91.359302,44.076482],[-91.35966,44.073947],[-91.361282,44.073931],[-91.361387,44.076382]]],[[[-91.391216,44.076464],[-91.383531,44.075843],[-91.383031,44.077363],[-91.380492,44.075428],[-91.373986,44.076184],[-91.373277,44.079502],[-91.375276,44.079486],[-91.375382,44.081439],[-91.3716,44.0815],[-91.371841,44.08478],[-91.363791,44.084855],[-91.363791,44.089196],[-91.351843,44.088562],[-91.351987,44.092178],[-91.346017,44.090921],[-91.345125,44.094261],[-91.348279,44.094337],[-91.348651,44.09936],[-91.342727,44.099278],[-91.341858,44.096788],[-91.344169,44.095676],[-91.337032,44.095662],[-91.336919,44.092046],[-91.339482,44.092066],[-91.338982,44.09102],[-91.341473,44.090634],[-91.341487,44.08847],[-91.344907,44.087896],[-91.344714,44.082617],[-91.346648,44.082577],[-91.346369,44.076284],[-91.351662,44.077726],[-91.371594,44.077405],[-91.371995,44.075862],[-91.388767,44.071944],[-91.388834,44.073746],[-91.391201,44.073728],[-91.391216,44.076464]]]]}},{"type":"Feature","properties":{"NAME":"Independence","state_abbr":"WI","state_name":"Wisconsin","ALAND":10783263},"geometry":{"type":"MultiPolygon","coordinates":[[[[-91.458083,44.31941],[-91.457925,44.320957],[-91.425418,44.320816],[-91.426839,44.315425],[-91.422861,44.315445],[-91.423197,44.35243],[-91.429558,44.350567],[-91.42955,44.35186],[-91.433418,44.3524],[-91.433337,44.356045],[-91.428186,44.356596],[-91.428019,44.36215],[-91.433231,44.363269],[-91.433026,44.366835],[-91.425058,44.366806],[-91.425684,44.368022],[-91.423813,44.367972],[-91.424974,44.370234],[-91.423105,44.370272],[-91.423097,44.372297],[-91.419912,44.372331],[-91.421092,44.369588],[-91.419189,44.368234],[-91.418085,44.371256],[-91.408002,44.370655],[-91.408118,44.365691],[-91.39786,44.366987],[-91.397913,44.363278],[-91.407012,44.363318],[-91.407761,44.365206],[-91.407561,44.363323],[-91.411121,44.363311],[-91.411082,44.359023],[-91.407997,44.359034],[-91.407984,44.356165],[-91.387809,44.357987],[-91.387828,44.35605],[-91.377727,44.356161],[-91.377718,44.35252],[-91.378275,44.355295],[-91.383726,44.355267],[-91.382799,44.35433],[-91.384729,44.352461],[-91.402924,44.352491],[-91.40292,44.348846],[-91.407949,44.34893],[-91.408365,44.356163],[-91.41663,44.355876],[-91.418119,44.352413],[-91.420656,44.352424],[-91.420301,44.32993],[-91.417775,44.329955],[-91.416953,44.326348],[-91.418034,44.321893],[-91.420903,44.319023],[-91.40293,44.319098],[-91.402849,44.311932],[-91.40567,44.311919],[-91.402816,44.309464],[-91.402602,44.297465],[-91.407678,44.297434],[-91.408691,44.299155],[-91.412704,44.297444],[-91.412665,44.293843],[-91.422719,44.293855],[-91.422741,44.297469],[-91.417734,44.297454],[-91.417742,44.299037],[-91.417769,44.3011],[-91.422772,44.301398],[-91.415234,44.303709],[-91.412024,44.302511],[-91.41222,44.30108],[-91.407703,44.301063],[-91.407728,44.304693],[-91.426608,44.30296],[-91.427789,44.304734],[-91.425293,44.304744],[-91.425333,44.308302],[-91.437964,44.308332],[-91.43799,44.310909],[-91.4364,44.311881],[-91.439867,44.3119],[-91.432892,44.318335],[-91.43111,44.318335],[-91.431112,44.315933],[-91.432998,44.315935],[-91.432972,44.313652],[-91.427947,44.31542],[-91.427993,44.31897],[-91.458083,44.31941]]],[[[-91.460838,44.314574],[-91.460621,44.31916],[-91.458493,44.319161],[-91.459074,44.313438],[-91.460838,44.314574]]]]}},{"type":"Feature","properties":{"NAME":"Amery","state_abbr":"WI","state_name":"Wisconsin","ALAND":8049275},"geometry":{"type":"MultiPolygon","coordinates":[[[[-92.346818,45.317693],[-92.346817,45.321316],[-92.340155,45.321225],[-92.340172,45.317674],[-92.346818,45.317693]]],[[[-92.387533,45.308574],[-92.37722,45.309642],[-92.377731,45.317691],[-92.378925,45.316864],[-92.379757,45.319047],[-92.383373,45.318152],[-92.383484,45.319876],[-92.379445,45.319168],[-92.37666,45.322168],[-92.371862,45.321711],[-92.368249,45.32439],[-92.368755,45.325405],[-92.357054,45.325213],[-92.357046,45.327802],[-92.355497,45.327804],[-92.357048,45.321652],[-92.351931,45.321403],[-92.351927,45.310505],[-92.346821,45.310432],[-92.34682,45.311926],[-92.344249,45.312901],[-92.344261,45.310058],[-92.342143,45.310034],[-92.342165,45.307842],[-92.346856,45.306854],[-92.346874,45.305604],[-92.34174,45.305552],[-92.341518,45.29953],[-92.346942,45.299569],[-92.347145,45.292318],[-92.363595,45.292107],[-92.363768,45.288411],[-92.365659,45.288381],[-92.365531,45.290645],[-92.370178,45.289778],[-92.370319,45.285077],[-92.367891,45.284785],[-92.370491,45.28298],[-92.370938,45.273934],[-92.378298,45.273966],[-92.37781,45.290225],[-92.3727,45.290191],[-92.372592,45.292058],[-92.375136,45.29206],[-92.374911,45.295918],[-92.377451,45.295919],[-92.377408,45.298469],[-92.382579,45.298502],[-92.38251,45.302397],[-92.377726,45.304724],[-92.377225,45.309343],[-92.387533,45.308574]],[[-92.370049,45.292056],[-92.367532,45.29133],[-92.367504,45.292053],[-92.370049,45.292056]]]]}},{"type":"Feature","properties":{"NAME":"Balsam Lake","state_abbr":"WI","state_name":"Wisconsin","ALAND":5762385},"geometry":{"type":"Polygon","coordinates":[[[-92.476331,45.469128],[-92.458243,45.468944],[-92.458133,45.476195],[-92.453067,45.476202],[-92.45308,45.468951],[-92.42751,45.468537],[-92.427571,45.454859],[-92.425079,45.455198],[-92.425068,45.453549],[-92.443006,45.453356],[-92.442987,45.446199],[-92.448071,45.446054],[-92.44806,45.443193],[-92.46332,45.442557],[-92.463377,45.446128],[-92.473588,45.446273],[-92.473448,45.464626],[-92.474515,45.464641],[-92.473219,45.46685],[-92.474501,45.466127],[-92.476331,45.469128]]]}},{"type":"Feature","properties":{"NAME":"Clayton","state_abbr":"WI","state_name":"Wisconsin","ALAND":8315691},"geometry":{"type":"Polygon","coordinates":[[[-92.189103,45.324222],[-92.187579,45.325006],[-92.187684,45.338423],[-92.168521,45.338018],[-92.167022,45.340082],[-92.166868,45.348861],[-92.160666,45.348885],[-92.165429,45.341645],[-92.156653,45.352506],[-92.156645,45.309321],[-92.187686,45.309525],[-92.187581,45.324661],[-92.189103,45.324222]],[[-92.164108,45.341659],[-92.166817,45.339635],[-92.167993,45.338017],[-92.164108,45.33801],[-92.164108,45.341659]]]}},{"type":"Feature","properties":{"NAME":"Dresser","state_abbr":"WI","state_name":"Wisconsin","ALAND":4908766},"geometry":{"type":"Polygon","coordinates":[[[-92.651777,45.347697],[-92.651719,45.361223],[-92.646311,45.361294],[-92.646387,45.357648],[-92.641276,45.357681],[-92.641233,45.365031],[-92.636902,45.365125],[-92.636179,45.361419],[-92.636322,45.383026],[-92.626102,45.382979],[-92.626119,45.355402],[-92.616074,45.353893],[-92.615906,45.350197],[-92.630546,45.3503],[-92.63137,45.346599],[-92.639624,45.346683],[-92.637466,45.350335],[-92.641313,45.350481],[-92.641289,45.354027],[-92.646423,45.354015],[-92.64651,45.348178],[-92.648123,45.348196],[-92.648134,45.346781],[-92.651777,45.347697]]]}},{"type":"Feature","properties":{"NAME":"Frederic","state_abbr":"WI","state_name":"Wisconsin","ALAND":4380808},"geometry":{"type":"Polygon","coordinates":[[[-92.481255,45.657661],[-92.475438,45.659283],[-92.474946,45.661211],[-92.473644,45.660589],[-92.474949,45.663045],[-92.478626,45.662985],[-92.478607,45.664824],[-92.476035,45.664792],[-92.476015,45.666463],[-92.473457,45.665145],[-92.473439,45.666541],[-92.466129,45.666486],[-92.465984,45.66754],[-92.46316,45.666445],[-92.460653,45.667222],[-92.460656,45.668548],[-92.458006,45.668519],[-92.458015,45.666273],[-92.452971,45.666174],[-92.452896,45.651831],[-92.458021,45.651946],[-92.458084,45.648869],[-92.457547,45.644722],[-92.45294,45.644652],[-92.452969,45.641114],[-92.458119,45.642553],[-92.458135,45.641168],[-92.463311,45.641221],[-92.463285,45.637898],[-92.468424,45.637931],[-92.469543,45.643611],[-92.468351,45.652059],[-92.469934,45.650286],[-92.469821,45.64491],[-92.473555,45.644966],[-92.473533,45.647192],[-92.478726,45.64727],[-92.478721,45.648618],[-92.473521,45.64854],[-92.473556,45.65574],[-92.481271,45.655855],[-92.481255,45.657661]],[[-92.473667,45.663734],[-92.473486,45.662975],[-92.473475,45.663732],[-92.473667,45.663734]],[[-92.467546,45.64845],[-92.463573,45.647484],[-92.463186,45.648385],[-92.467546,45.64845]]]}},{"type":"Feature","properties":{"NAME":"Luck","state_abbr":"WI","state_name":"Wisconsin","ALAND":5106541},"geometry":{"type":"Polygon","coordinates":[[[-92.496051,45.569619],[-92.488565,45.569249],[-92.48875,45.580444],[-92.473367,45.580327],[-92.473411,45.587512],[-92.468173,45.587476],[-92.468223,45.583902],[-92.471601,45.583942],[-92.471611,45.580317],[-92.4477,45.580212],[-92.447749,45.576573],[-92.442596,45.576524],[-92.442632,45.569271],[-92.447773,45.569273],[-92.44764,45.565702],[-92.457876,45.564038],[-92.45787,45.562262],[-92.455277,45.562279],[-92.457818,45.561554],[-92.457762,45.558693],[-92.452694,45.558651],[-92.452705,45.555057],[-92.45651,45.555126],[-92.45652,45.556664],[-92.457834,45.555183],[-92.462978,45.55516],[-92.462963,45.562313],[-92.468052,45.56228],[-92.467989,45.565864],[-92.488633,45.566012],[-92.488595,45.567819],[-92.491155,45.567848],[-92.491158,45.566038],[-92.494284,45.566071],[-92.493681,45.567802],[-92.496051,45.569619]]]}},{"type":"Feature","properties":{"NAME":"Osseo","state_abbr":"WI","state_name":"Wisconsin","ALAND":5330401},"geometry":{"type":"Polygon","coordinates":[[[-91.237177,44.572117],[-91.23693,44.583812],[-91.226751,44.583705],[-91.226732,44.58522],[-91.22068,44.585424],[-91.22416,44.582912],[-91.221598,44.584368],[-91.216475,44.582902],[-91.211437,44.583596],[-91.214215,44.584409],[-91.214229,44.58657],[-91.211338,44.586797],[-91.20713,44.580901],[-91.207141,44.579543],[-91.209591,44.579255],[-91.206262,44.579201],[-91.206201,44.581818],[-91.209689,44.586545],[-91.202433,44.586511],[-91.201512,44.590148],[-91.200236,44.586503],[-91.195904,44.586484],[-91.195939,44.590131],[-91.194563,44.587338],[-91.193783,44.590119],[-91.19189,44.588704],[-91.191882,44.590107],[-91.185882,44.590109],[-91.185847,44.582738],[-91.19222,44.582794],[-91.196,44.580954],[-91.196114,44.575513],[-91.191147,44.576114],[-91.191572,44.568205],[-91.201683,44.575528],[-91.211484,44.575541],[-91.211378,44.573612],[-91.207712,44.573108],[-91.208796,44.571258],[-91.237177,44.572117]]]}},{"type":"Feature","properties":{"NAME":"Strum","state_abbr":"WI","state_name":"Wisconsin","ALAND":3180796},"geometry":{"type":"Polygon","coordinates":[[[-91.402594,44.547302],[-91.402579,44.558132],[-91.398846,44.558114],[-91.398811,44.559915],[-91.387437,44.55984],[-91.38743,44.556983],[-91.379525,44.559694],[-91.367215,44.560273],[-91.367203,44.557058],[-91.362209,44.557234],[-91.377322,44.556422],[-91.377309,44.553563],[-91.372981,44.554346],[-91.371679,44.552863],[-91.37223,44.549295],[-91.383614,44.549129],[-91.383602,44.545462],[-91.385371,44.543212],[-91.387399,44.543121],[-91.388949,44.545465],[-91.402581,44.545497],[-91.402587,44.546764],[-91.397562,44.546753],[-91.402594,44.547302]]]}},{"type":"Feature","properties":{"NAME":"Trempealeau","state_abbr":"WI","state_name":"Wisconsin","ALAND":5134413},"geometry":{"type":"Polygon","coordinates":[[[-91.451068,44.004359],[-91.450999,44.013248],[-91.445985,44.013202],[-91.445979,44.01502],[-91.443108,44.015013],[-91.440537,44.013194],[-91.44073,44.015206],[-91.437997,44.013192],[-91.43744,44.01771],[-91.431789,44.017719],[-91.431776,44.015454],[-91.429929,44.014519],[-91.422784,44.020314],[-91.422753,44.013181],[-91.425901,44.013185],[-91.425976,44.003489],[-91.421276,44.003094],[-91.420902,44.013179],[-91.415849,44.011577],[-91.415887,44.005927],[-91.417643,44.001576],[-91.424193,44.002661],[-91.424431,44.001398],[-91.427228,44.001379],[-91.426603,44.000003],[-91.423822,43.998702],[-91.410896,43.998664],[-91.410972,43.984812],[-91.407442,43.98472],[-91.406401,43.987507],[-91.400897,43.987812],[-91.400911,43.984229],[-91.416743,43.98428],[-91.432085,43.99828],[-91.451068,44.004359]],[[-91.430177,44.014325],[-91.430661,44.013184],[-91.429135,44.013178],[-91.430177,44.014325]]]}},{"type":"Feature","properties":{"NAME":"Whitehall","state_abbr":"WI","state_name":"Wisconsin","ALAND":9853656},"geometry":{"type":"Polygon","coordinates":[[[-91.378167,44.352516],[-91.377698,44.350586],[-91.367217,44.349172],[-91.36399,44.351195],[-91.363039,44.352632],[-91.367618,44.353056],[-91.367551,44.363524],[-91.36208,44.369991],[-91.337383,44.370885],[-91.337376,44.372159],[-91.332368,44.371122],[-91.330496,44.37392],[-91.328176,44.373358],[-91.327384,44.374611],[-91.316688,44.372736],[-91.314489,44.37583],[-91.312659,44.374744],[-91.316116,44.372457],[-91.315376,44.370993],[-91.312079,44.370995],[-91.311279,44.36738],[-91.30198,44.367377],[-91.301976,44.37099],[-91.29302,44.370965],[-91.291768,44.369174],[-91.286662,44.36916],[-91.286725,44.363703],[-91.307076,44.363767],[-91.307196,44.356485],[-91.316996,44.356473],[-91.316964,44.361938],[-91.317902,44.360638],[-91.318462,44.361929],[-91.327143,44.361878],[-91.327158,44.35646],[-91.337405,44.356398],[-91.337412,44.360005],[-91.361029,44.359018],[-91.362573,44.356687],[-91.357514,44.354155],[-91.357565,44.350243],[-91.361862,44.35022],[-91.362685,44.341795],[-91.357579,44.34183],[-91.357588,44.33824],[-91.354584,44.337037],[-91.347488,44.338298],[-91.347501,44.334701],[-91.367721,44.334602],[-91.367753,44.345371],[-91.377739,44.345298],[-91.378167,44.352516]]]}},{"type":"Feature","properties":{"NAME":"Mequon","state_abbr":"WI","state_name":"Wisconsin","ALAND":119871242},"geometry":{"type":"Polygon","coordinates":[[[-88.063353,43.192117],[-88.063292,43.278881],[-87.991911,43.279264],[-87.990253,43.278289],[-87.990387,43.276152],[-87.98424,43.276106],[-87.984191,43.274291],[-87.980136,43.274273],[-87.979334,43.279478],[-87.902776,43.280315],[-87.91082,43.255722],[-87.911999,43.246998],[-87.908904,43.232584],[-87.896778,43.214476],[-87.895959,43.208847],[-87.897685,43.20267],[-87.896016,43.197088],[-87.900343,43.196663],[-87.898509,43.194397],[-87.899104,43.192008],[-88.063353,43.192117]],[[-87.988974,43.225404],[-87.982787,43.225268],[-87.98368,43.228428],[-87.982121,43.230357],[-87.964754,43.232895],[-87.963828,43.238901],[-87.968818,43.239431],[-87.968932,43.243348],[-87.98877,43.243453],[-87.988974,43.225404]]]}},{"type":"Feature","properties":{"NAME":"Whitewater","state_abbr":"WI","state_name":"Wisconsin","ALAND":22884193},"geometry":{"type":"Polygon","coordinates":[[[-88.777137,42.834488],[-88.777116,42.837263],[-88.767527,42.837359],[-88.772621,42.840948],[-88.777099,42.839985],[-88.777076,42.842694],[-88.76292,42.842798],[-88.763122,42.849938],[-88.756837,42.849939],[-88.756073,42.853598],[-88.747358,42.853614],[-88.747459,42.857237],[-88.740485,42.857267],[-88.738288,42.850934],[-88.7385,42.854835],[-88.736547,42.854835],[-88.736485,42.857284],[-88.727071,42.857286],[-88.727198,42.864549],[-88.718936,42.86454],[-88.718754,42.853632],[-88.721011,42.852601],[-88.720928,42.849986],[-88.723622,42.849985],[-88.723486,42.842694],[-88.716004,42.842866],[-88.716114,42.845577],[-88.718107,42.84538],[-88.718467,42.847723],[-88.718594,42.850827],[-88.71634,42.850718],[-88.718612,42.851406],[-88.716649,42.856051],[-88.701805,42.857056],[-88.701822,42.855853],[-88.698985,42.855692],[-88.698948,42.851407],[-88.706276,42.852677],[-88.705988,42.849975],[-88.698877,42.849958],[-88.698854,42.844292],[-88.700094,42.843175],[-88.69812,42.842634],[-88.699398,42.84003],[-88.698157,42.840034],[-88.698231,42.836776],[-88.697305,42.838965],[-88.688716,42.838996],[-88.688886,42.832426],[-88.697394,42.832565],[-88.696056,42.833001],[-88.696001,42.835424],[-88.698265,42.835426],[-88.698574,42.821379],[-88.704024,42.82517],[-88.704811,42.823378],[-88.703384,42.823721],[-88.702474,42.821981],[-88.737693,42.820499],[-88.737799,42.817203],[-88.741492,42.816984],[-88.740868,42.818777],[-88.744551,42.818007],[-88.75032,42.820013],[-88.753006,42.817415],[-88.75419,42.818982],[-88.768838,42.811979],[-88.768761,42.823846],[-88.772648,42.826438],[-88.777137,42.834488]],[[-88.753597,42.844928],[-88.758639,42.844138],[-88.753134,42.844186],[-88.753597,42.844928]],[[-88.757715,42.846291],[-88.75636,42.845786],[-88.755112,42.845813],[-88.755889,42.84692],[-88.757715,42.846291]],[[-88.753899,42.845349],[-88.754608,42.845099],[-88.753887,42.845101],[-88.753899,42.845349]],[[-88.706303,42.829598],[-88.708128,42.828117],[-88.70542,42.828125],[-88.706303,42.829598]],[[-88.70643,42.825844],[-88.704259,42.826328],[-88.704262,42.826975],[-88.706138,42.826994],[-88.70643,42.825844]],[[-88.6999,42.835414],[-88.698239,42.836457],[-88.699887,42.836442],[-88.6999,42.835414]]]}},{"type":"Feature","properties":{"NAME":"Darien","state_abbr":"WI","state_name":"Wisconsin","ALAND":3342754},"geometry":{"type":"MultiPolygon","coordinates":[[[[-88.7085,42.593545],[-88.707703,42.593646],[-88.707703,42.593535],[-88.7085,42.593545]]],[[[-88.727519,42.605971],[-88.71794,42.610869],[-88.718879,42.605516],[-88.717187,42.60443],[-88.71569,42.606097],[-88.701678,42.607605],[-88.701904,42.604397],[-88.699879,42.605206],[-88.69796,42.603145],[-88.700594,42.601575],[-88.700311,42.59998],[-88.693009,42.599576],[-88.692953,42.595967],[-88.701919,42.595823],[-88.700297,42.594785],[-88.702764,42.593984],[-88.720438,42.596091],[-88.720392,42.594455],[-88.726474,42.591629],[-88.727417,42.598765],[-88.725808,42.598797],[-88.725845,42.600158],[-88.727434,42.60014],[-88.726142,42.602595],[-88.727465,42.60257],[-88.727519,42.605971]]]]}},{"type":"Feature","properties":{"NAME":"Delavan","state_abbr":"WI","state_name":"Wisconsin","ALAND":19191948},"geometry":{"type":"Polygon","coordinates":[[[-88.678535,42.632398],[-88.673671,42.632535],[-88.673654,42.635659],[-88.664827,42.633965],[-88.66061,42.634857],[-88.659095,42.63356],[-88.660272,42.640627],[-88.647651,42.640434],[-88.649602,42.642391],[-88.644777,42.643118],[-88.642927,42.646581],[-88.639675,42.644933],[-88.639716,42.649382],[-88.634731,42.649346],[-88.634716,42.646934],[-88.627796,42.646926],[-88.62786,42.643727],[-88.631418,42.643737],[-88.631431,42.642558],[-88.620976,42.642396],[-88.623252,42.640406],[-88.619381,42.640211],[-88.617773,42.641793],[-88.617752,42.640213],[-88.616363,42.640226],[-88.629567,42.63365],[-88.615785,42.640229],[-88.613762,42.639047],[-88.612654,42.641746],[-88.601119,42.647591],[-88.59037,42.647723],[-88.590315,42.644731],[-88.596196,42.644236],[-88.601657,42.642599],[-88.608732,42.636655],[-88.601409,42.636707],[-88.600629,42.642619],[-88.590309,42.644392],[-88.590298,42.642153],[-88.593849,42.642087],[-88.593807,42.64045],[-88.590286,42.640568],[-88.590373,42.627644],[-88.583081,42.621434],[-88.619362,42.619383],[-88.619339,42.616498],[-88.625509,42.614404],[-88.624591,42.604118],[-88.644291,42.603999],[-88.644321,42.60764],[-88.639389,42.607695],[-88.639405,42.611345],[-88.641014,42.612565],[-88.649253,42.612152],[-88.646714,42.618025],[-88.654285,42.61697],[-88.654839,42.614798],[-88.66381,42.619349],[-88.658965,42.621743],[-88.660369,42.625593],[-88.665639,42.62547],[-88.665615,42.623328],[-88.66783,42.622016],[-88.670736,42.62356],[-88.668461,42.625403],[-88.671719,42.626337],[-88.671566,42.623509],[-88.677962,42.620941],[-88.678474,42.625199],[-88.67589,42.625259],[-88.678474,42.626089],[-88.678535,42.632398]]]}},{"type":"Feature","properties":{"NAME":"East Troy","state_abbr":"WI","state_name":"Wisconsin","ALAND":11814260},"geometry":{"type":"Polygon","coordinates":[[[-88.431993,42.784551],[-88.425311,42.785172],[-88.425058,42.79233],[-88.41573,42.791189],[-88.415629,42.795921],[-88.403276,42.795926],[-88.40204,42.800247],[-88.405671,42.799525],[-88.405582,42.805681],[-88.400693,42.804641],[-88.400532,42.806835],[-88.395545,42.806807],[-88.395713,42.799559],[-88.390891,42.798781],[-88.390996,42.794022],[-88.394348,42.792305],[-88.389323,42.792289],[-88.386697,42.79538],[-88.385198,42.794442],[-88.376707,42.803384],[-88.375008,42.800408],[-88.370525,42.802915],[-88.369302,42.799847],[-88.361373,42.799453],[-88.365045,42.795596],[-88.371293,42.795894],[-88.372007,42.788301],[-88.374323,42.786808],[-88.376495,42.787949],[-88.38045,42.781959],[-88.389207,42.781461],[-88.391333,42.779372],[-88.391547,42.770751],[-88.396485,42.770931],[-88.396583,42.763369],[-88.386701,42.763316],[-88.386655,42.766953],[-88.381717,42.766943],[-88.381816,42.759691],[-88.406498,42.760267],[-88.40647,42.763423],[-88.411369,42.763437],[-88.4113,42.768571],[-88.413841,42.77042],[-88.411269,42.770718],[-88.411208,42.773303],[-88.407598,42.77473],[-88.407598,42.775829],[-88.41112,42.775788],[-88.41136,42.781138],[-88.420278,42.781619],[-88.420717,42.783706],[-88.432028,42.782553],[-88.431993,42.784551]],[[-88.408318,42.770663],[-88.406177,42.77012],[-88.406413,42.767029],[-88.405598,42.767036],[-88.405332,42.770702],[-88.408318,42.770663]],[[-88.402128,42.77079],[-88.403764,42.769722],[-88.402089,42.769758],[-88.402128,42.77079]],[[-88.401959,42.771794],[-88.401373,42.770809],[-88.401428,42.77173],[-88.401959,42.771794]],[[-88.401849,42.80036],[-88.401009,42.799556],[-88.401033,42.800354],[-88.401849,42.80036]]]}},{"type":"Feature","properties":{"NAME":"Bear Creek","state_abbr":"WI","state_name":"Wisconsin","ALAND":2387938},"geometry":{"type":"Polygon","coordinates":[[[-88.736886,44.524318],[-88.736828,44.538616],[-88.718158,44.538605],[-88.718209,44.524026],[-88.736886,44.524318]]]}},{"type":"Feature","properties":{"NAME":"Genoa","state_abbr":"WI","state_name":"Wisconsin","ALAND":923636},"geometry":{"type":"Polygon","coordinates":[[[-91.232808,43.560062],[-91.229869,43.564199],[-91.227462,43.582984],[-91.222255,43.583001],[-91.223213,43.580554],[-91.217221,43.5807],[-91.21719,43.579466],[-91.222111,43.579453],[-91.221692,43.572237],[-91.226486,43.572192],[-91.228994,43.562639],[-91.228969,43.561354],[-91.226346,43.561328],[-91.226285,43.55982],[-91.230752,43.559505],[-91.230737,43.55781],[-91.229592,43.557534],[-91.229441,43.556216],[-91.229913,43.55465],[-91.23179,43.553267],[-91.229738,43.55735],[-91.230924,43.557698],[-91.230957,43.559575],[-91.232808,43.560062]]]}},{"type":"Feature","properties":{"NAME":"La Crosse","state_abbr":"WI","state_name":"Wisconsin","ALAND":56230540},"geometry":{"type":"MultiPolygon","coordinates":[[[[-91.189479,43.768934],[-91.187397,43.768924],[-91.187567,43.76531],[-91.189649,43.765322],[-91.189479,43.768934]]],[[[-91.202536,43.770379],[-91.201973,43.770658],[-91.201767,43.770288],[-91.202536,43.770379]]],[[[-91.211309,43.846792],[-91.209799,43.84733],[-91.209792,43.846764],[-91.211309,43.846792]]],[[[-91.255444,43.855015],[-91.253961,43.855084],[-91.252819,43.85468],[-91.255182,43.853752],[-91.255444,43.855015]]],[[[-91.271723,43.886888],[-91.270013,43.893736],[-91.265084,43.889874],[-91.265093,43.897846],[-91.255124,43.897998],[-91.255165,43.887375],[-91.248038,43.886209],[-91.240361,43.882078],[-91.239312,43.879391],[-91.242539,43.877564],[-91.243863,43.874482],[-91.242875,43.869821],[-91.254966,43.869219],[-91.25496,43.8662],[-91.254396,43.868105],[-91.252788,43.866612],[-91.246054,43.866734],[-91.251168,43.866124],[-91.251809,43.864094],[-91.249856,43.862721],[-91.254882,43.861942],[-91.25504,43.865885],[-91.261288,43.865597],[-91.263592,43.862783],[-91.268292,43.862566],[-91.26649,43.864331],[-91.268166,43.865241],[-91.264873,43.868121],[-91.264849,43.872151],[-91.269812,43.872392],[-91.269981,43.886872],[-91.271723,43.886888]]],[[[-91.276738,43.829665],[-91.269617,43.825917],[-91.259904,43.826534],[-91.26596,43.828561],[-91.26805,43.834104],[-91.259544,43.83228],[-91.256029,43.834942],[-91.258437,43.840273],[-91.261665,43.840265],[-91.26239,43.840896],[-91.255375,43.841286],[-91.253872,43.842957],[-91.256217,43.846287],[-91.255123,43.847667],[-91.256372,43.847837],[-91.254654,43.851361],[-91.256872,43.85003],[-91.256182,43.853313],[-91.253678,43.851983],[-91.253779,43.853383],[-91.251572,43.852977],[-91.250756,43.853746],[-91.253379,43.854057],[-91.249593,43.854707],[-91.242538,43.860565],[-91.24034,43.863579],[-91.242875,43.869821],[-91.229664,43.869953],[-91.228556,43.864815],[-91.22845,43.866623],[-91.222922,43.868385],[-91.219811,43.866324],[-91.219808,43.86743],[-91.209365,43.867641],[-91.208425,43.869684],[-91.206943,43.867368],[-91.201265,43.867438],[-91.192627,43.872901],[-91.19177,43.871035],[-91.194233,43.86916],[-91.193333,43.867621],[-91.194766,43.866128],[-91.203253,43.866035],[-91.205562,43.861565],[-91.195032,43.861658],[-91.184726,43.86564],[-91.184715,43.868458],[-91.177661,43.871069],[-91.177173,43.869003],[-91.173939,43.869991],[-91.173929,43.868469],[-91.169727,43.86727],[-91.169123,43.883567],[-91.157569,43.888124],[-91.157269,43.875975],[-91.15976,43.876006],[-91.159754,43.873963],[-91.164771,43.875384],[-91.163744,43.863667],[-91.1697,43.864392],[-91.170748,43.862956],[-91.170752,43.864487],[-91.17471,43.864841],[-91.174705,43.86286],[-91.177906,43.862781],[-91.176879,43.85923],[-91.173967,43.859231],[-91.174741,43.855568],[-91.181022,43.854608],[-91.180649,43.855778],[-91.187554,43.857984],[-91.189785,43.855247],[-91.192823,43.855221],[-91.191983,43.856982],[-91.195554,43.857781],[-91.198025,43.857355],[-91.199113,43.855187],[-91.194792,43.85521],[-91.195948,43.85158],[-91.204074,43.851508],[-91.204051,43.85516],[-91.200923,43.857282],[-91.201916,43.858682],[-91.204795,43.858294],[-91.204809,43.855156],[-91.207919,43.855139],[-91.205897,43.854444],[-91.204832,43.851501],[-91.209811,43.851456],[-91.209805,43.847784],[-91.214029,43.847503],[-91.213572,43.844744],[-91.209761,43.844153],[-91.209717,43.840523],[-91.214341,43.84061],[-91.216617,43.847929],[-91.220243,43.84806],[-91.22226,43.845005],[-91.222178,43.839247],[-91.223915,43.839079],[-91.22478,43.846952],[-91.224633,43.837182],[-91.22328,43.835862],[-91.211845,43.837187],[-91.213614,43.834097],[-91.219603,43.833475],[-91.21951,43.829927],[-91.221791,43.833513],[-91.224558,43.833561],[-91.224568,43.826257],[-91.219498,43.826181],[-91.219366,43.822625],[-91.213514,43.824939],[-91.214496,43.827361],[-91.215998,43.827296],[-91.214243,43.831899],[-91.212055,43.833314],[-91.204731,43.833347],[-91.204864,43.841437],[-91.208969,43.841451],[-91.209002,43.844156],[-91.197413,43.844262],[-91.197458,43.840585],[-91.194918,43.840689],[-91.194838,43.83531],[-91.189794,43.835423],[-91.189794,43.833604],[-91.19383,43.833535],[-91.193784,43.831367],[-91.197112,43.830168],[-91.192235,43.829969],[-91.192177,43.826929],[-91.205219,43.829792],[-91.205787,43.826971],[-91.209455,43.826212],[-91.199651,43.826275],[-91.199696,43.822739],[-91.194937,43.822759],[-91.197356,43.825373],[-91.184664,43.826447],[-91.184483,43.819186],[-91.189428,43.819154],[-91.189305,43.815558],[-91.186279,43.815563],[-91.184298,43.812697],[-91.193005,43.811835],[-91.194445,43.805228],[-91.200993,43.805259],[-91.202589,43.807618],[-91.198236,43.806759],[-91.197327,43.808901],[-91.199244,43.808854],[-91.195191,43.81002],[-91.195176,43.811612],[-91.199115,43.811801],[-91.20407,43.811791],[-91.205573,43.80883],[-91.213318,43.809476],[-91.209179,43.807198],[-91.214259,43.807165],[-91.21432,43.805948],[-91.211061,43.805291],[-91.209489,43.801664],[-91.211302,43.801657],[-91.210951,43.800425],[-91.207392,43.796353],[-91.206798,43.793034],[-91.202345,43.791486],[-91.207348,43.789787],[-91.209435,43.791739],[-91.209247,43.787932],[-91.205888,43.787997],[-91.205787,43.78577],[-91.199365,43.788626],[-91.199422,43.779831],[-91.201359,43.778811],[-91.19436,43.775255],[-91.194524,43.768911],[-91.199568,43.768886],[-91.199448,43.772553],[-91.202054,43.772538],[-91.20207,43.774624],[-91.204772,43.772328],[-91.202687,43.767746],[-91.201957,43.769041],[-91.199589,43.768359],[-91.199688,43.765805],[-91.201841,43.765707],[-91.202693,43.767438],[-91.202733,43.765158],[-91.19971,43.765257],[-91.200177,43.752065],[-91.19603,43.751854],[-91.197037,43.753468],[-91.190633,43.757281],[-91.190911,43.752582],[-91.195035,43.750044],[-91.19032,43.747191],[-91.190769,43.753799],[-91.186316,43.753756],[-91.188501,43.758826],[-91.194984,43.758059],[-91.198393,43.761641],[-91.194836,43.761669],[-91.194746,43.763813],[-91.191022,43.76486],[-91.187312,43.758245],[-91.179805,43.763444],[-91.177784,43.755624],[-91.178963,43.750768],[-91.176591,43.75075],[-91.17727,43.74715],[-91.185014,43.748795],[-91.180383,43.750292],[-91.182498,43.751862],[-91.181184,43.753708],[-91.185127,43.754439],[-91.18517,43.75267],[-91.188179,43.750837],[-91.188165,43.746105],[-91.205248,43.747135],[-91.205187,43.750759],[-91.21018,43.750724],[-91.209926,43.759692],[-91.214878,43.761938],[-91.214888,43.764483],[-91.216249,43.764471],[-91.214978,43.764872],[-91.217101,43.764523],[-91.217,43.763736],[-91.218677,43.765143],[-91.20921,43.764498],[-91.209604,43.768796],[-91.211707,43.767164],[-91.210251,43.765226],[-91.214828,43.765254],[-91.21472,43.767419],[-91.216565,43.768119],[-91.216552,43.768593],[-91.22983,43.768888],[-91.229523,43.776051],[-91.234521,43.776076],[-91.234371,43.783342],[-91.243118,43.783338],[-91.242655,43.782147],[-91.243722,43.783333],[-91.253648,43.78338],[-91.262433,43.79217],[-91.264436,43.800365],[-91.267436,43.804166],[-91.267849,43.808761],[-91.272037,43.813766],[-91.276738,43.829665]],[[-91.255637,43.846868],[-91.254967,43.8467],[-91.254987,43.846976],[-91.255637,43.846868]],[[-91.255243,43.845811],[-91.254481,43.845659],[-91.254542,43.845929],[-91.255243,43.845811]],[[-91.254623,43.85106],[-91.254351,43.850443],[-91.254127,43.85091],[-91.254623,43.85106]],[[-91.222734,43.783294],[-91.21881,43.781314],[-91.219299,43.779826],[-91.217642,43.78077],[-91.211756,43.777713],[-91.213663,43.786121],[-91.215049,43.782862],[-91.222734,43.783294]],[[-91.215307,43.76779],[-91.213625,43.767436],[-91.2124,43.76803],[-91.214632,43.768789],[-91.215307,43.76779]]]]}},{"type":"Feature","properties":{"NAME":"Yuba","state_abbr":"WI","state_name":"Wisconsin","ALAND":786130},"geometry":{"type":"Polygon","coordinates":[[[-90.43102,43.531794],[-90.431086,43.542742],[-90.425987,43.542795],[-90.425913,43.538997],[-90.422884,43.539014],[-90.42283,43.535498],[-90.420336,43.535479],[-90.420392,43.531874],[-90.43102,43.531794]]]}},{"type":"Feature","properties":{"NAME":"Boaz","state_abbr":"WI","state_name":"Wisconsin","ALAND":932565},"geometry":{"type":"Polygon","coordinates":[[[-90.5331,43.334506],[-90.523512,43.336361],[-90.523051,43.332671],[-90.521115,43.332796],[-90.521054,43.331607],[-90.522796,43.331683],[-90.522294,43.327181],[-90.528008,43.327112],[-90.529378,43.324934],[-90.526775,43.325018],[-90.526363,43.320979],[-90.53184,43.323562],[-90.529337,43.326994],[-90.532228,43.326967],[-90.5331,43.334506]]]}},{"type":"Feature","properties":{"NAME":"Lone Rock","state_abbr":"WI","state_name":"Wisconsin","ALAND":2577610},"geometry":{"type":"Polygon","coordinates":[[[-90.217108,43.188658],[-90.215137,43.189593],[-90.21513,43.191504],[-90.212213,43.191468],[-90.212297,43.192664],[-90.210054,43.192684],[-90.209018,43.190158],[-90.207319,43.190155],[-90.207308,43.191419],[-90.201646,43.191363],[-90.202409,43.193055],[-90.199891,43.19306],[-90.199896,43.19487],[-90.192529,43.194338],[-90.192514,43.176745],[-90.207348,43.176796],[-90.207355,43.185846],[-90.212305,43.186073],[-90.21222,43.1876],[-90.215048,43.187605],[-90.217108,43.188658]],[[-90.207352,43.188842],[-90.207492,43.187833],[-90.207343,43.187723],[-90.207352,43.188842]],[[-90.202318,43.190981],[-90.201944,43.190409],[-90.20194,43.190984],[-90.202318,43.190981]]]}},{"type":"Feature","properties":{"NAME":"Brandon","state_abbr":"WI","state_name":"Wisconsin","ALAND":1957401},"geometry":{"type":"Polygon","coordinates":[[[-88.791573,43.738611],[-88.790279,43.738629],[-88.790294,43.742236],[-88.775228,43.742194],[-88.775186,43.735717],[-88.770185,43.735663],[-88.775179,43.734906],[-88.774447,43.731268],[-88.77208,43.731235],[-88.772103,43.727637],[-88.785162,43.727705],[-88.785192,43.731335],[-88.790215,43.731339],[-88.791478,43.732813],[-88.791573,43.738611]]]}},{"type":"Feature","properties":{"NAME":"Campbellsport","state_abbr":"WI","state_name":"Wisconsin","ALAND":3538075},"geometry":{"type":"Polygon","coordinates":[[[-88.295341,43.597952],[-88.294351,43.601157],[-88.291473,43.601125],[-88.294065,43.602776],[-88.291266,43.605132],[-88.293815,43.608388],[-88.280321,43.608341],[-88.280334,43.604712],[-88.275372,43.604692],[-88.275339,43.60106],[-88.270332,43.601067],[-88.270286,43.597283],[-88.267174,43.599273],[-88.260385,43.598594],[-88.2645,43.596339],[-88.264514,43.59379],[-88.273834,43.595128],[-88.27385,43.593803],[-88.270316,43.593798],[-88.270309,43.590668],[-88.280396,43.590601],[-88.280366,43.593782],[-88.282989,43.593763],[-88.280512,43.586498],[-88.290449,43.586529],[-88.290351,43.597055],[-88.295341,43.597952]]]}},{"type":"Feature","properties":{"NAME":"Eden","state_abbr":"WI","state_name":"Wisconsin","ALAND":1549053},"geometry":{"type":"Polygon","coordinates":[[[-88.37572,43.693014],[-88.37446,43.693004],[-88.374505,43.695429],[-88.369556,43.692976],[-88.370789,43.699916],[-88.367635,43.696616],[-88.366543,43.696607],[-88.366593,43.700238],[-88.360761,43.699473],[-88.360702,43.696942],[-88.363013,43.696579],[-88.35569,43.696559],[-88.355628,43.689221],[-88.359152,43.689249],[-88.355588,43.685592],[-88.361242,43.685454],[-88.36523,43.689331],[-88.370661,43.689335],[-88.370685,43.690674],[-88.374515,43.689343],[-88.37572,43.693014]]]}},{"type":"Feature","properties":{"NAME":"Mount Calvary","state_abbr":"WI","state_name":"Wisconsin","ALAND":2736097},"geometry":{"type":"Polygon","coordinates":[[[-88.256699,43.833554],[-88.236904,43.833539],[-88.236857,43.829945],[-88.234375,43.829945],[-88.234237,43.822698],[-88.236701,43.822703],[-88.236668,43.819056],[-88.256576,43.819033],[-88.256699,43.833554]]]}},{"type":"Feature","properties":{"NAME":"Oakfield","state_abbr":"WI","state_name":"Wisconsin","ALAND":2545441},"geometry":{"type":"Polygon","coordinates":[[[-88.557436,43.686187],[-88.554936,43.686184],[-88.555107,43.693394],[-88.540108,43.69352],[-88.539965,43.679059],[-88.53744,43.675466],[-88.554763,43.675368],[-88.554809,43.68002],[-88.557204,43.679985],[-88.554877,43.681786],[-88.557366,43.682608],[-88.557436,43.686187]]]}},{"type":"Feature","properties":{"NAME":"Boyceville","state_abbr":"WI","state_name":"Wisconsin","ALAND":9736260},"geometry":{"type":"Polygon","coordinates":[[[-92.066359,45.038645],[-92.061249,45.038625],[-92.062418,45.042243],[-92.061276,45.042328],[-92.061333,45.053107],[-92.046041,45.053077],[-92.04601,45.055488],[-92.03921,45.055587],[-92.035773,45.055574],[-92.034752,45.053936],[-92.035788,45.053017],[-92.025463,45.05304],[-92.025425,45.060299],[-92.020269,45.060333],[-92.020294,45.053065],[-92.015199,45.053078],[-92.015173,45.045848],[-92.010534,45.045825],[-92.010208,45.043773],[-92.01518,45.042823],[-92.015259,45.031155],[-92.066369,45.031283],[-92.066359,45.038645]]]}},{"type":"Feature","properties":{"NAME":"Menomonie","state_abbr":"WI","state_name":"Wisconsin","ALAND":35506441},"geometry":{"type":"Polygon","coordinates":[[[-91.961926,44.876814],[-91.961876,44.87912],[-91.955448,44.879063],[-91.95538,44.900787],[-91.940165,44.900951],[-91.94018,44.903149],[-91.936469,44.903252],[-91.94017,44.90321],[-91.942167,44.90702],[-91.938546,44.907442],[-91.938283,44.911816],[-91.93523,44.911957],[-91.935297,44.915473],[-91.930348,44.915499],[-91.930196,44.919023],[-91.926409,44.922631],[-91.925115,44.920835],[-91.91996,44.920769],[-91.919937,44.915279],[-91.894458,44.915401],[-91.89433,44.908611],[-91.880032,44.908335],[-91.879984,44.910896],[-91.864822,44.913822],[-91.864742,44.926413],[-91.854497,44.92639],[-91.854524,44.919858],[-91.855815,44.919853],[-91.854527,44.919136],[-91.854545,44.915541],[-91.855923,44.915552],[-91.854539,44.914534],[-91.854847,44.908037],[-91.851503,44.907966],[-91.850567,44.905383],[-91.854617,44.906261],[-91.854298,44.890148],[-91.864648,44.890144],[-91.86463,44.887927],[-91.867748,44.887924],[-91.867737,44.886366],[-91.879841,44.886434],[-91.879861,44.875666],[-91.884869,44.875631],[-91.884864,44.874273],[-91.889771,44.875486],[-91.884803,44.869336],[-91.884718,44.864704],[-91.894192,44.866139],[-91.894087,44.857455],[-91.924664,44.85754],[-91.924724,44.856369],[-91.93711,44.857549],[-91.93657,44.855499],[-91.939929,44.854708],[-91.939921,44.851195],[-91.942371,44.851167],[-91.942475,44.853609],[-91.945522,44.857446],[-91.948853,44.858555],[-91.94741,44.861077],[-91.942961,44.86328],[-91.940295,44.871973],[-91.956301,44.87199],[-91.956267,44.875161],[-91.958222,44.87446],[-91.959186,44.877317],[-91.961926,44.876814]]]}},{"type":"Feature","properties":{"NAME":"Elkhorn","state_abbr":"WI","state_name":"Wisconsin","ALAND":20929132},"geometry":{"type":"Polygon","coordinates":[[[-88.574396,42.680612],[-88.568489,42.680335],[-88.568686,42.687838],[-88.561407,42.687951],[-88.561301,42.684299],[-88.546615,42.684441],[-88.545936,42.688076],[-88.542567,42.690329],[-88.55155,42.690318],[-88.551691,42.695269],[-88.545539,42.695305],[-88.546945,42.702579],[-88.54245,42.69982],[-88.542753,42.706226],[-88.547049,42.706206],[-88.547483,42.717061],[-88.555244,42.718395],[-88.553716,42.720301],[-88.549835,42.720645],[-88.549025,42.71927],[-88.542511,42.719304],[-88.542188,42.708654],[-88.539463,42.707098],[-88.541314,42.705607],[-88.539231,42.705331],[-88.537712,42.699009],[-88.527921,42.699022],[-88.527767,42.695412],[-88.522901,42.695438],[-88.522848,42.693657],[-88.527699,42.693643],[-88.527636,42.691726],[-88.53258,42.691767],[-88.533504,42.68971],[-88.529542,42.684512],[-88.522383,42.684521],[-88.521983,42.662858],[-88.513329,42.66278],[-88.512062,42.660937],[-88.512029,42.662786],[-88.50704,42.662723],[-88.512075,42.669976],[-88.487393,42.669887],[-88.48732,42.662526],[-88.503668,42.662696],[-88.501874,42.662052],[-88.501958,42.654373],[-88.522,42.660149],[-88.522018,42.655922],[-88.513731,42.655099],[-88.514145,42.651848],[-88.522004,42.651826],[-88.522021,42.655533],[-88.5319,42.655402],[-88.531851,42.650858],[-88.525195,42.650881],[-88.525174,42.648921],[-88.521979,42.648905],[-88.523334,42.646569],[-88.521952,42.646577],[-88.521924,42.640964],[-88.536669,42.640944],[-88.536659,42.639131],[-88.53918,42.63913],[-88.539217,42.640941],[-88.541195,42.640939],[-88.541256,42.646634],[-88.544223,42.646611],[-88.544237,42.649046],[-88.555825,42.648035],[-88.549373,42.651223],[-88.556152,42.651662],[-88.556139,42.655276],[-88.561194,42.655215],[-88.561054,42.669602],[-88.565932,42.669747],[-88.566007,42.676996],[-88.561109,42.677049],[-88.561173,42.679409],[-88.566106,42.680042],[-88.565986,42.673359],[-88.570894,42.673306],[-88.570825,42.671482],[-88.574179,42.671469],[-88.574396,42.680612]],[[-88.543333,42.68729],[-88.541541,42.686583],[-88.541562,42.687335],[-88.543333,42.68729]],[[-88.542668,42.686209],[-88.541516,42.685684],[-88.541532,42.686236],[-88.542668,42.686209]]]}},{"type":"Feature","properties":{"NAME":"Fontana-on-Geneva Lake","state_abbr":"WI","state_name":"Wisconsin","ALAND":8693909},"geometry":{"type":"Polygon","coordinates":[[[-88.599732,42.546476],[-88.599732,42.549199],[-88.594722,42.549165],[-88.594802,42.556279],[-88.596781,42.556372],[-88.590036,42.556359],[-88.590003,42.555251],[-88.58017,42.55554],[-88.575341,42.554415],[-88.575392,42.560073],[-88.585107,42.560013],[-88.585247,42.567275],[-88.581633,42.567262],[-88.580402,42.563672],[-88.57053,42.5638],[-88.565162,42.561214],[-88.572364,42.552193],[-88.56971,42.545665],[-88.558978,42.546483],[-88.557366,42.547969],[-88.53529,42.549114],[-88.536142,42.542945],[-88.533691,42.541971],[-88.536049,42.541925],[-88.535994,42.538328],[-88.560162,42.538377],[-88.560131,42.531199],[-88.57988,42.531086],[-88.581183,42.531474],[-88.581209,42.534672],[-88.586761,42.534697],[-88.586779,42.538262],[-88.589385,42.538268],[-88.589133,42.541986],[-88.594744,42.541877],[-88.594771,42.546336],[-88.599732,42.546476]],[[-88.591378,42.544945],[-88.589863,42.54495],[-88.589864,42.542678],[-88.587553,42.543938],[-88.585816,42.551383],[-88.589951,42.551405],[-88.591378,42.544945]],[[-88.536938,42.547962],[-88.536926,42.545612],[-88.536107,42.547728],[-88.536938,42.547962]]]}},{"type":"Feature","properties":{"NAME":"Walworth","state_abbr":"WI","state_name":"Wisconsin","ALAND":4448823},"geometry":{"type":"Polygon","coordinates":[[[-88.609088,42.524076],[-88.609,42.538419],[-88.604376,42.538419],[-88.60444,42.542881],[-88.59968,42.543384],[-88.599673,42.540496],[-88.597675,42.540488],[-88.597677,42.541904],[-88.589133,42.541986],[-88.588957,42.533363],[-88.584727,42.530696],[-88.583536,42.531085],[-88.584908,42.532224],[-88.580899,42.531086],[-88.582831,42.531085],[-88.583356,42.527388],[-88.567707,42.527459],[-88.566299,42.527063],[-88.566257,42.523731],[-88.573814,42.522312],[-88.575525,42.523605],[-88.584647,42.523762],[-88.585865,42.525313],[-88.586213,42.523852],[-88.590862,42.523902],[-88.590793,42.520225],[-88.599419,42.520302],[-88.599506,42.524],[-88.609088,42.524076]],[[-88.600803,42.540438],[-88.599658,42.538662],[-88.599673,42.540431],[-88.600803,42.540438]],[[-88.589077,42.531114],[-88.587304,42.529051],[-88.587311,42.531102],[-88.589077,42.531114]]]}},{"type":"Feature","properties":{"NAME":"Williams Bay","state_abbr":"WI","state_name":"Wisconsin","ALAND":7172400},"geometry":{"type":"Polygon","coordinates":[[[-88.570471,42.575904],[-88.570398,42.579175],[-88.566782,42.579191],[-88.566712,42.582795],[-88.549305,42.582899],[-88.549274,42.584639],[-88.550867,42.584647],[-88.550888,42.586525],[-88.560552,42.58648],[-88.560529,42.597469],[-88.550688,42.596245],[-88.550781,42.584721],[-88.540958,42.58472],[-88.540064,42.59015],[-88.532355,42.590202],[-88.530087,42.587265],[-88.534287,42.586683],[-88.533493,42.584564],[-88.528071,42.585833],[-88.526236,42.584779],[-88.528883,42.58294],[-88.52146,42.582833],[-88.521403,42.58075],[-88.519155,42.580205],[-88.5193,42.577391],[-88.521313,42.577389],[-88.521217,42.573158],[-88.519194,42.574364],[-88.519178,42.571893],[-88.527662,42.566753],[-88.529371,42.568168],[-88.529919,42.577306],[-88.539022,42.577869],[-88.542423,42.564604],[-88.549194,42.567319],[-88.561561,42.563514],[-88.563095,42.565527],[-88.565527,42.565609],[-88.565597,42.567032],[-88.560709,42.567503],[-88.560574,42.578841],[-88.561546,42.574646],[-88.570471,42.575904]]]}},{"type":"Feature","properties":{"NAME":"Embarrass","state_abbr":"WI","state_name":"Wisconsin","ALAND":3033335},"geometry":{"type":"Polygon","coordinates":[[[-88.722657,44.6603],[-88.720662,44.663061],[-88.717478,44.663772],[-88.717451,44.667131],[-88.712663,44.667117],[-88.712788,44.67076],[-88.717412,44.670775],[-88.717377,44.674393],[-88.705907,44.674352],[-88.707944,44.673465],[-88.708146,44.670745],[-88.702612,44.670725],[-88.702065,44.678815],[-88.696939,44.678789],[-88.696992,44.674317],[-88.68811,44.674274],[-88.682897,44.678739],[-88.678543,44.678719],[-88.67853,44.676232],[-88.681503,44.675033],[-88.684571,44.675895],[-88.686817,44.674287],[-88.686901,44.670656],[-88.69198,44.670678],[-88.692021,44.667041],[-88.697102,44.66706],[-88.697171,44.663369],[-88.694606,44.663376],[-88.69419,44.659769],[-88.69725,44.659762],[-88.700401,44.663398],[-88.712525,44.66353],[-88.712641,44.656186],[-88.717765,44.65624],[-88.717626,44.659923],[-88.722657,44.6603]]]}},{"type":"Feature","properties":{"NAME":"Fremont","state_abbr":"WI","state_name":"Wisconsin","ALAND":2756405},"geometry":{"type":"Polygon","coordinates":[[[-88.897491,44.264408],[-88.897296,44.267496],[-88.896056,44.265733],[-88.896088,44.264432],[-88.894434,44.26444],[-88.894431,44.266668],[-88.889453,44.266594],[-88.876547,44.264509],[-88.849998,44.264887],[-88.850049,44.263444],[-88.855208,44.264022],[-88.855325,44.254011],[-88.860839,44.254022],[-88.860946,44.247374],[-88.86352,44.250922],[-88.86283,44.253969],[-88.871026,44.253777],[-88.871025,44.257387],[-88.886052,44.257139],[-88.88606,44.260769],[-88.891102,44.260748],[-88.891121,44.264353],[-88.897491,44.264408]]]}},{"type":"Feature","properties":{"NAME":"Iola","state_abbr":"WI","state_name":"Wisconsin","ALAND":4337271},"geometry":{"type":"Polygon","coordinates":[[[-89.150033,44.505634],[-89.146172,44.508072],[-89.138222,44.508204],[-89.138119,44.51491],[-89.1365,44.514909],[-89.138127,44.518537],[-89.133006,44.51852],[-89.13303,44.519548],[-89.131406,44.518417],[-89.112918,44.51834],[-89.112908,44.516304],[-89.11041,44.51626],[-89.107805,44.511338],[-89.109418,44.509237],[-89.112848,44.509286],[-89.112841,44.506227],[-89.109638,44.503754],[-89.112845,44.502753],[-89.107814,44.500858],[-89.107765,44.50383],[-89.10525,44.503788],[-89.105355,44.497163],[-89.107948,44.49718],[-89.10699,44.498474],[-89.108079,44.497531],[-89.115653,44.502008],[-89.115644,44.50081],[-89.138153,44.500869],[-89.138121,44.504055],[-89.147691,44.505814],[-89.149908,44.503979],[-89.150033,44.505634]]]}},{"type":"Feature","properties":{"NAME":"Manawa","state_abbr":"WI","state_name":"Wisconsin","ALAND":4220356},"geometry":{"type":"Polygon","coordinates":[[[-88.930392,44.475768],[-88.915137,44.475568],[-88.91499,44.468202],[-88.909843,44.468183],[-88.909747,44.459027],[-88.907199,44.459005],[-88.907232,44.4572],[-88.909771,44.457218],[-88.909902,44.449835],[-88.914954,44.4498],[-88.915,44.446084],[-88.920053,44.446021],[-88.921296,44.448582],[-88.930177,44.449761],[-88.930392,44.475768]]]}},{"type":"Feature","properties":{"NAME":"Scandinavia","state_abbr":"WI","state_name":"Wisconsin","ALAND":2262888},"geometry":{"type":"Polygon","coordinates":[[[-89.156412,44.468017],[-89.135519,44.46803],[-89.136024,44.453584],[-89.156206,44.453532],[-89.156412,44.468017]]]}},{"type":"Feature","properties":{"NAME":"New London","state_abbr":"WI","state_name":"Wisconsin","ALAND":14442277},"geometry":{"type":"MultiPolygon","coordinates":[[[[-88.72322,44.385633],[-88.721783,44.386042],[-88.723869,44.385603],[-88.72322,44.385633]]],[[[-88.767589,44.373725],[-88.765069,44.372141],[-88.765042,44.373711],[-88.759586,44.373684],[-88.759622,44.376611],[-88.767465,44.377291],[-88.76579,44.380866],[-88.76438,44.380881],[-88.764457,44.379244],[-88.75721,44.379356],[-88.757026,44.384523],[-88.759577,44.38452],[-88.7595,44.386893],[-88.756922,44.387628],[-88.756994,44.416347],[-88.729845,44.416081],[-88.729919,44.41967],[-88.7345,44.419044],[-88.73491,44.422989],[-88.7302,44.423896],[-88.733832,44.42219],[-88.727714,44.422133],[-88.727756,44.423423],[-88.722656,44.42341],[-88.722701,44.42709],[-88.717644,44.42708],[-88.717562,44.422737],[-88.719721,44.422737],[-88.719726,44.421163],[-88.717561,44.421166],[-88.717577,44.418158],[-88.721489,44.418598],[-88.721521,44.416075],[-88.722665,44.417448],[-88.727937,44.416069],[-88.728019,44.403109],[-88.717868,44.403013],[-88.7176,44.395757],[-88.715145,44.395784],[-88.715047,44.393973],[-88.709807,44.39584],[-88.708814,44.392651],[-88.717474,44.39212],[-88.71729,44.388426],[-88.72586,44.388347],[-88.723869,44.385603],[-88.726201,44.385614],[-88.726369,44.382753],[-88.721282,44.382051],[-88.721489,44.379329],[-88.719051,44.379242],[-88.720927,44.373872],[-88.72669,44.373867],[-88.726031,44.372084],[-88.731022,44.373882],[-88.752154,44.373712],[-88.752449,44.366429],[-88.755005,44.366411],[-88.754916,44.368177],[-88.75752,44.368176],[-88.757353,44.370227],[-88.754829,44.370218],[-88.756032,44.373681],[-88.758825,44.370173],[-88.767634,44.369926],[-88.767589,44.373725]],[[-88.759334,44.373682],[-88.75742,44.373642],[-88.757372,44.374931],[-88.759289,44.374941],[-88.759334,44.373682]],[[-88.736124,44.378625],[-88.734998,44.377487],[-88.728729,44.378346],[-88.734311,44.378401],[-88.733776,44.38052],[-88.736124,44.378625]],[[-88.730112,44.377493],[-88.731221,44.376239],[-88.727862,44.375635],[-88.730112,44.377493]]]]}},{"type":"Feature","properties":{"NAME":"Lyndon Station","state_abbr":"WI","state_name":"Wisconsin","ALAND":5473715},"geometry":{"type":"Polygon","coordinates":[[[-89.908538,43.699043],[-89.908221,43.72084],[-89.888223,43.72087],[-89.888347,43.71357],[-89.878271,43.713566],[-89.878357,43.707726],[-89.868909,43.701515],[-89.877831,43.701303],[-89.878372,43.706322],[-89.878467,43.699017],[-89.908538,43.699043]]]}},{"type":"Feature","properties":{"NAME":"Wisconsin Dells","state_abbr":"WI","state_name":"Wisconsin","ALAND":20301570},"geometry":{"type":"Polygon","coordinates":[[[-89.818323,43.654519],[-89.813433,43.655161],[-89.813005,43.65718],[-89.813808,43.655611],[-89.818301,43.655576],[-89.818279,43.659207],[-89.813307,43.659234],[-89.812839,43.657916],[-89.811339,43.659245],[-89.811239,43.656697],[-89.806068,43.652977],[-89.803167,43.648537],[-89.791576,43.643113],[-89.789707,43.641072],[-89.790126,43.637186],[-89.788739,43.637179],[-89.788749,43.635646],[-89.784567,43.635212],[-89.782551,43.63339],[-89.78852,43.632948],[-89.787537,43.635014],[-89.788767,43.632951],[-89.790917,43.633269],[-89.791284,43.630827],[-89.787396,43.630076],[-89.789941,43.632773],[-89.781875,43.632343],[-89.782625,43.633822],[-89.788382,43.639876],[-89.788314,43.641048],[-89.784901,43.641051],[-89.789266,43.64538],[-89.785892,43.650971],[-89.787809,43.660247],[-89.786236,43.663383],[-89.787419,43.663375],[-89.787786,43.667691],[-89.786362,43.666727],[-89.785433,43.667916],[-89.787027,43.671289],[-89.784225,43.669304],[-89.783164,43.670115],[-89.784974,43.667277],[-89.779231,43.666544],[-89.774851,43.661735],[-89.772134,43.669077],[-89.763231,43.67068],[-89.763315,43.665261],[-89.77297,43.664151],[-89.772093,43.656838],[-89.777057,43.657548],[-89.777035,43.659658],[-89.780349,43.658663],[-89.77968,43.65778],[-89.782442,43.65864],[-89.785053,43.656205],[-89.778428,43.657625],[-89.774089,43.656839],[-89.770532,43.656653],[-89.769637,43.65532],[-89.771274,43.654167],[-89.769279,43.654716],[-89.768025,43.652399],[-89.768662,43.648756],[-89.774974,43.65054],[-89.774696,43.648562],[-89.778632,43.648423],[-89.778762,43.642776],[-89.769976,43.641499],[-89.767432,43.638659],[-89.761706,43.639718],[-89.758918,43.641877],[-89.758857,43.643766],[-89.763768,43.642434],[-89.765319,43.646855],[-89.7634,43.646989],[-89.76499,43.651393],[-89.7631,43.651462],[-89.763478,43.652562],[-89.760485,43.652671],[-89.760655,43.647178],[-89.756223,43.649225],[-89.748791,43.649422],[-89.748902,43.637064],[-89.738928,43.637105],[-89.738675,43.627577],[-89.745159,43.628776],[-89.745586,43.627576],[-89.745602,43.628756],[-89.748508,43.626999],[-89.739739,43.625547],[-89.738667,43.627127],[-89.73862,43.622647],[-89.743642,43.622628],[-89.743625,43.619003],[-89.751144,43.618979],[-89.751146,43.620791],[-89.753649,43.620782],[-89.753989,43.619176],[-89.757815,43.620955],[-89.760833,43.620366],[-89.761342,43.618505],[-89.762708,43.619312],[-89.761644,43.617821],[-89.764421,43.618096],[-89.764494,43.616149],[-89.766566,43.61795],[-89.766919,43.616827],[-89.7632,43.614981],[-89.758629,43.61966],[-89.751639,43.61688],[-89.753635,43.616295],[-89.753595,43.605912],[-89.760492,43.603516],[-89.767461,43.606309],[-89.769718,43.610021],[-89.774454,43.612329],[-89.774765,43.615518],[-89.79763,43.61559],[-89.798708,43.614017],[-89.798711,43.615564],[-89.805292,43.615684],[-89.803612,43.619015],[-89.803606,43.625426],[-89.808468,43.626552],[-89.81334,43.633838],[-89.807277,43.633807],[-89.807824,43.637425],[-89.798333,43.639518],[-89.802284,43.64238],[-89.803575,43.647844],[-89.808408,43.652742],[-89.809026,43.648359],[-89.811588,43.651975],[-89.815111,43.653006],[-89.816387,43.651835],[-89.816146,43.653398],[-89.818335,43.653282],[-89.818323,43.654519]],[[-89.78445,43.65194],[-89.78519,43.650903],[-89.784489,43.651092],[-89.78445,43.65194]]]}},{"type":"Feature","properties":{"NAME":"Avoca","state_abbr":"WI","state_name":"Wisconsin","ALAND":5829838},"geometry":{"type":"Polygon","coordinates":[[[-90.340247,43.19116],[-90.335289,43.191188],[-90.335499,43.209687],[-90.315747,43.207369],[-90.315869,43.190816],[-90.314044,43.189657],[-90.315863,43.189653],[-90.31559,43.173298],[-90.335063,43.173074],[-90.335402,43.187675],[-90.340186,43.187661],[-90.340247,43.19116]]]}},{"type":"Feature","properties":{"NAME":"Barneveld","state_abbr":"WI","state_name":"Wisconsin","ALAND":4967105},"geometry":{"type":"Polygon","coordinates":[[[-89.910708,43.009099],[-89.907713,43.009266],[-89.907845,43.023949],[-89.887875,43.024128],[-89.887909,43.016932],[-89.882968,43.015934],[-89.883022,43.006098],[-89.881252,43.005793],[-89.883871,43.001965],[-89.886974,43.000727],[-89.888449,43.002433],[-89.90402,43.002354],[-89.906429,42.995172],[-89.908378,42.995169],[-89.910256,43.000689],[-89.908136,43.004119],[-89.910708,43.009099]]]}},{"type":"Feature","properties":{"NAME":"Mineral Point","state_abbr":"WI","state_name":"Wisconsin","ALAND":7963222},"geometry":{"type":"Polygon","coordinates":[[[-90.206058,42.85812],[-90.206051,42.861751],[-90.201197,42.860819],[-90.201173,42.869096],[-90.196333,42.869149],[-90.194106,42.872849],[-90.172269,42.872826],[-90.167569,42.875682],[-90.169497,42.877195],[-90.167384,42.877549],[-90.167467,42.880121],[-90.162443,42.88011],[-90.162553,42.883773],[-90.157597,42.883751],[-90.157548,42.881937],[-90.162364,42.878739],[-90.159947,42.876449],[-90.159886,42.872825],[-90.16235,42.872828],[-90.162212,42.858189],[-90.171142,42.85822],[-90.16867,42.856475],[-90.172039,42.856701],[-90.171977,42.85111],[-90.174489,42.851105],[-90.174131,42.848747],[-90.176876,42.847459],[-90.176825,42.843796],[-90.178502,42.843796],[-90.178612,42.846347],[-90.176794,42.85115],[-90.193556,42.851033],[-90.19259,42.849633],[-90.197318,42.848546],[-90.198369,42.851052],[-90.201062,42.851063],[-90.201211,42.858166],[-90.206058,42.85812]],[[-90.165653,42.87663],[-90.165698,42.875644],[-90.165515,42.876417],[-90.165653,42.87663]]]}},{"type":"Feature","properties":{"NAME":"Crandon","state_abbr":"WI","state_name":"Wisconsin","ALAND":13522272},"geometry":{"type":"Polygon","coordinates":[[[-88.92297,45.550638],[-88.923087,45.586695],[-88.87174,45.586555],[-88.871253,45.5506],[-88.92297,45.550638]]]}},{"type":"Feature","properties":{"NAME":"Princeton","state_abbr":"WI","state_name":"Wisconsin","ALAND":4014495},"geometry":{"type":"Polygon","coordinates":[[[-89.14514,43.844575],[-89.142854,43.844629],[-89.142982,43.86371],[-89.137951,43.863708],[-89.137935,43.861897],[-89.117681,43.86133],[-89.117708,43.841943],[-89.119573,43.841929],[-89.119887,43.840424],[-89.121596,43.843137],[-89.143344,43.843309],[-89.14514,43.844575]]]}},{"type":"Feature","properties":{"NAME":"Colfax","state_abbr":"WI","state_name":"Wisconsin","ALAND":3598971},"geometry":{"type":"Polygon","coordinates":[[[-91.742852,45.000246],[-91.732839,45.001173],[-91.732931,45.004886],[-91.726975,45.004865],[-91.724397,45.006384],[-91.724357,45.004777],[-91.712385,45.004736],[-91.712355,45.000572],[-91.707713,44.999498],[-91.712359,44.999427],[-91.712361,44.990267],[-91.723423,44.990385],[-91.723372,44.987199],[-91.726273,44.987155],[-91.727311,44.99043],[-91.742807,44.990578],[-91.742852,45.000246]]]}},{"type":"Feature","properties":{"NAME":"Downing","state_abbr":"WI","state_name":"Wisconsin","ALAND":7652236},"geometry":{"type":"Polygon","coordinates":[[[-92.136428,45.031744],[-92.13636,45.067845],[-92.111919,45.067768],[-92.112426,45.031647],[-92.136428,45.031744]]]}},{"type":"Feature","properties":{"NAME":"Knapp","state_abbr":"WI","state_name":"Wisconsin","ALAND":4065719},"geometry":{"type":"Polygon","coordinates":[[[-92.095816,44.944679],[-92.095823,44.954176],[-92.085737,44.954963],[-92.085734,44.959115],[-92.060666,44.959056],[-92.060277,44.944646],[-92.095816,44.944679]]]}},{"type":"Feature","properties":{"NAME":"Ridgeland","state_abbr":"WI","state_name":"Wisconsin","ALAND":1190854},"geometry":{"type":"Polygon","coordinates":[[[-91.901326,45.193275],[-91.901552,45.208459],[-91.887882,45.208486],[-91.887915,45.204196],[-91.891213,45.204207],[-91.89116,45.200586],[-91.896305,45.200479],[-91.896167,45.193298],[-91.901326,45.193275]]]}},{"type":"Feature","properties":{"NAME":"Wheeler","state_abbr":"WI","state_name":"Wisconsin","ALAND":2130300},"geometry":{"type":"Polygon","coordinates":[[[-91.920366,45.04176],[-91.920376,45.048989],[-91.906908,45.046775],[-91.904533,45.048934],[-91.900118,45.046054],[-91.899921,45.048942],[-91.894885,45.04734],[-91.887535,45.051465],[-91.88558,45.048995],[-91.885509,45.045316],[-91.890615,45.045317],[-91.890612,45.043207],[-91.894846,45.043455],[-91.894852,45.038109],[-91.910139,45.038121],[-91.910285,45.041713],[-91.920366,45.04176]]]}},{"type":"Feature","properties":{"NAME":"Adams","state_abbr":"WI","state_name":"Wisconsin","ALAND":7627350},"geometry":{"type":"Polygon","coordinates":[[[-89.837834,43.959588],[-89.83271,43.95958],[-89.832927,43.966837],[-89.797694,43.966839],[-89.79754,43.945129],[-89.812453,43.945045],[-89.812416,43.941306],[-89.817374,43.941309],[-89.8161,43.945116],[-89.837709,43.945051],[-89.837834,43.959588]]]}},{"type":"Feature","properties":{"NAME":"Friendship","state_abbr":"WI","state_name":"Wisconsin","ALAND":2331112},"geometry":{"type":"Polygon","coordinates":[[[-89.837929,43.969049],[-89.830608,43.969025],[-89.83048,43.97047],[-89.832731,43.970477],[-89.832385,43.976758],[-89.827425,43.975667],[-89.827323,43.977652],[-89.808937,43.977991],[-89.807821,43.976687],[-89.806343,43.97789],[-89.806358,43.974876],[-89.807884,43.974872],[-89.807814,43.966819],[-89.837892,43.966855],[-89.837929,43.969049]]]}},{"type":"Feature","properties":{"NAME":"Lake Nebagamon","state_abbr":"WI","state_name":"Wisconsin","ALAND":32430723},"geometry":{"type":"Polygon","coordinates":[[[-91.73883,46.503068],[-91.731781,46.503023],[-91.731559,46.546276],[-91.679055,46.546191],[-91.679036,46.531707],[-91.658259,46.531673],[-91.658318,46.502759],[-91.676233,46.502785],[-91.675498,46.474511],[-91.716105,46.474694],[-91.717771,46.489136],[-91.738427,46.488613],[-91.73883,46.503068]]]}},{"type":"Feature","properties":{"NAME":"Oliver","state_abbr":"WI","state_name":"Wisconsin","ALAND":5371583},"geometry":{"type":"Polygon","coordinates":[[[-92.203173,46.641384],[-92.203023,46.654575],[-92.201884,46.658766],[-92.197602,46.658803],[-92.197479,46.662417],[-92.186931,46.662479],[-92.186961,46.659651],[-92.169242,46.659203],[-92.16912,46.655587],[-92.174353,46.65547],[-92.174376,46.651859],[-92.176976,46.651786],[-92.177012,46.640918],[-92.179424,46.640881],[-92.17945,46.637256],[-92.181888,46.63721],[-92.181941,46.633576],[-92.192502,46.633607],[-92.192461,46.640842],[-92.203173,46.641384]]]}},{"type":"Feature","properties":{"NAME":"Poplar","state_abbr":"WI","state_name":"Wisconsin","ALAND":30765039},"geometry":{"type":"Polygon","coordinates":[[[-91.825602,46.561234],[-91.825394,46.604455],[-91.741749,46.60421],[-91.742076,46.560913],[-91.825602,46.561234]]]}},{"type":"Feature","properties":{"NAME":"Kendall","state_abbr":"WI","state_name":"Wisconsin","ALAND":1979788},"geometry":{"type":"Polygon","coordinates":[[[-90.377673,43.786488],[-90.377639,43.797419],[-90.375404,43.798521],[-90.357571,43.798605],[-90.357609,43.795],[-90.356472,43.795061],[-90.357676,43.787752],[-90.377673,43.786488]]]}},{"type":"Feature","properties":{"NAME":"Auburndale","state_abbr":"WI","state_name":"Wisconsin","ALAND":5364624},"geometry":{"type":"Polygon","coordinates":[[[-90.035551,44.633791],[-89.994947,44.634074],[-89.994929,44.626852],[-89.986176,44.626952],[-89.986156,44.625031],[-89.986731,44.623914],[-89.994942,44.625143],[-89.994931,44.619613],[-90.035496,44.619252],[-90.035551,44.633791]]]}},{"type":"Feature","properties":{"NAME":"Wisconsin Rapids","state_abbr":"WI","state_name":"Wisconsin","ALAND":35984550},"geometry":{"type":"Polygon","coordinates":[[[-89.873054,44.401933],[-89.869833,44.403655],[-89.871386,44.404571],[-89.867675,44.40919],[-89.86496,44.410236],[-89.865217,44.423581],[-89.850524,44.423611],[-89.852289,44.426091],[-89.849162,44.423592],[-89.837329,44.423557],[-89.837384,44.427179],[-89.822346,44.427179],[-89.822356,44.423545],[-89.803031,44.423562],[-89.812298,44.418697],[-89.815197,44.414951],[-89.814136,44.41163],[-89.818711,44.406441],[-89.807143,44.409101],[-89.798369,44.409184],[-89.801573,44.407263],[-89.797274,44.403741],[-89.794082,44.405652],[-89.793965,44.402726],[-89.791832,44.401991],[-89.786785,44.403272],[-89.785341,44.405567],[-89.776599,44.405624],[-89.76651,44.408157],[-89.766509,44.405639],[-89.74613,44.405749],[-89.745918,44.394947],[-89.751102,44.394899],[-89.751201,44.402102],[-89.774925,44.401959],[-89.774932,44.400661],[-89.776718,44.400651],[-89.776712,44.401951],[-89.781752,44.401927],[-89.781666,44.404451],[-89.785645,44.403526],[-89.784492,44.401929],[-89.786797,44.401945],[-89.785539,44.401113],[-89.786807,44.400485],[-89.781768,44.39967],[-89.781792,44.394757],[-89.786753,44.394703],[-89.786748,44.392855],[-89.79512,44.394115],[-89.794391,44.391697],[-89.799538,44.390348],[-89.799547,44.389126],[-89.796341,44.389106],[-89.79645,44.390475],[-89.793136,44.39006],[-89.792964,44.391964],[-89.791373,44.391091],[-89.791886,44.389238],[-89.786856,44.389239],[-89.786861,44.384631],[-89.791899,44.385626],[-89.791904,44.38387],[-89.801363,44.382109],[-89.80138,44.380191],[-89.793367,44.380196],[-89.793453,44.377997],[-89.792076,44.377996],[-89.7918,44.37977],[-89.791734,44.374095],[-89.796927,44.375479],[-89.796841,44.372999],[-89.801927,44.372993],[-89.801884,44.369427],[-89.799354,44.369427],[-89.799316,44.365823],[-89.80437,44.36583],[-89.804358,44.364034],[-89.800995,44.363444],[-89.8069,44.362921],[-89.791623,44.36228],[-89.791491,44.358641],[-89.800191,44.357791],[-89.79978,44.353878],[-89.798459,44.357302],[-89.79688,44.357718],[-89.796904,44.352361],[-89.801803,44.351607],[-89.801827,44.355081],[-89.810779,44.355063],[-89.811936,44.360231],[-89.8095,44.360716],[-89.808835,44.361255],[-89.808824,44.359349],[-89.80688,44.359348],[-89.806888,44.361261],[-89.817051,44.361743],[-89.817056,44.359811],[-89.814929,44.359972],[-89.817031,44.35718],[-89.811918,44.356149],[-89.811884,44.35294],[-89.81684,44.351948],[-89.815078,44.348812],[-89.816804,44.348808],[-89.817797,44.351462],[-89.824506,44.35145],[-89.824523,44.355037],[-89.818763,44.357331],[-89.820582,44.359227],[-89.822038,44.358669],[-89.822138,44.36018],[-89.823881,44.359556],[-89.823859,44.362286],[-89.833727,44.36095],[-89.834227,44.362059],[-89.832193,44.362331],[-89.832324,44.370803],[-89.836371,44.370828],[-89.837428,44.373138],[-89.843808,44.373199],[-89.845247,44.370243],[-89.852516,44.369625],[-89.856863,44.36571],[-89.86485,44.365695],[-89.864869,44.397685],[-89.866355,44.397602],[-89.866438,44.40042],[-89.873054,44.401933]],[[-89.80192,44.393659],[-89.800641,44.39285],[-89.799416,44.392859],[-89.799393,44.394156],[-89.80192,44.393659]],[[-89.798144,44.393229],[-89.798143,44.392141],[-89.797533,44.391044],[-89.798144,44.393229]],[[-89.801878,44.36853],[-89.806813,44.369493],[-89.806807,44.368905],[-89.801878,44.36853]]]}},{"type":"Feature","properties":{"NAME":"Neillsville","state_abbr":"WI","state_name":"Wisconsin","ALAND":7109474},"geometry":{"type":"MultiPolygon","coordinates":[[[[-90.607377,44.550817],[-90.606013,44.552074],[-90.606036,44.550836],[-90.607377,44.550817]]],[[[-90.618822,44.56259],[-90.616116,44.565246],[-90.604717,44.566492],[-90.591349,44.574405],[-90.577717,44.574382],[-90.577741,44.570758],[-90.572725,44.570793],[-90.572793,44.563557],[-90.57029,44.563578],[-90.574024,44.561537],[-90.57536,44.56162],[-90.575364,44.563548],[-90.577843,44.563498],[-90.57802,44.556288],[-90.567904,44.557217],[-90.567943,44.555269],[-90.562477,44.555543],[-90.56038,44.554579],[-90.560374,44.552832],[-90.577064,44.552657],[-90.577132,44.550303],[-90.580724,44.549062],[-90.580817,44.545455],[-90.588416,44.545469],[-90.588249,44.552195],[-90.58919,44.549094],[-90.590854,44.549099],[-90.590804,44.551167],[-90.593327,44.551175],[-90.593381,44.549107],[-90.594647,44.549111],[-90.594603,44.550967],[-90.598394,44.550977],[-90.600564,44.552687],[-90.609215,44.552611],[-90.614541,44.557396],[-90.615693,44.561],[-90.618822,44.56259]]]]}},{"type":"Feature","properties":{"NAME":"Superior","state_abbr":"WI","state_name":"Wisconsin","ALAND":94849363},"geometry":{"type":"Polygon","coordinates":[[[-92.205692,46.702541],[-92.193291,46.711241],[-92.191491,46.716241],[-92.189091,46.717541],[-92.174291,46.717241],[-92.167291,46.719941],[-92.155191,46.71594],[-92.14673,46.715794],[-92.141522,46.725285],[-92.143402,46.728152],[-92.14329,46.73464],[-92.13789,46.73954],[-92.11659,46.74864],[-92.089493,46.749237],[-92.033989,46.708939],[-92.020294,46.704041],[-92.006949,46.710482],[-92.008242,46.705946],[-91.974153,46.686653],[-91.948159,46.680064],[-91.931735,46.681003],[-91.931717,46.662082],[-92.011608,46.662053],[-92.011689,46.655839],[-92.000849,46.647689],[-92.015558,46.647678],[-92.015317,46.662055],[-92.181569,46.662525],[-92.181438,46.68022],[-92.175875,46.686466],[-92.176259,46.690473],[-92.182999,46.695652],[-92.198491,46.696141],[-92.205192,46.698341],[-92.205692,46.702541]]]}},{"type":"Feature","properties":{"NAME":"Superior","state_abbr":"WI","state_name":"Wisconsin","ALAND":3216814},"geometry":{"type":"Polygon","coordinates":[[[-92.119066,46.64428],[-92.118885,46.662407],[-92.09783,46.662154],[-92.098034,46.644063],[-92.119066,46.64428]]]}},{"type":"Feature","properties":{"NAME":"Caledonia","state_abbr":"WI","state_name":"Wisconsin","ALAND":117061308},"geometry":{"type":"Polygon","coordinates":[[[-87.953588,42.75795],[-87.951904,42.843546],[-87.826306,42.842229],[-87.823687,42.834723],[-87.815216,42.825736],[-87.794818,42.807156],[-87.776339,42.794953],[-87.776377,42.79353],[-87.777914,42.793528],[-87.778158,42.784498],[-87.781627,42.784501],[-87.782005,42.769983],[-87.785219,42.769988],[-87.782977,42.772682],[-87.793217,42.773597],[-87.793132,42.77001],[-87.805069,42.770028],[-87.804118,42.766499],[-87.80515,42.769235],[-87.811861,42.766354],[-87.814795,42.766358],[-87.814864,42.768423],[-87.81919,42.767616],[-87.819204,42.766345],[-87.821678,42.766292],[-87.821697,42.755319],[-87.829349,42.75793],[-87.833393,42.757871],[-87.832798,42.755305],[-87.836445,42.755299],[-87.953588,42.75795]],[[-87.865633,42.777448],[-87.865588,42.773857],[-87.861954,42.773774],[-87.860781,42.76835],[-87.858052,42.768323],[-87.858159,42.75819],[-87.856025,42.757714],[-87.855945,42.770088],[-87.846132,42.771724],[-87.845959,42.777141],[-87.865633,42.777448]],[[-87.865612,42.778354],[-87.861207,42.778846],[-87.860949,42.780804],[-87.865548,42.781166],[-87.865612,42.778354]]]}},{"type":"Feature","properties":{"NAME":"Burlington","state_abbr":"WI","state_name":"Wisconsin","ALAND":19992474},"geometry":{"type":"MultiPolygon","coordinates":[[[[-88.313334,42.665871],[-88.304026,42.668742],[-88.296476,42.668748],[-88.297012,42.673325],[-88.298563,42.673111],[-88.298292,42.670392],[-88.300692,42.670391],[-88.300185,42.672889],[-88.302671,42.672433],[-88.302649,42.675948],[-88.299603,42.675945],[-88.299625,42.67707],[-88.302103,42.677072],[-88.302211,42.683202],[-88.298441,42.68286],[-88.296022,42.684496],[-88.295659,42.683203],[-88.292701,42.683205],[-88.292751,42.685375],[-88.286708,42.685108],[-88.286728,42.686717],[-88.278072,42.685723],[-88.281248,42.687006],[-88.282081,42.689996],[-88.277009,42.690449],[-88.277045,42.697683],[-88.267203,42.697704],[-88.266385,42.694446],[-88.262546,42.695558],[-88.257492,42.701749],[-88.242345,42.712361],[-88.225904,42.712461],[-88.227024,42.708466],[-88.231484,42.704416],[-88.243303,42.703042],[-88.243218,42.698459],[-88.248106,42.69443],[-88.248407,42.697814],[-88.251986,42.697741],[-88.251972,42.695633],[-88.260458,42.695132],[-88.259117,42.692774],[-88.250934,42.692764],[-88.251048,42.689379],[-88.25394,42.687217],[-88.262129,42.68719],[-88.263282,42.684923],[-88.251992,42.686013],[-88.252378,42.684641],[-88.257212,42.684623],[-88.257191,42.683293],[-88.251616,42.683328],[-88.250981,42.68053],[-88.255113,42.68049],[-88.255533,42.676068],[-88.251698,42.674717],[-88.249809,42.669739],[-88.257088,42.669057],[-88.257057,42.674433],[-88.265852,42.674393],[-88.265843,42.675569],[-88.268942,42.675997],[-88.257065,42.658572],[-88.247579,42.654168],[-88.246593,42.644377],[-88.2393,42.640042],[-88.269541,42.639983],[-88.269575,42.6472],[-88.267086,42.64722],[-88.267057,42.656908],[-88.266616,42.654527],[-88.258119,42.654497],[-88.260219,42.658082],[-88.269178,42.658065],[-88.270879,42.660232],[-88.276586,42.661348],[-88.276517,42.658025],[-88.281293,42.658006],[-88.281374,42.661599],[-88.291228,42.660595],[-88.291171,42.657924],[-88.288906,42.657934],[-88.288868,42.656121],[-88.291045,42.656108],[-88.291007,42.651093],[-88.286309,42.650737],[-88.291095,42.650699],[-88.291096,42.647066],[-88.295995,42.647047],[-88.295995,42.643433],[-88.306133,42.643371],[-88.306221,42.650602],[-88.298358,42.650638],[-88.297377,42.65426],[-88.295905,42.654267],[-88.296096,42.662155],[-88.292563,42.66331],[-88.28772,42.665645],[-88.291576,42.664014],[-88.30203,42.6651],[-88.302016,42.667422],[-88.305895,42.66744],[-88.307068,42.660473],[-88.312037,42.661481],[-88.312035,42.665094],[-88.313334,42.665871]]],[[[-88.318674,42.693519],[-88.317604,42.695865],[-88.297818,42.693149],[-88.29614,42.691536],[-88.296729,42.690148],[-88.291953,42.687633],[-88.298149,42.68861],[-88.300207,42.686535],[-88.302662,42.686545],[-88.302596,42.683635],[-88.306181,42.683231],[-88.305337,42.69007],[-88.318674,42.693519]]]]}},{"type":"Feature","properties":{"NAME":"Racine","state_abbr":"WI","state_name":"Wisconsin","ALAND":40072526},"geometry":{"type":"MultiPolygon","coordinates":[[[[-87.865548,42.781166],[-87.861202,42.780985],[-87.860858,42.779207],[-87.865612,42.778354],[-87.865548,42.781166]]],[[[-87.865633,42.777448],[-87.845959,42.777141],[-87.846132,42.771724],[-87.855945,42.770088],[-87.856025,42.757714],[-87.858159,42.75819],[-87.858052,42.768323],[-87.860781,42.76835],[-87.861954,42.773774],[-87.865588,42.773857],[-87.865633,42.777448]]],[[[-87.875111,42.712133],[-87.858122,42.712427],[-87.858098,42.710605],[-87.855459,42.710584],[-87.855425,42.705594],[-87.848603,42.706551],[-87.847906,42.708144],[-87.850074,42.708452],[-87.847677,42.708675],[-87.849803,42.709351],[-87.849072,42.711745],[-87.841888,42.711504],[-87.84723,42.712189],[-87.846783,42.713652],[-87.848274,42.713733],[-87.847,42.716803],[-87.841771,42.716645],[-87.842137,42.718782],[-87.843807,42.718832],[-87.842622,42.723206],[-87.845783,42.725215],[-87.838746,42.7244],[-87.838721,42.727947],[-87.841833,42.728445],[-87.840029,42.728768],[-87.840268,42.732322],[-87.836606,42.733099],[-87.835252,42.735699],[-87.831854,42.735309],[-87.832441,42.728596],[-87.829439,42.728621],[-87.82948,42.733165],[-87.826187,42.733174],[-87.828344,42.735006],[-87.828529,42.740405],[-87.825332,42.740422],[-87.82163,42.731811],[-87.819347,42.729571],[-87.816222,42.729595],[-87.816726,42.733752],[-87.820069,42.731373],[-87.818559,42.733288],[-87.820174,42.734044],[-87.819352,42.736224],[-87.821289,42.738278],[-87.816368,42.739484],[-87.816453,42.745647],[-87.826462,42.752617],[-87.82595,42.755058],[-87.828702,42.754044],[-87.829606,42.755318],[-87.829536,42.753278],[-87.83207,42.753822],[-87.833637,42.75703],[-87.829349,42.75793],[-87.825929,42.756363],[-87.822744,42.752024],[-87.820579,42.752046],[-87.820499,42.753889],[-87.814346,42.753932],[-87.813867,42.754322],[-87.812968,42.749855],[-87.81302,42.754501],[-87.820669,42.754093],[-87.821759,42.755393],[-87.821678,42.766292],[-87.815632,42.768492],[-87.814123,42.768256],[-87.814795,42.766358],[-87.811861,42.766354],[-87.80515,42.769235],[-87.804118,42.766499],[-87.805069,42.770028],[-87.793132,42.77001],[-87.793217,42.773597],[-87.782977,42.772682],[-87.785219,42.769988],[-87.773252,42.769926],[-87.777084,42.766294],[-87.782079,42.766826],[-87.782323,42.764565],[-87.787088,42.76461],[-87.787141,42.762746],[-87.777924,42.762636],[-87.781247,42.749374],[-87.779294,42.740583],[-87.779999,42.737671],[-87.777919,42.737385],[-87.779005,42.735106],[-87.777778,42.733925],[-87.781017,42.730329],[-87.778603,42.728478],[-87.778082,42.718909],[-87.781122,42.71773],[-87.785066,42.700222],[-87.792281,42.699915],[-87.790688,42.701363],[-87.790716,42.704328],[-87.794766,42.704297],[-87.794748,42.702815],[-87.796361,42.702803],[-87.796292,42.697028],[-87.811141,42.69695],[-87.811138,42.695134],[-87.80548,42.695175],[-87.806111,42.68965],[-87.800031,42.693235],[-87.801882,42.689365],[-87.800271,42.688549],[-87.801371,42.686114],[-87.806128,42.686079],[-87.806161,42.682432],[-87.820753,42.682148],[-87.820794,42.677972],[-87.82516,42.677959],[-87.825147,42.682329],[-87.820284,42.682339],[-87.820309,42.685491],[-87.816571,42.684867],[-87.815741,42.695076],[-87.816437,42.693104],[-87.825924,42.693198],[-87.825929,42.695832],[-87.827085,42.695811],[-87.827695,42.689922],[-87.830842,42.689449],[-87.830849,42.693233],[-87.836494,42.692894],[-87.835769,42.690457],[-87.837047,42.68996],[-87.835769,42.688533],[-87.84183,42.685959],[-87.845548,42.687136],[-87.843929,42.693516],[-87.839637,42.693328],[-87.838966,42.694806],[-87.835082,42.69379],[-87.834159,42.696853],[-87.854262,42.697485],[-87.853012,42.701356],[-87.860329,42.702534],[-87.860332,42.704694],[-87.875056,42.703571],[-87.875111,42.712133]],[[-87.833864,42.696853],[-87.830779,42.69593],[-87.83142,42.698853],[-87.833864,42.696853]]]]}},{"type":"Feature","properties":{"NAME":"Colby","state_abbr":"WI","state_name":"Wisconsin","ALAND":4240523},"geometry":{"type":"Polygon","coordinates":[[[-90.328298,44.918227],[-90.322153,44.919151],[-90.322316,44.923921],[-90.31583,44.924017],[-90.316062,44.931217],[-90.311116,44.931254],[-90.31389,44.929255],[-90.31386,44.927627],[-90.309635,44.927651],[-90.309283,44.919243],[-90.312671,44.918435],[-90.312611,44.916842],[-90.309178,44.916764],[-90.309184,44.90965],[-90.305369,44.909681],[-90.305335,44.906054],[-90.304096,44.906037],[-90.304439,44.902449],[-90.309078,44.901843],[-90.30885,44.891606],[-90.315166,44.892136],[-90.315072,44.902363],[-90.320136,44.902267],[-90.320141,44.89868],[-90.325169,44.898598],[-90.325842,44.916506],[-90.328231,44.9165],[-90.328298,44.918227]]]}},{"type":"Feature","properties":{"NAME":"Big Falls","state_abbr":"WI","state_name":"Wisconsin","ALAND":1227967},"geometry":{"type":"Polygon","coordinates":[[[-89.024381,44.611725],[-89.024346,44.618933],[-89.021942,44.618894],[-89.02193,44.622575],[-89.006641,44.622733],[-89.006651,44.61909],[-89.011784,44.619061],[-89.011504,44.611933],[-89.024381,44.611725]]]}},{"type":"Feature","properties":{"NAME":"Marion","state_abbr":"WI","state_name":"Wisconsin","ALAND":6356146},"geometry":{"type":"Polygon","coordinates":[[[-88.917037,44.679628],[-88.905141,44.679743],[-88.905162,44.686902],[-88.894739,44.684179],[-88.89441,44.690568],[-88.889471,44.690603],[-88.889589,44.684805],[-88.887467,44.684722],[-88.887435,44.686888],[-88.884506,44.6869],[-88.884556,44.683344],[-88.890481,44.68254],[-88.884296,44.680146],[-88.885481,44.679673],[-88.874124,44.679751],[-88.873997,44.674796],[-88.863945,44.6749],[-88.863966,44.66752],[-88.874009,44.667394],[-88.874066,44.663695],[-88.889224,44.663803],[-88.8893,44.660137],[-88.894428,44.660169],[-88.894571,44.667378],[-88.910226,44.667245],[-88.910301,44.670898],[-88.905312,44.670889],[-88.905213,44.67451],[-88.916998,44.674552],[-88.917037,44.679628]],[[-88.905157,44.670889],[-88.900128,44.670878],[-88.900103,44.672866],[-88.905147,44.672844],[-88.905157,44.670889]]]}},{"type":"Feature","properties":{"NAME":"Rudolph","state_abbr":"WI","state_name":"Wisconsin","ALAND":3118688},"geometry":{"type":"Polygon","coordinates":[[[-89.812778,44.503368],[-89.804938,44.504408],[-89.804895,44.50617],[-89.807686,44.506204],[-89.807634,44.508367],[-89.799269,44.509144],[-89.802471,44.503371],[-89.789973,44.503319],[-89.789871,44.492436],[-89.792434,44.492442],[-89.792295,44.488806],[-89.812516,44.488874],[-89.812778,44.503368]]]}},{"type":"Feature","properties":{"NAME":"North Prairie","state_abbr":"WI","state_name":"Wisconsin","ALAND":7128877},"geometry":{"type":"MultiPolygon","coordinates":[[[[-88.377744,42.934789],[-88.376097,42.936351],[-88.375321,42.936134],[-88.375932,42.934784],[-88.377744,42.934789]]],[[[-88.390664,42.943113],[-88.390789,42.944877],[-88.387529,42.944848],[-88.390664,42.943113]]],[[[-88.398648,42.922366],[-88.398137,42.923955],[-88.396501,42.923959],[-88.396488,42.922369],[-88.398648,42.922366]]],[[[-88.434691,42.93752],[-88.432174,42.937654],[-88.431457,42.942184],[-88.428343,42.942649],[-88.428191,42.940575],[-88.42477,42.940903],[-88.418787,42.942256],[-88.418919,42.944486],[-88.418488,42.942266],[-88.415336,42.942364],[-88.415319,42.944533],[-88.411016,42.944968],[-88.413026,42.942681],[-88.410712,42.942629],[-88.41066,42.944971],[-88.398312,42.944919],[-88.398377,42.938584],[-88.390537,42.942958],[-88.390694,42.941276],[-88.385756,42.941243],[-88.386093,42.939621],[-88.378528,42.943326],[-88.37252,42.942674],[-88.374664,42.944943],[-88.370696,42.946383],[-88.370896,42.940973],[-88.380774,42.937571],[-88.380829,42.934113],[-88.375952,42.93409],[-88.375998,42.931189],[-88.38097,42.931209],[-88.382006,42.928211],[-88.3838,42.930409],[-88.383091,42.927629],[-88.387706,42.925314],[-88.387717,42.927433],[-88.395741,42.927472],[-88.39584,42.930426],[-88.400791,42.930433],[-88.400586,42.924197],[-88.410479,42.925261],[-88.411376,42.930836],[-88.429384,42.93039],[-88.429434,42.932238],[-88.431403,42.932228],[-88.431355,42.930372],[-88.434505,42.930317],[-88.434691,42.93752]],[[-88.404386,42.930165],[-88.405627,42.927169],[-88.404388,42.927149],[-88.404386,42.930165]]]]}},{"type":"Feature","properties":{"NAME":"Cambridge","state_abbr":"WI","state_name":"Wisconsin","ALAND":3813339},"geometry":{"type":"Polygon","coordinates":[[[-89.032379,42.99305],[-89.031041,43.003782],[-89.02737,43.003904],[-89.02827,43.007485],[-89.025964,43.010118],[-89.026226,43.011831],[-89.032207,43.015493],[-89.032161,43.023476],[-89.027227,43.023479],[-89.027311,43.018427],[-89.008841,43.019085],[-89.009653,43.013526],[-89.013739,43.01097],[-89.013761,43.00892],[-89.007997,43.008839],[-89.008003,43.006555],[-89.005351,43.005647],[-89.008326,43.003764],[-89.012155,43.003695],[-89.012718,42.993566],[-89.017527,42.991593],[-89.017486,42.997047],[-89.015016,42.997126],[-89.015026,43.000746],[-89.020783,43.000534],[-89.026054,42.9931],[-89.032379,42.99305]],[[-89.023484,43.016829],[-89.022334,43.015992],[-89.022325,43.016821],[-89.023484,43.016829]],[[-89.022684,43.010705],[-89.017518,43.010529],[-89.017474,43.012353],[-89.012555,43.01251],[-89.01249,43.016227],[-89.022348,43.015],[-89.022684,43.010705]],[[-89.011965,43.004611],[-89.008083,43.004646],[-89.008015,43.005141],[-89.00893,43.004762],[-89.011965,43.004611]]]}},{"type":"Feature","properties":{"NAME":"Winter","state_abbr":"WI","state_name":"Wisconsin","ALAND":2051266},"geometry":{"type":"Polygon","coordinates":[[[-91.023613,45.815913],[-91.023457,45.82704],[-91.007791,45.826911],[-91.007856,45.830524],[-91.002687,45.830458],[-91.002671,45.81947],[-91.007728,45.81952],[-91.008276,45.81219],[-91.010959,45.815909],[-91.023613,45.815913]]]}},{"type":"Feature","properties":{"NAME":"Kenosha","state_abbr":"WI","state_name":"Wisconsin","ALAND":74185447},"geometry":{"type":"Polygon","coordinates":[[[-87.996963,42.574895],[-87.991889,42.574871],[-87.991977,42.57852],[-87.972052,42.576452],[-87.971847,42.58245],[-87.97162,42.579843],[-87.968334,42.578554],[-87.968336,42.574669],[-87.965976,42.574658],[-87.966017,42.58241],[-87.962687,42.582388],[-87.962863,42.604086],[-87.967636,42.604219],[-87.967672,42.607858],[-87.972589,42.607922],[-87.972622,42.610592],[-87.970167,42.610567],[-87.970283,42.618802],[-87.9678,42.618776],[-87.967772,42.616925],[-87.962829,42.616871],[-87.962868,42.618298],[-87.955261,42.615927],[-87.955743,42.612251],[-87.952812,42.612265],[-87.952909,42.614135],[-87.951165,42.614194],[-87.948161,42.613335],[-87.948153,42.611327],[-87.947149,42.612921],[-87.941644,42.611312],[-87.942547,42.604281],[-87.936454,42.604351],[-87.937044,42.606718],[-87.935821,42.606731],[-87.935781,42.604356],[-87.933658,42.606012],[-87.933631,42.604346],[-87.931147,42.605614],[-87.931127,42.60429],[-87.910744,42.603587],[-87.910744,42.600087],[-87.915094,42.599255],[-87.915101,42.59741],[-87.910121,42.597334],[-87.910139,42.603574],[-87.905327,42.60322],[-87.905272,42.596351],[-87.885378,42.596097],[-87.886986,42.591954],[-87.881724,42.590672],[-87.879922,42.592023],[-87.879334,42.589231],[-87.879396,42.592137],[-87.881346,42.592184],[-87.879357,42.600601],[-87.875554,42.60054],[-87.875552,42.60218],[-87.878737,42.602236],[-87.877109,42.610416],[-87.875584,42.610392],[-87.875593,42.61776],[-87.859938,42.617622],[-87.859968,42.615799],[-87.85902,42.615787],[-87.859466,42.617013],[-87.857566,42.617579],[-87.85774,42.615774],[-87.855293,42.614844],[-87.855821,42.613941],[-87.855775,42.611415],[-87.855676,42.613027],[-87.85336,42.613402],[-87.845821,42.612717],[-87.848303,42.615056],[-87.85704,42.616323],[-87.855878,42.619404],[-87.865041,42.619506],[-87.864889,42.623553],[-87.865842,42.621352],[-87.868242,42.621364],[-87.868239,42.619534],[-87.8688,42.621368],[-87.875598,42.62142],[-87.875601,42.624252],[-87.861681,42.624336],[-87.858261,42.624297],[-87.858368,42.621259],[-87.857123,42.621247],[-87.857065,42.624803],[-87.854623,42.624758],[-87.854611,42.621209],[-87.851971,42.621108],[-87.851863,42.626248],[-87.857091,42.624897],[-87.855866,42.632134],[-87.858249,42.632172],[-87.858274,42.635855],[-87.857111,42.635844],[-87.856636,42.63935],[-87.854059,42.63928],[-87.854975,42.637486],[-87.847537,42.637123],[-87.847545,42.639031],[-87.830075,42.638638],[-87.830059,42.637495],[-87.828373,42.638644],[-87.828168,42.636411],[-87.824298,42.636438],[-87.827561,42.624396],[-87.826467,42.616979],[-87.822358,42.616999],[-87.826862,42.620638],[-87.826598,42.623321],[-87.823614,42.625515],[-87.824886,42.626872],[-87.822712,42.628674],[-87.824983,42.63042],[-87.822376,42.630552],[-87.822957,42.626711],[-87.818648,42.626696],[-87.81976,42.614208],[-87.815215,42.596167],[-87.816054,42.595065],[-87.811432,42.588716],[-87.8085,42.588889],[-87.816116,42.588391],[-87.81853,42.590935],[-87.817234,42.594997],[-87.819672,42.591048],[-87.81804,42.589598],[-87.818887,42.587803],[-87.807407,42.588181],[-87.809241,42.582514],[-87.810241,42.582311],[-87.809305,42.582866],[-87.809222,42.585033],[-87.813528,42.584223],[-87.813616,42.581862],[-87.811986,42.581797],[-87.810986,42.582783],[-87.810273,42.583019],[-87.809963,42.582936],[-87.811655,42.581816],[-87.811792,42.579051],[-87.813852,42.578649],[-87.811361,42.561295],[-87.814032,42.556383],[-87.82015,42.556435],[-87.819941,42.558037],[-87.821826,42.558048],[-87.819748,42.540134],[-87.834578,42.540286],[-87.834623,42.542122],[-87.829712,42.542072],[-87.829775,42.543982],[-87.842684,42.544171],[-87.844322,42.541511],[-87.847048,42.541553],[-87.846964,42.538867],[-87.849411,42.538899],[-87.850923,42.543908],[-87.848991,42.544284],[-87.85121,42.544324],[-87.85117,42.545686],[-87.854535,42.545749],[-87.851236,42.544325],[-87.855592,42.54252],[-87.860405,42.54256],[-87.860454,42.544435],[-87.866576,42.544499],[-87.864445,42.545366],[-87.865581,42.547225],[-87.862695,42.549407],[-87.854631,42.548053],[-87.854882,42.554358],[-87.86685,42.554923],[-87.866451,42.557251],[-87.868937,42.5573],[-87.86768,42.562675],[-87.859995,42.562627],[-87.860045,42.566241],[-87.86189,42.567975],[-87.868251,42.566291],[-87.865008,42.567986],[-87.868795,42.568513],[-87.868186,42.570061],[-87.874888,42.57005],[-87.873602,42.566302],[-87.869141,42.566147],[-87.878764,42.561189],[-87.878731,42.55925],[-87.874605,42.559133],[-87.876216,42.556834],[-87.879521,42.557023],[-87.87458,42.555507],[-87.875481,42.551908],[-87.875521,42.55339],[-87.879434,42.553496],[-87.879486,42.555636],[-87.890633,42.555913],[-87.889837,42.558355],[-87.897626,42.555454],[-87.897599,42.564198],[-87.894445,42.564206],[-87.894311,42.561018],[-87.891888,42.559999],[-87.887324,42.559921],[-87.886979,42.561169],[-87.888772,42.561211],[-87.886562,42.562671],[-87.892757,42.56176],[-87.892726,42.566505],[-87.890274,42.566587],[-87.889362,42.564094],[-87.889422,42.565812],[-87.887148,42.567069],[-87.911739,42.567036],[-87.911879,42.574102],[-87.919293,42.574165],[-87.919106,42.567015],[-87.943582,42.568352],[-87.961218,42.567265],[-87.961199,42.569853],[-87.96441,42.569866],[-87.964392,42.567153],[-87.965647,42.56713],[-87.965668,42.569587],[-87.966812,42.567109],[-87.966775,42.569521],[-87.972052,42.569575],[-87.972035,42.566952],[-87.976729,42.566933],[-87.976755,42.568839],[-87.979539,42.568864],[-87.979516,42.56705],[-87.984932,42.566946],[-87.991684,42.567063],[-87.991728,42.568801],[-87.994695,42.568567],[-87.99491,42.567122],[-87.996859,42.569822],[-87.996963,42.574895]],[[-87.9626,42.602978],[-87.959381,42.602943],[-87.959396,42.60405],[-87.962616,42.604083],[-87.9626,42.602978]],[[-87.962523,42.597706],[-87.96239,42.580395],[-87.961293,42.582376],[-87.95811,42.582349],[-87.957377,42.580632],[-87.957406,42.582344],[-87.956071,42.582332],[-87.956086,42.584555],[-87.958231,42.584573],[-87.958328,42.589611],[-87.953701,42.588609],[-87.954638,42.582319],[-87.952802,42.582304],[-87.95275,42.579473],[-87.947732,42.578432],[-87.947898,42.582168],[-87.940837,42.582094],[-87.940329,42.580913],[-87.940308,42.582189],[-87.950491,42.582283],[-87.950509,42.58465],[-87.95198,42.584664],[-87.952,42.587477],[-87.949424,42.589531],[-87.95084,42.590424],[-87.950656,42.594163],[-87.947749,42.594122],[-87.946879,42.596785],[-87.953091,42.59681],[-87.952707,42.603386],[-87.953442,42.603944],[-87.955326,42.604008],[-87.955299,42.60046],[-87.952889,42.600438],[-87.95343,42.596813],[-87.959946,42.596878],[-87.959971,42.598522],[-87.962523,42.597706]],[[-87.949315,42.603988],[-87.947743,42.602911],[-87.947764,42.60402],[-87.949315,42.603988]],[[-87.946371,42.604043],[-87.945975,42.602944],[-87.945996,42.60405],[-87.946371,42.604043]],[[-87.944721,42.600634],[-87.94285,42.601529],[-87.941992,42.603749],[-87.944801,42.604072],[-87.944721,42.600634]],[[-87.940313,42.604132],[-87.939885,42.603233],[-87.9399,42.604137],[-87.940313,42.604132]],[[-87.93951,42.580905],[-87.935897,42.580873],[-87.935781,42.578085],[-87.934285,42.578065],[-87.93443,42.581565],[-87.926151,42.580479],[-87.924593,42.58205],[-87.939496,42.582182],[-87.93951,42.580905]],[[-87.927458,42.604022],[-87.927002,42.602461],[-87.926718,42.603994],[-87.927458,42.604022]],[[-87.923983,42.581951],[-87.918888,42.581885],[-87.918793,42.579737],[-87.914668,42.579436],[-87.914871,42.581912],[-87.923983,42.581951]],[[-87.918744,42.578684],[-87.918672,42.577097],[-87.914463,42.577034],[-87.914549,42.579163],[-87.918744,42.578684]],[[-87.914865,42.588464],[-87.914664,42.586079],[-87.910537,42.586027],[-87.910624,42.588788],[-87.914865,42.588464]],[[-87.910523,42.585485],[-87.914601,42.584118],[-87.910488,42.584462],[-87.910523,42.585485]],[[-87.914372,42.578095],[-87.913505,42.577661],[-87.913523,42.578113],[-87.914372,42.578095]],[[-87.904853,42.588518],[-87.904786,42.581782],[-87.897492,42.581854],[-87.896991,42.588556],[-87.904853,42.588518]],[[-87.896604,42.580718],[-87.895718,42.577858],[-87.889664,42.577779],[-87.889784,42.581485],[-87.896604,42.580718]],[[-87.887108,42.581415],[-87.887054,42.579325],[-87.885057,42.579288],[-87.885123,42.581364],[-87.887108,42.581415]],[[-87.886987,42.583988],[-87.885063,42.583978],[-87.885091,42.585215],[-87.886885,42.585234],[-87.886987,42.583988]],[[-87.886043,42.58279],[-87.883892,42.581676],[-87.882664,42.582982],[-87.886043,42.58279]],[[-87.885257,42.578051],[-87.881809,42.575661],[-87.882308,42.573879],[-87.87964,42.573804],[-87.880734,42.576584],[-87.879605,42.576346],[-87.879588,42.579061],[-87.881025,42.578815],[-87.881056,42.581332],[-87.885257,42.578051]],[[-87.875403,42.597196],[-87.87489,42.596828],[-87.874891,42.59719],[-87.875403,42.597196]],[[-87.87489,42.596444],[-87.874368,42.596028],[-87.874369,42.596438],[-87.87489,42.596444]],[[-87.874145,42.603065],[-87.874396,42.602469],[-87.874066,42.602503],[-87.874145,42.603065]],[[-87.874182,42.596437],[-87.873159,42.596014],[-87.873159,42.596399],[-87.874182,42.596437]],[[-87.87059,42.602992],[-87.871929,42.602354],[-87.870586,42.602339],[-87.87059,42.602992]],[[-87.870692,42.60634],[-87.870686,42.603488],[-87.865635,42.604537],[-87.864393,42.603294],[-87.863184,42.606709],[-87.860702,42.60668],[-87.86072,42.610337],[-87.866888,42.610992],[-87.864434,42.607275],[-87.870692,42.60634]],[[-87.870089,42.59107],[-87.870051,42.589058],[-87.86628,42.588973],[-87.869079,42.589514],[-87.870089,42.59107]],[[-87.869459,42.598601],[-87.868078,42.598585],[-87.868075,42.602894],[-87.869454,42.602931],[-87.869459,42.598601]],[[-87.86928,42.594527],[-87.865744,42.593884],[-87.865752,42.594476],[-87.86928,42.594527]],[[-87.869242,42.592235],[-87.865581,42.591879],[-87.865585,42.592163],[-87.869242,42.592235]],[[-87.868901,42.595744],[-87.868483,42.595355],[-87.868488,42.59574],[-87.868901,42.595744]],[[-87.868444,42.596398],[-87.868106,42.595957],[-87.868106,42.596394],[-87.868444,42.596398]],[[-87.868077,42.595735],[-87.867666,42.595344],[-87.86767,42.59573],[-87.868077,42.595735]],[[-87.865574,42.591269],[-87.866315,42.590926],[-87.86557,42.590913],[-87.865574,42.591269]],[[-87.866335,42.592798],[-87.865592,42.592729],[-87.865592,42.592788],[-87.866335,42.592798]],[[-87.864529,42.615437],[-87.865697,42.614577],[-87.864415,42.614564],[-87.864529,42.615437]],[[-87.865455,42.593568],[-87.864448,42.593363],[-87.86445,42.593558],[-87.865455,42.593568]],[[-87.86361,42.616393],[-87.86398,42.615842],[-87.863609,42.615838],[-87.86361,42.616393]],[[-87.862865,42.616385],[-87.863237,42.615834],[-87.862866,42.61583],[-87.862865,42.616385]],[[-87.862493,42.616381],[-87.861338,42.615813],[-87.861344,42.616367],[-87.862493,42.616381]],[[-87.861668,42.60383],[-87.860686,42.603243],[-87.860688,42.603817],[-87.861668,42.60383]],[[-87.854256,42.610237],[-87.852358,42.61018],[-87.852321,42.610823],[-87.854186,42.6114],[-87.854256,42.610237]],[[-87.850149,42.622851],[-87.848345,42.622795],[-87.848348,42.624642],[-87.85014,42.6247],[-87.850149,42.622851]],[[-87.847753,42.622775],[-87.846072,42.622332],[-87.846073,42.622726],[-87.847753,42.622775]],[[-87.845863,42.618481],[-87.847571,42.618225],[-87.845861,42.618172],[-87.845863,42.618481]],[[-87.846991,42.626388],[-87.846082,42.625528],[-87.84608,42.62635],[-87.846991,42.626388]],[[-87.845871,42.62003],[-87.846984,42.619583],[-87.845868,42.619549],[-87.845871,42.62003]],[[-87.84571,42.624558],[-87.840889,42.624395],[-87.840894,42.627552],[-87.845706,42.6277],[-87.84571,42.624558]],[[-87.840265,42.62156],[-87.840809,42.619071],[-87.839908,42.621486],[-87.840265,42.62156]],[[-87.840976,42.638359],[-87.839716,42.637762],[-87.839719,42.638301],[-87.840976,42.638359]],[[-87.840964,42.636932],[-87.83716,42.632532],[-87.834529,42.632441],[-87.835903,42.630055],[-87.833295,42.628362],[-87.833494,42.631394],[-87.83405,42.631062],[-87.834483,42.632463],[-87.835698,42.632646],[-87.834756,42.635864],[-87.840964,42.636932]],[[-87.840921,42.634112],[-87.840911,42.632457],[-87.840111,42.631626],[-87.840896,42.63343],[-87.839679,42.634242],[-87.840921,42.634112]],[[-87.839684,42.634778],[-87.840919,42.634557],[-87.839681,42.634506],[-87.839684,42.634778]],[[-87.836588,42.620607],[-87.836043,42.620089],[-87.836046,42.620587],[-87.836588,42.620607]],[[-87.838445,42.633435],[-87.83959,42.632523],[-87.837904,42.632529],[-87.838445,42.633435]]]}},{"type":"Feature","properties":{"NAME":"Mazomanie","state_abbr":"WI","state_name":"Wisconsin","ALAND":4580791},"geometry":{"type":"Polygon","coordinates":[[[-89.815049,43.165069],[-89.813718,43.167289],[-89.813651,43.176583],[-89.808642,43.176614],[-89.808634,43.17914],[-89.803452,43.180996],[-89.799182,43.181024],[-89.798705,43.17976],[-89.79874,43.183944],[-89.795429,43.184875],[-89.788842,43.183986],[-89.788813,43.176696],[-89.786836,43.175886],[-89.787909,43.174331],[-89.783968,43.173875],[-89.783957,43.176722],[-89.78383,43.173943],[-89.781828,43.173977],[-89.781829,43.176171],[-89.76893,43.176792],[-89.770821,43.169425],[-89.773847,43.169422],[-89.773853,43.16794],[-89.782964,43.173079],[-89.788805,43.173099],[-89.778869,43.163191],[-89.783394,43.16415],[-89.786565,43.167881],[-89.793816,43.166411],[-89.794289,43.168579],[-89.796996,43.16935],[-89.798704,43.168562],[-89.798688,43.165641],[-89.802445,43.163479],[-89.801824,43.162155],[-89.808689,43.162081],[-89.808684,43.165669],[-89.815049,43.165069]],[[-89.800137,43.170973],[-89.798827,43.170426],[-89.79882,43.171668],[-89.800137,43.170973]],[[-89.799753,43.172319],[-89.799184,43.171936],[-89.799189,43.172315],[-89.799753,43.172319]]]}},{"type":"Feature","properties":{"NAME":"Bangor","state_abbr":"WI","state_name":"Wisconsin","ALAND":4344683},"geometry":{"type":"Polygon","coordinates":[[[-91.014448,43.901962],[-91.008738,43.905867],[-91.007461,43.905336],[-91.008468,43.903538],[-91.000374,43.902747],[-91.000832,43.899105],[-90.991267,43.899155],[-90.990413,43.902379],[-90.985386,43.902169],[-90.985371,43.89918],[-90.980318,43.899077],[-90.980465,43.891839],[-90.970421,43.892128],[-90.98028,43.889859],[-90.970435,43.891391],[-90.970488,43.888776],[-90.975527,43.888417],[-90.975591,43.884833],[-90.979795,43.885219],[-90.980225,43.887489],[-90.980609,43.884776],[-91.000559,43.884596],[-91.000416,43.892771],[-91.010509,43.892169],[-91.010432,43.898702],[-91.014463,43.899089],[-91.014448,43.901962]]]}},{"type":"Feature","properties":{"NAME":"Fredonia","state_abbr":"WI","state_name":"Wisconsin","ALAND":5790449},"geometry":{"type":"Polygon","coordinates":[[[-87.975549,43.46963],[-87.965082,43.469795],[-87.968251,43.473386],[-87.963391,43.473484],[-87.964603,43.475166],[-87.960725,43.475962],[-87.960725,43.480807],[-87.958197,43.480847],[-87.958221,43.477209],[-87.953269,43.477289],[-87.953114,43.484555],[-87.940575,43.484737],[-87.940573,43.479914],[-87.943467,43.47999],[-87.943468,43.478548],[-87.940909,43.478585],[-87.940909,43.477454],[-87.92556,43.477681],[-87.925648,43.47038],[-87.940757,43.47017],[-87.94071,43.464691],[-87.944466,43.464652],[-87.944436,43.462139],[-87.940847,43.46218],[-87.940801,43.456859],[-87.94254,43.456791],[-87.942551,43.455518],[-87.940791,43.45558],[-87.940825,43.453387],[-87.9456,43.453334],[-87.945577,43.455506],[-87.950608,43.455454],[-87.950637,43.46128],[-87.953817,43.461249],[-87.955694,43.464503],[-87.967973,43.464316],[-87.967648,43.46664],[-87.975549,43.46963]],[[-87.964818,43.470382],[-87.962651,43.469854],[-87.962655,43.470419],[-87.964818,43.470382]]]}},{"type":"Feature","properties":{"NAME":"Cecil","state_abbr":"WI","state_name":"Wisconsin","ALAND":4638967},"geometry":{"type":"Polygon","coordinates":[[[-88.461692,44.824507],[-88.449051,44.823125],[-88.449095,44.824199],[-88.444089,44.824116],[-88.443929,44.821181],[-88.440465,44.823554],[-88.433867,44.823753],[-88.433514,44.820351],[-88.438823,44.82042],[-88.438323,44.815036],[-88.433033,44.814938],[-88.432834,44.812031],[-88.438086,44.811689],[-88.437808,44.802384],[-88.453144,44.802739],[-88.452008,44.800381],[-88.453313,44.8004],[-88.453137,44.795994],[-88.448047,44.793674],[-88.448007,44.7917],[-88.453143,44.791838],[-88.453083,44.788108],[-88.458214,44.788168],[-88.458376,44.805949],[-88.455799,44.806957],[-88.453149,44.810912],[-88.453805,44.815248],[-88.450249,44.815258],[-88.456538,44.815341],[-88.458929,44.816799],[-88.460422,44.818134],[-88.458987,44.81942],[-88.461523,44.819901],[-88.461692,44.824507]]]}},{"type":"Feature","properties":{"NAME":"Gresham","state_abbr":"WI","state_name":"Wisconsin","ALAND":2955963},"geometry":{"type":"Polygon","coordinates":[[[-88.797332,44.856209],[-88.775872,44.856191],[-88.773924,44.853886],[-88.77689,44.853065],[-88.776669,44.843734],[-88.76762,44.840342],[-88.76206,44.840221],[-88.766398,44.841693],[-88.766244,44.842792],[-88.761541,44.84175],[-88.761725,44.843727],[-88.764886,44.843846],[-88.761302,44.84386],[-88.761307,44.842055],[-88.758872,44.842076],[-88.758873,44.8414],[-88.761205,44.841826],[-88.76125,44.839963],[-88.796883,44.840152],[-88.797332,44.856209]]]}},{"type":"Feature","properties":{"NAME":"Black Earth","state_abbr":"WI","state_name":"Wisconsin","ALAND":2186924},"geometry":{"type":"Polygon","coordinates":[[[-89.757705,43.123725],[-89.756004,43.126118],[-89.750538,43.12613],[-89.748809,43.128735],[-89.750154,43.129532],[-89.749238,43.134419],[-89.754202,43.13636],[-89.754131,43.144238],[-89.739355,43.144296],[-89.739383,43.133429],[-89.744307,43.133413],[-89.741009,43.131224],[-89.744945,43.126704],[-89.744366,43.120739],[-89.749325,43.120774],[-89.749335,43.122554],[-89.752473,43.122665],[-89.751487,43.124773],[-89.757705,43.123725]]]}},{"type":"Feature","properties":{"NAME":"Greenville","state_abbr":"WI","state_name":"Wisconsin","ALAND":92510535},"geometry":{"type":"Polygon","coordinates":[[[-88.618409,44.243683],[-88.615778,44.330684],[-88.496443,44.330082],[-88.496818,44.2441],[-88.618409,44.243683]]]}},{"type":"Feature","properties":{"NAME":"Middleton","state_abbr":"WI","state_name":"Wisconsin","ALAND":24351341},"geometry":{"type":"MultiPolygon","coordinates":[[[[-89.482856,43.144635],[-89.471823,43.144703],[-89.472693,43.139543],[-89.47167,43.138746],[-89.482776,43.138213],[-89.482856,43.144635]]],[[[-89.561223,43.085632],[-89.56115,43.092876],[-89.5562,43.092888],[-89.55618,43.095217],[-89.54536,43.094124],[-89.54508,43.095641],[-89.545112,43.093295],[-89.546272,43.093357],[-89.546321,43.089316],[-89.536544,43.089355],[-89.53493,43.096018],[-89.543305,43.096054],[-89.543134,43.100963],[-89.541239,43.102442],[-89.546519,43.101667],[-89.546195,43.107498],[-89.54456,43.107498],[-89.544934,43.10471],[-89.543376,43.104255],[-89.543046,43.104254],[-89.542627,43.105349],[-89.542352,43.105434],[-89.542915,43.104255],[-89.540544,43.105376],[-89.539421,43.104299],[-89.538499,43.105718],[-89.541253,43.10643],[-89.541197,43.111124],[-89.55112,43.112605],[-89.551102,43.114684],[-89.546987,43.114693],[-89.546458,43.116972],[-89.536201,43.115971],[-89.531219,43.11668],[-89.531206,43.118522],[-89.526229,43.118578],[-89.52622,43.1149],[-89.517594,43.115019],[-89.514906,43.12111],[-89.515891,43.126046],[-89.51201,43.125468],[-89.511344,43.122481],[-89.506028,43.122542],[-89.506019,43.126202],[-89.496528,43.125963],[-89.49653,43.128362],[-89.491532,43.12842],[-89.492554,43.12601],[-89.491416,43.120133],[-89.496388,43.12007],[-89.496422,43.122172],[-89.501446,43.122119],[-89.501422,43.120851],[-89.505149,43.120796],[-89.506343,43.118864],[-89.481451,43.118692],[-89.481542,43.126425],[-89.469146,43.126475],[-89.469165,43.128654],[-89.471457,43.128417],[-89.471391,43.137313],[-89.461531,43.137324],[-89.459825,43.135962],[-89.459294,43.137323],[-89.451865,43.137346],[-89.451843,43.133968],[-89.455684,43.132157],[-89.453543,43.129766],[-89.456107,43.129511],[-89.458049,43.131278],[-89.459459,43.129938],[-89.458686,43.126839],[-89.46738,43.124638],[-89.467367,43.121054],[-89.47196,43.122605],[-89.471933,43.120261],[-89.474412,43.120887],[-89.474238,43.11914],[-89.465502,43.119134],[-89.465116,43.113865],[-89.46298,43.111912],[-89.469223,43.111912],[-89.471663,43.108466],[-89.478614,43.105027],[-89.483623,43.105895],[-89.482373,43.105074],[-89.483746,43.10136],[-89.482397,43.094511],[-89.485789,43.094594],[-89.483777,43.088356],[-89.488792,43.09163],[-89.491129,43.090214],[-89.487225,43.087613],[-89.487284,43.085418],[-89.492236,43.086075],[-89.492361,43.08247],[-89.502253,43.082517],[-89.502158,43.086182],[-89.521098,43.083838],[-89.520852,43.086963],[-89.530935,43.086989],[-89.531,43.085417],[-89.536564,43.085128],[-89.536691,43.08208],[-89.551343,43.08203],[-89.551653,43.085656],[-89.561223,43.085632]],[[-89.502766,43.122683],[-89.501447,43.122144],[-89.501462,43.122692],[-89.502766,43.122683]]]]}},{"type":"Feature","properties":{"NAME":"Waukesha","state_abbr":"WI","state_name":"Wisconsin","ALAND":53306340},"geometry":{"type":"MultiPolygon","coordinates":[[[[-88.200766,43.015731],[-88.200342,43.013988],[-88.197827,43.014018],[-88.200585,43.017257],[-88.186246,43.017295],[-88.186702,43.005815],[-88.192953,43.006624],[-88.194044,43.009514],[-88.199734,43.009501],[-88.200766,43.015731]]],[[[-88.203747,43.015745],[-88.201266,43.015737],[-88.201318,43.014879],[-88.203782,43.014007],[-88.203747,43.015745]]],[[[-88.21188,42.999637],[-88.210079,43.000758],[-88.211124,43.002686],[-88.208923,43.002658],[-88.208853,43.004374],[-88.204137,43.003098],[-88.204118,43.004578],[-88.208343,43.004924],[-88.208055,43.005961],[-88.196708,43.006257],[-88.200063,43.00543],[-88.199843,42.999846],[-88.208302,42.999876],[-88.211475,42.997615],[-88.21188,42.999637]]],[[[-88.223928,42.982665],[-88.22294,42.983174],[-88.222864,42.982688],[-88.223928,42.982665]]],[[[-88.22395,42.983451],[-88.222976,42.984522],[-88.22295,42.983449],[-88.22395,42.983451]]],[[[-88.249779,42.983521],[-88.249674,42.988121],[-88.246569,42.988229],[-88.24653,42.990029],[-88.243533,42.98836],[-88.24344,42.990045],[-88.237861,42.990854],[-88.239482,42.985098],[-88.242212,42.985092],[-88.242843,42.986833],[-88.249779,42.983521]]],[[[-88.258887,43.005014],[-88.254683,43.00512],[-88.253045,43.003615],[-88.253954,43.002881],[-88.25362,43.003862],[-88.258887,43.005014]]],[[[-88.264739,42.993819],[-88.263087,42.993243],[-88.261336,42.995007],[-88.263535,42.996321],[-88.260895,42.997392],[-88.257119,42.994672],[-88.257067,42.996316],[-88.253681,42.995552],[-88.258778,42.993497],[-88.26211,42.99408],[-88.26347,42.992505],[-88.264739,42.993819]]],[[[-88.306842,42.929993],[-88.304983,43.010066],[-88.286045,43.010412],[-88.28621,43.003142],[-88.283833,43.003118],[-88.281362,43.000858],[-88.282286,43.000062],[-88.28096,43.000186],[-88.282417,42.996746],[-88.289722,42.996107],[-88.291892,42.999401],[-88.301296,42.999189],[-88.301562,42.992787],[-88.295237,42.993056],[-88.295107,42.99565],[-88.289126,42.995526],[-88.288805,42.993382],[-88.28165,42.994054],[-88.281593,42.996749],[-88.27924,42.997826],[-88.280875,42.994124],[-88.274247,42.995134],[-88.274757,42.998269],[-88.272821,43.001819],[-88.273981,43.003003],[-88.269051,43.002955],[-88.269145,43.000173],[-88.270379,43.001165],[-88.272418,42.997678],[-88.268869,42.998006],[-88.268918,42.996628],[-88.266769,42.998191],[-88.26681,42.996726],[-88.281282,42.993623],[-88.279676,42.991913],[-88.280655,42.988638],[-88.286949,42.987043],[-88.284495,42.986005],[-88.287099,42.985144],[-88.279906,42.984728],[-88.280659,42.988456],[-88.269273,42.988392],[-88.268999,42.986617],[-88.264965,42.98838],[-88.267824,42.985153],[-88.265632,42.983471],[-88.266311,42.98106],[-88.273099,42.981982],[-88.27584,42.980372],[-88.273631,42.982335],[-88.277651,42.984735],[-88.282226,42.981134],[-88.278045,42.98112],[-88.27792,42.978676],[-88.275861,42.978916],[-88.276197,42.975904],[-88.273314,42.975892],[-88.27333,42.9738],[-88.277893,42.973115],[-88.277403,42.975018],[-88.278784,42.975024],[-88.280127,42.973354],[-88.287388,42.973817],[-88.287435,42.970998],[-88.282843,42.970047],[-88.287583,42.966519],[-88.287683,42.961973],[-88.291896,42.964277],[-88.29536,42.961415],[-88.28896,42.959571],[-88.291654,42.958226],[-88.287629,42.957129],[-88.287602,42.953672],[-88.27974,42.953712],[-88.276959,42.955805],[-88.279391,42.951881],[-88.265124,42.952724],[-88.265209,42.959283],[-88.276036,42.959362],[-88.275724,42.962079],[-88.279655,42.964916],[-88.278864,42.965627],[-88.258876,42.966461],[-88.257511,42.970061],[-88.254857,42.96742],[-88.247869,42.9677],[-88.247782,42.972713],[-88.252461,42.972755],[-88.250028,42.976047],[-88.247647,42.976288],[-88.247497,42.979124],[-88.249826,42.979139],[-88.249841,42.980944],[-88.246579,42.980146],[-88.24789,42.954664],[-88.242959,42.954699],[-88.242886,42.957936],[-88.246232,42.957909],[-88.246229,42.959188],[-88.240575,42.959244],[-88.240379,42.966416],[-88.233617,42.966522],[-88.232661,42.972708],[-88.227361,42.973388],[-88.227127,42.976037],[-88.224739,42.975912],[-88.223583,42.978512],[-88.214851,42.981116],[-88.214712,42.984753],[-88.217227,42.984737],[-88.217086,42.988964],[-88.212028,42.988832],[-88.213289,42.98835],[-88.211415,42.987294],[-88.212343,42.981257],[-88.207564,42.985867],[-88.205867,42.986248],[-88.207233,42.98547],[-88.207463,42.981173],[-88.212355,42.980938],[-88.212502,42.976853],[-88.2076,42.977494],[-88.207657,42.975549],[-88.205439,42.974],[-88.20758,42.973814],[-88.197682,42.973833],[-88.197553,42.977358],[-88.199003,42.977676],[-88.197417,42.980354],[-88.199596,42.984142],[-88.189782,42.983292],[-88.18961,42.984897],[-88.193186,42.987222],[-88.194721,42.989044],[-88.194972,42.987585],[-88.196787,42.988682],[-88.197203,42.987313],[-88.196501,42.991095],[-88.200664,42.994193],[-88.199601,42.995007],[-88.193996,42.9884],[-88.187421,42.988373],[-88.187108,42.996935],[-88.198341,42.995552],[-88.200671,42.99709],[-88.199112,42.99985],[-88.198392,42.99708],[-88.187109,42.997003],[-88.189609,42.998158],[-88.187814,43.000181],[-88.196807,43.003115],[-88.191587,43.002165],[-88.186769,43.004172],[-88.188804,42.930209],[-88.306842,42.929993]],[[-88.287926,42.941376],[-88.283509,42.941233],[-88.280042,42.942337],[-88.279092,42.940025],[-88.282561,42.938348],[-88.282116,42.937877],[-88.278138,42.940021],[-88.279006,42.942844],[-88.287926,42.941376]]]]}},{"type":"Feature","properties":{"NAME":"Vernon","state_abbr":"WI","state_name":"Wisconsin","ALAND":77646799},"geometry":{"type":"MultiPolygon","coordinates":[[[[-88.199268,42.87409],[-88.19751,42.876078],[-88.197018,42.875041],[-88.199268,42.87409]]],[[[-88.217931,42.922624],[-88.218965,42.923398],[-88.217919,42.923391],[-88.217931,42.922624]]],[[[-88.219036,42.91552],[-88.21738,42.915507],[-88.215496,42.917106],[-88.219028,42.916743],[-88.21898,42.921033],[-88.213912,42.923496],[-88.209041,42.923516],[-88.208938,42.930239],[-88.188804,42.930209],[-88.188818,42.901041],[-88.195561,42.90099],[-88.199028,42.8987],[-88.198997,42.893712],[-88.203994,42.89366],[-88.203939,42.890119],[-88.206699,42.890087],[-88.206378,42.888204],[-88.208846,42.887817],[-88.206359,42.886482],[-88.212126,42.886358],[-88.211311,42.888285],[-88.20904,42.888297],[-88.209933,42.892894],[-88.206659,42.893027],[-88.206678,42.894171],[-88.210289,42.893643],[-88.210271,42.891801],[-88.213803,42.89179],[-88.213814,42.895359],[-88.208918,42.895373],[-88.208945,42.896707],[-88.209805,42.900929],[-88.213817,42.90338],[-88.214462,42.906804],[-88.211091,42.902993],[-88.204937,42.90367],[-88.204723,42.905828],[-88.199064,42.906129],[-88.199076,42.90823],[-88.194008,42.908252],[-88.193985,42.911905],[-88.199077,42.911878],[-88.199069,42.915547],[-88.204083,42.915511],[-88.199038,42.917911],[-88.199018,42.91958],[-88.206211,42.915499],[-88.209089,42.915483],[-88.209258,42.917821],[-88.219003,42.913873],[-88.219036,42.91552]]],[[[-88.218963,42.92359],[-88.218788,42.930256],[-88.214206,42.930239],[-88.214207,42.929013],[-88.217117,42.929021],[-88.217178,42.926264],[-88.215843,42.92626],[-88.216783,42.923582],[-88.218963,42.92359]]],[[[-88.306567,42.914574],[-88.29747,42.914681],[-88.297531,42.921967],[-88.287624,42.92209],[-88.287536,42.930017],[-88.236423,42.930216],[-88.237993,42.929318],[-88.238073,42.926276],[-88.228778,42.926332],[-88.227815,42.922702],[-88.219597,42.922756],[-88.219213,42.92156],[-88.221724,42.920828],[-88.220539,42.91786],[-88.222488,42.916241],[-88.228857,42.917247],[-88.228838,42.912593],[-88.227426,42.912601],[-88.228794,42.908268],[-88.236029,42.905268],[-88.21941,42.910059],[-88.216979,42.910143],[-88.215364,42.90829],[-88.218821,42.908163],[-88.218719,42.9009],[-88.213815,42.900907],[-88.213789,42.89907],[-88.218701,42.899067],[-88.218682,42.897262],[-88.227465,42.897446],[-88.227358,42.895523],[-88.223575,42.895524],[-88.223558,42.893615],[-88.219955,42.894717],[-88.218697,42.89],[-88.212807,42.890001],[-88.21278,42.886356],[-88.214827,42.886362],[-88.214804,42.884593],[-88.21855,42.884934],[-88.218504,42.881282],[-88.214681,42.882175],[-88.214635,42.879077],[-88.218474,42.879062],[-88.21842,42.874755],[-88.213679,42.877746],[-88.209122,42.875158],[-88.205038,42.875421],[-88.199605,42.871821],[-88.19369,42.871886],[-88.193757,42.875539],[-88.196312,42.875521],[-88.196365,42.879178],[-88.198792,42.879169],[-88.198898,42.885794],[-88.189006,42.887623],[-88.1881,42.84284],[-88.306384,42.842095],[-88.306326,42.845686],[-88.297334,42.846524],[-88.297937,42.856019],[-88.299275,42.857629],[-88.302091,42.856667],[-88.302218,42.866579],[-88.297737,42.868382],[-88.297234,42.872577],[-88.294303,42.873079],[-88.294343,42.876001],[-88.296972,42.875963],[-88.297181,42.877132],[-88.299551,42.874024],[-88.302069,42.874446],[-88.297196,42.879355],[-88.301231,42.877643],[-88.301686,42.875731],[-88.306149,42.875701],[-88.306567,42.914574]],[[-88.220483,42.873902],[-88.219628,42.870878],[-88.21769,42.871699],[-88.218697,42.873582],[-88.220483,42.873902]]]]}},{"type":"Feature","properties":{"NAME":"Abrams","state_abbr":"WI","state_name":"Wisconsin","ALAND":2135602},"geometry":{"type":"Polygon","coordinates":[[[-88.080747,44.77203],[-88.080732,44.774689],[-88.076436,44.774668],[-88.074126,44.777161],[-88.070499,44.777161],[-88.067097,44.781986],[-88.063148,44.784227],[-88.055594,44.78423],[-88.047921,44.791261],[-88.046349,44.790323],[-88.049559,44.777],[-88.053916,44.778467],[-88.070618,44.770479],[-88.070624,44.773981],[-88.080747,44.77203]]]}},{"type":"Feature","properties":{"NAME":"Bayfront","state_abbr":"WI","state_name":"Wisconsin","ALAND":3690688},"geometry":{"type":"Polygon","coordinates":[[[-90.822216,46.618391],[-90.791253,46.626426],[-90.764245,46.63976],[-90.764299,46.638001],[-90.7696,46.63425],[-90.76976,46.623623],[-90.775029,46.62344],[-90.775015,46.61987],[-90.785542,46.619944],[-90.785523,46.616368],[-90.822233,46.616771],[-90.822216,46.618391]]]}},{"type":"Feature","properties":{"NAME":"Big Foot Prairie","state_abbr":"WI","state_name":"Wisconsin","ALAND":83140},"geometry":{"type":"Polygon","coordinates":[[[-88.607366,42.495092],[-88.597971,42.496488],[-88.597,42.495049],[-88.607366,42.495092]]]}},{"type":"Feature","properties":{"NAME":"Birch Hill","state_abbr":"WI","state_name":"Wisconsin","ALAND":1604039},"geometry":{"type":"Polygon","coordinates":[[[-90.560688,46.53038],[-90.55002,46.52962],[-90.55019,46.51423],[-90.55262,46.51193],[-90.560622,46.511604],[-90.560688,46.53038]]]}},{"type":"Feature","properties":{"NAME":"Briggsville","state_abbr":"WI","state_name":"Wisconsin","ALAND":4088592},"geometry":{"type":"Polygon","coordinates":[[[-89.59966,43.670994],[-89.588342,43.671647],[-89.588367,43.668094],[-89.583359,43.668053],[-89.583373,43.66445],[-89.578389,43.66452],[-89.578369,43.650009],[-89.580855,43.64998],[-89.580865,43.648172],[-89.578367,43.648196],[-89.578362,43.642748],[-89.599547,43.642636],[-89.59966,43.670994]]]}},{"type":"Feature","properties":{"NAME":"Brothertown","state_abbr":"WI","state_name":"Wisconsin","ALAND":3111194},"geometry":{"type":"Polygon","coordinates":[[[-88.326055,43.980077],[-88.309765,43.980825],[-88.307522,43.979839],[-88.30685,43.976415],[-88.30168,43.976459],[-88.301612,43.96636],[-88.303389,43.963348],[-88.3105,43.962687],[-88.31093,43.961488],[-88.313927,43.962285],[-88.319491,43.959259],[-88.32083,43.965486],[-88.319583,43.966016],[-88.31949,43.967732],[-88.320741,43.966013],[-88.321155,43.972207],[-88.326055,43.980077]]]}},{"type":"Feature","properties":{"NAME":"Ceex Haci","state_abbr":"WI","state_name":"Wisconsin","ALAND":329758},"geometry":{"type":"Polygon","coordinates":[[[-89.967629,44.285381],[-89.962547,44.285446],[-89.962427,44.278209],[-89.967559,44.278149],[-89.967629,44.285381]]]}},{"type":"Feature","properties":{"NAME":"Franks Field","state_abbr":"WI","state_name":"Wisconsin","ALAND":3279008},"geometry":{"type":"Polygon","coordinates":[[[-90.61444,46.552459],[-90.60102,46.563038],[-90.583753,46.554567],[-90.59123,46.54652],[-90.585075,46.543281],[-90.604606,46.543438],[-90.61444,46.552459]]]}},{"type":"Feature","properties":{"NAME":"Humbird","state_abbr":"WI","state_name":"Wisconsin","ALAND":2935546},"geometry":{"type":"Polygon","coordinates":[[[-90.909451,44.531224],[-90.907082,44.535313],[-90.872441,44.535081],[-90.872424,44.523801],[-90.876905,44.517706],[-90.886146,44.52527],[-90.892106,44.525245],[-90.894496,44.527877],[-90.902753,44.531612],[-90.909451,44.531224]]]}},{"type":"Feature","properties":{"NAME":"Jolmaville","state_abbr":"WI","state_name":"Wisconsin","ALAND":32344523},"geometry":{"type":"Polygon","coordinates":[[[-90.798912,46.456741],[-90.7587,46.4576],[-90.759095,46.443144],[-90.738121,46.443076],[-90.738055,46.44556],[-90.695885,46.452022],[-90.695485,46.414301],[-90.79831,46.41416],[-90.798912,46.456741]]]}},{"type":"Feature","properties":{"NAME":"Keshena","state_abbr":"WI","state_name":"Wisconsin","ALAND":21585426},"geometry":{"type":"Polygon","coordinates":[[[-88.655006,44.887937],[-88.652442,44.892296],[-88.654486,44.89136],[-88.653558,44.892496],[-88.650916,44.892302],[-88.653134,44.888506],[-88.611849,44.899704],[-88.611766,44.898127],[-88.61632,44.895776],[-88.627151,44.892595],[-88.6292,44.88968],[-88.627046,44.888158],[-88.6281,44.88434],[-88.621125,44.884902],[-88.614259,44.881213],[-88.599117,44.87968],[-88.580464,44.874904],[-88.572896,44.874703],[-88.563831,44.877349],[-88.551469,44.876757],[-88.547462,44.874541],[-88.543116,44.85907],[-88.540147,44.855735],[-88.641841,44.856475],[-88.645178,44.857709],[-88.646493,44.861995],[-88.64168,44.864334],[-88.643897,44.870038],[-88.635629,44.875423],[-88.633545,44.878445],[-88.63568,44.881248],[-88.633824,44.88299],[-88.638418,44.884145],[-88.64118,44.882618],[-88.64931,44.884355],[-88.653506,44.883383],[-88.65292,44.8859],[-88.655006,44.887937]]]}},{"type":"Feature","properties":{"NAME":"Legend Lake","state_abbr":"WI","state_name":"Wisconsin","ALAND":43582847},"geometry":{"type":"Polygon","coordinates":[[[-88.6292,44.88968],[-88.626907,44.892737],[-88.611766,44.898127],[-88.611849,44.899704],[-88.593292,44.911187],[-88.590674,44.910067],[-88.585443,44.912142],[-88.584721,44.916649],[-88.575571,44.920711],[-88.565549,44.920224],[-88.562764,44.918197],[-88.55045,44.92222],[-88.544524,44.919565],[-88.537177,44.92132],[-88.531207,44.915566],[-88.535386,44.910948],[-88.533785,44.907784],[-88.515572,44.902576],[-88.511575,44.908322],[-88.512365,44.912909],[-88.509206,44.91729],[-88.510871,44.923566],[-88.515063,44.924545],[-88.522235,44.932265],[-88.522277,44.941978],[-88.517902,44.943656],[-88.514786,44.938089],[-88.512588,44.937192],[-88.514316,44.933578],[-88.510708,44.930376],[-88.509718,44.923051],[-88.506454,44.922437],[-88.502866,44.917928],[-88.498685,44.916725],[-88.497526,44.911863],[-88.493568,44.912844],[-88.488921,44.910726],[-88.489149,44.855445],[-88.540147,44.855735],[-88.543116,44.85907],[-88.547462,44.874541],[-88.551469,44.876757],[-88.563831,44.877349],[-88.572896,44.874703],[-88.580464,44.874904],[-88.599117,44.87968],[-88.614259,44.881213],[-88.621125,44.884902],[-88.6281,44.88434],[-88.627046,44.888158],[-88.6292,44.88968]]]}},{"type":"Feature","properties":{"NAME":"Middle Village","state_abbr":"WI","state_name":"Wisconsin","ALAND":15748196},"geometry":{"type":"Polygon","coordinates":[[[-88.77234,44.952194],[-88.768048,44.952013],[-88.764396,44.955215],[-88.758489,44.955937],[-88.738393,44.954102],[-88.732894,44.949503],[-88.71924,44.947679],[-88.714318,44.941704],[-88.709821,44.940605],[-88.710738,44.936973],[-88.706728,44.93543],[-88.705237,44.930178],[-88.706882,44.92725],[-88.703912,44.925165],[-88.705281,44.919032],[-88.698005,44.91103],[-88.695529,44.905691],[-88.720533,44.913942],[-88.726337,44.919765],[-88.735452,44.92413],[-88.735591,44.921653],[-88.750935,44.921746],[-88.75074,44.929705],[-88.7556,44.932093],[-88.755395,44.936023],[-88.768869,44.941949],[-88.77234,44.952194]]]}},{"type":"Feature","properties":{"NAME":"Mole Lake","state_abbr":"WI","state_name":"Wisconsin","ALAND":9579873},"geometry":{"type":"Polygon","coordinates":[[[-89.005297,45.50105],[-88.963634,45.501594],[-88.963869,45.49747],[-88.957336,45.497198],[-88.961899,45.49087],[-88.960593,45.487135],[-88.963244,45.487119],[-88.963735,45.476667],[-88.971563,45.475525],[-88.969682,45.465092],[-88.987675,45.465065],[-88.984848,45.47216],[-88.994861,45.47214],[-88.994716,45.475697],[-88.999899,45.475646],[-88.999899,45.478216],[-88.997394,45.479298],[-89.005023,45.479181],[-89.004888,45.4865],[-89.002654,45.49006],[-89.004808,45.490823],[-89.004817,45.49487],[-89.002163,45.493945],[-88.998254,45.4966],[-89.002652,45.498734],[-89.001252,45.500848],[-89.005297,45.50105]]]}},{"type":"Feature","properties":{"NAME":"Mountain","state_abbr":"WI","state_name":"Wisconsin","ALAND":17408007},"geometry":{"type":"Polygon","coordinates":[[[-88.502614,45.19619],[-88.49987,45.198734],[-88.499087,45.203479],[-88.441365,45.20309],[-88.441572,45.198483],[-88.439066,45.19604],[-88.443868,45.192621],[-88.438425,45.185768],[-88.437267,45.181219],[-88.442518,45.176968],[-88.436101,45.172818],[-88.437824,45.170702],[-88.437778,45.167412],[-88.450714,45.166987],[-88.451339,45.163725],[-88.456592,45.166874],[-88.464973,45.162809],[-88.463383,45.164204],[-88.464492,45.170404],[-88.469966,45.169922],[-88.473292,45.172499],[-88.482617,45.173302],[-88.495605,45.17142],[-88.491826,45.176538],[-88.501717,45.186303],[-88.502614,45.19619]]]}},{"type":"Feature","properties":{"NAME":"Neopit","state_abbr":"WI","state_name":"Wisconsin","ALAND":31471578},"geometry":{"type":"Polygon","coordinates":[[[-88.900158,44.974002],[-88.898469,44.982404],[-88.893031,44.986285],[-88.88538,44.988601],[-88.880617,44.988288],[-88.877614,44.984596],[-88.872625,44.983487],[-88.868804,44.985539],[-88.866624,44.982962],[-88.863804,44.982577],[-88.862275,44.984864],[-88.859158,44.984568],[-88.858984,44.986648],[-88.858246,44.985317],[-88.852528,44.98565],[-88.848659,44.988222],[-88.84545,44.984826],[-88.845001,44.986221],[-88.840798,44.984902],[-88.840256,44.985001],[-88.842365,44.988854],[-88.837687,44.993834],[-88.837336,45.01547],[-88.835611,45.017117],[-88.816709,45.018967],[-88.806925,45.02733],[-88.792303,45.024884],[-88.777581,45.026231],[-88.775306,45.025212],[-88.774656,45.02127],[-88.769231,45.018091],[-88.770619,45.016783],[-88.769501,45.015302],[-88.772469,45.01404],[-88.804758,45.005913],[-88.810592,44.998142],[-88.809025,44.989876],[-88.80616,44.988512],[-88.803106,44.982432],[-88.800996,44.982532],[-88.796978,44.978732],[-88.797585,44.97638],[-88.792679,44.974523],[-88.787815,44.977236],[-88.783754,44.973582],[-88.779077,44.972903],[-88.775915,44.967119],[-88.769731,44.966848],[-88.769863,44.962096],[-88.764823,44.954886],[-88.768048,44.952013],[-88.772842,44.95217],[-88.776337,44.959333],[-88.796792,44.9706],[-88.803787,44.968463],[-88.807128,44.965014],[-88.813158,44.967198],[-88.826785,44.962898],[-88.828283,44.943304],[-88.831607,44.943289],[-88.832274,44.947692],[-88.8372,44.949787],[-88.837631,44.952738],[-88.842866,44.955871],[-88.844386,44.958926],[-88.855779,44.963291],[-88.855836,44.967767],[-88.850888,44.974626],[-88.852217,44.979836],[-88.859782,44.976884],[-88.86877,44.979353],[-88.877286,44.979241],[-88.888582,44.973839],[-88.900158,44.974002]]]}},{"type":"Feature","properties":{"NAME":"North Lake","state_abbr":"WI","state_name":"Wisconsin","ALAND":619966},"geometry":{"type":"Polygon","coordinates":[[[-88.376184,43.151134],[-88.374794,43.158218],[-88.372284,43.159982],[-88.360928,43.15769],[-88.360868,43.155505],[-88.365947,43.155545],[-88.365987,43.154048],[-88.371031,43.153274],[-88.371122,43.150985],[-88.376184,43.151134]]]}},{"type":"Feature","properties":{"NAME":"Northport","state_abbr":"WI","state_name":"Wisconsin","ALAND":4472327},"geometry":{"type":"Polygon","coordinates":[[[-88.818465,44.416721],[-88.787809,44.416627],[-88.787963,44.409798],[-88.783456,44.408809],[-88.78808,44.404978],[-88.786813,44.402992],[-88.789438,44.400538],[-88.798482,44.403151],[-88.80789,44.400859],[-88.818201,44.39404],[-88.818465,44.416721]]]}},{"type":"Feature","properties":{"NAME":"Rib Mountain","state_abbr":"WI","state_name":"Wisconsin","ALAND":31221127},"geometry":{"type":"Polygon","coordinates":[[[-89.721585,44.930383],[-89.711437,44.932086],[-89.711297,44.934042],[-89.721567,44.93408],[-89.721574,44.936315],[-89.718571,44.938654],[-89.720525,44.940775],[-89.71522,44.94424],[-89.655948,44.944659],[-89.650441,44.942721],[-89.65022,44.936654],[-89.644453,44.935404],[-89.644173,44.933652],[-89.64627,44.931647],[-89.644135,44.929761],[-89.633965,44.926651],[-89.619136,44.91905],[-89.62108,44.918127],[-89.620078,44.916208],[-89.635545,44.915328],[-89.640922,44.91185],[-89.641942,44.907015],[-89.640038,44.904099],[-89.623989,44.901707],[-89.624078,44.89814],[-89.629024,44.898177],[-89.62896,44.894538],[-89.630948,44.89192],[-89.636462,44.889868],[-89.639297,44.880045],[-89.642265,44.880042],[-89.640094,44.886165],[-89.639886,44.894394],[-89.641562,44.893002],[-89.646621,44.896906],[-89.654094,44.897835],[-89.654835,44.890931],[-89.669934,44.89094],[-89.669804,44.901778],[-89.721441,44.901714],[-89.721585,44.930383]]]}},{"type":"Feature","properties":{"NAME":"Rock Falls","state_abbr":"WI","state_name":"Wisconsin","ALAND":1672155},"geometry":{"type":"Polygon","coordinates":[[[-91.704496,44.712615],[-91.702403,44.712624],[-91.702731,44.7178],[-91.700797,44.718251],[-91.700822,44.719855],[-91.689341,44.72023],[-91.690327,44.721738],[-91.688267,44.725164],[-91.690721,44.727234],[-91.691303,44.729226],[-91.689952,44.730433],[-91.691811,44.73307],[-91.687907,44.73466],[-91.686872,44.729889],[-91.68017,44.729838],[-91.680117,44.724644],[-91.685341,44.724528],[-91.684765,44.721331],[-91.689508,44.718793],[-91.690632,44.711945],[-91.704468,44.711002],[-91.704496,44.712615]]]}},{"type":"Feature","properties":{"NAME":"Sobieski","state_abbr":"WI","state_name":"Wisconsin","ALAND":3261350},"geometry":{"type":"Polygon","coordinates":[[[-88.076319,44.713466],[-88.076318,44.727986],[-88.070885,44.728069],[-88.07089,44.735642],[-88.064048,44.734839],[-88.061514,44.730701],[-88.056928,44.728826],[-88.055256,44.719119],[-88.052953,44.715952],[-88.057602,44.714078],[-88.06129,44.715153],[-88.066227,44.71273],[-88.076319,44.713466]]]}},{"type":"Feature","properties":{"NAME":"Tainter Lake","state_abbr":"WI","state_name":"Wisconsin","ALAND":48003156},"geometry":{"type":"Polygon","coordinates":[[[-91.905891,44.952199],[-91.89876,44.956389],[-91.894751,44.961618],[-91.894398,44.987692],[-91.875104,44.987574],[-91.875326,45.02621],[-91.877238,45.027532],[-91.89026,45.027443],[-91.890019,45.030837],[-91.853551,45.030865],[-91.834793,45.016538],[-91.788375,45.016424],[-91.787994,45.013225],[-91.773252,45.012197],[-91.772959,44.987339],[-91.79938,44.987399],[-91.803454,44.986012],[-91.804029,44.980363],[-91.813862,44.980219],[-91.813835,44.959834],[-91.815051,44.958578],[-91.875095,44.958805],[-91.875101,44.944243],[-91.884059,44.944262],[-91.884153,44.935605],[-91.892204,44.933629],[-91.899477,44.933546],[-91.898453,44.942252],[-91.90142,44.94793],[-91.900433,44.949701],[-91.905891,44.952199]]]}},{"type":"Feature","properties":{"NAME":"Three Lakes","state_abbr":"WI","state_name":"Wisconsin","ALAND":7309789},"geometry":{"type":"Polygon","coordinates":[[[-89.185951,45.792406],[-89.186065,45.80329],[-89.181612,45.805475],[-89.183951,45.813593],[-89.183245,45.820278],[-89.185948,45.825456],[-89.173975,45.823958],[-89.169003,45.827024],[-89.163598,45.824693],[-89.159433,45.825121],[-89.155886,45.824014],[-89.157563,45.81803],[-89.168735,45.815353],[-89.170153,45.811528],[-89.163603,45.809259],[-89.163219,45.806876],[-89.165847,45.803621],[-89.170695,45.803765],[-89.167384,45.800345],[-89.16186,45.799589],[-89.156928,45.800221],[-89.155508,45.802493],[-89.15269,45.8018],[-89.153341,45.782914],[-89.163105,45.783799],[-89.162935,45.790662],[-89.169026,45.791858],[-89.175526,45.791999],[-89.175621,45.784868],[-89.178988,45.783497],[-89.180967,45.784945],[-89.18064,45.788703],[-89.185951,45.792406]]]}},{"type":"Feature","properties":{"NAME":"Allens Grove","state_abbr":"WI","state_name":"Wisconsin","ALAND":1481969},"geometry":{"type":"Polygon","coordinates":[[[-88.776361,42.580431],[-88.760578,42.584365],[-88.757023,42.581306],[-88.755937,42.576359],[-88.75802,42.573494],[-88.762605,42.576629],[-88.765719,42.57635],[-88.769774,42.573144],[-88.771246,42.569032],[-88.771531,42.573195],[-88.77635,42.572997],[-88.776361,42.580431]]]}},{"type":"Feature","properties":{"NAME":"Alto","state_abbr":"WI","state_name":"Wisconsin","ALAND":2039233},"geometry":{"type":"Polygon","coordinates":[[[-88.800325,43.683812],[-88.790335,43.683773],[-88.790339,43.672871],[-88.787563,43.672864],[-88.787562,43.670765],[-88.78542,43.670759],[-88.785413,43.669234],[-88.790323,43.669245],[-88.790297,43.661957],[-88.800185,43.66197],[-88.800325,43.683812]]]}},{"type":"Feature","properties":{"NAME":"Allenton","state_abbr":"WI","state_name":"Wisconsin","ALAND":4039171},"geometry":{"type":"Polygon","coordinates":[[[-88.357152,43.421233],[-88.346513,43.420583],[-88.349029,43.421932],[-88.346814,43.426166],[-88.348769,43.431703],[-88.354723,43.436985],[-88.353006,43.44006],[-88.355781,43.441145],[-88.350122,43.442421],[-88.341075,43.432613],[-88.330486,43.413075],[-88.341174,43.411904],[-88.341054,43.405962],[-88.350931,43.405134],[-88.35104,43.416756],[-88.357387,43.416758],[-88.357152,43.421233]]]}},{"type":"Feature","properties":{"NAME":"Amberg","state_abbr":"WI","state_name":"Wisconsin","ALAND":4176405},"geometry":{"type":"Polygon","coordinates":[[[-88.009894,45.505872],[-87.997032,45.507571],[-87.997825,45.517979],[-87.982528,45.518602],[-87.982089,45.509259],[-87.976821,45.511103],[-87.976149,45.5041],[-87.967464,45.504327],[-87.964919,45.50274],[-87.97739,45.497684],[-87.990643,45.49615],[-87.99205,45.497524],[-87.996399,45.496809],[-88.000115,45.498241],[-88.000014,45.504074],[-88.001646,45.505819],[-88.009894,45.505872]]]}},{"type":"Feature","properties":{"NAME":"Lakewood","state_abbr":"WI","state_name":"Wisconsin","ALAND":7160026},"geometry":{"type":"Polygon","coordinates":[[[-88.54291,45.301681],[-88.542447,45.310171],[-88.540594,45.310398],[-88.53441,45.307864],[-88.495367,45.309086],[-88.486309,45.30766],[-88.486558,45.300992],[-88.491707,45.300997],[-88.491864,45.297969],[-88.498381,45.296621],[-88.497812,45.290225],[-88.532333,45.29045],[-88.532455,45.301365],[-88.54291,45.301681]]]}},{"type":"Feature","properties":{"NAME":"Angelica","state_abbr":"WI","state_name":"Wisconsin","ALAND":4051945},"geometry":{"type":"Polygon","coordinates":[[[-88.343285,44.68133],[-88.320737,44.681295],[-88.32331,44.684373],[-88.323843,44.688905],[-88.318849,44.687477],[-88.312688,44.682502],[-88.305548,44.664234],[-88.31205,44.662535],[-88.311989,44.666666],[-88.331882,44.666636],[-88.331993,44.674056],[-88.338127,44.674084],[-88.339603,44.679538],[-88.343285,44.68133]]]}},{"type":"Feature","properties":{"NAME":"Caroline","state_abbr":"WI","state_name":"Wisconsin","ALAND":3064700},"geometry":{"type":"Polygon","coordinates":[[[-88.914499,44.730609],[-88.891433,44.727416],[-88.890453,44.723129],[-88.874136,44.723026],[-88.873791,44.715921],[-88.902857,44.715865],[-88.910945,44.719599],[-88.90601,44.723186],[-88.909455,44.72351],[-88.910008,44.726668],[-88.914462,44.726757],[-88.914499,44.730609]]]}},{"type":"Feature","properties":{"NAME":"Forest Junction","state_abbr":"WI","state_name":"Wisconsin","ALAND":6671189},"geometry":{"type":"Polygon","coordinates":[[[-88.163837,44.197811],[-88.163337,44.226723],[-88.132162,44.22671],[-88.134133,44.223328],[-88.134172,44.212075],[-88.129225,44.208158],[-88.139818,44.206068],[-88.147656,44.201462],[-88.154445,44.201441],[-88.154495,44.197712],[-88.163837,44.197811]]]}},{"type":"Feature","properties":{"NAME":"Green Valley","state_abbr":"WI","state_name":"Wisconsin","ALAND":485418},"geometry":{"type":"Polygon","coordinates":[[[-88.273718,44.794401],[-88.273648,44.799381],[-88.262556,44.799444],[-88.262644,44.79452],[-88.273718,44.794401]]]}},{"type":"Feature","properties":{"NAME":"Argonne","state_abbr":"WI","state_name":"Wisconsin","ALAND":1443317},"geometry":{"type":"Polygon","coordinates":[[[-88.882712,45.648538],[-88.882862,45.66602],[-88.871883,45.665992],[-88.872438,45.651722],[-88.876673,45.651679],[-88.882712,45.648538]]]}},{"type":"Feature","properties":{"NAME":"Lake Tomahawk","state_abbr":"WI","state_name":"Wisconsin","ALAND":3997223},"geometry":{"type":"Polygon","coordinates":[[[-89.614048,45.811508],[-89.611175,45.812016],[-89.612467,45.813703],[-89.610741,45.813498],[-89.609667,45.815846],[-89.601418,45.814273],[-89.600866,45.817832],[-89.604656,45.818059],[-89.569573,45.818086],[-89.568639,45.804221],[-89.570173,45.801385],[-89.57299,45.802216],[-89.57513,45.805318],[-89.585291,45.806866],[-89.583772,45.804982],[-89.594099,45.797877],[-89.592637,45.804124],[-89.599306,45.804796],[-89.601377,45.807732],[-89.600398,45.809466],[-89.61048,45.811074],[-89.611732,45.809724],[-89.614048,45.811508]]]}},{"type":"Feature","properties":{"NAME":"Laona","state_abbr":"WI","state_name":"Wisconsin","ALAND":5044956},"geometry":{"type":"Polygon","coordinates":[[[-88.688741,45.562549],[-88.677894,45.565364],[-88.67587,45.566891],[-88.67581,45.569399],[-88.67552,45.567802],[-88.673536,45.56862],[-88.675594,45.574873],[-88.669106,45.575055],[-88.669081,45.571985],[-88.671735,45.567438],[-88.670618,45.568678],[-88.670449,45.567303],[-88.667691,45.567632],[-88.669849,45.568653],[-88.667806,45.570222],[-88.667968,45.569185],[-88.656498,45.569622],[-88.657118,45.566723],[-88.654569,45.56502],[-88.65459,45.549962],[-88.685144,45.549992],[-88.685143,45.556591],[-88.689228,45.560881],[-88.688741,45.562549]]]}},{"type":"Feature","properties":{"NAME":"Minocqua","state_abbr":"WI","state_name":"Wisconsin","ALAND":1873144},"geometry":{"type":"Polygon","coordinates":[[[-89.719602,45.876335],[-89.709289,45.884209],[-89.711973,45.887729],[-89.703644,45.887644],[-89.701121,45.890751],[-89.690595,45.890763],[-89.692214,45.886652],[-89.697971,45.886116],[-89.696689,45.884221],[-89.701647,45.881096],[-89.700136,45.878599],[-89.701104,45.874674],[-89.697175,45.870401],[-89.69965,45.869031],[-89.700802,45.86599],[-89.703119,45.866476],[-89.705546,45.869834],[-89.708903,45.867228],[-89.713998,45.870101],[-89.713431,45.872027],[-89.708252,45.873478],[-89.704183,45.87747],[-89.705237,45.879967],[-89.703798,45.880858],[-89.705344,45.882304],[-89.709122,45.883591],[-89.708575,45.881861],[-89.713359,45.88038],[-89.716615,45.876474],[-89.719602,45.876335]]]}},{"type":"Feature","properties":{"NAME":"Newald","state_abbr":"WI","state_name":"Wisconsin","ALAND":2123344},"geometry":{"type":"Polygon","coordinates":[[[-88.706046,45.732781],[-88.70386,45.753011],[-88.695745,45.753221],[-88.696096,45.721714],[-88.706046,45.732781]]]}},{"type":"Feature","properties":{"NAME":"Arkansaw","state_abbr":"WI","state_name":"Wisconsin","ALAND":1894670},"geometry":{"type":"Polygon","coordinates":[[[-92.033676,44.63675],[-92.031651,44.642061],[-92.017641,44.638433],[-92.018032,44.63666],[-92.013833,44.634376],[-92.015046,44.633145],[-92.013537,44.631004],[-92.015144,44.63061],[-92.006672,44.629463],[-92.012396,44.625557],[-92.018723,44.625712],[-92.027269,44.631401],[-92.031488,44.632023],[-92.033676,44.63675]]]}},{"type":"Feature","properties":{"NAME":"Diamond Bluff","state_abbr":"WI","state_name":"Wisconsin","ALAND":4521267},"geometry":{"type":"Polygon","coordinates":[[[-92.644242,44.655833],[-92.637187,44.661933],[-92.635658,44.657078],[-92.630054,44.65505],[-92.624148,44.656887],[-92.623395,44.663194],[-92.612245,44.662076],[-92.611424,44.657261],[-92.614069,44.645383],[-92.598567,44.639744],[-92.598623,44.634117],[-92.60743,44.633346],[-92.612053,44.634856],[-92.614395,44.632208],[-92.615105,44.633223],[-92.612495,44.636617],[-92.614586,44.637678],[-92.613617,44.638143],[-92.614678,44.637822],[-92.615051,44.636874],[-92.616264,44.636711],[-92.615059,44.636473],[-92.617134,44.636736],[-92.613357,44.638952],[-92.614807,44.638444],[-92.617165,44.641535],[-92.623421,44.643563],[-92.619866,44.641683],[-92.620461,44.640069],[-92.629303,44.648624],[-92.641045,44.654743],[-92.643097,44.653777],[-92.644242,44.655833]]]}},{"type":"Feature","properties":{"NAME":"Hager City","state_abbr":"WI","state_name":"Wisconsin","ALAND":5002767},"geometry":{"type":"Polygon","coordinates":[[[-92.548399,44.594991],[-92.547438,44.608043],[-92.542163,44.605285],[-92.53802,44.605039],[-92.531625,44.615449],[-92.527631,44.615832],[-92.527624,44.620744],[-92.522238,44.619038],[-92.520742,44.611103],[-92.523714,44.604976],[-92.527913,44.601293],[-92.517708,44.594084],[-92.527945,44.594122],[-92.527879,44.590433],[-92.524062,44.587856],[-92.538376,44.589335],[-92.534531,44.586151],[-92.52552,44.586834],[-92.529548,44.584757],[-92.536392,44.585911],[-92.546572,44.591193],[-92.548399,44.594991]]]}},{"type":"Feature","properties":{"NAME":"Arkdale","state_abbr":"WI","state_name":"Wisconsin","ALAND":5588347},"geometry":{"type":"Polygon","coordinates":[[[-89.897705,44.010374],[-89.897717,44.039333],[-89.877661,44.039696],[-89.877638,44.032193],[-89.876182,44.03014],[-89.874886,44.03186],[-89.873199,44.030724],[-89.869119,44.032101],[-89.868052,44.034176],[-89.867773,44.024797],[-89.877835,44.024771],[-89.877648,44.01037],[-89.897705,44.010374]]]}},{"type":"Feature","properties":{"NAME":"Dellwood","state_abbr":"WI","state_name":"Wisconsin","ALAND":13511290},"geometry":{"type":"Polygon","coordinates":[[[-89.96256,43.987025],[-89.938053,43.984186],[-89.937725,43.96629],[-89.897978,43.966302],[-89.898091,43.963349],[-89.903707,43.962511],[-89.908189,43.959471],[-89.917567,43.958972],[-89.917694,43.929682],[-89.948288,43.929977],[-89.946976,43.932258],[-89.950588,43.937066],[-89.950307,43.948959],[-89.947924,43.952141],[-89.949822,43.958647],[-89.944774,43.96227],[-89.945094,43.965078],[-89.952186,43.972007],[-89.952734,43.975087],[-89.956918,43.978236],[-89.955713,43.982317],[-89.96256,43.987025]]]}},{"type":"Feature","properties":{"NAME":"Lake Camelot","state_abbr":"WI","state_name":"Wisconsin","ALAND":9764188},"geometry":{"type":"Polygon","coordinates":[[[-89.788557,44.220784],[-89.780953,44.221033],[-89.777887,44.222585],[-89.778097,44.235325],[-89.758076,44.235528],[-89.758011,44.221025],[-89.737621,44.221121],[-89.737872,44.199315],[-89.77802,44.19908],[-89.778034,44.203144],[-89.775702,44.20334],[-89.776359,44.205257],[-89.778104,44.204721],[-89.778038,44.20859],[-89.782183,44.207818],[-89.78309,44.210696],[-89.788074,44.212871],[-89.788557,44.220784]]]}},{"type":"Feature","properties":{"NAME":"Lake Sherwood","state_abbr":"WI","state_name":"Wisconsin","ALAND":2728817},"geometry":{"type":"Polygon","coordinates":[[[-89.808273,44.213368],[-89.788157,44.213536],[-89.78309,44.210696],[-89.782183,44.207818],[-89.778038,44.20859],[-89.778104,44.204721],[-89.776541,44.205411],[-89.775702,44.20334],[-89.778034,44.203144],[-89.77802,44.19908],[-89.808156,44.197719],[-89.808273,44.213368]]]}},{"type":"Feature","properties":{"NAME":"Ashippun","state_abbr":"WI","state_name":"Wisconsin","ALAND":2661671},"geometry":{"type":"Polygon","coordinates":[[[-88.527273,43.2148],[-88.524898,43.216907],[-88.525847,43.217403],[-88.522569,43.217434],[-88.523731,43.228434],[-88.513256,43.228347],[-88.513081,43.224632],[-88.505669,43.224595],[-88.505619,43.220984],[-88.507994,43.220959],[-88.507618,43.210102],[-88.512468,43.210117],[-88.512369,43.206534],[-88.52139,43.209677],[-88.521769,43.212373],[-88.527273,43.2148]]]}},{"type":"Feature","properties":{"NAME":"Burnett","state_abbr":"WI","state_name":"Wisconsin","ALAND":648697},"geometry":{"type":"Polygon","coordinates":[[[-88.713518,43.51005],[-88.703274,43.510069],[-88.703371,43.504694],[-88.704396,43.50471],[-88.70248,43.503002],[-88.713483,43.502871],[-88.713518,43.51005]]]}},{"type":"Feature","properties":{"NAME":"Lebanon","state_abbr":"WI","state_name":"Wisconsin","ALAND":1141195},"geometry":{"type":"Polygon","coordinates":[[[-88.63593,43.255321],[-88.634326,43.267351],[-88.632903,43.267888],[-88.631621,43.262076],[-88.626223,43.263516],[-88.626328,43.261036],[-88.623633,43.261028],[-88.623484,43.257376],[-88.616912,43.255834],[-88.621166,43.25528],[-88.621229,43.251402],[-88.623615,43.255315],[-88.62624,43.255295],[-88.63017,43.251067],[-88.630832,43.255311],[-88.63593,43.255321]]]}},{"type":"Feature","properties":{"NAME":"Babcock","state_abbr":"WI","state_name":"Wisconsin","ALAND":8032539},"geometry":{"type":"Polygon","coordinates":[[[-90.121832,44.314454],[-90.121231,44.318476],[-90.118718,44.320603],[-90.119817,44.321763],[-90.098457,44.322467],[-90.097932,44.319788],[-90.090417,44.313574],[-90.089525,44.310991],[-90.09029,44.307995],[-90.096109,44.304247],[-90.096583,44.301781],[-90.094604,44.297738],[-90.095266,44.292116],[-90.100319,44.289761],[-90.105313,44.289782],[-90.10611,44.28617],[-90.109738,44.283427],[-90.113972,44.283218],[-90.113973,44.281687],[-90.11897,44.282553],[-90.119831,44.284724],[-90.11748,44.289067],[-90.119422,44.289615],[-90.118654,44.293209],[-90.120764,44.296607],[-90.119017,44.299647],[-90.121535,44.302346],[-90.12051,44.307206],[-90.118022,44.310034],[-90.121137,44.31156],[-90.120179,44.312996],[-90.121832,44.314454]]]}},{"type":"Feature","properties":{"NAME":"Chili","state_abbr":"WI","state_name":"Wisconsin","ALAND":3377540},"geometry":{"type":"Polygon","coordinates":[[[-90.37512,44.619714],[-90.366179,44.624067],[-90.366689,44.630385],[-90.369163,44.632267],[-90.368604,44.636229],[-90.352345,44.641383],[-90.347884,44.639187],[-90.348664,44.634065],[-90.346709,44.627441],[-90.35279,44.619769],[-90.37512,44.619714]]]}},{"type":"Feature","properties":{"NAME":"Baileys Harbor","state_abbr":"WI","state_name":"Wisconsin","ALAND":4368793},"geometry":{"type":"Polygon","coordinates":[[[-87.147032,45.06951],[-87.141717,45.072673],[-87.132917,45.069749],[-87.132815,45.075775],[-87.134392,45.078245],[-87.125939,45.080823],[-87.121696,45.075584],[-87.121503,45.07295],[-87.116223,45.073102],[-87.116119,45.070251],[-87.123137,45.067079],[-87.122255,45.065516],[-87.124301,45.059249],[-87.122236,45.058199],[-87.125417,45.057846],[-87.125547,45.056142],[-87.128185,45.054762],[-87.146988,45.054856],[-87.147032,45.06951]]]}},{"type":"Feature","properties":{"NAME":"Collins","state_abbr":"WI","state_name":"Wisconsin","ALAND":4418384},"geometry":{"type":"Polygon","coordinates":[[[-87.997086,44.083875],[-87.997059,44.095774],[-87.977508,44.095727],[-87.977569,44.091676],[-87.968092,44.091642],[-87.968129,44.08639],[-87.966496,44.086387],[-87.966023,44.083702],[-87.963312,44.08261],[-87.964437,44.078379],[-87.962929,44.077402],[-87.964935,44.07571],[-87.973023,44.076015],[-87.980058,44.073845],[-87.983039,44.075145],[-87.986235,44.079468],[-87.997086,44.083875]]]}},{"type":"Feature","properties":{"NAME":"Gibbsville","state_abbr":"WI","state_name":"Wisconsin","ALAND":2210393},"geometry":{"type":"Polygon","coordinates":[[[-87.840272,43.644959],[-87.840243,43.659564],[-87.821444,43.659352],[-87.8257,43.656823],[-87.821749,43.651485],[-87.824439,43.647438],[-87.823112,43.64529],[-87.829497,43.643892],[-87.840272,43.644959]]]}},{"type":"Feature","properties":{"NAME":"Little Sturgeon","state_abbr":"WI","state_name":"Wisconsin","ALAND":6048484},"geometry":{"type":"Polygon","coordinates":[[[-87.593893,44.831116],[-87.593426,44.842993],[-87.581208,44.851868],[-87.57369,44.853301],[-87.552046,44.852055],[-87.549782,44.851198],[-87.550624,44.847115],[-87.555021,44.846165],[-87.554042,44.847106],[-87.556268,44.847312],[-87.555293,44.845201],[-87.556517,44.847074],[-87.559611,44.845302],[-87.558051,44.844473],[-87.560227,44.844207],[-87.56166,44.836013],[-87.565577,44.832371],[-87.565399,44.830087],[-87.567797,44.830224],[-87.565147,44.829186],[-87.583007,44.832616],[-87.593893,44.831116]]]}},{"type":"Feature","properties":{"NAME":"Bancroft","state_abbr":"WI","state_name":"Wisconsin","ALAND":13189568},"geometry":{"type":"Polygon","coordinates":[[[-89.523603,44.288426],[-89.522785,44.337967],[-89.507934,44.338225],[-89.508584,44.324124],[-89.48814,44.323329],[-89.488373,44.287446],[-89.523603,44.288426]]]}},{"type":"Feature","properties":{"NAME":"Barronett","state_abbr":"WI","state_name":"Wisconsin","ALAND":1983640},"geometry":{"type":"Polygon","coordinates":[[[-92.011357,45.639895],[-91.979023,45.639574],[-91.972529,45.63308],[-92.011278,45.632684],[-92.011357,45.639895]]]}},{"type":"Feature","properties":{"NAME":"Downsville","state_abbr":"WI","state_name":"Wisconsin","ALAND":1932800},"geometry":{"type":"Polygon","coordinates":[[[-91.935777,44.774499],[-91.925292,44.780137],[-91.923957,44.782486],[-91.922588,44.775319],[-91.9143,44.774609],[-91.913523,44.770634],[-91.916803,44.767889],[-91.926085,44.765493],[-91.927747,44.763932],[-91.924525,44.760373],[-91.930408,44.758825],[-91.931226,44.759881],[-91.92901,44.763239],[-91.935592,44.767577],[-91.932767,44.771772],[-91.935777,44.774499]]]}},{"type":"Feature","properties":{"NAME":"Lewis","state_abbr":"WI","state_name":"Wisconsin","ALAND":3810548},"geometry":{"type":"Polygon","coordinates":[[[-92.406682,45.704865],[-92.406668,45.726543],[-92.383152,45.726327],[-92.387016,45.720844],[-92.386745,45.704891],[-92.406682,45.704865]]]}},{"type":"Feature","properties":{"NAME":"Batavia","state_abbr":"WI","state_name":"Wisconsin","ALAND":1979712},"geometry":{"type":"Polygon","coordinates":[[[-88.056714,43.59702],[-88.055407,43.597014],[-88.055375,43.600622],[-88.040205,43.600656],[-88.040491,43.586088],[-88.055486,43.586031],[-88.055413,43.59611],[-88.056714,43.59702]]]}},{"type":"Feature","properties":{"NAME":"Bluffview","state_abbr":"WI","state_name":"Wisconsin","ALAND":997736},"geometry":{"type":"Polygon","coordinates":[[[-89.779564,43.358166],[-89.776796,43.365928],[-89.773988,43.367082],[-89.773635,43.372294],[-89.768655,43.37264],[-89.768949,43.357811],[-89.779564,43.358166]]]}},{"type":"Feature","properties":{"NAME":"Dyckesville","state_abbr":"WI","state_name":"Wisconsin","ALAND":2784173},"geometry":{"type":"Polygon","coordinates":[[[-87.793714,44.638212],[-87.779067,44.638619],[-87.765774,44.642023],[-87.754362,44.65064],[-87.750899,44.656192],[-87.751057,44.658708],[-87.747956,44.658453],[-87.752254,44.651366],[-87.750874,44.651154],[-87.751337,44.648804],[-87.749469,44.646766],[-87.750454,44.636541],[-87.757257,44.639811],[-87.762546,44.639624],[-87.762855,44.632539],[-87.783602,44.632724],[-87.783209,44.634488],[-87.785154,44.636391],[-87.793714,44.638212]]]}},{"type":"Feature","properties":{"NAME":"Grand Marsh","state_abbr":"WI","state_name":"Wisconsin","ALAND":3128957},"geometry":{"type":"Polygon","coordinates":[[[-89.716852,43.876053],[-89.716685,43.894397],[-89.69777,43.894383],[-89.697616,43.876196],[-89.716852,43.876053]]]}},{"type":"Feature","properties":{"NAME":"Greenleaf","state_abbr":"WI","state_name":"Wisconsin","ALAND":2670847},"geometry":{"type":"Polygon","coordinates":[[[-88.11071,44.3208],[-88.095158,44.320697],[-88.090975,44.329368],[-88.08803,44.328626],[-88.087973,44.320646],[-88.083105,44.320201],[-88.085487,44.317107],[-88.085566,44.3135],[-88.080949,44.31358],[-88.08119,44.312263],[-88.09626,44.311929],[-88.100677,44.310687],[-88.100697,44.309512],[-88.110688,44.309747],[-88.11071,44.3208]]]}},{"type":"Feature","properties":{"NAME":"St. Joseph","state_abbr":"WI","state_name":"Wisconsin","ALAND":4895319},"geometry":{"type":"Polygon","coordinates":[[[-91.056021,43.790509],[-91.047354,43.799293],[-91.031074,43.796393],[-91.031023,43.785668],[-91.032414,43.784947],[-91.032629,43.780453],[-91.038342,43.773552],[-91.04464,43.772112],[-91.048629,43.768697],[-91.050751,43.768633],[-91.050622,43.776886],[-91.055452,43.777816],[-91.056021,43.790509]]]}},{"type":"Feature","properties":{"NAME":"Bohners Lake","state_abbr":"WI","state_name":"Wisconsin","ALAND":8628556},"geometry":{"type":"Polygon","coordinates":[[[-88.306091,42.639903],[-88.286554,42.639884],[-88.276538,42.63369],[-88.272643,42.629078],[-88.266443,42.629093],[-88.266464,42.611057],[-88.305891,42.610817],[-88.306091,42.639903]]]}},{"type":"Feature","properties":{"NAME":"Boulder Junction","state_abbr":"WI","state_name":"Wisconsin","ALAND":3476963},"geometry":{"type":"Polygon","coordinates":[[[-89.669119,46.112702],[-89.669013,46.122582],[-89.664938,46.123297],[-89.661641,46.11729],[-89.659849,46.116787],[-89.655706,46.12147],[-89.651484,46.118973],[-89.652946,46.118693],[-89.652174,46.118022],[-89.649182,46.118944],[-89.647314,46.120337],[-89.649452,46.122032],[-89.646732,46.122121],[-89.646088,46.124648],[-89.642465,46.121259],[-89.639751,46.120771],[-89.638698,46.117834],[-89.636561,46.118755],[-89.629716,46.116645],[-89.638613,46.115691],[-89.638918,46.113406],[-89.63585,46.111792],[-89.630701,46.113266],[-89.632777,46.110474],[-89.635529,46.110996],[-89.636209,46.108598],[-89.633639,46.101947],[-89.644657,46.101972],[-89.643328,46.105162],[-89.648128,46.105413],[-89.6483,46.10905],[-89.653436,46.109097],[-89.653761,46.112809],[-89.669119,46.112702]]]}},{"type":"Feature","properties":{"NAME":"Holcombe","state_abbr":"WI","state_name":"Wisconsin","ALAND":2505197},"geometry":{"type":"Polygon","coordinates":[[[-91.138632,45.238461],[-91.136536,45.239189],[-91.130234,45.234913],[-91.109962,45.234657],[-91.11018,45.222378],[-91.113808,45.220882],[-91.111122,45.216743],[-91.11397,45.21508],[-91.115341,45.21814],[-91.120454,45.218636],[-91.12087,45.216568],[-91.135647,45.216497],[-91.134138,45.221693],[-91.127805,45.224381],[-91.122669,45.224277],[-91.122256,45.228311],[-91.138894,45.235828],[-91.138632,45.238461]]]}},{"type":"Feature","properties":{"NAME":"Jim Falls","state_abbr":"WI","state_name":"Wisconsin","ALAND":1570333},"geometry":{"type":"Polygon","coordinates":[[[-91.28559,45.037264],[-91.281067,45.041878],[-91.278198,45.048833],[-91.273489,45.054467],[-91.257385,45.054519],[-91.257522,45.048955],[-91.2677,45.049068],[-91.267772,45.043073],[-91.270378,45.040627],[-91.281494,45.038589],[-91.283654,45.036656],[-91.28559,45.037264]]]}},{"type":"Feature","properties":{"NAME":"Sayner","state_abbr":"WI","state_name":"Wisconsin","ALAND":4730807},"geometry":{"type":"Polygon","coordinates":[[[-89.558318,45.992434],[-89.550891,45.996958],[-89.544425,45.996438],[-89.543613,45.995056],[-89.541758,45.997197],[-89.537467,45.994404],[-89.53179,45.997299],[-89.529167,45.99654],[-89.522853,46.000721],[-89.515247,46.001724],[-89.511371,46.000302],[-89.506731,46.002564],[-89.501939,46.001318],[-89.508853,46.000366],[-89.510904,45.996833],[-89.519267,45.996787],[-89.519368,45.982272],[-89.54801,45.982357],[-89.55315,45.989259],[-89.558318,45.992434]]]}},{"type":"Feature","properties":{"NAME":"Brice Prairie","state_abbr":"WI","state_name":"Wisconsin","ALAND":11882692},"geometry":{"type":"Polygon","coordinates":[[[-91.350987,43.940197],[-91.349652,43.944073],[-91.345948,43.943472],[-91.343325,43.945151],[-91.34148,43.958246],[-91.335616,43.95941],[-91.294229,43.942309],[-91.257339,43.916115],[-91.266941,43.914324],[-91.279867,43.916836],[-91.308636,43.931152],[-91.309478,43.933473],[-91.309684,43.932425],[-91.318622,43.938285],[-91.318404,43.937005],[-91.313929,43.935076],[-91.311325,43.932828],[-91.321546,43.937023],[-91.323567,43.939281],[-91.324876,43.938384],[-91.324031,43.93648],[-91.327435,43.937866],[-91.331103,43.939847],[-91.330545,43.941252],[-91.332166,43.942711],[-91.332863,43.941655],[-91.331152,43.940572],[-91.333027,43.940352],[-91.331837,43.939449],[-91.333789,43.940173],[-91.334345,43.941638],[-91.334441,43.939301],[-91.336137,43.939832],[-91.335596,43.938436],[-91.337917,43.939091],[-91.336567,43.937097],[-91.338326,43.937126],[-91.337645,43.935736],[-91.343287,43.939803],[-91.345546,43.940124],[-91.343343,43.938285],[-91.344703,43.939028],[-91.344924,43.937702],[-91.350987,43.940197]]]}},{"type":"Feature","properties":{"NAME":"Browns Lake","state_abbr":"WI","state_name":"Wisconsin","ALAND":4637378},"geometry":{"type":"Polygon","coordinates":[[[-88.263077,42.685408],[-88.262129,42.68719],[-88.25394,42.687217],[-88.250508,42.6908],[-88.250934,42.692764],[-88.259117,42.692774],[-88.260166,42.695646],[-88.251972,42.695633],[-88.251986,42.697741],[-88.248407,42.697814],[-88.248106,42.69443],[-88.243218,42.698459],[-88.243303,42.703042],[-88.241958,42.703534],[-88.239011,42.704199],[-88.239448,42.702735],[-88.237319,42.702463],[-88.227989,42.704833],[-88.228024,42.697943],[-88.217468,42.69801],[-88.219259,42.683383],[-88.229049,42.682802],[-88.242641,42.678788],[-88.255215,42.680044],[-88.250981,42.68053],[-88.251616,42.683328],[-88.257191,42.683293],[-88.257212,42.684623],[-88.252378,42.684641],[-88.251992,42.686013],[-88.263077,42.685408]]]}},{"type":"Feature","properties":{"NAME":"Eagle Lake","state_abbr":"WI","state_name":"Wisconsin","ALAND":5640307},"geometry":{"type":"Polygon","coordinates":[[[-88.149882,42.712149],[-88.11079,42.712934],[-88.110484,42.688378],[-88.12579,42.689835],[-88.142366,42.687659],[-88.144838,42.693109],[-88.144922,42.698129],[-88.149884,42.705336],[-88.149882,42.712149]]]}},{"type":"Feature","properties":{"NAME":"Brule","state_abbr":"WI","state_name":"Wisconsin","ALAND":6873533},"geometry":{"type":"Polygon","coordinates":[[[-91.589205,46.550113],[-91.586856,46.551572],[-91.588692,46.555125],[-91.586473,46.555546],[-91.587797,46.557348],[-91.583568,46.559287],[-91.584798,46.560881],[-91.583666,46.561786],[-91.585344,46.562599],[-91.5826,46.564704],[-91.582556,46.568545],[-91.574511,46.569949],[-91.574544,46.574981],[-91.55345,46.574637],[-91.553305,46.555085],[-91.574409,46.550958],[-91.574466,46.539152],[-91.581899,46.53385],[-91.584208,46.534134],[-91.582534,46.537564],[-91.586036,46.54054],[-91.583844,46.541589],[-91.58393,46.54459],[-91.589205,46.550113]]]}},{"type":"Feature","properties":{"NAME":"Cornucopia","state_abbr":"WI","state_name":"Wisconsin","ALAND":5864022},"geometry":{"type":"Polygon","coordinates":[[[-91.13884,46.854196],[-91.135282,46.857093],[-91.136288,46.85992],[-91.128095,46.856877],[-91.115702,46.856385],[-91.107702,46.857063],[-91.104004,46.858514],[-91.104145,46.859731],[-91.097618,46.861035],[-91.095833,46.863651],[-91.096577,46.866751],[-91.093843,46.876887],[-91.094292,46.88028],[-91.090667,46.882038],[-91.088099,46.881468],[-91.087877,46.855886],[-91.094021,46.853047],[-91.092996,46.851279],[-91.09518,46.846148],[-91.138232,46.846784],[-91.13884,46.854196]]]}},{"type":"Feature","properties":{"NAME":"Gordon","state_abbr":"WI","state_name":"Wisconsin","ALAND":4752335},"geometry":{"type":"Polygon","coordinates":[[[-91.820633,46.243625],[-91.813324,46.246026],[-91.810009,46.245501],[-91.805991,46.245635],[-91.805007,46.246119],[-91.806139,46.2461],[-91.804788,46.24934],[-91.801625,46.249667],[-91.800669,46.257544],[-91.794787,46.252658],[-91.789898,46.255748],[-91.788944,46.25464],[-91.790903,46.253355],[-91.787665,46.249667],[-91.789503,46.247634],[-91.788255,46.239825],[-91.782074,46.230003],[-91.805936,46.229968],[-91.812462,46.237081],[-91.815306,46.237114],[-91.815414,46.241411],[-91.820616,46.240986],[-91.820633,46.243625]]]}},{"type":"Feature","properties":{"NAME":"Herbster","state_abbr":"WI","state_name":"Wisconsin","ALAND":14430283},"geometry":{"type":"Polygon","coordinates":[[[-91.289634,46.826808],[-91.283765,46.828359],[-91.289391,46.828455],[-91.288447,46.833567],[-91.272881,46.832803],[-91.257225,46.836623],[-91.249806,46.841975],[-91.231482,46.861203],[-91.224625,46.865056],[-91.207663,46.867753],[-91.201032,46.871806],[-91.194654,46.879117],[-91.190793,46.880698],[-91.187071,46.886354],[-91.1806,46.885119],[-91.182375,46.879518],[-91.194416,46.873061],[-91.196804,46.866808],[-91.204756,46.860094],[-91.204617,46.856789],[-91.209916,46.855621],[-91.219094,46.846648],[-91.237172,46.844282],[-91.236545,46.832294],[-91.245064,46.822095],[-91.243719,46.817944],[-91.267942,46.818994],[-91.277324,46.81542],[-91.283503,46.814916],[-91.289555,46.817503],[-91.289634,46.826808]]]}},{"type":"Feature","properties":{"NAME":"Iron River","state_abbr":"WI","state_name":"Wisconsin","ALAND":16196413},"geometry":{"type":"Polygon","coordinates":[[[-91.428261,46.538866],[-91.427784,46.590272],[-91.376235,46.589979],[-91.387041,46.568748],[-91.387299,46.546166],[-91.397378,46.550357],[-91.399186,46.548169],[-91.40272,46.549253],[-91.402877,46.546246],[-91.404433,46.546226],[-91.401093,46.542931],[-91.408023,46.538775],[-91.428261,46.538866]]]}},{"type":"Feature","properties":{"NAME":"Port Wing","state_abbr":"WI","state_name":"Wisconsin","ALAND":2979179},"geometry":{"type":"Polygon","coordinates":[[[-91.394744,46.776763],[-91.392787,46.781641],[-91.38476,46.783261],[-91.388728,46.783682],[-91.388568,46.785662],[-91.384234,46.784075],[-91.376006,46.784765],[-91.371422,46.779446],[-91.369067,46.778784],[-91.370157,46.776506],[-91.368926,46.77021],[-91.369901,46.767971],[-91.373588,46.767983],[-91.374315,46.763376],[-91.37709,46.766249],[-91.381142,46.766358],[-91.385763,46.768961],[-91.394744,46.776763]]]}},{"type":"Feature","properties":{"NAME":"Butte des Morts","state_abbr":"WI","state_name":"Wisconsin","ALAND":3197177},"geometry":{"type":"Polygon","coordinates":[[[-88.676901,44.108685],[-88.675982,44.11227],[-88.643488,44.11191],[-88.643313,44.09858],[-88.633784,44.097117],[-88.633675,44.09438],[-88.647325,44.098489],[-88.657532,44.098994],[-88.659973,44.100633],[-88.658666,44.101094],[-88.664386,44.104126],[-88.67077,44.103461],[-88.676901,44.108685]]]}},{"type":"Feature","properties":{"NAME":"Eureka","state_abbr":"WI","state_name":"Wisconsin","ALAND":2735045},"geometry":{"type":"Polygon","coordinates":[[[-88.856136,44.007009],[-88.853788,44.012999],[-88.850581,44.012968],[-88.850621,44.015758],[-88.835307,44.01609],[-88.836324,44.014093],[-88.832889,44.013489],[-88.832778,43.997858],[-88.845434,43.99799],[-88.84582,44.004351],[-88.855573,44.004787],[-88.856136,44.007009]]]}},{"type":"Feature","properties":{"NAME":"Packwaukee","state_abbr":"WI","state_name":"Wisconsin","ALAND":1243982},"geometry":{"type":"Polygon","coordinates":[[[-89.46987,43.76089],[-89.46646,43.76433],[-89.46582,43.770193],[-89.454422,43.770138],[-89.448128,43.766288],[-89.467418,43.758158],[-89.46987,43.76089]]]}},{"type":"Feature","properties":{"NAME":"Cable","state_abbr":"WI","state_name":"Wisconsin","ALAND":2824161},"geometry":{"type":"Polygon","coordinates":[[[-91.309322,46.188243],[-91.30293,46.195418],[-91.307122,46.196253],[-91.299986,46.201675],[-91.290651,46.215779],[-91.286435,46.215867],[-91.280658,46.201214],[-91.29297,46.197326],[-91.291173,46.192763],[-91.29319,46.189992],[-91.309322,46.188243]]]}},{"type":"Feature","properties":{"NAME":"Clam Lake","state_abbr":"WI","state_name":"Wisconsin","ALAND":1044656},"geometry":{"type":"Polygon","coordinates":[[[-90.91781,46.15125],[-90.91097,46.16256],[-90.906286,46.164568],[-90.906731,46.167832],[-90.901967,46.165134],[-90.902521,46.163772],[-90.89603,46.161],[-90.8937,46.154463],[-90.903286,46.154579],[-90.90752,46.15091],[-90.91781,46.15125]]]}},{"type":"Feature","properties":{"NAME":"Drummond","state_abbr":"WI","state_name":"Wisconsin","ALAND":3616883},"geometry":{"type":"Polygon","coordinates":[[[-91.264297,46.336917],[-91.260183,46.339212],[-91.259358,46.344734],[-91.257666,46.344403],[-91.256044,46.346781],[-91.261323,46.345898],[-91.258993,46.346808],[-91.255709,46.353643],[-91.253116,46.35507],[-91.248035,46.352607],[-91.240999,46.354344],[-91.240849,46.356592],[-91.242634,46.35688],[-91.241274,46.359145],[-91.235692,46.360535],[-91.240605,46.352432],[-91.237728,46.340225],[-91.253299,46.331952],[-91.261321,46.331418],[-91.264297,46.336917]]]}},{"type":"Feature","properties":{"NAME":"Cataract","state_abbr":"WI","state_name":"Wisconsin","ALAND":1538375},"geometry":{"type":"Polygon","coordinates":[[[-90.851133,44.090017],[-90.842057,44.090736],[-90.832085,44.095664],[-90.83197,44.082232],[-90.835006,44.082219],[-90.829262,44.076543],[-90.837777,44.081011],[-90.84146,44.081244],[-90.851133,44.090017]]]}},{"type":"Feature","properties":{"NAME":"Gotham","state_abbr":"WI","state_name":"Wisconsin","ALAND":1031321},"geometry":{"type":"Polygon","coordinates":[[[-90.303151,43.225655],[-90.301838,43.227689],[-90.29153,43.227731],[-90.291596,43.217292],[-90.301841,43.216261],[-90.30023,43.219628],[-90.302507,43.220801],[-90.303151,43.225655]]]}},{"type":"Feature","properties":{"NAME":"Hatfield","state_abbr":"WI","state_name":"Wisconsin","ALAND":3461973},"geometry":{"type":"Polygon","coordinates":[[[-90.761161,44.418505],[-90.760977,44.422336],[-90.72215,44.422293],[-90.724729,44.418655],[-90.723502,44.417217],[-90.726847,44.414921],[-90.726542,44.412198],[-90.74006,44.405371],[-90.740792,44.410005],[-90.744049,44.413743],[-90.756396,44.41023],[-90.756152,44.417964],[-90.761161,44.418505]]]}},{"type":"Feature","properties":{"NAME":"Millston","state_abbr":"WI","state_name":"Wisconsin","ALAND":2695010},"geometry":{"type":"Polygon","coordinates":[[[-90.6647,44.191666],[-90.660167,44.19328],[-90.65873,44.195998],[-90.64988,44.196333],[-90.621817,44.184938],[-90.623834,44.183219],[-90.635844,44.186044],[-90.636635,44.184091],[-90.632964,44.181483],[-90.653659,44.181602],[-90.653933,44.188463],[-90.652138,44.189217],[-90.6647,44.191666]]]}},{"type":"Feature","properties":{"NAME":"Sextonville","state_abbr":"WI","state_name":"Wisconsin","ALAND":2329849},"geometry":{"type":"Polygon","coordinates":[[[-90.302421,43.278292],[-90.301307,43.278525],[-90.301144,43.292157],[-90.291495,43.285129],[-90.291272,43.282013],[-90.281804,43.283084],[-90.281768,43.28036],[-90.278781,43.280378],[-90.27898,43.277896],[-90.281359,43.277893],[-90.281379,43.2746],[-90.286285,43.274608],[-90.286281,43.271669],[-90.291712,43.271681],[-90.291671,43.268086],[-90.293849,43.267818],[-90.296162,43.273205],[-90.302421,43.278292]]]}},{"type":"Feature","properties":{"NAME":"Chain O' Lakes","state_abbr":"WI","state_name":"Wisconsin","ALAND":8864936},"geometry":{"type":"Polygon","coordinates":[[[-89.196066,44.320871],[-89.190997,44.32116],[-89.194767,44.32583],[-89.195173,44.327911],[-89.193646,44.329142],[-89.195163,44.337796],[-89.172691,44.337459],[-89.172021,44.34081],[-89.163189,44.342065],[-89.163365,44.351749],[-89.138472,44.352274],[-89.131753,44.35191],[-89.137576,44.351839],[-89.136771,44.344632],[-89.133106,44.342388],[-89.143905,44.341201],[-89.148254,44.337972],[-89.148118,44.334589],[-89.144395,44.334577],[-89.148029,44.330362],[-89.148144,44.327435],[-89.154018,44.32621],[-89.158198,44.323317],[-89.162674,44.311933],[-89.190271,44.314471],[-89.192609,44.315251],[-89.196066,44.320871]]]}},{"type":"Feature","properties":{"NAME":"Chelsea","state_abbr":"WI","state_name":"Wisconsin","ALAND":1199795},"geometry":{"type":"Polygon","coordinates":[[[-90.312223,45.292559],[-90.311288,45.294805],[-90.305099,45.298368],[-90.304021,45.301214],[-90.29461,45.305234],[-90.299469,45.300842],[-90.302139,45.294945],[-90.302197,45.282933],[-90.309547,45.283602],[-90.308849,45.286232],[-90.312223,45.292559]]]}},{"type":"Feature","properties":{"NAME":"Chief Lake","state_abbr":"WI","state_name":"Wisconsin","ALAND":55279960},"geometry":{"type":"Polygon","coordinates":[[[-91.400995,45.889105],[-91.385314,45.900741],[-91.378537,45.911924],[-91.370556,45.920997],[-91.367613,45.921725],[-91.368191,45.923789],[-91.364883,45.923898],[-91.36537,45.926741],[-91.371157,45.931884],[-91.372411,45.937259],[-91.377497,45.942126],[-91.377871,45.956078],[-91.345952,45.95663],[-91.337239,45.964222],[-91.336268,45.970212],[-91.32703,45.971546],[-91.326651,45.976302],[-91.303581,45.968096],[-91.295737,45.963781],[-91.295505,45.942085],[-91.30081,45.942099],[-91.300749,45.93851],[-91.295551,45.938552],[-91.295759,45.914723],[-91.29311,45.916396],[-91.286413,45.916961],[-91.284665,45.915261],[-91.28935,45.914411],[-91.288,45.912388],[-91.289453,45.911149],[-91.289743,45.904267],[-91.28661,45.901337],[-91.281478,45.902385],[-91.281302,45.909258],[-91.276159,45.909219],[-91.275912,45.913027],[-91.265811,45.913102],[-91.265911,45.889072],[-91.279883,45.88459],[-91.387979,45.884973],[-91.389782,45.892151],[-91.400995,45.889105]]]}},{"type":"Feature","properties":{"NAME":"Little Round Lake","state_abbr":"WI","state_name":"Wisconsin","ALAND":23316912},"geometry":{"type":"Polygon","coordinates":[[[-91.431075,45.967493],[-91.427535,45.96579],[-91.422629,45.966045],[-91.41846,45.970424],[-91.416344,45.970195],[-91.413918,45.972568],[-91.41554,45.974209],[-91.417867,45.973592],[-91.415251,45.977108],[-91.417891,45.980598],[-91.417732,45.982759],[-91.324056,45.982289],[-91.32281,45.984461],[-91.318361,45.985686],[-91.319921,45.986453],[-91.31955,45.988716],[-91.31484,45.989259],[-91.313629,45.986959],[-91.307093,45.98969],[-91.305556,45.988851],[-91.310363,45.986298],[-91.310572,45.984689],[-91.309103,45.982828],[-91.302322,45.98234],[-91.302123,45.97809],[-91.300657,45.976851],[-91.302409,45.974045],[-91.296339,45.974055],[-91.298748,45.97566],[-91.296661,45.977301],[-91.295766,45.970363],[-91.285462,45.970372],[-91.285478,45.966685],[-91.29575,45.966653],[-91.295737,45.963781],[-91.303581,45.968096],[-91.326651,45.976302],[-91.32703,45.971546],[-91.336268,45.970212],[-91.337239,45.964222],[-91.345952,45.95663],[-91.377871,45.956078],[-91.37796,45.945222],[-91.385417,45.94562],[-91.397879,45.954545],[-91.406899,45.957174],[-91.416098,45.956654],[-91.420318,45.962156],[-91.431075,45.967493]]]}},{"type":"Feature","properties":{"NAME":"New Post","state_abbr":"WI","state_name":"Wisconsin","ALAND":53255483},"geometry":{"type":"Polygon","coordinates":[[[-91.279883,45.88459],[-91.265911,45.889072],[-91.265811,45.913102],[-91.250604,45.913036],[-91.250526,45.909435],[-91.255498,45.909415],[-91.255495,45.906009],[-91.24522,45.905918],[-91.244734,45.898634],[-91.23511,45.898334],[-91.235052,45.884194],[-91.224195,45.884195],[-91.224314,45.888077],[-91.219358,45.888094],[-91.219441,45.891552],[-91.214216,45.89182],[-91.21413,45.89552],[-91.224547,45.895352],[-91.224713,45.92024],[-91.193727,45.920245],[-91.193523,45.898546],[-91.18828,45.898589],[-91.188279,45.902135],[-91.18306,45.90223],[-91.182921,45.905842],[-91.1727,45.906068],[-91.172819,45.920155],[-91.152625,45.920123],[-91.152529,45.934615],[-91.162953,45.934647],[-91.162856,45.949082],[-91.152738,45.948971],[-91.152595,45.941654],[-91.147988,45.941742],[-91.147997,45.945776],[-91.142899,45.945655],[-91.142971,45.941898],[-91.137964,45.941875],[-91.136958,45.963054],[-91.131964,45.963126],[-91.131852,45.966727],[-91.126091,45.966677],[-91.131992,45.969973],[-91.132049,45.975749],[-91.121716,45.975622],[-91.121886,45.981241],[-91.116852,45.981292],[-91.117046,45.975545],[-91.111495,45.975455],[-91.11154,45.969596],[-91.101394,45.969031],[-91.101275,45.981378],[-91.090875,45.981392],[-91.091105,45.969289],[-91.095877,45.968966],[-91.096097,45.96545],[-91.101037,45.965442],[-91.101207,45.962243],[-91.126678,45.963045],[-91.12668,45.959444],[-91.131906,45.959426],[-91.132794,45.941855],[-91.127445,45.941384],[-91.127381,45.938058],[-91.132683,45.93803],[-91.132682,45.919861],[-91.122279,45.919147],[-91.122349,45.915884],[-91.117265,45.915879],[-91.117345,45.912228],[-91.091416,45.912314],[-91.091164,45.901846],[-91.085956,45.90186],[-91.085926,45.898194],[-91.159976,45.898515],[-91.168302,45.893481],[-91.173008,45.895037],[-91.173109,45.855488],[-91.235344,45.855558],[-91.235453,45.848499],[-91.276594,45.84865],[-91.276053,45.884557],[-91.279883,45.88459]]]}},{"type":"Feature","properties":{"NAME":"Reserve","state_abbr":"WI","state_name":"Wisconsin","ALAND":137084950},"geometry":{"type":"Polygon","coordinates":[[[-91.438927,45.766879],[-91.439446,45.856165],[-91.416311,45.856477],[-91.416294,45.852827],[-91.409881,45.852879],[-91.409911,45.856891],[-91.405232,45.856887],[-91.40523,45.861432],[-91.418339,45.861424],[-91.418539,45.882537],[-91.409969,45.883732],[-91.408922,45.886946],[-91.404707,45.889054],[-91.40032,45.88868],[-91.401737,45.887348],[-91.398925,45.887106],[-91.397359,45.883493],[-91.394117,45.884164],[-91.393453,45.88021],[-91.39573,45.875749],[-91.391994,45.87724],[-91.387979,45.884973],[-91.276053,45.884557],[-91.276594,45.84865],[-91.235453,45.848499],[-91.234976,45.812765],[-91.289607,45.812856],[-91.289629,45.805222],[-91.296012,45.805171],[-91.295957,45.80702],[-91.306326,45.806583],[-91.306264,45.812939],[-91.35774,45.812808],[-91.357825,45.782477],[-91.378813,45.782179],[-91.379155,45.767399],[-91.438927,45.766879]]]}},{"type":"Feature","properties":{"NAME":"Clarks Mills","state_abbr":"WI","state_name":"Wisconsin","ALAND":641901},"geometry":{"type":"Polygon","coordinates":[[[-87.868985,44.087825],[-87.866478,44.090546],[-87.86655,44.099266],[-87.860399,44.097644],[-87.859483,44.095115],[-87.861455,44.093041],[-87.861487,44.087222],[-87.858349,44.084339],[-87.863328,44.084385],[-87.863843,44.087039],[-87.868985,44.087825]]]}},{"type":"Feature","properties":{"NAME":"Como","state_abbr":"WI","state_name":"Wisconsin","ALAND":7285784},"geometry":{"type":"Polygon","coordinates":[[[-88.521758,42.619259],[-88.478103,42.619327],[-88.477362,42.6256],[-88.471089,42.629038],[-88.453662,42.612235],[-88.461186,42.611789],[-88.465685,42.607559],[-88.474575,42.604187],[-88.491246,42.602348],[-88.503852,42.596109],[-88.507483,42.600499],[-88.506832,42.615635],[-88.512199,42.615771],[-88.512032,42.61464],[-88.517167,42.614867],[-88.518144,42.616363],[-88.521758,42.615671],[-88.521758,42.619259]]]}},{"type":"Feature","properties":{"NAME":"Delavan Lake","state_abbr":"WI","state_name":"Wisconsin","ALAND":10888317},"geometry":{"type":"Polygon","coordinates":[[[-88.658566,42.596604],[-88.639683,42.596869],[-88.639161,42.600424],[-88.629592,42.600527],[-88.629383,42.604058],[-88.624591,42.604118],[-88.625509,42.614404],[-88.619339,42.616498],[-88.619362,42.619383],[-88.583081,42.621434],[-88.579941,42.617687],[-88.580161,42.597255],[-88.600169,42.596932],[-88.622269,42.585951],[-88.618938,42.582425],[-88.624541,42.582406],[-88.62439,42.574666],[-88.648882,42.57498],[-88.649039,42.582298],[-88.658386,42.58212],[-88.658566,42.596604]]]}},{"type":"Feature","properties":{"NAME":"Dale","state_abbr":"WI","state_name":"Wisconsin","ALAND":3867945},"geometry":{"type":"Polygon","coordinates":[[[-88.688636,44.273011],[-88.687984,44.287418],[-88.67796,44.287603],[-88.678181,44.280628],[-88.657848,44.280224],[-88.657992,44.261479],[-88.673761,44.270348],[-88.67932,44.26977],[-88.688636,44.273011]]]}},{"type":"Feature","properties":{"NAME":"Elcho","state_abbr":"WI","state_name":"Wisconsin","ALAND":2994687},"geometry":{"type":"Polygon","coordinates":[[[-89.199641,45.438684],[-89.19788,45.439964],[-89.197947,45.445652],[-89.177042,45.446322],[-89.178008,45.421515],[-89.188395,45.419656],[-89.186637,45.434978],[-89.200006,45.435139],[-89.199641,45.438684]]]}},{"type":"Feature","properties":{"NAME":"Post Lake","state_abbr":"WI","state_name":"Wisconsin","ALAND":18771041},"geometry":{"type":"Polygon","coordinates":[[[-89.124757,45.423007],[-89.123816,45.427691],[-89.116946,45.426202],[-89.111131,45.430465],[-89.111213,45.442294],[-89.114446,45.446089],[-89.109079,45.455272],[-89.10964,45.456669],[-89.102805,45.463319],[-89.098146,45.464048],[-89.098333,45.466405],[-89.067666,45.465552],[-89.06906,45.440922],[-89.060286,45.440455],[-89.065214,45.436688],[-89.066462,45.432764],[-89.070595,45.430014],[-89.066738,45.429535],[-89.068828,45.427125],[-89.06737,45.422417],[-89.070864,45.420656],[-89.071375,45.417091],[-89.075291,45.41677],[-89.07547,45.412689],[-89.071277,45.409787],[-89.075074,45.409049],[-89.075413,45.407308],[-89.091652,45.408819],[-89.091756,45.405101],[-89.101443,45.405249],[-89.102733,45.408664],[-89.12247,45.409022],[-89.124757,45.423007]]]}},{"type":"Feature","properties":{"NAME":"Summit Lake","state_abbr":"WI","state_name":"Wisconsin","ALAND":2077516},"geometry":{"type":"Polygon","coordinates":[[[-89.21807,45.385326],[-89.214191,45.383663],[-89.200109,45.383214],[-89.196878,45.379341],[-89.1881,45.37924],[-89.187298,45.372991],[-89.184801,45.370741],[-89.185221,45.368232],[-89.185888,45.367249],[-89.187921,45.368387],[-89.195008,45.37447],[-89.196856,45.372273],[-89.204609,45.371729],[-89.20446,45.369439],[-89.206312,45.367966],[-89.216848,45.367642],[-89.21807,45.385326]]]}},{"type":"Feature","properties":{"NAME":"Dalton","state_abbr":"WI","state_name":"Wisconsin","ALAND":1164133},"geometry":{"type":"Polygon","coordinates":[[[-89.216747,43.657847],[-89.214218,43.657835],[-89.214284,43.659674],[-89.196635,43.65952],[-89.19658,43.654201],[-89.216596,43.651831],[-89.216747,43.657847]]]}},{"type":"Feature","properties":{"NAME":"Hanover","state_abbr":"WI","state_name":"Wisconsin","ALAND":1507906},"geometry":{"type":"Polygon","coordinates":[[[-89.184318,42.641151],[-89.174689,42.641505],[-89.174712,42.643394],[-89.165692,42.642808],[-89.153381,42.635873],[-89.18429,42.63542],[-89.184318,42.641151]]]}},{"type":"Feature","properties":{"NAME":"Danbury","state_abbr":"WI","state_name":"Wisconsin","ALAND":3267752},"geometry":{"type":"Polygon","coordinates":[[[-92.393296,46.019134],[-92.363254,46.013222],[-92.362963,46.00351],[-92.3711,46.002065],[-92.373614,45.99795],[-92.383366,45.997645],[-92.38324,46.007043],[-92.393436,46.011858],[-92.393296,46.019134]]]}},{"type":"Feature","properties":{"NAME":"Ellison Bay","state_abbr":"WI","state_name":"Wisconsin","ALAND":6892072},"geometry":{"type":"Polygon","coordinates":[[[-87.102608,45.244576],[-87.102528,45.25491],[-87.09368,45.25528],[-87.093571,45.256586],[-87.082389,45.252803],[-87.074827,45.253935],[-87.075964,45.255618],[-87.074584,45.25657],[-87.076834,45.258363],[-87.078279,45.265003],[-87.071173,45.277649],[-87.072416,45.27332],[-87.061824,45.273174],[-87.066808,45.266184],[-87.054943,45.266094],[-87.057691,45.261215],[-87.04988,45.249681],[-87.05174,45.246357],[-87.053206,45.249568],[-87.055397,45.250648],[-87.056108,45.250179],[-87.053323,45.249524],[-87.052427,45.246441],[-87.049988,45.245672],[-87.048532,45.243108],[-87.050802,45.241807],[-87.054911,45.244413],[-87.062023,45.244297],[-87.063273,45.246237],[-87.07006,45.246149],[-87.071451,45.247869],[-87.083409,45.247983],[-87.086837,45.244388],[-87.102608,45.244576]]]}},{"type":"Feature","properties":{"NAME":"Dekorra","state_abbr":"WI","state_name":"Wisconsin","ALAND":3144911},"geometry":{"type":"Polygon","coordinates":[[[-89.481839,43.453852],[-89.460424,43.461056],[-89.444454,43.458646],[-89.442632,43.459901],[-89.441205,43.457676],[-89.441154,43.453374],[-89.453322,43.453414],[-89.453642,43.446306],[-89.472906,43.446568],[-89.473289,43.453747],[-89.481839,43.453852]]]}},{"type":"Feature","properties":{"NAME":"Diaperville","state_abbr":"WI","state_name":"Wisconsin","ALAND":1143914},"geometry":{"type":"Polygon","coordinates":[[[-90.717156,46.609999],[-90.70859,46.61136],[-90.70236,46.60949],[-90.703913,46.60524],[-90.700351,46.604216],[-90.699792,46.602586],[-90.701567,46.601399],[-90.716718,46.601337],[-90.717156,46.609999]]]}},{"type":"Feature","properties":{"NAME":"Dodge","state_abbr":"WI","state_name":"Wisconsin","ALAND":1206674},"geometry":{"type":"Polygon","coordinates":[[[-91.558933,44.140793],[-91.556561,44.138068],[-91.547107,44.138042],[-91.541519,44.141165],[-91.54154,44.134621],[-91.543403,44.132348],[-91.546974,44.131958],[-91.546726,44.125973],[-91.549293,44.127236],[-91.549732,44.125745],[-91.553232,44.13199],[-91.557926,44.134413],[-91.558933,44.140793]]]}},{"type":"Feature","properties":{"NAME":"Dunbar","state_abbr":"WI","state_name":"Wisconsin","ALAND":2755798},"geometry":{"type":"Polygon","coordinates":[[[-88.189892,45.64297],[-88.189267,45.651834],[-88.18283,45.653358],[-88.176862,45.652308],[-88.179227,45.655635],[-88.174682,45.654739],[-88.168209,45.653091],[-88.166333,45.649858],[-88.160321,45.648301],[-88.160189,45.643671],[-88.162252,45.643391],[-88.165436,45.638713],[-88.177084,45.641796],[-88.189892,45.64297]]]}},{"type":"Feature","properties":{"NAME":"Easton","state_abbr":"WI","state_name":"Wisconsin","ALAND":2661562},"geometry":{"type":"Polygon","coordinates":[[[-89.821842,43.83734],[-89.817085,43.837539],[-89.817099,43.843601],[-89.792193,43.843623],[-89.792171,43.845408],[-89.78716,43.84543],[-89.787065,43.842129],[-89.792235,43.841821],[-89.792151,43.832737],[-89.821827,43.832805],[-89.821842,43.83734]]]}},{"type":"Feature","properties":{"NAME":"Fulton","state_abbr":"WI","state_name":"Wisconsin","ALAND":404026},"geometry":{"type":"Polygon","coordinates":[[[-89.131112,42.803266],[-89.129505,42.805139],[-89.129978,42.810634],[-89.126489,42.810935],[-89.12601,42.812354],[-89.122671,42.811274],[-89.125946,42.807252],[-89.12208,42.805236],[-89.125478,42.803295],[-89.131112,42.803266]]]}},{"type":"Feature","properties":{"NAME":"Harrisville","state_abbr":"WI","state_name":"Wisconsin","ALAND":1948592},"geometry":{"type":"Polygon","coordinates":[[[-89.415254,43.877441],[-89.410409,43.877948],[-89.415198,43.880362],[-89.414573,43.887918],[-89.412992,43.89016],[-89.402205,43.889851],[-89.402887,43.888714],[-89.399786,43.8831],[-89.40269,43.87598],[-89.39995,43.87039],[-89.40449,43.87215],[-89.41505,43.872114],[-89.415254,43.877441]]]}},{"type":"Feature","properties":{"NAME":"Seneca","state_abbr":"WI","state_name":"Wisconsin","ALAND":2178415},"geometry":{"type":"Polygon","coordinates":[[[-90.970153,43.25706],[-90.96728,43.258575],[-90.967258,43.26447],[-90.96237,43.262473],[-90.962448,43.266986],[-90.957453,43.266999],[-90.957445,43.277768],[-90.952288,43.27843],[-90.952344,43.274301],[-90.947346,43.274293],[-90.947569,43.263384],[-90.95044,43.26341],[-90.952505,43.259757],[-90.957445,43.259734],[-90.957471,43.257457],[-90.969144,43.255359],[-90.970153,43.25706]]]}},{"type":"Feature","properties":{"NAME":"Edmund","state_abbr":"WI","state_name":"Wisconsin","ALAND":885830},"geometry":{"type":"Polygon","coordinates":[[[-90.276529,42.969279],[-90.256054,42.968608],[-90.256049,42.962714],[-90.270842,42.963643],[-90.270821,42.967472],[-90.276518,42.967481],[-90.276529,42.969279]]]}},{"type":"Feature","properties":{"NAME":"Glen Haven","state_abbr":"WI","state_name":"Wisconsin","ALAND":5754068},"geometry":{"type":"Polygon","coordinates":[[[-91.078894,42.814996],[-91.078392,42.828203],[-91.076131,42.828284],[-91.074671,42.836626],[-91.07576,42.837268],[-91.073381,42.842328],[-91.068565,42.843711],[-91.049815,42.843748],[-91.046423,42.838573],[-91.047342,42.834704],[-91.045913,42.828553],[-91.048753,42.827737],[-91.049104,42.822507],[-91.053886,42.824443],[-91.069789,42.821168],[-91.070072,42.814683],[-91.076444,42.814753],[-91.078894,42.814996]]]}},{"type":"Feature","properties":{"NAME":"Sandy Hook","state_abbr":"WI","state_name":"Wisconsin","ALAND":3647522},"geometry":{"type":"Polygon","coordinates":[[[-90.629184,42.550396],[-90.622381,42.553395],[-90.617385,42.552865],[-90.615621,42.565239],[-90.611734,42.565695],[-90.607559,42.543243],[-90.612595,42.533174],[-90.623341,42.533151],[-90.62455,42.540023],[-90.629184,42.550396]]]}},{"type":"Feature","properties":{"NAME":"Emerald","state_abbr":"WI","state_name":"Wisconsin","ALAND":4833977},"geometry":{"type":"Polygon","coordinates":[[[-92.284565,45.091155],[-92.238643,45.090264],[-92.238363,45.075717],[-92.277687,45.076268],[-92.273092,45.077482],[-92.277282,45.080828],[-92.27433,45.081821],[-92.276964,45.083202],[-92.273266,45.082529],[-92.27323,45.084489],[-92.277289,45.085212],[-92.280834,45.089491],[-92.284565,45.091155]]]}},{"type":"Feature","properties":{"NAME":"Houlton","state_abbr":"WI","state_name":"Wisconsin","ALAND":3789827},"geometry":{"type":"Polygon","coordinates":[[[-92.803124,45.062573],[-92.801522,45.068623],[-92.792581,45.078794],[-92.785391,45.078805],[-92.785385,45.071611],[-92.775581,45.071906],[-92.781748,45.067546],[-92.778922,45.050338],[-92.784936,45.042249],[-92.797081,45.050648],[-92.802056,45.057423],[-92.803124,45.062573]]]}},{"type":"Feature","properties":{"NAME":"Florence","state_abbr":"WI","state_name":"Wisconsin","ALAND":7009453},"geometry":{"type":"Polygon","coordinates":[[[-88.275166,45.933474],[-88.26913,45.939231],[-88.257826,45.935913],[-88.252056,45.937303],[-88.251961,45.93503],[-88.218513,45.933769],[-88.223236,45.928004],[-88.22093,45.925032],[-88.224468,45.92218],[-88.224163,45.920698],[-88.230711,45.919839],[-88.23144,45.917893],[-88.238769,45.918553],[-88.236546,45.914528],[-88.265069,45.914834],[-88.25788,45.92265],[-88.275166,45.933474]]]}},{"type":"Feature","properties":{"NAME":"Goodman","state_abbr":"WI","state_name":"Wisconsin","ALAND":4304927},"geometry":{"type":"Polygon","coordinates":[[[-88.370052,45.627535],[-88.364973,45.628525],[-88.363259,45.638142],[-88.355558,45.632898],[-88.344427,45.630383],[-88.33443,45.633962],[-88.334894,45.624597],[-88.339496,45.623116],[-88.343153,45.619859],[-88.346545,45.619937],[-88.347953,45.615271],[-88.347111,45.606168],[-88.350512,45.606414],[-88.355953,45.609682],[-88.361289,45.609864],[-88.360648,45.627917],[-88.363235,45.62837],[-88.36642,45.62517],[-88.368941,45.625175],[-88.370052,45.627535]]]}},{"type":"Feature","properties":{"NAME":"Grand View","state_abbr":"WI","state_name":"Wisconsin","ALAND":1917577},"geometry":{"type":"Polygon","coordinates":[[[-91.119236,46.365375],[-91.116387,46.366192],[-91.117402,46.369205],[-91.114428,46.369849],[-91.114473,46.373185],[-91.091557,46.372503],[-91.091362,46.365795],[-91.083065,46.364],[-91.117718,46.364127],[-91.119236,46.365375]]]}},{"type":"Feature","properties":{"NAME":"Long Lake","state_abbr":"WI","state_name":"Wisconsin","ALAND":684310},"geometry":{"type":"Polygon","coordinates":[[[-88.673147,45.840609],[-88.672871,45.84344],[-88.666855,45.848109],[-88.667432,45.849837],[-88.663301,45.848988],[-88.663178,45.838452],[-88.670764,45.83847],[-88.673147,45.840609]]]}},{"type":"Feature","properties":{"NAME":"French Island","state_abbr":"WI","state_name":"Wisconsin","ALAND":5235433},"geometry":{"type":"MultiPolygon","coordinates":[[[[-91.254351,43.850443],[-91.254623,43.85106],[-91.254127,43.85091],[-91.254351,43.850443]]],[[[-91.255122,43.845553],[-91.254542,43.845929],[-91.254481,43.845659],[-91.255122,43.845553]]],[[[-91.255589,43.846593],[-91.254987,43.846976],[-91.254967,43.8467],[-91.255589,43.846593]]],[[[-91.276242,43.872823],[-91.274932,43.882626],[-91.270986,43.89467],[-91.268867,43.897034],[-91.268749,43.892885],[-91.266195,43.890644],[-91.270013,43.893736],[-91.271723,43.886888],[-91.269981,43.886872],[-91.269812,43.872392],[-91.264849,43.872151],[-91.264873,43.868121],[-91.268166,43.865241],[-91.26649,43.864331],[-91.268292,43.862566],[-91.263592,43.862783],[-91.261288,43.865597],[-91.25504,43.865885],[-91.254882,43.861942],[-91.249856,43.862721],[-91.251809,43.864094],[-91.251168,43.866124],[-91.246054,43.866734],[-91.252788,43.866612],[-91.254396,43.868105],[-91.254392,43.866224],[-91.25496,43.8662],[-91.254966,43.869219],[-91.251773,43.869654],[-91.242875,43.869821],[-91.240539,43.865965],[-91.24034,43.863579],[-91.242538,43.860565],[-91.249593,43.854707],[-91.253379,43.854057],[-91.250756,43.853746],[-91.251572,43.852977],[-91.255729,43.852236],[-91.255354,43.853375],[-91.256069,43.853546],[-91.256872,43.85003],[-91.255705,43.851561],[-91.254654,43.851361],[-91.256354,43.846925],[-91.253872,43.842957],[-91.255375,43.841286],[-91.26239,43.840896],[-91.258437,43.840273],[-91.256029,43.834942],[-91.259544,43.83228],[-91.267016,43.833904],[-91.267484,43.837201],[-91.264787,43.844422],[-91.269574,43.849861],[-91.276242,43.872823]],[[-91.255593,43.854996],[-91.255182,43.853752],[-91.252819,43.85468],[-91.253961,43.855084],[-91.255593,43.854996]]]]}},{"type":"Feature","properties":{"NAME":"Gilmanton","state_abbr":"WI","state_name":"Wisconsin","ALAND":8663607},"geometry":{"type":"Polygon","coordinates":[[[-91.700452,44.471742],[-91.695416,44.472143],[-91.695502,44.491201],[-91.685253,44.491175],[-91.685316,44.483242],[-91.670559,44.488619],[-91.660394,44.484204],[-91.660327,44.458473],[-91.680394,44.458538],[-91.680427,44.463771],[-91.700024,44.462793],[-91.700452,44.471742]]]}},{"type":"Feature","properties":{"NAME":"Springbrook","state_abbr":"WI","state_name":"Wisconsin","ALAND":1862785},"geometry":{"type":"Polygon","coordinates":[[[-91.698643,45.940225],[-91.697814,45.95043],[-91.690258,45.951564],[-91.684737,45.9546],[-91.683814,45.957094],[-91.676364,45.957187],[-91.68232,45.952504],[-91.682779,45.939513],[-91.698643,45.940225]]]}},{"type":"Feature","properties":{"NAME":"Glidden","state_abbr":"WI","state_name":"Wisconsin","ALAND":5589531},"geometry":{"type":"Polygon","coordinates":[[[-90.5906,46.12597],[-90.59057,46.14522],[-90.58264,46.1411],[-90.58157,46.14809],[-90.578764,46.148397],[-90.57953,46.143643],[-90.57111,46.14364],[-90.57013,46.1407],[-90.551031,46.141587],[-90.55104,46.12707],[-90.56223,46.12654],[-90.56371,46.12804],[-90.56498,46.12747],[-90.563379,46.126205],[-90.5906,46.12597]]]}},{"type":"Feature","properties":{"NAME":"Jump River","state_abbr":"WI","state_name":"Wisconsin","ALAND":964015},"geometry":{"type":"Polygon","coordinates":[[[-90.804121,45.35313],[-90.80233,45.353134],[-90.80228,45.359897],[-90.790939,45.360111],[-90.790955,45.356392],[-90.785819,45.356641],[-90.789739,45.353059],[-90.803946,45.349937],[-90.804121,45.35313]]]}},{"type":"Feature","properties":{"NAME":"Greenbush","state_abbr":"WI","state_name":"Wisconsin","ALAND":1987625},"geometry":{"type":"Polygon","coordinates":[[[-88.104172,43.774964],[-88.102094,43.776178],[-88.103822,43.776913],[-88.101285,43.779703],[-88.101444,43.784475],[-88.077749,43.780399],[-88.078403,43.776305],[-88.08334,43.775076],[-88.081023,43.773028],[-88.081022,43.770864],[-88.091032,43.770864],[-88.091078,43.774915],[-88.104172,43.774964]]]}},{"type":"Feature","properties":{"NAME":"Hingham","state_abbr":"WI","state_name":"Wisconsin","ALAND":6950963},"geometry":{"type":"Polygon","coordinates":[[[-87.929649,43.631028],[-87.929615,43.660159],[-87.900657,43.660115],[-87.900385,43.653159],[-87.904022,43.650441],[-87.904109,43.646705],[-87.900538,43.646018],[-87.898488,43.647058],[-87.899251,43.648185],[-87.895127,43.648708],[-87.89491,43.638272],[-87.906954,43.638216],[-87.914673,43.63382],[-87.914678,43.631028],[-87.929649,43.631028]]]}},{"type":"Feature","properties":{"NAME":"Hebron","state_abbr":"WI","state_name":"Wisconsin","ALAND":6384276},"geometry":{"type":"Polygon","coordinates":[[[-88.714643,42.931341],[-88.681119,42.930935],[-88.669934,42.932538],[-88.669997,42.915356],[-88.684252,42.915534],[-88.684781,42.913143],[-88.693938,42.911652],[-88.692292,42.915601],[-88.708328,42.915744],[-88.709268,42.917854],[-88.714475,42.91806],[-88.714643,42.931341]]]}},{"type":"Feature","properties":{"NAME":"Helenville","state_abbr":"WI","state_name":"Wisconsin","ALAND":1435299},"geometry":{"type":"Polygon","coordinates":[[[-88.709598,43.017311],[-88.709485,43.022536],[-88.689541,43.018242],[-88.689521,43.014124],[-88.695527,43.012018],[-88.695506,43.010158],[-88.704468,43.011111],[-88.705257,43.015239],[-88.709598,43.017311]]]}},{"type":"Feature","properties":{"NAME":"Ixonia","state_abbr":"WI","state_name":"Wisconsin","ALAND":9422429},"geometry":{"type":"Polygon","coordinates":[[[-88.631931,43.14423],[-88.602699,43.143888],[-88.602646,43.145541],[-88.618582,43.152556],[-88.597422,43.149789],[-88.597291,43.158712],[-88.588272,43.158764],[-88.582351,43.156993],[-88.582589,43.141357],[-88.574771,43.139004],[-88.57301,43.13703],[-88.573512,43.130291],[-88.579852,43.130752],[-88.581129,43.125939],[-88.579694,43.122795],[-88.59306,43.122843],[-88.592966,43.126479],[-88.607348,43.128931],[-88.631931,43.14423]]]}},{"type":"Feature","properties":{"NAME":"Iron Belt","state_abbr":"WI","state_name":"Wisconsin","ALAND":6391800},"geometry":{"type":"Polygon","coordinates":[[[-90.34367,46.39474],[-90.337783,46.397892],[-90.334378,46.403444],[-90.337864,46.407366],[-90.335917,46.41184],[-90.337204,46.414406],[-90.300024,46.413815],[-90.298337,46.406345],[-90.30982,46.39908],[-90.30932,46.38473],[-90.31984,46.38483],[-90.319415,46.397947],[-90.325709,46.394994],[-90.34367,46.39474]]]}},{"type":"Feature","properties":{"NAME":"Marengo","state_abbr":"WI","state_name":"Wisconsin","ALAND":2709632},"geometry":{"type":"Polygon","coordinates":[[[-90.81915,46.41403],[-90.819119,46.42613],[-90.816723,46.425014],[-90.812464,46.429287],[-90.81043,46.429996],[-90.81123,46.428796],[-90.809651,46.428797],[-90.810144,46.430654],[-90.808071,46.43028],[-90.809292,46.431164],[-90.80143,46.431813],[-90.802538,46.430711],[-90.79868,46.43041],[-90.79831,46.41416],[-90.81915,46.41403]]]}},{"type":"Feature","properties":{"NAME":"Juda","state_abbr":"WI","state_name":"Wisconsin","ALAND":660655},"geometry":{"type":"Polygon","coordinates":[[[-89.516172,42.595525],[-89.507091,42.592636],[-89.50244,42.588212],[-89.505562,42.585908],[-89.513762,42.586755],[-89.514014,42.594638],[-89.516172,42.595525]]]}},{"type":"Feature","properties":{"NAME":"Kieler","state_abbr":"WI","state_name":"Wisconsin","ALAND":2174704},"geometry":{"type":"Polygon","coordinates":[[[-90.616545,42.58761],[-90.609247,42.59027],[-90.601289,42.58811],[-90.593259,42.588136],[-90.596472,42.581489],[-90.598973,42.579938],[-90.601101,42.573498],[-90.611628,42.574261],[-90.610331,42.57735],[-90.612838,42.576892],[-90.612844,42.587548],[-90.616545,42.58761]]]}},{"type":"Feature","properties":{"NAME":"King","state_abbr":"WI","state_name":"Wisconsin","ALAND":5708146},"geometry":{"type":"Polygon","coordinates":[[[-89.148254,44.337972],[-89.143905,44.341201],[-89.137483,44.34232],[-89.135831,44.341086],[-89.133106,44.342388],[-89.133077,44.344649],[-89.130831,44.344654],[-89.130844,44.343437],[-89.128388,44.345959],[-89.12738,44.345207],[-89.123131,44.348326],[-89.123172,44.351988],[-89.1187,44.35148],[-89.118384,44.352927],[-89.115713,44.352948],[-89.119742,44.353737],[-89.115735,44.354018],[-89.115782,44.355644],[-89.113005,44.355668],[-89.105559,44.349558],[-89.103062,44.350248],[-89.102686,44.34097],[-89.101236,44.340056],[-89.110882,44.333768],[-89.125596,44.330163],[-89.148079,44.330254],[-89.144395,44.334577],[-89.148118,44.334589],[-89.148254,44.337972]]]}},{"type":"Feature","properties":{"NAME":"Knowlton","state_abbr":"WI","state_name":"Wisconsin","ALAND":2590587},"geometry":{"type":"Polygon","coordinates":[[[-89.699937,44.722284],[-89.697237,44.725433],[-89.686024,44.725788],[-89.678782,44.728968],[-89.664586,44.71796],[-89.658721,44.711485],[-89.663867,44.713177],[-89.667271,44.712485],[-89.673457,44.70611],[-89.678877,44.713398],[-89.68266,44.713626],[-89.679777,44.714654],[-89.680706,44.716002],[-89.697247,44.717118],[-89.695838,44.716409],[-89.699397,44.716499],[-89.699287,44.712382],[-89.699937,44.722284]]]}},{"type":"Feature","properties":{"NAME":"Krakow","state_abbr":"WI","state_name":"Wisconsin","ALAND":2920405},"geometry":{"type":"Polygon","coordinates":[[[-88.272673,44.766513],[-88.252362,44.766805],[-88.249539,44.750259],[-88.269902,44.75043],[-88.272673,44.766513]]]}},{"type":"Feature","properties":{"NAME":"Lac du Flambeau","state_abbr":"WI","state_name":"Wisconsin","ALAND":12814147},"geometry":{"type":"Polygon","coordinates":[[[-89.943754,45.972438],[-89.939992,45.974781],[-89.934686,45.982059],[-89.928837,45.981967],[-89.927848,45.985206],[-89.918415,45.98159],[-89.913752,45.97781],[-89.911753,45.978249],[-89.910154,45.982156],[-89.902407,45.989073],[-89.902232,45.99652],[-89.891765,45.996586],[-89.892481,46.001302],[-89.889402,45.999113],[-89.889114,45.999269],[-89.889948,45.999814],[-89.890112,46.000346],[-89.886544,46.000112],[-89.884194,45.997976],[-89.888649,45.993857],[-89.897119,45.992688],[-89.899623,45.988697],[-89.900004,45.983595],[-89.904143,45.981476],[-89.901754,45.981306],[-89.902751,45.979205],[-89.900213,45.97945],[-89.900904,45.97822],[-89.898101,45.975356],[-89.902603,45.974833],[-89.908107,45.971451],[-89.907489,45.969999],[-89.893894,45.973087],[-89.891295,45.977124],[-89.89399,45.979392],[-89.892169,45.981111],[-89.892507,45.983386],[-89.889971,45.98434],[-89.891889,45.985992],[-89.889912,45.987859],[-89.88627,45.988179],[-89.885837,45.989647],[-89.881879,45.98833],[-89.880022,45.989745],[-89.881768,45.991301],[-89.875198,45.990356],[-89.874454,45.992339],[-89.876455,45.992196],[-89.87685,45.994312],[-89.873781,45.992691],[-89.871693,45.99505],[-89.866339,45.989949],[-89.866282,45.986097],[-89.879088,45.978494],[-89.869795,45.978649],[-89.869852,45.97362],[-89.858789,45.971246],[-89.849519,45.970403],[-89.846233,45.97117],[-89.844369,45.974957],[-89.843218,45.973478],[-89.848588,45.963984],[-89.850365,45.966157],[-89.848667,45.968693],[-89.85147,45.969896],[-89.85741,45.969563],[-89.862424,45.966979],[-89.861723,45.962331],[-89.864917,45.95499],[-89.865133,45.94985],[-89.873597,45.95689],[-89.878237,45.958673],[-89.882665,45.956867],[-89.894974,45.956858],[-89.899213,45.950457],[-89.904017,45.948276],[-89.929035,45.950244],[-89.930928,45.95252],[-89.934748,45.966518],[-89.942234,45.968536],[-89.943754,45.972438]]]}},{"type":"Feature","properties":{"NAME":"Lake Arrowhead","state_abbr":"WI","state_name":"Wisconsin","ALAND":13690176},"geometry":{"type":"Polygon","coordinates":[[[-89.884271,44.198894],[-89.875465,44.216357],[-89.872129,44.215491],[-89.870594,44.211452],[-89.864849,44.210122],[-89.862554,44.212762],[-89.85811,44.211624],[-89.856554,44.212631],[-89.855903,44.216583],[-89.857941,44.22065],[-89.837683,44.220482],[-89.837704,44.213093],[-89.818366,44.213414],[-89.818455,44.220714],[-89.808332,44.220703],[-89.808289,44.184394],[-89.837713,44.184285],[-89.837868,44.198804],[-89.884271,44.198894]]]}},{"type":"Feature","properties":{"NAME":"Pine River","state_abbr":"WI","state_name":"Wisconsin","ALAND":3025421},"geometry":{"type":"Polygon","coordinates":[[[-89.091025,44.155576],[-89.065464,44.155788],[-89.063511,44.151497],[-89.066623,44.149788],[-89.058864,44.141148],[-89.090064,44.141449],[-89.087595,44.144869],[-89.087449,44.148597],[-89.0847,44.148609],[-89.084271,44.150515],[-89.087585,44.150414],[-89.08723,44.152664],[-89.091025,44.155576]]]}},{"type":"Feature","properties":{"NAME":"Lake Ivanhoe","state_abbr":"WI","state_name":"Wisconsin","ALAND":2323181},"geometry":{"type":"Polygon","coordinates":[[[-88.349269,42.580196],[-88.345434,42.583751],[-88.345366,42.586077],[-88.341242,42.58719],[-88.331413,42.582158],[-88.319653,42.581122],[-88.320637,42.574556],[-88.348518,42.573794],[-88.349269,42.580196]]]}},{"type":"Feature","properties":{"NAME":"Lauderdale Lakes","state_abbr":"WI","state_name":"Wisconsin","ALAND":11132440},"geometry":{"type":"Polygon","coordinates":[[[-88.602613,42.756355],[-88.602792,42.777151],[-88.562922,42.796334],[-88.562951,42.788647],[-88.554376,42.779127],[-88.555754,42.767132],[-88.553806,42.763615],[-88.553817,42.757751],[-88.562173,42.754357],[-88.580118,42.756076],[-88.585237,42.753038],[-88.594426,42.751601],[-88.602613,42.756355]]]}},{"type":"Feature","properties":{"NAME":"Lake Koshkonong","state_abbr":"WI","state_name":"Wisconsin","ALAND":36525938},"geometry":{"type":"Polygon","coordinates":[[[-89.013582,42.84763],[-89.013307,42.890367],[-89.000181,42.8919],[-88.991834,42.897813],[-88.981309,42.901459],[-88.964409,42.90148],[-88.964266,42.911818],[-88.955209,42.921865],[-88.949044,42.925569],[-88.946218,42.926752],[-88.899772,42.926268],[-88.882348,42.919099],[-88.876208,42.918202],[-88.878418,42.910821],[-88.878251,42.904915],[-88.87574,42.896271],[-88.872032,42.890345],[-88.872096,42.887376],[-88.918672,42.846121],[-89.013582,42.84763]]]}},{"type":"Feature","properties":{"NAME":"Lake Ripley","state_abbr":"WI","state_name":"Wisconsin","ALAND":8644606},"geometry":{"type":"Polygon","coordinates":[[[-89.012592,43.002788],[-89.005351,43.005647],[-89.008003,43.006555],[-89.007997,43.008839],[-89.012545,43.008828],[-89.01256,43.011609],[-88.997324,43.016516],[-88.963047,43.015889],[-88.965031,43.011736],[-88.946319,43.007944],[-88.946414,43.004395],[-88.949607,43.004368],[-88.95073,43.000825],[-88.958534,42.999368],[-88.964559,43.001912],[-88.96941,42.999458],[-88.971237,43.000567],[-88.977865,42.991428],[-88.978643,42.987788],[-88.986172,42.98767],[-88.99784,42.991508],[-89.002906,42.999067],[-89.012592,43.002788]]]}},{"type":"Feature","properties":{"NAME":"Rome","state_abbr":"WI","state_name":"Wisconsin","ALAND":9604233},"geometry":{"type":"Polygon","coordinates":[[[-88.660226,42.969239],[-88.660203,42.990581],[-88.657844,42.996126],[-88.656503,42.996329],[-88.657015,42.997705],[-88.654005,42.994813],[-88.649404,42.994782],[-88.64523,42.996234],[-88.642356,42.999707],[-88.642565,43.002419],[-88.640071,43.000715],[-88.639918,42.99616],[-88.635509,42.996162],[-88.627959,42.992393],[-88.606587,42.993253],[-88.609143,42.989687],[-88.626058,42.979751],[-88.624713,42.974957],[-88.618499,42.971329],[-88.616787,42.967215],[-88.637619,42.967069],[-88.639946,42.968669],[-88.660226,42.969239]]]}},{"type":"Feature","properties":{"NAME":"Lake Lorraine","state_abbr":"WI","state_name":"Wisconsin","ALAND":2892971},"geometry":{"type":"Polygon","coordinates":[[[-88.749951,42.740154],[-88.725291,42.740324],[-88.725161,42.726795],[-88.749381,42.725641],[-88.749951,42.740154]]]}},{"type":"Feature","properties":{"NAME":"Lake Wazeecha","state_abbr":"WI","state_name":"Wisconsin","ALAND":10752765},"geometry":{"type":"Polygon","coordinates":[[[-89.786704,44.37546],[-89.782221,44.380002],[-89.765192,44.382139],[-89.745599,44.388033],[-89.745279,44.377035],[-89.740163,44.377004],[-89.740071,44.373416],[-89.724752,44.373385],[-89.724642,44.358843],[-89.745069,44.358919],[-89.744827,44.349388],[-89.755192,44.349483],[-89.755254,44.358856],[-89.765231,44.358779],[-89.765299,44.364148],[-89.771366,44.36279],[-89.771393,44.365894],[-89.786556,44.365837],[-89.786704,44.37546]]]}},{"type":"Feature","properties":{"NAME":"Lake Wisconsin","state_abbr":"WI","state_name":"Wisconsin","ALAND":34697500},"geometry":{"type":"Polygon","coordinates":[[[-89.727171,43.301305],[-89.723632,43.314451],[-89.71971,43.319745],[-89.705328,43.328758],[-89.696393,43.342151],[-89.677613,43.361197],[-89.670342,43.361776],[-89.655755,43.359821],[-89.631373,43.365395],[-89.617394,43.370399],[-89.602693,43.378788],[-89.616794,43.378978],[-89.613648,43.382704],[-89.610723,43.383302],[-89.610679,43.386594],[-89.61186,43.38618],[-89.611056,43.390662],[-89.606245,43.394655],[-89.58962,43.396476],[-89.586604,43.395094],[-89.584231,43.395522],[-89.584609,43.398434],[-89.581141,43.395233],[-89.562718,43.396283],[-89.558748,43.398715],[-89.556516,43.402829],[-89.541487,43.412512],[-89.539906,43.41561],[-89.542014,43.418359],[-89.541147,43.420606],[-89.534826,43.422003],[-89.525832,43.42811],[-89.524586,43.428081],[-89.522421,43.429332],[-89.519444,43.430229],[-89.518283,43.43022],[-89.519856,43.42897],[-89.515819,43.431967],[-89.514902,43.433408],[-89.513102,43.433703],[-89.515524,43.431941],[-89.506212,43.435429],[-89.500768,43.441945],[-89.50208,43.444015],[-89.500716,43.442825],[-89.500037,43.44525],[-89.50199,43.445173],[-89.494831,43.449108],[-89.488098,43.44077],[-89.492942,43.437663],[-89.501881,43.426488],[-89.50224,43.414063],[-89.508097,43.412174],[-89.521419,43.401904],[-89.521443,43.392078],[-89.516685,43.393068],[-89.516535,43.390494],[-89.511497,43.388707],[-89.511734,43.366443],[-89.526502,43.370016],[-89.526671,43.367396],[-89.532393,43.367884],[-89.536824,43.371028],[-89.541612,43.371186],[-89.54148,43.368593],[-89.54956,43.368425],[-89.555366,43.364049],[-89.553074,43.362208],[-89.55295,43.358939],[-89.5565,43.358974],[-89.556827,43.337198],[-89.55203,43.334294],[-89.557683,43.335876],[-89.567444,43.342689],[-89.582615,43.356216],[-89.595434,43.354665],[-89.601156,43.34929],[-89.609431,43.345757],[-89.611666,43.343341],[-89.623067,43.351089],[-89.669613,43.350948],[-89.669977,43.347221],[-89.685012,43.347139],[-89.684991,43.336488],[-89.688296,43.336384],[-89.690413,43.334358],[-89.69208,43.322615],[-89.694992,43.32169],[-89.695233,43.307498],[-89.719328,43.307807],[-89.716618,43.29637],[-89.721302,43.293864],[-89.727171,43.301305]]]}},{"type":"Feature","properties":{"NAME":"Lake Wissota","state_abbr":"WI","state_name":"Wisconsin","ALAND":9782604},"geometry":{"type":"Polygon","coordinates":[[[-91.347619,44.920057],[-91.346503,44.933412],[-91.342848,44.933397],[-91.342529,44.93858],[-91.337357,44.93346],[-91.331795,44.931],[-91.330597,44.928692],[-91.331818,44.927979],[-91.322906,44.926842],[-91.321037,44.92522],[-91.279356,44.930217],[-91.257744,44.929661],[-91.257317,44.914028],[-91.278778,44.915352],[-91.286827,44.915081],[-91.28674,44.912031],[-91.319328,44.912052],[-91.33419,44.919273],[-91.347619,44.920057]]]}},{"type":"Feature","properties":{"NAME":"Leopolis","state_abbr":"WI","state_name":"Wisconsin","ALAND":1045897},"geometry":{"type":"Polygon","coordinates":[[[-88.852921,44.767858],[-88.852911,44.771534],[-88.844373,44.771483],[-88.842713,44.773996],[-88.842752,44.768835],[-88.840526,44.767215],[-88.836954,44.759196],[-88.84795,44.759195],[-88.847678,44.76784],[-88.852921,44.767858]]]}},{"type":"Feature","properties":{"NAME":"Lily Lake","state_abbr":"WI","state_name":"Wisconsin","ALAND":1648194},"geometry":{"type":"Polygon","coordinates":[[[-88.222304,42.560174],[-88.220687,42.568542],[-88.21249,42.568417],[-88.212621,42.573582],[-88.205312,42.573763],[-88.205225,42.571344],[-88.207574,42.569249],[-88.207414,42.553192],[-88.217317,42.553071],[-88.217408,42.560385],[-88.222304,42.560174]]]}},{"type":"Feature","properties":{"NAME":"Lyons","state_abbr":"WI","state_name":"Wisconsin","ALAND":3225686},"geometry":{"type":"Polygon","coordinates":[[[-88.374362,42.639934],[-88.371087,42.643619],[-88.369889,42.652572],[-88.364843,42.65443],[-88.364896,42.65934],[-88.352432,42.657844],[-88.353314,42.650826],[-88.350686,42.65017],[-88.34623,42.651946],[-88.344965,42.650922],[-88.345003,42.644857],[-88.354912,42.643599],[-88.354899,42.639986],[-88.374362,42.639934]]]}},{"type":"Feature","properties":{"NAME":"Mindoro","state_abbr":"WI","state_name":"Wisconsin","ALAND":1642895},"geometry":{"type":"Polygon","coordinates":[[[-91.113735,44.025853],[-91.104389,44.026197],[-91.091839,44.022189],[-91.091815,44.014049],[-91.10184,44.013889],[-91.104919,44.017661],[-91.11181,44.017578],[-91.111908,44.024221],[-91.113735,44.025853]]]}},{"type":"Feature","properties":{"NAME":"Shopiere","state_abbr":"WI","state_name":"Wisconsin","ALAND":560914},"geometry":{"type":"Polygon","coordinates":[[[-88.940648,42.571108],[-88.94342,42.572575],[-88.937751,42.57366],[-88.932165,42.577705],[-88.930064,42.575093],[-88.930181,42.573611],[-88.933345,42.573473],[-88.933502,42.56775],[-88.938408,42.567911],[-88.940648,42.571108]]]}},{"type":"Feature","properties":{"NAME":"Mercer","state_abbr":"WI","state_name":"Wisconsin","ALAND":11530039},"geometry":{"type":"Polygon","coordinates":[[[-90.082401,46.152715],[-90.078036,46.156325],[-90.077037,46.159436],[-90.073932,46.160089],[-90.072312,46.163755],[-90.070019,46.164568],[-90.07138,46.166],[-90.06981,46.16877],[-90.07292,46.17062],[-90.064353,46.178705],[-90.064056,46.180319],[-90.065668,46.181211],[-90.062825,46.186884],[-90.05303,46.18696],[-90.05287,46.18127],[-90.04808,46.1809],[-90.04824,46.17833],[-90.02234,46.18225],[-90.02302,46.1684],[-90.02811,46.16814],[-90.02837,46.16478],[-90.03382,46.16477],[-90.03334,46.15497],[-90.03801,46.15484],[-90.03857,46.152],[-90.04287,46.15475],[-90.0415,46.143612],[-90.076874,46.143069],[-90.078568,46.146457],[-90.081762,46.148422],[-90.080992,46.151356],[-90.082401,46.152715]]]}},{"type":"Feature","properties":{"NAME":"Ogema","state_abbr":"WI","state_name":"Wisconsin","ALAND":7869948},"geometry":{"type":"Polygon","coordinates":[[[-90.3112,45.44386],[-90.31088,45.46639],[-90.29021,45.46662],[-90.29005,45.46062],[-90.28379,45.46013],[-90.28205,45.44868],[-90.26758,45.45322],[-90.258268,45.453166],[-90.272051,45.44183],[-90.278189,45.441817],[-90.278242,45.438887],[-90.30845,45.43867],[-90.3112,45.44386]]]}},{"type":"Feature","properties":{"NAME":"Pence","state_abbr":"WI","state_name":"Wisconsin","ALAND":2766724},"geometry":{"type":"Polygon","coordinates":[[[-90.283858,46.414318],[-90.257899,46.420588],[-90.25983,46.41964],[-90.257463,46.405816],[-90.268746,46.401766],[-90.276889,46.401719],[-90.283858,46.414318]]]}},{"type":"Feature","properties":{"NAME":"Mission","state_abbr":"WI","state_name":"Wisconsin","ALAND":1452409},"geometry":{"type":"Polygon","coordinates":[[[-90.776743,44.345448],[-90.771585,44.345536],[-90.771668,44.349228],[-90.751728,44.349193],[-90.751424,44.341957],[-90.776715,44.341776],[-90.776743,44.345448]]]}},{"type":"Feature","properties":{"NAME":"Sand Pillow","state_abbr":"WI","state_name":"Wisconsin","ALAND":602820},"geometry":{"type":"Polygon","coordinates":[[[-90.771585,44.325873],[-90.771395,44.331191],[-90.765119,44.331196],[-90.765111,44.334842],[-90.752295,44.334289],[-90.771585,44.325873]]]}},{"type":"Feature","properties":{"NAME":"Navarino","state_abbr":"WI","state_name":"Wisconsin","ALAND":2886052},"geometry":{"type":"Polygon","coordinates":[[[-88.507486,44.607777],[-88.507043,44.618419],[-88.496789,44.618822],[-88.49321,44.613898],[-88.48622,44.614198],[-88.481353,44.618058],[-88.480165,44.618061],[-88.480124,44.615527],[-88.476369,44.615502],[-88.476532,44.61101],[-88.48474,44.608031],[-88.486689,44.606242],[-88.486279,44.602927],[-88.489242,44.601099],[-88.494958,44.601955],[-88.497567,44.605013],[-88.49914,44.604708],[-88.500512,44.607586],[-88.507486,44.607777]]]}},{"type":"Feature","properties":{"NAME":"Pella","state_abbr":"WI","state_name":"Wisconsin","ALAND":4238546},"geometry":{"type":"Polygon","coordinates":[[[-88.843111,44.744833],[-88.843087,44.751983],[-88.839486,44.751996],[-88.838659,44.754984],[-88.840654,44.756966],[-88.843003,44.756698],[-88.843034,44.759211],[-88.836954,44.759196],[-88.833668,44.751737],[-88.821533,44.743256],[-88.801778,44.744922],[-88.802072,44.742815],[-88.797642,44.734239],[-88.838187,44.733832],[-88.838102,44.744824],[-88.843111,44.744833]]]}},{"type":"Feature","properties":{"NAME":"New Munster","state_abbr":"WI","state_name":"Wisconsin","ALAND":3053373},"geometry":{"type":"Polygon","coordinates":[[[-88.247006,42.581034],[-88.221259,42.58257],[-88.214741,42.580429],[-88.217412,42.579182],[-88.217487,42.576314],[-88.220339,42.573392],[-88.21948,42.569729],[-88.220687,42.568542],[-88.237017,42.568553],[-88.237061,42.571049],[-88.244366,42.570947],[-88.24441,42.574573],[-88.242558,42.57534],[-88.246864,42.575538],[-88.247006,42.581034]]]}},{"type":"Feature","properties":{"NAME":"New Odanah","state_abbr":"WI","state_name":"Wisconsin","ALAND":6282790},"geometry":{"type":"Polygon","coordinates":[[[-90.680944,46.608679],[-90.633751,46.60861],[-90.63381,46.58313],[-90.63821,46.58687],[-90.652553,46.586886],[-90.665634,46.590981],[-90.6673,46.59641],[-90.664032,46.597577],[-90.663926,46.599518],[-90.680944,46.608679]]]}},{"type":"Feature","properties":{"NAME":"Odanah","state_abbr":"WI","state_name":"Wisconsin","ALAND":6777099},"geometry":{"type":"Polygon","coordinates":[[[-90.714179,46.610828],[-90.705648,46.615683],[-90.703245,46.61949],[-90.69863,46.61936],[-90.69697,46.61685],[-90.69697,46.61237],[-90.67939,46.60805],[-90.663926,46.599518],[-90.663849,46.597862],[-90.66682,46.59751],[-90.66692,46.59178],[-90.67012,46.58962],[-90.67018,46.586903],[-90.70163,46.58703],[-90.701619,46.597933],[-90.702754,46.597935],[-90.699769,46.603471],[-90.703913,46.60524],[-90.70227,46.60945],[-90.70859,46.61136],[-90.714179,46.610828]]]}},{"type":"Feature","properties":{"NAME":"Okauchee Lake","state_abbr":"WI","state_name":"Wisconsin","ALAND":9667802},"geometry":{"type":"Polygon","coordinates":[[[-88.462068,43.133177],[-88.460934,43.133634],[-88.460645,43.142683],[-88.410837,43.142375],[-88.411636,43.131655],[-88.416371,43.126098],[-88.420951,43.125161],[-88.42146,43.115593],[-88.419435,43.114152],[-88.421935,43.103071],[-88.431703,43.106803],[-88.445512,43.108498],[-88.453323,43.107709],[-88.454984,43.109775],[-88.454626,43.107497],[-88.461338,43.106771],[-88.460948,43.132538],[-88.462068,43.133177]]]}},{"type":"Feature","properties":{"NAME":"Paac Ciinak","state_abbr":"WI","state_name":"Wisconsin","ALAND":2588775},"geometry":{"type":"Polygon","coordinates":[[[-89.168649,44.848484],[-89.168705,44.855955],[-89.16355,44.855919],[-89.163644,44.863245],[-89.153521,44.863149],[-89.153519,44.866763],[-89.143356,44.866657],[-89.143354,44.863019],[-89.141345,44.863031],[-89.141353,44.861247],[-89.138276,44.861286],[-89.13827,44.85929],[-89.143339,44.858892],[-89.143355,44.85627],[-89.153421,44.855843],[-89.153388,44.851848],[-89.158452,44.851932],[-89.158454,44.848336],[-89.168649,44.848484]]]}},{"type":"Feature","properties":{"NAME":"Pembine","state_abbr":"WI","state_name":"Wisconsin","ALAND":1541234},"geometry":{"type":"Polygon","coordinates":[[[-88.002392,45.640867],[-87.979837,45.640734],[-87.976536,45.638441],[-87.9934,45.630285],[-87.992245,45.632499],[-88.00239,45.632389],[-88.002392,45.640867]]]}},{"type":"Feature","properties":{"NAME":"Polonia","state_abbr":"WI","state_name":"Wisconsin","ALAND":8650155},"geometry":{"type":"Polygon","coordinates":[[[-89.436173,44.574833],[-89.431526,44.585508],[-89.426957,44.58907],[-89.416504,44.588049],[-89.41129,44.591266],[-89.411421,44.594892],[-89.395143,44.594046],[-89.395832,44.580691],[-89.400824,44.577846],[-89.400394,44.550561],[-89.415469,44.551669],[-89.415597,44.569247],[-89.420716,44.568901],[-89.420668,44.57311],[-89.436173,44.574833]]]}},{"type":"Feature","properties":{"NAME":"Potter Lake","state_abbr":"WI","state_name":"Wisconsin","ALAND":2782563},"geometry":{"type":"Polygon","coordinates":[[[-88.367008,42.811454],[-88.35292,42.828292],[-88.336138,42.828094],[-88.33638,42.81513],[-88.34794,42.811302],[-88.351337,42.812342],[-88.367008,42.811454]]]}},{"type":"Feature","properties":{"NAME":"Powers Lake","state_abbr":"WI","state_name":"Wisconsin","ALAND":6090403},"geometry":{"type":"Polygon","coordinates":[[[-88.305342,42.560032],[-88.2975,42.560093],[-88.289772,42.555059],[-88.288321,42.551656],[-88.280824,42.549836],[-88.280472,42.523861],[-88.284797,42.523909],[-88.285466,42.525968],[-88.285899,42.52392],[-88.295413,42.523901],[-88.295307,42.516574],[-88.30487,42.516534],[-88.305342,42.560032]]]}},{"type":"Feature","properties":{"NAME":"Poy Sippi","state_abbr":"WI","state_name":"Wisconsin","ALAND":1896252},"geometry":{"type":"Polygon","coordinates":[[[-89.006775,44.13062],[-89.006766,44.141222],[-88.986074,44.141466],[-88.986107,44.130637],[-89.006775,44.13062]]]}},{"type":"Feature","properties":{"NAME":"Pulcifer","state_abbr":"WI","state_name":"Wisconsin","ALAND":2675770},"geometry":{"type":"Polygon","coordinates":[[[-88.369894,44.854493],[-88.337798,44.854042],[-88.336554,44.854091],[-88.346372,44.852275],[-88.345532,44.850641],[-88.349939,44.848138],[-88.347905,44.844883],[-88.353821,44.844188],[-88.355446,44.841767],[-88.360811,44.840667],[-88.366952,44.835434],[-88.369037,44.835542],[-88.369894,44.854493]]]}},{"type":"Feature","properties":{"NAME":"Thornton","state_abbr":"WI","state_name":"Wisconsin","ALAND":669556},"geometry":{"type":"Polygon","coordinates":[[[-88.700281,44.796688],[-88.69623,44.79667],[-88.696279,44.803878],[-88.681025,44.79666],[-88.687391,44.796645],[-88.687225,44.795285],[-88.700281,44.796688]]]}},{"type":"Feature","properties":{"NAME":"Rubicon","state_abbr":"WI","state_name":"Wisconsin","ALAND":1094796},"geometry":{"type":"Polygon","coordinates":[[[-88.463579,43.339543],[-88.459157,43.340319],[-88.457982,43.343537],[-88.455432,43.341049],[-88.442297,43.337899],[-88.445491,43.33233],[-88.451798,43.332063],[-88.457137,43.333221],[-88.459149,43.33812],[-88.463579,43.339543]]]}},{"type":"Feature","properties":{"NAME":"St. Peter","state_abbr":"WI","state_name":"Wisconsin","ALAND":9401659},"geometry":{"type":"Polygon","coordinates":[[[-88.375503,43.831666],[-88.374073,43.840194],[-88.369694,43.848264],[-88.322138,43.848246],[-88.321809,43.826538],[-88.365309,43.826539],[-88.360922,43.833349],[-88.375503,43.831666]]]}},{"type":"Feature","properties":{"NAME":"Saxon","state_abbr":"WI","state_name":"Wisconsin","ALAND":3147069},"geometry":{"type":"Polygon","coordinates":[[[-90.424596,46.486171],[-90.42452,46.5005],[-90.40067,46.50012],[-90.38262,46.49506],[-90.38258,46.49333],[-90.40933,46.49287],[-90.403784,46.486263],[-90.424596,46.486171]]]}},{"type":"Feature","properties":{"NAME":"Seymour","state_abbr":"WI","state_name":"Wisconsin","ALAND":6085641},"geometry":{"type":"Polygon","coordinates":[[[-91.468192,44.837372],[-91.468163,44.838592],[-91.462539,44.839672],[-91.458006,44.839831],[-91.454575,44.839373],[-91.457497,44.838336],[-91.459028,44.838867],[-91.458254,44.839729],[-91.462305,44.839565],[-91.463165,44.836739],[-91.455288,44.836086],[-91.455715,44.838023],[-91.454698,44.838016],[-91.454646,44.835753],[-91.458046,44.834863],[-91.454642,44.834848],[-91.452953,44.829889],[-91.447793,44.829829],[-91.447798,44.831597],[-91.44273,44.830725],[-91.442735,44.832897],[-91.437546,44.833285],[-91.438698,44.835273],[-91.4478,44.836086],[-91.447822,44.837849],[-91.445447,44.837859],[-91.445444,44.839712],[-91.445272,44.836152],[-91.429983,44.836173],[-91.429996,44.838898],[-91.427524,44.83891],[-91.427467,44.82901],[-91.420654,44.828949],[-91.417277,44.827279],[-91.417209,44.821799],[-91.412042,44.821769],[-91.411983,44.818458],[-91.401223,44.822013],[-91.398761,44.820052],[-91.398643,44.814889],[-91.377948,44.815153],[-91.374571,44.810706],[-91.391121,44.812573],[-91.398028,44.81054],[-91.403427,44.811996],[-91.401847,44.812096],[-91.404966,44.814648],[-91.44518,44.81445],[-91.441763,44.818765],[-91.457652,44.823529],[-91.458805,44.825401],[-91.457998,44.828999],[-91.465302,44.830665],[-91.465286,44.832707],[-91.463203,44.832685],[-91.46319,44.834104],[-91.458165,44.833986],[-91.458191,44.835303],[-91.468192,44.837372]]]}},{"type":"Feature","properties":{"NAME":"Springfield","state_abbr":"WI","state_name":"Wisconsin","ALAND":1743947},"geometry":{"type":"Polygon","coordinates":[[[-88.423037,42.636658],[-88.423106,42.646364],[-88.406864,42.646542],[-88.408741,42.643828],[-88.406443,42.641662],[-88.39937,42.639933],[-88.411744,42.634241],[-88.423037,42.636658]]]}},{"type":"Feature","properties":{"NAME":"Stone Lake","state_abbr":"WI","state_name":"Wisconsin","ALAND":2435274},"geometry":{"type":"Polygon","coordinates":[[[-91.566132,45.83344],[-91.56343,45.838195],[-91.563872,45.84443],[-91.561796,45.85147],[-91.558105,45.852689],[-91.558341,45.85624],[-91.555656,45.857704],[-91.552613,45.856072],[-91.541416,45.855708],[-91.541188,45.848758],[-91.53256,45.849034],[-91.53291,45.832962],[-91.542045,45.843106],[-91.559212,45.830654],[-91.56458,45.831285],[-91.566132,45.83344]]]}},{"type":"Feature","properties":{"NAME":"Taycheedah","state_abbr":"WI","state_name":"Wisconsin","ALAND":2031149},"geometry":{"type":"Polygon","coordinates":[[[-88.402153,43.80184],[-88.40179,43.819177],[-88.381868,43.819285],[-88.379784,43.81784],[-88.376748,43.821035],[-88.376458,43.816498],[-88.379516,43.811972],[-88.389418,43.804729],[-88.394941,43.803399],[-88.393188,43.801168],[-88.396185,43.798121],[-88.396684,43.801732],[-88.402153,43.80184]]]}},{"type":"Feature","properties":{"NAME":"Tilleda","state_abbr":"WI","state_name":"Wisconsin","ALAND":727174},"geometry":{"type":"Polygon","coordinates":[[[-88.920036,44.815263],[-88.915499,44.815272],[-88.91504,44.822627],[-88.913809,44.820806],[-88.911379,44.820646],[-88.909813,44.823153],[-88.909778,44.819453],[-88.907081,44.819039],[-88.907138,44.81163],[-88.908858,44.811662],[-88.909629,44.80852],[-88.911211,44.811693],[-88.919977,44.8116],[-88.920036,44.815263]]]}},{"type":"Feature","properties":{"NAME":"Townsend","state_abbr":"WI","state_name":"Wisconsin","ALAND":1272064},"geometry":{"type":"Polygon","coordinates":[[[-88.606189,45.318072],[-88.604552,45.316574],[-88.600518,45.318755],[-88.598779,45.316817],[-88.598291,45.319858],[-88.59157,45.321329],[-88.589363,45.325896],[-88.596143,45.327821],[-88.595671,45.330165],[-88.591946,45.333309],[-88.590228,45.329888],[-88.580452,45.329719],[-88.580352,45.326812],[-88.584177,45.326862],[-88.584227,45.323151],[-88.586809,45.323048],[-88.585118,45.32014],[-88.588186,45.316732],[-88.586358,45.317017],[-88.586466,45.315855],[-88.588263,45.315326],[-88.591898,45.318489],[-88.593424,45.317405],[-88.594007,45.318472],[-88.596033,45.316193],[-88.606149,45.316321],[-88.606189,45.318072]]]}},{"type":"Feature","properties":{"NAME":"Trego","state_abbr":"WI","state_name":"Wisconsin","ALAND":2965982},"geometry":{"type":"Polygon","coordinates":[[[-91.8477,45.917735],[-91.847497,45.918992],[-91.845144,45.919061],[-91.837326,45.913941],[-91.816344,45.914165],[-91.818319,45.90394],[-91.825447,45.896426],[-91.826594,45.89175],[-91.829994,45.892728],[-91.832317,45.889687],[-91.8351,45.889572],[-91.834781,45.901879],[-91.835577,45.903644],[-91.837885,45.903886],[-91.837391,45.906075],[-91.839196,45.907689],[-91.838852,45.90973],[-91.834615,45.910868],[-91.841933,45.915999],[-91.8477,45.917735]]]}},{"type":"Feature","properties":{"NAME":"Tunnel City","state_abbr":"WI","state_name":"Wisconsin","ALAND":801678},"geometry":{"type":"Polygon","coordinates":[[[-90.574194,44.00143],[-90.574189,44.009123],[-90.561104,44.00781],[-90.561339,44.001461],[-90.574194,44.00143]]]}},{"type":"Feature","properties":{"NAME":"Turtle Lake","state_abbr":"WI","state_name":"Wisconsin","ALAND":2243201},"geometry":{"type":"Polygon","coordinates":[[[-88.691102,42.719351],[-88.688517,42.726326],[-88.690467,42.726617],[-88.690734,42.732461],[-88.680092,42.736003],[-88.671199,42.736336],[-88.670664,42.719554],[-88.691102,42.719351]]]}},{"type":"Feature","properties":{"NAME":"Tustin","state_abbr":"WI","state_name":"Wisconsin","ALAND":2661074},"geometry":{"type":"Polygon","coordinates":[[[-88.906926,44.16291],[-88.90631,44.17722],[-88.8862,44.177378],[-88.886261,44.161224],[-88.906926,44.16291]]]}},{"type":"Feature","properties":{"NAME":"Van Dyne","state_abbr":"WI","state_name":"Wisconsin","ALAND":2042191},"geometry":{"type":"Polygon","coordinates":[[[-88.508926,43.893666],[-88.49342,43.893607],[-88.493517,43.878681],[-88.508917,43.878901],[-88.508926,43.893666]]]}},{"type":"Feature","properties":{"NAME":"Wabeno","state_abbr":"WI","state_name":"Wisconsin","ALAND":6185150},"geometry":{"type":"Polygon","coordinates":[[[-88.676276,45.435354],[-88.675421,45.455221],[-88.675092,45.450823],[-88.671921,45.44952],[-88.66594,45.451013],[-88.644583,45.450728],[-88.644693,45.446159],[-88.650123,45.442522],[-88.650832,45.439795],[-88.642398,45.440006],[-88.638572,45.438289],[-88.635788,45.42893],[-88.670657,45.428767],[-88.669782,45.433887],[-88.676276,45.435354]]]}},{"type":"Feature","properties":{"NAME":"Waubeka","state_abbr":"WI","state_name":"Wisconsin","ALAND":6344416},"geometry":{"type":"Polygon","coordinates":[[[-88.01058,43.480851],[-88.005922,43.486482],[-88.001216,43.488059],[-87.980548,43.48132],[-87.980885,43.478012],[-87.977126,43.471866],[-87.973913,43.469651],[-87.980424,43.469666],[-87.980591,43.455003],[-88.006037,43.454636],[-88.005167,43.457973],[-88.000361,43.460144],[-88.000324,43.473151],[-88.007093,43.477571],[-88.009356,43.475884],[-88.01058,43.480851]]]}},{"type":"Feature","properties":{"NAME":"Waukau","state_abbr":"WI","state_name":"Wisconsin","ALAND":3598177},"geometry":{"type":"Polygon","coordinates":[[[-88.785217,43.986855],[-88.785294,43.997176],[-88.764625,43.996869],[-88.764685,43.988345],[-88.766583,43.98712],[-88.762662,43.986337],[-88.762331,43.984111],[-88.7576,43.983533],[-88.756891,43.982213],[-88.759117,43.98061],[-88.755593,43.980594],[-88.754997,43.974816],[-88.774497,43.975002],[-88.774275,43.982458],[-88.775445,43.982484],[-88.776085,43.987863],[-88.785217,43.986855]]]}},{"type":"Feature","properties":{"NAME":"Waumandee","state_abbr":"WI","state_name":"Wisconsin","ALAND":450809},"geometry":{"type":"Polygon","coordinates":[[[-91.711039,44.297918],[-91.70539,44.306066],[-91.700032,44.306833],[-91.700239,44.304786],[-91.702965,44.303523],[-91.704224,44.298319],[-91.711039,44.297918]]]}},{"type":"Feature","properties":{"NAME":"Westboro","state_abbr":"WI","state_name":"Wisconsin","ALAND":4782626},"geometry":{"type":"Polygon","coordinates":[[[-90.303506,45.349767],[-90.302956,45.36195],[-90.298103,45.372822],[-90.297903,45.377237],[-90.283243,45.376924],[-90.279796,45.371894],[-90.280743,45.369991],[-90.283574,45.369275],[-90.282023,45.364863],[-90.285622,45.361708],[-90.284391,45.360743],[-90.288817,45.359507],[-90.288467,45.357473],[-90.290717,45.354196],[-90.288239,45.352112],[-90.290886,45.345347],[-90.291214,45.338268],[-90.30172,45.345512],[-90.303506,45.349767]]]}},{"type":"Feature","properties":{"NAME":"Whittlesey","state_abbr":"WI","state_name":"Wisconsin","ALAND":2918870},"geometry":{"type":"Polygon","coordinates":[[[-90.336211,45.214707],[-90.3285,45.229126],[-90.308792,45.229198],[-90.314964,45.218735],[-90.324095,45.209189],[-90.330104,45.210509],[-90.330965,45.21363],[-90.336211,45.214707]]]}},{"type":"Feature","properties":{"NAME":"Winchester","state_abbr":"WI","state_name":"Wisconsin","ALAND":5988693},"geometry":{"type":"Polygon","coordinates":[[[-88.676659,44.198554],[-88.674844,44.198564],[-88.675004,44.208991],[-88.644586,44.20991],[-88.644562,44.19725],[-88.653479,44.184224],[-88.666404,44.183864],[-88.676659,44.198554]]]}},{"type":"Feature","properties":{"NAME":"Wiota","state_abbr":"WI","state_name":"Wisconsin","ALAND":5183614},"geometry":{"type":"Polygon","coordinates":[[[-89.96977,42.64503],[-89.965659,42.646566],[-89.941728,42.646621],[-89.941139,42.639484],[-89.931363,42.63854],[-89.926532,42.634757],[-89.931329,42.632899],[-89.931285,42.627458],[-89.960678,42.628376],[-89.960667,42.631751],[-89.9658,42.631582],[-89.965553,42.642493],[-89.96977,42.64503]]]}},{"type":"Feature","properties":{"NAME":"Woodford","state_abbr":"WI","state_name":"Wisconsin","ALAND":624263},"geometry":{"type":"Polygon","coordinates":[[[-89.866458,42.646172],[-89.864953,42.649745],[-89.856902,42.65334],[-89.857046,42.649535],[-89.852445,42.647577],[-89.852441,42.644591],[-89.856911,42.645677],[-89.864236,42.64394],[-89.866458,42.646172]]]}},{"type":"Feature","properties":{"NAME":"Woodruff","state_abbr":"WI","state_name":"Wisconsin","ALAND":3665854},"geometry":{"type":"Polygon","coordinates":[[[-89.719113,45.890761],[-89.719345,45.897514],[-89.713013,45.898437],[-89.663959,45.898647],[-89.664291,45.890274],[-89.719113,45.890761]]]}},{"type":"Feature","properties":{"NAME":"Zoar","state_abbr":"WI","state_name":"Wisconsin","ALAND":22142397},"geometry":{"type":"Polygon","coordinates":[[[-88.945549,45.044282],[-88.942407,45.045992],[-88.938281,45.044471],[-88.937431,45.045584],[-88.935214,45.044333],[-88.916626,45.043611],[-88.899009,45.037962],[-88.891019,45.031857],[-88.886813,45.035212],[-88.878561,45.032669],[-88.861675,45.031215],[-88.860746,45.029748],[-88.861935,45.028546],[-88.867159,45.027117],[-88.86969,45.023194],[-88.872086,45.023173],[-88.87457,45.017951],[-88.868473,45.014482],[-88.862308,45.006933],[-88.860526,45.003669],[-88.86251,45.001216],[-88.862133,44.999273],[-88.848764,44.987557],[-88.85262,44.98564],[-88.858246,44.985317],[-88.858984,44.986648],[-88.859158,44.984568],[-88.862275,44.984864],[-88.863198,44.982608],[-88.866624,44.982962],[-88.868804,44.985539],[-88.872625,44.983487],[-88.878858,44.985143],[-88.881053,44.993801],[-88.884304,44.99619],[-88.892935,44.997813],[-88.895207,45.004965],[-88.906838,45.01026],[-88.90791,45.015555],[-88.918841,45.01591],[-88.926597,45.020245],[-88.931057,45.020366],[-88.934838,45.023503],[-88.933386,45.027112],[-88.939573,45.031111],[-88.937502,45.03456],[-88.939422,45.041063],[-88.94397,45.041635],[-88.945549,45.044282]]]}},{"type":"Feature","properties":{"NAME":"Wind Lake","state_abbr":"WI","state_name":"Wisconsin","ALAND":17885686},"geometry":{"type":"Polygon","coordinates":[[[-88.188849,42.797532],[-88.188016,42.84284],[-88.164925,42.841964],[-88.123628,42.843221],[-88.124403,42.836941],[-88.122171,42.836089],[-88.120625,42.830829],[-88.120963,42.822265],[-88.11457,42.822217],[-88.115044,42.814901],[-88.129768,42.814907],[-88.12985,42.808932],[-88.143778,42.80877],[-88.14196,42.812439],[-88.144916,42.807771],[-88.15891,42.797199],[-88.160823,42.80051],[-88.158981,42.807368],[-88.163346,42.81156],[-88.1682,42.803781],[-88.171733,42.803736],[-88.171611,42.806354],[-88.188849,42.797532]]]}},{"type":"Feature","properties":{"NAME":"Tichigan","state_abbr":"WI","state_name":"Wisconsin","ALAND":29345128},"geometry":{"type":"Polygon","coordinates":[[[-88.247745,42.803648],[-88.247289,42.839488],[-88.245673,42.842003],[-88.188016,42.84284],[-88.189774,42.75652],[-88.19964,42.756381],[-88.199469,42.762117],[-88.196577,42.763401],[-88.19823,42.764471],[-88.193988,42.773256],[-88.194172,42.778203],[-88.200253,42.778086],[-88.199105,42.775073],[-88.209154,42.773114],[-88.209189,42.770778],[-88.222117,42.770634],[-88.222293,42.767487],[-88.225049,42.769558],[-88.224492,42.772499],[-88.228752,42.7726],[-88.228581,42.777817],[-88.230078,42.77782],[-88.230031,42.77947],[-88.228533,42.779488],[-88.228171,42.792362],[-88.238232,42.792247],[-88.242673,42.796762],[-88.242904,42.800391],[-88.247745,42.803648]]]}}],"metadata":{"state":"WI","state_name":"Wisconsin","place_count":807,"created_date":"2025-07-20 23:52:15"}}